customer_id,customer_name,city,signup_date,membership_flag,acquisition_channel,preferred_payment_method,customer_segment,lifetime_orders,last_order_date,total_spend
CUST000001,Frado Viswanathan,Mumbai,2025-07-30,Y,Paid Search,Credit/Debit Card,Registered Only,0,,0.0
CUST000002,Dalaja Vala,Bengaluru,2023-12-22,Y,Referral,UPI,Occasional,3,2026-06-03,2078.89
CUST000003,Charles Prabhu,Pune,2023-07-12,N,Paid Search,UPI,New,1,2026-06-12,1621.84
CUST000004,Guneet Bajaj,Bengaluru,2024-04-14,N,Social Media,UPI,Registered Only,0,,0.0
CUST000005,Aishani Chakraborty,Pune,2023-04-18,N,Paid Search,Net Banking,Registered Only,0,,0.0
CUST000006,Chanchal Maharaj,Hyderabad,2023-11-16,N,Social Media,UPI,New,1,2026-04-01,2173.39
CUST000007,Robert Devi,Delhi NCR,2024-05-06,Y,Referral,Credit/Debit Card,New,1,2026-05-22,1352.27
CUST000008,Kabir Anne,Delhi NCR,2025-12-31,N,Paid Search,Net Banking,Registered Only,0,,0.0
CUST000009,Kamala Oza,Chennai,2025-10-10,N,Organic,UPI,Regular,7,2026-05-26,3465.3
CUST000010,Veer Vohra,Bengaluru,2023-08-11,Y,Paid Search,UPI,New,1,2026-06-12,1314.88
CUST000011,Siddharth Munshi,Pune,2024-09-23,N,Social Media,Cash on Delivery,Occasional,3,2026-06-26,6358.71
CUST000012,Harish Kant,Mumbai,2025-03-06,N,Referral,Credit/Debit Card,Occasional,3,2026-06-19,3613.46
CUST000013,Nitesh Koshy,Mumbai,2024-10-18,N,Organic,Wallet,New,1,2026-06-20,1972.55
CUST000014,Upadhriti Kamdar,Delhi NCR,2023-04-16,Y,Social Media,Credit/Debit Card,Occasional,2,2026-06-14,1783.44
CUST000015,Aarush Palla,Hyderabad,2024-05-18,N,Partner Campaign,Credit/Debit Card,New,1,2026-06-12,1278.33
CUST000016,Vaishnavi Sood,Chennai,2023-09-21,N,Partner Campaign,UPI,Occasional,4,2026-06-15,3371.63
CUST000017,Tristan Saraf,Pune,2026-03-24,N,Social Media,UPI,Regular,8,2026-06-23,5892.32
CUST000018,Pahal Walia,Bengaluru,2024-06-20,N,Organic,UPI,Registered Only,0,,0.0
CUST000019,Pavani Raja,Mumbai,2025-01-15,N,Organic,UPI,New,1,2026-04-07,729.54
CUST000020,Ayushman Thaker,Bengaluru,2025-04-15,Y,Organic,Cash on Delivery,Registered Only,0,,0.0
CUST000021,Yahvi Kibe,Pune,2025-07-17,N,Referral,UPI,Regular,5,2026-06-20,5949.22
CUST000022,Neha Kaul,Delhi NCR,2024-01-08,N,Organic,Net Banking,Registered Only,0,,0.0
CUST000023,Vamakshi Chhabra,Delhi NCR,2024-01-13,N,Paid Search,Net Banking,Occasional,3,2026-06-19,871.25
CUST000024,Frado Parmar,Hyderabad,2025-11-04,N,Organic,UPI,Occasional,2,2026-05-15,2495.37
CUST000025,Wridesh Chandran,Delhi NCR,2025-09-21,N,Partner Campaign,UPI,Occasional,2,2026-06-09,1228.86
CUST000026,Daniel Srinivasan,Mumbai,2024-10-13,Y,Organic,Credit/Debit Card,Registered Only,0,,0.0
CUST000027,Ekapad Jayaraman,Mumbai,2024-09-28,Y,Organic,UPI,Registered Only,0,,0.0
CUST000028,Zarna Kakar,Pune,2025-12-23,Y,Paid Search,UPI,Regular,6,2026-06-22,4819.78
CUST000029,Farhan Bose,Delhi NCR,2025-09-28,N,Organic,Cash on Delivery,Registered Only,0,,0.0
CUST000030,Peter Devi,Hyderabad,2025-10-31,N,Paid Search,UPI,New,1,2026-04-10,644.67
CUST000031,Daksha Kara,Bengaluru,2024-01-23,N,Referral,UPI,Registered Only,0,,0.0
CUST000032,Nakul Narang,Bengaluru,2023-07-11,Y,Paid Search,UPI,Registered Only,0,,0.0
CUST000033,Yoshita Hari,Mumbai,2025-08-13,Y,Referral,UPI,Registered Only,0,,0.0
CUST000034,Varsha Bhavsar,Bengaluru,2026-03-24,N,Social Media,Wallet,Regular,5,2026-06-12,7264.96
CUST000035,Orinder Prashad,Bengaluru,2024-05-22,N,Referral,UPI,Occasional,3,2026-04-29,1885.68
CUST000036,Vaishnavi Puri,Delhi NCR,2024-07-22,N,Referral,Net Banking,Regular,5,2026-06-26,3435.89
CUST000037,Agastya Sen,Hyderabad,2026-02-06,Y,Organic,UPI,Premium,13,2026-06-29,11881.85
CUST000038,Harsh Trivedi,Pune,2024-12-03,N,Paid Search,Cash on Delivery,Premium,7,2026-06-21,12936.41
CUST000039,Oeshi Jain,Mumbai,2023-03-29,Y,Referral,Credit/Debit Card,Registered Only,0,,0.0
CUST000040,Faras Dewan,Bengaluru,2023-04-12,N,Referral,UPI,New,1,2026-05-29,1680.0
CUST000041,Neel Kanda,Mumbai,2024-08-23,N,Organic,UPI,New,1,2026-06-04,1657.76
CUST000042,Vinaya Vora,Mumbai,2023-03-29,N,Social Media,UPI,New,1,2026-04-18,239.64
CUST000043,Bhavika Shan,Mumbai,2025-11-17,N,Referral,Net Banking,Premium,6,2026-06-27,10928.37
CUST000044,Idika Tiwari,Hyderabad,2024-02-19,N,Social Media,Cash on Delivery,Registered Only,0,,0.0
CUST000045,Osha Dhawan,Bengaluru,2025-08-16,Y,Social Media,UPI,Occasional,3,2026-04-20,3264.06
CUST000046,Hamsini Gera,Bengaluru,2025-03-08,N,Referral,UPI,Regular,5,2026-06-18,7614.52
CUST000047,Utkarsh Raman,Mumbai,2025-10-30,N,Paid Search,UPI,New,1,2026-05-24,1053.16
CUST000048,Anvi Bera,Mumbai,2023-09-07,N,Referral,UPI,Registered Only,0,,0.0
CUST000049,Oeshi Sinha,Chennai,2023-12-03,N,Paid Search,Credit/Debit Card,Occasional,2,2026-06-19,2500.56
CUST000050,Warinder Sehgal,Mumbai,2024-06-24,N,Social Media,UPI,Occasional,2,2026-06-01,3462.38
CUST000051,Abeer Nadkarni,Hyderabad,2025-01-24,N,Paid Search,Cash on Delivery,Registered Only,0,,0.0
CUST000052,Falan Singh,Mumbai,2024-08-13,Y,Social Media,UPI,Registered Only,0,,0.0
CUST000053,Chakradev Handa,Bengaluru,2024-12-16,N,Referral,UPI,New,1,2026-05-20,464.54
CUST000054,Tara Dalal,Bengaluru,2025-02-09,N,Organic,UPI,Occasional,2,2026-06-11,2162.59
CUST000055,Radha Gour,Mumbai,2024-10-14,N,Organic,Wallet,Registered Only,0,,0.0
CUST000056,Jack Agate,Bengaluru,2024-09-10,N,Organic,Cash on Delivery,New,1,2026-04-10,1263.3
CUST000057,Nikita Wason,Bengaluru,2025-02-04,N,Paid Search,Credit/Debit Card,Registered Only,0,,0.0
CUST000058,Januja Divan,Bengaluru,2025-08-03,N,Organic,Cash on Delivery,Premium,34,2026-06-29,22696.94
CUST000059,Simon Desai,Mumbai,2023-04-28,N,Paid Search,Net Banking,Regular,5,2026-06-22,6744.86
CUST000060,Chaman Bhandari,Bengaluru,2024-05-16,N,Social Media,UPI,Occasional,2,2026-06-10,4086.08
CUST000061,Orinder Pant,Bengaluru,2025-04-07,N,Organic,UPI,Occasional,3,2026-06-19,1735.92
CUST000062,Hemang Bawa,Hyderabad,2025-08-31,Y,Paid Search,Credit/Debit Card,New,1,2026-04-16,474.25
CUST000063,Kashish Goyal,Mumbai,2023-04-28,Y,Paid Search,Credit/Debit Card,Registered Only,0,,0.0
CUST000064,Chaman Dar,Hyderabad,2024-11-12,N,Paid Search,UPI,Regular,8,2026-06-28,6283.54
CUST000065,Gabriel Kar,Delhi NCR,2025-09-23,Y,Referral,Credit/Debit Card,New,1,2026-05-16,125.95
CUST000066,Pooja Memon,Bengaluru,2026-01-14,Y,Referral,Wallet,Registered Only,0,,0.0
CUST000067,Odika Talwar,Bengaluru,2024-12-24,N,Referral,UPI,Occasional,2,2026-06-26,1807.99
CUST000068,Benjamin Sarraf,Pune,2025-11-15,N,Organic,Cash on Delivery,Registered Only,0,,0.0
CUST000069,Chakradhar Garg,Hyderabad,2026-01-11,N,Organic,UPI,Regular,9,2026-06-23,7946.3
CUST000070,Rajata Mital,Delhi NCR,2024-09-06,N,Paid Search,Credit/Debit Card,New,1,2026-04-01,1109.72
CUST000071,Wahab Seshadri,Pune,2025-03-14,N,Referral,UPI,Occasional,3,2026-06-24,3113.64
CUST000072,Daksh Kara,Pune,2023-12-24,N,Organic,Credit/Debit Card,Occasional,2,2026-06-07,2538.16
CUST000073,Rushil Sami,Chennai,2025-08-17,N,Paid Search,Cash on Delivery,Occasional,2,2026-05-07,3718.15
CUST000074,Varsha Sunder,Chennai,2024-02-04,N,Paid Search,Cash on Delivery,Occasional,3,2026-06-25,3511.9
CUST000075,Ekantika Banik,Pune,2023-05-13,N,Organic,Cash on Delivery,Occasional,3,2026-06-24,4902.33
CUST000076,Abhiram Lad,Bengaluru,2025-10-06,Y,Organic,Wallet,New,1,2026-04-19,1002.07
CUST000077,Arunima Shenoy,Bengaluru,2024-08-22,N,Partner Campaign,UPI,Regular,7,2026-06-13,6662.39
CUST000078,Arunima Prashad,Hyderabad,2023-06-25,N,Organic,Credit/Debit Card,Premium,11,2026-06-12,10945.3
CUST000079,Jagat Loke,Bengaluru,2026-02-19,N,Social Media,UPI,New,1,2026-04-09,560.24
CUST000080,Indira Dey,Bengaluru,2025-10-17,N,Referral,UPI,Occasional,3,2026-06-20,1501.87
CUST000081,Indrajit Bora,Bengaluru,2024-03-08,N,Referral,Net Banking,New,1,2026-04-25,3149.4
CUST000082,Samesh Vora,Bengaluru,2024-01-20,N,Paid Search,UPI,Registered Only,0,,0.0
CUST000083,Ekiya Kata,Mumbai,2025-11-07,N,Referral,UPI,Occasional,2,2026-06-26,1372.8
CUST000084,Kritika Mangat,Bengaluru,2025-02-08,N,Paid Search,Cash on Delivery,New,1,2026-05-29,882.42
CUST000085,Anmol Khalsa,Bengaluru,2024-07-30,Y,Referral,UPI,Registered Only,0,,0.0
CUST000086,Irya Dada,Hyderabad,2025-02-16,Y,Organic,Credit/Debit Card,Occasional,2,2026-05-31,2074.73
CUST000087,Ranbir Deep,Mumbai,2025-04-09,N,Referral,Cash on Delivery,Registered Only,0,,0.0
CUST000088,Reva Mahajan,Bengaluru,2023-08-06,N,Paid Search,UPI,Occasional,2,2026-05-17,5515.59
CUST000089,Omaja Bhavsar,Hyderabad,2026-01-28,Y,Organic,UPI,Regular,6,2026-06-22,4476.43
CUST000090,Panini Krishnamurthy,Hyderabad,2026-01-20,N,Social Media,UPI,Registered Only,0,,0.0
CUST000091,Ekaja Krishnan,Mumbai,2026-02-08,Y,Paid Search,UPI,Occasional,4,2026-06-23,2485.18
CUST000092,Panini Dave,Chennai,2024-10-19,Y,Organic,Credit/Debit Card,Occasional,3,2026-06-08,3085.84
CUST000093,Anvi Bhatt,Delhi NCR,2024-04-23,Y,Organic,Credit/Debit Card,Registered Only,0,,0.0
CUST000094,Parth Loyal,Hyderabad,2025-12-22,N,Paid Search,Cash on Delivery,Registered Only,0,,0.0
CUST000095,Anya Palan,Delhi NCR,2024-06-29,Y,Social Media,Credit/Debit Card,Occasional,4,2026-06-02,4723.44
CUST000096,Charan Sem,Bengaluru,2024-06-17,N,Partner Campaign,UPI,Occasional,2,2026-06-25,6479.23
CUST000097,Upadhriti Pradhan,Mumbai,2023-04-16,N,Organic,Credit/Debit Card,Registered Only,0,,0.0
CUST000098,Ekiya Nair,Bengaluru,2025-06-21,N,Social Media,UPI,Occasional,3,2026-06-24,957.98
CUST000099,Balendra Bawa,Chennai,2023-07-26,N,Referral,Net Banking,Registered Only,0,,0.0
CUST000100,Warjas Shenoy,Bengaluru,2023-05-31,N,Partner Campaign,Wallet,New,1,2026-06-08,389.23
CUST000101,Benjamin Rajan,Pune,2024-01-25,Y,Referral,Wallet,Occasional,3,2026-06-28,6471.18
CUST000102,Ishwar Kala,Mumbai,2023-06-29,N,Organic,UPI,Occasional,3,2026-05-21,3465.17
CUST000103,Nidhi Din,Delhi NCR,2023-09-02,Y,Referral,Wallet,Registered Only,0,,0.0
CUST000104,Zayyan Panchal,Delhi NCR,2024-12-14,Y,Organic,Cash on Delivery,Premium,11,2026-06-21,12372.02
CUST000105,Jasmit Manne,Bengaluru,2023-08-28,N,Paid Search,UPI,New,1,2026-06-08,655.64
CUST000106,Wakeeta Chaudhary,Chennai,2025-02-07,N,Organic,Wallet,Registered Only,0,,0.0
CUST000107,Gautami Sarna,Mumbai,2024-10-29,Y,Paid Search,Credit/Debit Card,Occasional,4,2026-05-29,5641.0
CUST000108,Chandani Virk,Bengaluru,2025-10-05,N,Partner Campaign,Cash on Delivery,Registered Only,0,,0.0
CUST000109,Shaurya Sandhu,Bengaluru,2025-08-29,N,Social Media,UPI,New,1,2026-05-13,1073.16
CUST000110,Nidhi Karan,Hyderabad,2025-10-29,N,Partner Campaign,Credit/Debit Card,New,1,2026-06-25,684.78
CUST000111,Chakradev Deshpande,Hyderabad,2023-10-01,N,Organic,Cash on Delivery,Premium,16,2026-06-23,15386.32
CUST000112,Caleb Khare,Bengaluru,2025-04-25,Y,Organic,UPI,New,1,2026-05-17,455.03
CUST000113,Banjeet Badami,Chennai,2023-08-20,N,Social Media,UPI,Occasional,3,2026-05-22,3775.23
CUST000114,Diya Palan,Chennai,2025-11-07,Y,Referral,UPI,Registered Only,0,,0.0
CUST000115,Ira Khare,Pune,2026-03-04,Y,Partner Campaign,Cash on Delivery,Regular,9,2026-06-18,5621.39
CUST000116,Tamanna Shukla,Bengaluru,2023-12-07,N,Organic,UPI,Registered Only,0,,0.0
CUST000117,Banjeet Malhotra,Pune,2023-12-24,N,Organic,Credit/Debit Card,Occasional,3,2026-06-06,3626.13
CUST000118,Anthony Dewan,Delhi NCR,2024-06-05,N,Social Media,Credit/Debit Card,Regular,5,2026-06-16,4542.84
CUST000119,Gopal Barman,Hyderabad,2025-02-09,N,Referral,Cash on Delivery,Occasional,3,2026-06-27,1442.3
CUST000120,Nathan Kamdar,Bengaluru,2025-12-26,N,Paid Search,UPI,Registered Only,0,,0.0
CUST000121,Ekaja Misra,Delhi NCR,2023-05-05,Y,Organic,UPI,Registered Only,0,,0.0
CUST000122,Bakhshi Vora,Pune,2024-08-27,N,Organic,Credit/Debit Card,New,1,2026-05-26,754.33
CUST000123,Janya Soni,Mumbai,2025-09-16,N,Paid Search,UPI,Registered Only,0,,0.0
CUST000124,Siya Maharaj,Chennai,2024-04-21,N,Paid Search,UPI,Occasional,2,2026-05-31,2039.93
CUST000125,Umang Sant,Chennai,2025-03-26,N,Organic,Net Banking,New,1,2026-04-28,307.46
CUST000126,Bhanumati Mital,Bengaluru,2026-03-22,N,Partner Campaign,UPI,New,1,2026-04-25,2941.04
CUST000127,Deepa Kara,Mumbai,2025-12-21,N,Organic,UPI,Occasional,4,2026-06-10,3674.64
CUST000128,Ronith Nair,Pune,2024-02-27,Y,Social Media,Net Banking,Registered Only,0,,0.0
CUST000129,Peter Kumer,Hyderabad,2023-07-09,N,Partner Campaign,Credit/Debit Card,Occasional,2,2026-06-28,1938.08
CUST000130,Anya Vasa,Mumbai,2023-08-24,N,Organic,Credit/Debit Card,Occasional,4,2026-06-26,5779.89
CUST000131,Upma Dass,Chennai,2023-08-28,N,Organic,Wallet,Occasional,2,2026-06-06,1310.77
CUST000132,Akshay Kari,Pune,2025-07-30,Y,Paid Search,UPI,Occasional,2,2026-06-07,1643.42
CUST000133,Jagdish Sha,Mumbai,2023-08-18,Y,Paid Search,UPI,Occasional,3,2026-05-19,4483.93
CUST000134,Fariq Suri,Bengaluru,2024-06-05,Y,Social Media,UPI,Premium,6,2026-06-22,8817.69
CUST000135,Gaurav Uppal,Delhi NCR,2026-01-07,N,Referral,UPI,Occasional,2,2026-05-25,1464.53
CUST000136,Dhriti Srivastava,Bengaluru,2024-11-17,N,Social Media,UPI,Occasional,2,2026-06-29,1440.03
CUST000137,Chaman Gokhale,Hyderabad,2024-06-21,Y,Partner Campaign,UPI,Registered Only,0,,0.0
CUST000138,Rishi Venkatesh,Mumbai,2025-06-02,N,Social Media,Wallet,Occasional,3,2026-05-31,2727.35
CUST000139,Eshana Virk,Pune,2025-11-15,N,Paid Search,UPI,Registered Only,0,,0.0
CUST000140,Jagrati Kade,Chennai,2023-08-28,N,Paid Search,Credit/Debit Card,New,1,2026-05-25,116.98
CUST000141,Harish Ahluwalia,Mumbai,2025-04-29,N,Referral,UPI,Occasional,2,2026-06-12,1864.92
CUST000142,Zayan Brahmbhatt,Pune,2025-07-21,N,Referral,Cash on Delivery,Regular,5,2026-06-18,5730.58
CUST000143,Lavanya Srinivasan,Bengaluru,2023-06-26,N,Organic,UPI,Regular,5,2026-06-28,3162.6
CUST000144,Keya Thaman,Mumbai,2025-05-24,N,Organic,Wallet,Registered Only,0,,0.0
CUST000145,Arunima Sule,Delhi NCR,2024-02-07,N,Organic,UPI,Premium,19,2026-06-28,15009.16
CUST000146,Chaitaly Talwar,Pune,2023-04-06,N,Organic,UPI,Occasional,4,2026-06-27,1971.02
CUST000147,Vansha Shenoy,Hyderabad,2023-11-09,N,Paid Search,UPI,Occasional,4,2026-05-30,4861.6
CUST000148,Ati Tandon,Mumbai,2024-08-26,N,Organic,UPI,Registered Only,0,,0.0
CUST000149,Jeet Sami,Delhi NCR,2024-06-19,Y,Organic,Credit/Debit Card,Registered Only,0,,0.0
CUST000150,Faras Sood,Pune,2024-10-21,N,Organic,Credit/Debit Card,New,1,2026-04-22,902.59
CUST000151,Eshana Bakshi,Bengaluru,2023-04-10,N,Paid Search,UPI,New,1,2026-04-02,880.34
CUST000152,Vihaan Raj,Delhi NCR,2023-05-02,Y,Social Media,Net Banking,Occasional,3,2026-04-26,1854.33
CUST000153,Shravya Choudhury,Hyderabad,2025-04-16,N,Organic,UPI,Registered Only,0,,0.0
CUST000154,Nirja Khanna,Hyderabad,2024-10-09,Y,Organic,UPI,New,1,2026-06-18,556.85
CUST000155,Yug Ganguly,Bengaluru,2024-05-27,N,Social Media,UPI,Occasional,3,2026-06-24,2134.4
CUST000156,Rachita Kapur,Chennai,2024-03-20,N,Social Media,UPI,Premium,18,2026-06-20,29715.74
CUST000157,Prisha Bath,Mumbai,2025-12-16,N,Paid Search,UPI,Registered Only,0,,0.0
CUST000158,Naksh Das,Hyderabad,2024-03-20,Y,Organic,UPI,Premium,13,2026-06-15,14169.81
CUST000159,Krishna Chakrabarti,Hyderabad,2023-12-14,Y,Referral,UPI,New,1,2026-06-13,1652.05
CUST000160,Liam Rana,Pune,2024-07-10,Y,Social Media,Cash on Delivery,Occasional,4,2026-06-12,1976.22
CUST000161,Vivaan Narain,Bengaluru,2024-06-06,Y,Organic,Wallet,Occasional,4,2026-06-28,2713.59
CUST000162,Dominic Nagar,Bengaluru,2026-02-27,Y,Referral,UPI,Occasional,4,2026-05-20,4520.06
CUST000163,Anusha Konda,Pune,2024-02-11,N,Organic,Credit/Debit Card,Occasional,2,2026-06-06,576.61
CUST000164,Dhruv Karan,Pune,2023-06-10,Y,Paid Search,Wallet,Occasional,4,2026-05-27,7818.97
CUST000165,Anita Chandra,Mumbai,2024-10-11,Y,Social Media,UPI,Occasional,2,2026-06-22,3528.26
CUST000166,Fariq Jha,Delhi NCR,2023-11-05,Y,Referral,Credit/Debit Card,Occasional,2,2026-04-19,1823.02
CUST000167,Azad Raman,Pune,2025-05-08,Y,Paid Search,UPI,Regular,6,2026-06-02,5241.38
CUST000168,Chaitaly Parikh,Delhi NCR,2024-08-09,N,Organic,Cash on Delivery,Premium,9,2026-06-22,13417.77
CUST000169,Sneha Shah,Bengaluru,2024-06-28,Y,Organic,Net Banking,Occasional,2,2026-06-01,1848.77
CUST000170,Charita Menon,Mumbai,2023-05-03,Y,Social Media,Cash on Delivery,Registered Only,0,,0.0
CUST000171,Anthony Hayer,Hyderabad,2025-02-11,Y,Paid Search,UPI,Occasional,4,2026-05-18,1809.08
CUST000172,Brijesh Gandhi,Delhi NCR,2024-07-11,N,Organic,Credit/Debit Card,New,1,2026-05-20,1374.61
CUST000173,Xiti Sharaf,Chennai,2025-06-21,Y,Partner Campaign,UPI,New,1,2026-06-22,414.58
CUST000174,Indrajit Devan,Bengaluru,2026-01-11,Y,Paid Search,UPI,Occasional,2,2026-05-24,3114.64
CUST000175,Kashish Nayak,Bengaluru,2025-11-13,N,Organic,Credit/Debit Card,Occasional,3,2026-06-14,2681.39
CUST000176,Daniel Khalsa,Bengaluru,2025-10-19,N,Organic,UPI,New,1,2026-05-18,161.08
CUST000177,Harrison Purohit,Pune,2026-02-25,N,Organic,UPI,Premium,10,2026-06-17,14624.45
CUST000178,Sathvik Ganesh,Bengaluru,2024-02-05,N,Referral,Credit/Debit Card,New,1,2026-05-16,535.19
CUST000179,Gavin Tailor,Bengaluru,2024-04-01,N,Paid Search,UPI,New,1,2026-04-01,1278.75
CUST000180,Chaaya Shetty,Delhi NCR,2023-04-13,N,Organic,Cash on Delivery,Registered Only,0,,0.0
CUST000181,Mason Mangat,Bengaluru,2023-11-08,N,Organic,Credit/Debit Card,Occasional,3,2026-06-20,1531.72
CUST000182,Nathan Dash,Bengaluru,2023-09-16,Y,Paid Search,UPI,New,1,2026-04-23,453.52
CUST000183,Yashica Konda,Pune,2024-10-17,Y,Organic,UPI,Premium,5,2026-06-23,8608.44
CUST000184,Kalpit Sama,Mumbai,2025-04-20,N,Partner Campaign,UPI,New,1,2026-06-22,1751.42
CUST000185,Yash Nadig,Bengaluru,2023-06-17,Y,Organic,UPI,Regular,5,2026-06-28,6643.14
CUST000186,Ekaraj Dutta,Chennai,2025-10-24,N,Organic,Credit/Debit Card,New,1,2026-04-30,3551.6
CUST000187,Ekantika Iyer,Delhi NCR,2025-05-17,N,Organic,UPI,Occasional,2,2026-05-28,1608.27
CUST000188,Edhitha Sachar,Hyderabad,2026-03-13,N,Paid Search,Wallet,Registered Only,0,,0.0
CUST000189,Widisha Sem,Bengaluru,2024-01-13,N,Paid Search,UPI,New,1,2026-06-23,155.34
CUST000190,Sathvik Pandey,Bengaluru,2025-03-10,Y,Paid Search,UPI,Occasional,2,2026-05-22,2898.38
CUST000191,Chavvi Pau,Pune,2026-01-02,Y,Referral,Wallet,New,1,2026-06-17,693.67
CUST000192,Ishanvi Aurora,Chennai,2026-03-08,N,Organic,UPI,Occasional,3,2026-06-14,1935.77
CUST000193,Imaran Nath,Bengaluru,2026-01-12,N,Referral,UPI,New,1,2026-04-26,588.45
CUST000194,Samesh Dara,Bengaluru,2024-02-25,N,Referral,Net Banking,Registered Only,0,,0.0
CUST000195,Ganga Rau,Bengaluru,2024-04-16,N,Organic,Credit/Debit Card,New,1,2026-05-26,733.68
CUST000196,Yochana Apte,Bengaluru,2024-04-26,Y,Organic,UPI,Occasional,2,2026-05-10,2931.77
CUST000197,Gunbir Jhaveri,Bengaluru,2025-01-25,N,Referral,UPI,Registered Only,0,,0.0
CUST000198,Ekaja Chokshi,Delhi NCR,2024-08-26,N,Social Media,Wallet,Regular,5,2026-06-14,5663.09
CUST000199,Ethan Dixit,Delhi NCR,2024-03-17,N,Paid Search,UPI,Occasional,3,2026-06-09,2652.59
CUST000200,Balvan Sundaram,Chennai,2023-10-29,Y,Partner Campaign,UPI,Occasional,2,2026-06-25,3218.73
CUST000201,Ikshita Nadkarni,Mumbai,2024-06-28,N,Referral,UPI,New,1,2026-05-01,914.08
CUST000202,Chandresh Samra,Mumbai,2024-03-09,N,Organic,Cash on Delivery,Premium,18,2026-06-27,18890.53
CUST000203,Jack Saraf,Bengaluru,2025-09-14,N,Referral,UPI,New,1,2026-05-12,478.53
CUST000204,Jacob Sachdeva,Mumbai,2026-03-04,N,Organic,Wallet,Regular,5,2026-06-24,5025.43
CUST000205,Mitali Barman,Bengaluru,2024-05-16,N,Organic,UPI,Occasional,2,2026-06-21,1284.44
CUST000206,Vasudha Chaudhari,Hyderabad,2025-08-01,N,Organic,UPI,New,1,2026-04-15,0.0
CUST000207,Tanmayi Padmanabhan,Mumbai,2023-05-20,N,Paid Search,Credit/Debit Card,Premium,9,2026-06-25,9623.16
CUST000208,Gagan Kade,Chennai,2025-10-05,N,Partner Campaign,UPI,Registered Only,0,,0.0
CUST000209,Faqid Devan,Pune,2025-05-25,N,Paid Search,Wallet,Regular,5,2026-05-27,3717.44
CUST000210,Joshua Rout,Delhi NCR,2023-11-09,N,Partner Campaign,Net Banking,Premium,4,2026-06-20,9091.15
CUST000211,Bhavani Rama,Pune,2024-02-16,N,Referral,Cash on Delivery,New,1,2026-06-21,379.55
CUST000212,Eiravati Nori,Bengaluru,2024-01-18,N,Referral,UPI,Registered Only,0,,0.0
CUST000213,Devika Memon,Bengaluru,2025-02-14,Y,Paid Search,UPI,New,1,2026-04-13,346.16
CUST000214,Krishna Nayar,Pune,2024-06-28,Y,Referral,UPI,New,1,2026-04-01,498.7
CUST000215,Saksham Sekhon,Bengaluru,2023-11-24,Y,Referral,UPI,Registered Only,0,,0.0
CUST000216,Urishilla Krish,Pune,2023-05-15,N,Referral,UPI,Occasional,3,2026-06-26,3383.4
CUST000217,Vinaya Oak,Chennai,2025-04-18,Y,Organic,Net Banking,Occasional,2,2026-06-14,3627.57
CUST000218,Anthony Chatterjee,Delhi NCR,2025-08-28,N,Social Media,UPI,Registered Only,0,,0.0
CUST000219,Baghyawati Solanki,Delhi NCR,2026-02-17,N,Organic,Cash on Delivery,Premium,10,2026-06-20,11539.32
CUST000220,Warjas Ramakrishnan,Pune,2024-03-31,N,Paid Search,Credit/Debit Card,Registered Only,0,,0.0
CUST000221,Vivaan Bhatia,Bengaluru,2024-02-19,N,Organic,Credit/Debit Card,Regular,6,2026-05-22,4648.1
CUST000222,Libni Sharma,Bengaluru,2026-03-20,N,Organic,UPI,Occasional,3,2026-05-27,4334.81
CUST000223,Liam Palla,Bengaluru,2025-11-15,Y,Referral,UPI,Occasional,2,2026-06-27,1445.49
CUST000224,Omya Ramaswamy,Bengaluru,2023-11-19,N,Paid Search,Credit/Debit Card,Premium,68,2026-06-28,64071.62
CUST000225,Oliver Hari,Chennai,2026-03-14,N,Referral,Credit/Debit Card,New,1,2026-05-31,308.83
CUST000226,Chandran Tata,Bengaluru,2024-12-01,N,Social Media,UPI,Occasional,3,2026-05-23,2913.95
CUST000227,Alka Nair,Pune,2024-01-12,Y,Organic,UPI,New,1,2026-04-23,925.28
CUST000228,Warda Mutti,Delhi NCR,2023-06-30,N,Paid Search,UPI,New,1,2026-06-19,1704.06
CUST000229,Tarak Mital,Pune,2025-10-22,N,Paid Search,Credit/Debit Card,Occasional,4,2026-06-09,4173.71
CUST000230,Eshana Jayaraman,Mumbai,2025-06-12,Y,Organic,Wallet,Occasional,2,2026-05-13,1297.43
CUST000231,Oviya Puri,Mumbai,2023-07-26,N,Paid Search,UPI,Occasional,2,2026-05-29,3887.95
CUST000232,Kashvi Nagi,Mumbai,2025-06-13,N,Partner Campaign,UPI,New,1,2026-06-28,3280.9
CUST000233,Zilmil Atwal,Delhi NCR,2023-09-23,N,Organic,UPI,Registered Only,0,,0.0
CUST000234,Harish Parikh,Bengaluru,2025-04-22,N,Paid Search,UPI,Registered Only,0,,0.0
CUST000235,Vritti Basu,Bengaluru,2024-07-19,N,Paid Search,Credit/Debit Card,Premium,8,2026-06-14,10383.09
CUST000236,Pranit Bala,Hyderabad,2025-03-26,N,Organic,Wallet,Occasional,2,2026-06-01,1184.87
CUST000237,Kashvi Chaudhary,Hyderabad,2024-01-15,Y,Paid Search,Net Banking,Premium,11,2026-06-27,12895.73
CUST000238,Brijesh Sarkar,Hyderabad,2025-08-21,N,Paid Search,UPI,Regular,5,2026-06-02,3892.14
CUST000239,Pratyush Kaur,Bengaluru,2024-02-11,N,Partner Campaign,UPI,New,1,2026-05-28,1336.67
CUST000240,Lucky Bora,Bengaluru,2026-01-23,N,Paid Search,UPI,New,1,2026-04-26,322.27
CUST000241,Eshana Batra,Mumbai,2026-01-10,Y,Organic,Cash on Delivery,Regular,7,2026-06-18,7984.36
CUST000242,Anmol Loyal,Chennai,2025-12-18,N,Referral,UPI,Regular,8,2026-06-25,7196.09
CUST000243,Yashica Narang,Bengaluru,2023-08-19,N,Referral,UPI,Occasional,2,2026-06-14,2357.76
CUST000244,Liam Amble,Chennai,2023-08-27,N,Paid Search,Credit/Debit Card,Occasional,4,2026-06-18,6020.12
CUST000245,Aarnav Agrawal,Mumbai,2024-02-27,N,Social Media,Credit/Debit Card,New,1,2026-05-24,813.34
CUST000246,Ekansh Ratti,Hyderabad,2025-11-25,N,Partner Campaign,UPI,Registered Only,0,,0.0
CUST000247,Ekbal Sinha,Hyderabad,2024-01-10,Y,Paid Search,Wallet,Regular,5,2026-06-06,4682.83
CUST000248,Om Saran,Delhi NCR,2024-07-24,N,Organic,Credit/Debit Card,Premium,11,2026-06-26,11499.4
CUST000249,Zayan Taneja,Bengaluru,2024-03-11,Y,Paid Search,Wallet,New,1,2026-06-26,75.7
CUST000250,Mohammed Bakshi,Bengaluru,2025-07-25,N,Organic,UPI,Registered Only,0,,0.0
CUST000251,Ekta Madan,Bengaluru,2024-06-27,N,Referral,UPI,Occasional,2,2026-05-10,1454.27
CUST000252,Oeshi Dani,Bengaluru,2025-10-27,N,Social Media,UPI,Occasional,3,2026-04-17,4349.2
CUST000253,Ayush Vig,Chennai,2025-05-03,N,Referral,Wallet,New,1,2026-06-03,78.69
CUST000254,Vinaya Shankar,Hyderabad,2025-04-18,N,Referral,Wallet,New,1,2026-05-09,985.98
CUST000255,Jagrati Uppal,Mumbai,2024-08-11,Y,Referral,UPI,New,1,2026-04-09,1168.77
CUST000256,Neelima Dyal,Delhi NCR,2025-10-08,N,Paid Search,UPI,Occasional,3,2026-06-15,1852.37
CUST000257,Geetika Prakash,Mumbai,2023-11-24,N,Partner Campaign,Wallet,Occasional,2,2026-05-22,5081.69
CUST000258,Ekaja Kalita,Bengaluru,2024-09-25,N,Organic,Net Banking,New,1,2026-04-29,0.0
CUST000259,Falguni Sangha,Mumbai,2023-06-26,N,Social Media,UPI,Occasional,3,2026-05-21,1807.2
CUST000260,Gabriel Badami,Bengaluru,2024-02-28,N,Referral,Credit/Debit Card,Occasional,2,2026-04-19,967.56
CUST000261,Jeet Dugar,Mumbai,2025-06-28,N,Referral,UPI,Occasional,2,2026-05-28,1253.07
CUST000262,Ati Gopal,Bengaluru,2025-08-26,N,Paid Search,UPI,Occasional,2,2026-05-05,575.67
CUST000263,Anvi Bansal,Mumbai,2024-12-25,N,Paid Search,UPI,Occasional,3,2026-06-23,5258.0
CUST000264,Rajeshri Tank,Hyderabad,2023-08-05,Y,Referral,Net Banking,New,1,2026-06-27,1263.13
CUST000265,Nicholas Vasa,Bengaluru,2024-02-16,Y,Organic,Net Banking,New,1,2026-04-25,349.04
CUST000266,Zansi Kale,Delhi NCR,2025-05-18,N,Social Media,Cash on Delivery,Occasional,2,2026-05-12,3208.7
CUST000267,Faraj Swamy,Delhi NCR,2023-08-13,Y,Social Media,UPI,Registered Only,0,,0.0
CUST000268,Zansi Murthy,Bengaluru,2023-11-02,N,Referral,UPI,Premium,4,2026-05-30,8697.1
CUST000269,Abhiram Nori,Delhi NCR,2024-12-21,Y,Organic,Cash on Delivery,Premium,12,2026-06-04,13654.22
CUST000270,Bhavani Sen,Bengaluru,2025-01-17,N,Paid Search,Credit/Debit Card,Registered Only,0,,0.0
CUST000271,Maanas Narain,Pune,2025-10-29,Y,Referral,Wallet,Registered Only,0,,0.0
CUST000272,Gopal Sur,Pune,2025-05-10,Y,Referral,Wallet,New,1,2026-05-15,914.31
CUST000273,Zinal Khosla,Chennai,2023-12-16,N,Organic,UPI,Regular,5,2026-06-13,3689.95
CUST000274,Quincy Chadha,Delhi NCR,2025-12-30,Y,Paid Search,Net Banking,Regular,7,2026-06-25,7993.8
CUST000275,Noah Narayan,Bengaluru,2024-07-13,N,Social Media,UPI,New,1,2026-06-21,370.46
CUST000276,Nitara Mand,Delhi NCR,2025-01-04,Y,Paid Search,UPI,Occasional,3,2026-06-10,4303.17
CUST000277,Sai Mander,Bengaluru,2025-11-03,Y,Organic,Credit/Debit Card,Occasional,3,2026-05-28,2514.95
CUST000278,Yachana Kohli,Pune,2024-05-06,N,Paid Search,Wallet,Premium,11,2026-06-29,7449.05
CUST000279,Hemani Srinivas,Chennai,2026-02-02,N,Referral,UPI,Occasional,2,2026-06-11,1897.27
CUST000280,Ishwar Jayaraman,Bengaluru,2023-12-19,N,Organic,UPI,Registered Only,0,,0.0
CUST000281,Yatin Mistry,Chennai,2024-04-21,Y,Organic,UPI,New,1,2026-06-22,847.8
CUST000282,Faras Bains,Pune,2023-10-15,N,Partner Campaign,Net Banking,Occasional,3,2026-06-15,4430.09
CUST000283,Divya Kuruvilla,Bengaluru,2025-09-07,Y,Organic,Credit/Debit Card,New,1,2026-05-03,1127.24
CUST000284,Vasana Murty,Bengaluru,2025-05-26,N,Referral,UPI,Regular,5,2026-06-18,2659.91
CUST000285,Arunima Sinha,Bengaluru,2024-10-05,N,Partner Campaign,UPI,New,1,2026-04-16,1098.83
CUST000286,Manya Grewal,Bengaluru,2023-10-31,Y,Organic,Cash on Delivery,New,1,2026-06-01,767.51
CUST000287,Yasti Walla,Delhi NCR,2025-03-18,N,Paid Search,UPI,New,1,2026-05-28,1409.56
CUST000288,Bina Divan,Delhi NCR,2023-06-04,Y,Referral,UPI,Regular,8,2026-06-15,4519.66
CUST000289,Prisha Dada,Mumbai,2025-09-22,N,Paid Search,UPI,Registered Only,0,,0.0
CUST000290,Avni Madan,Hyderabad,2025-07-26,N,Referral,UPI,New,1,2026-05-10,1343.4
CUST000291,Hemani Bassi,Bengaluru,2023-10-11,Y,Organic,Cash on Delivery,Registered Only,0,,0.0
CUST000292,Tara Dutt,Pune,2025-03-06,N,Referral,Credit/Debit Card,Occasional,3,2026-05-16,2331.9
CUST000293,Jhalak Chaudhari,Hyderabad,2025-04-06,N,Partner Campaign,Net Banking,Registered Only,0,,0.0
CUST000294,Aarini Kanda,Bengaluru,2023-06-30,N,Referral,UPI,Occasional,4,2026-06-28,7032.85
CUST000295,Dakshesh Kanda,Mumbai,2025-01-09,N,Organic,UPI,New,1,2026-04-13,1181.56
CUST000296,Kritika Choudhry,Bengaluru,2024-12-26,N,Paid Search,UPI,Registered Only,0,,0.0
CUST000297,Zayyan Kala,Bengaluru,2025-04-15,N,Organic,UPI,Occasional,2,2026-06-24,5580.73
CUST000298,Manan Sunder,Delhi NCR,2023-12-30,Y,Organic,Credit/Debit Card,Occasional,3,2026-06-25,1195.5
CUST000299,Arjun Nori,Hyderabad,2025-08-11,N,Paid Search,Cash on Delivery,Regular,6,2026-05-26,7376.64
CUST000300,Januja Mander,Mumbai,2024-11-04,Y,Paid Search,Wallet,Premium,9,2026-06-16,10926.19
CUST000301,Anay Sarna,Hyderabad,2023-07-05,N,Paid Search,UPI,Registered Only,0,,0.0
CUST000302,Ria Manne,Bengaluru,2025-12-03,Y,Organic,UPI,Occasional,2,2026-06-16,2606.06
CUST000303,Viraj Sami,Bengaluru,2024-07-21,N,Referral,UPI,Occasional,2,2026-04-15,695.12
CUST000304,Upadhriti Chacko,Bengaluru,2023-06-07,N,Social Media,UPI,New,1,2026-04-14,1833.8
CUST000305,Laban Misra,Hyderabad,2024-06-18,N,Organic,UPI,Regular,5,2026-06-25,6333.23
CUST000306,Yadavi Ravi,Bengaluru,2024-05-13,Y,Paid Search,UPI,New,1,2026-06-22,1799.4
CUST000307,Hema Borde,Pune,2023-12-08,Y,Social Media,UPI,New,1,2026-05-12,1155.46
CUST000308,Henry Anand,Bengaluru,2025-06-04,N,Referral,UPI,New,1,2026-04-11,1119.63
CUST000309,Yashawini Wable,Chennai,2023-05-04,Y,Organic,Net Banking,Occasional,4,2026-06-01,1518.22
CUST000310,Siddharth Vohra,Hyderabad,2026-03-22,N,Social Media,Wallet,New,1,2026-06-21,471.11
CUST000311,Kavya Vala,Mumbai,2025-06-25,N,Referral,UPI,Occasional,3,2026-06-14,1113.71
CUST000312,Anita Chakrabarti,Chennai,2023-09-06,N,Social Media,Cash on Delivery,Regular,6,2026-06-27,6712.26
CUST000313,Nitara Jayaraman,Bengaluru,2023-04-22,N,Referral,UPI,New,1,2026-05-19,367.88
CUST000314,Osha Bala,Bengaluru,2025-10-17,N,Social Media,UPI,Occasional,3,2026-05-21,1485.6
CUST000315,Simon Cheema,Pune,2023-08-06,Y,Social Media,UPI,Occasional,4,2026-05-18,1721.82
CUST000316,Zayan Kibe,Chennai,2026-03-22,Y,Organic,UPI,Registered Only,0,,0.0
CUST000317,Charan Baria,Bengaluru,2024-05-29,N,Partner Campaign,Wallet,Registered Only,0,,0.0
CUST000318,Sanaya Kar,Chennai,2024-03-23,N,Paid Search,Credit/Debit Card,Occasional,2,2026-06-24,1626.68
CUST000319,Oliver Iyer,Delhi NCR,2023-09-17,N,Organic,UPI,Registered Only,0,,0.0
CUST000320,Nicholas Dugal,Hyderabad,2023-09-08,N,Organic,UPI,New,1,2026-06-21,588.3
CUST000321,Hitesh Atwal,Mumbai,2025-04-23,N,Organic,UPI,Occasional,4,2026-06-29,2466.02
CUST000322,Omya Bakshi,Pune,2025-01-09,N,Referral,Credit/Debit Card,New,1,2026-06-26,280.17
CUST000323,Girindra Dave,Chennai,2025-08-19,N,Paid Search,Cash on Delivery,Registered Only,0,,0.0
CUST000324,Rajeshri Sidhu,Delhi NCR,2024-01-11,Y,Social Media,Wallet,Registered Only,0,,0.0
CUST000325,Oscar Verma,Chennai,2023-08-08,N,Paid Search,UPI,Premium,11,2026-06-28,11635.33
CUST000326,Nakul Madan,Delhi NCR,2025-09-28,Y,Referral,UPI,New,1,2026-04-14,104.43
CUST000327,Varenya Trivedi,Bengaluru,2025-01-15,N,Organic,UPI,New,1,2026-04-24,0.0
CUST000328,Samuel Pillai,Bengaluru,2024-12-21,N,Referral,UPI,Registered Only,0,,0.0
CUST000329,Dakshesh Memon,Hyderabad,2023-05-11,Y,Paid Search,Wallet,New,1,2026-05-29,704.6
CUST000330,Mekhala Din,Mumbai,2023-07-19,N,Social Media,UPI,Registered Only,0,,0.0
CUST000331,George Nigam,Pune,2025-11-09,N,Organic,Net Banking,Regular,5,2026-06-01,4304.45
CUST000332,Mugdha Hari,Pune,2023-05-18,Y,Organic,UPI,Registered Only,0,,0.0
CUST000333,Nidhi Guha,Bengaluru,2026-01-05,N,Organic,Wallet,New,1,2026-04-02,0.0
CUST000334,Libni Keer,Bengaluru,2023-05-26,N,Referral,Cash on Delivery,Occasional,4,2026-06-20,4556.59
CUST000335,Pallavi Venkatesh,Hyderabad,2024-07-10,Y,Social Media,Wallet,Registered Only,0,,0.0
CUST000336,Charvi Luthra,Mumbai,2025-07-05,N,Paid Search,UPI,Occasional,2,2026-05-13,1012.43
CUST000337,Thomas Tata,Delhi NCR,2023-06-28,Y,Social Media,UPI,Regular,5,2026-05-31,5986.94
CUST000338,Owen Goda,Bengaluru,2025-02-05,N,Organic,UPI,Regular,5,2026-06-15,3040.82
CUST000339,Gaurang Devi,Hyderabad,2024-04-25,Y,Referral,Credit/Debit Card,New,1,2026-05-01,1059.32
CUST000340,Hiral Dada,Mumbai,2024-06-22,N,Paid Search,Credit/Debit Card,New,1,2026-06-12,291.37
CUST000341,Ayaan Uppal,Bengaluru,2024-06-14,Y,Referral,Cash on Delivery,New,1,2026-04-22,0.0
CUST000342,Kritika Luthra,Chennai,2024-02-17,N,Social Media,UPI,Registered Only,0,,0.0
CUST000343,Jeremiah Mody,Chennai,2024-10-25,Y,Organic,UPI,Regular,8,2026-05-25,6623.02
CUST000344,Sachi Prasad,Mumbai,2023-06-28,N,Partner Campaign,UPI,Registered Only,0,,0.0
CUST000345,Udant Saha,Hyderabad,2024-08-06,N,Social Media,UPI,Regular,6,2026-06-16,5260.92
CUST000346,Sanya Chadha,Delhi NCR,2023-04-18,Y,Partner Campaign,Cash on Delivery,Regular,5,2026-06-19,7351.86
CUST000347,Aarini Sura,Bengaluru,2025-11-10,Y,Organic,Cash on Delivery,Occasional,2,2026-06-11,1608.5
CUST000348,Kiaan Ramesh,Pune,2024-09-30,N,Partner Campaign,Wallet,Registered Only,0,,0.0
CUST000349,Aashi Agarwal,Chennai,2024-03-20,N,Organic,Credit/Debit Card,Registered Only,0,,0.0
CUST000350,Liam Shankar,Chennai,2024-04-23,Y,Social Media,Credit/Debit Card,Occasional,2,2026-05-30,2000.17
CUST000351,Janaki Raju,Bengaluru,2023-09-03,N,Organic,Wallet,Occasional,3,2026-06-27,1262.8
CUST000352,Bishakha Jaggi,Bengaluru,2023-12-17,Y,Organic,Wallet,Premium,26,2026-06-24,22649.31
CUST000353,Samarth Patel,Hyderabad,2025-08-24,N,Partner Campaign,UPI,Occasional,2,2026-06-04,1328.61
CUST000354,Sachi Rau,Bengaluru,2025-10-06,N,Paid Search,Wallet,New,1,2026-06-06,904.45
CUST000355,Rayaan Verma,Chennai,2023-11-15,Y,Partner Campaign,Credit/Debit Card,Occasional,4,2026-06-29,2097.79
CUST000356,Nitara Nagy,Mumbai,2023-06-14,Y,Organic,UPI,New,1,2026-06-29,0.0
CUST000357,Zayyan Manne,Chennai,2024-10-27,N,Organic,UPI,Occasional,2,2026-06-02,2820.51
CUST000358,Alexander Sinha,Pune,2024-11-12,N,Organic,UPI,Registered Only,0,,0.0
CUST000359,Faras Jha,Pune,2025-05-05,N,Paid Search,Credit/Debit Card,Occasional,2,2026-04-26,1663.69
CUST000360,Farhan Dora,Mumbai,2025-03-01,Y,Paid Search,UPI,Registered Only,0,,0.0
CUST000361,Vrinda Chakraborty,Delhi NCR,2026-01-10,N,Organic,Net Banking,Regular,7,2026-06-08,2984.78
CUST000362,Bhavini Kapadia,Hyderabad,2023-12-14,N,Paid Search,UPI,Occasional,3,2026-06-28,2536.03
CUST000363,Bhavika Zachariah,Mumbai,2024-06-05,Y,Referral,Credit/Debit Card,New,1,2026-05-11,115.95
CUST000364,Mekhala Dyal,Delhi NCR,2026-02-16,N,Paid Search,UPI,Registered Only,0,,0.0
CUST000365,Sanaya Kamdar,Delhi NCR,2023-08-02,Y,Paid Search,Wallet,Registered Only,0,,0.0
CUST000366,Nitara Lala,Delhi NCR,2024-03-09,N,Paid Search,Credit/Debit Card,New,1,2026-05-25,1007.94
CUST000367,Ucchal Borah,Hyderabad,2026-02-20,N,Paid Search,UPI,New,1,2026-06-05,440.08
CUST000368,Lipika Gaba,Delhi NCR,2025-06-24,Y,Organic,UPI,Registered Only,0,,0.0
CUST000369,Zaid Sampath,Bengaluru,2024-11-01,N,Partner Campaign,UPI,New,1,2026-06-28,4.88
CUST000370,Vamakshi Bora,Hyderabad,2024-10-16,N,Organic,UPI,New,1,2026-04-06,781.73
CUST000371,Baghyawati Chanda,Mumbai,2023-07-02,Y,Partner Campaign,Cash on Delivery,Occasional,4,2026-06-12,2831.59
CUST000372,Samesh Krishnamurthy,Bengaluru,2024-01-15,N,Organic,UPI,Occasional,3,2026-06-29,3381.16
CUST000373,Isaiah Kala,Hyderabad,2024-02-16,Y,Organic,Cash on Delivery,Premium,38,2026-06-28,52366.78
CUST000374,Vamakshi Sawhney,Bengaluru,2024-01-04,N,Organic,UPI,Occasional,2,2026-06-23,1343.91
CUST000375,Patrick Ratta,Chennai,2026-01-25,Y,Organic,Credit/Debit Card,New,1,2026-05-03,265.1
CUST000376,Unni Grover,Bengaluru,2023-11-13,N,Paid Search,UPI,Occasional,4,2026-04-24,1473.86
CUST000377,Quincy Pathak,Mumbai,2023-05-30,Y,Partner Campaign,UPI,Registered Only,0,,0.0
CUST000378,Karan Devi,Pune,2023-11-07,Y,Social Media,Net Banking,Occasional,2,2026-05-03,2468.74
CUST000379,Christopher Master,Bengaluru,2025-12-24,N,Paid Search,UPI,Premium,9,2026-05-31,8793.46
CUST000380,Ranbir Sinha,Delhi NCR,2025-10-01,Y,Paid Search,UPI,Occasional,3,2026-06-11,2161.8
CUST000381,Ekaja Pradhan,Pune,2025-04-24,N,Social Media,UPI,Occasional,2,2026-05-17,601.53
CUST000382,Praneel Wadhwa,Bengaluru,2024-01-31,N,Organic,UPI,Registered Only,0,,0.0
CUST000383,Kevin Bhandari,Pune,2023-09-02,N,Organic,Credit/Debit Card,Occasional,2,2026-06-11,1255.8
CUST000384,Chakrika Kale,Pune,2024-08-08,Y,Referral,UPI,Occasional,2,2026-05-26,2212.04
CUST000385,Gabriel Nagarajan,Mumbai,2025-04-24,N,Social Media,UPI,Occasional,2,2026-06-17,3948.16
CUST000386,Samesh Om,Hyderabad,2025-10-02,N,Organic,Wallet,New,1,2026-05-05,804.12
CUST000387,Ridhi Sagar,Bengaluru,2025-10-23,N,Organic,UPI,Premium,14,2026-06-24,17865.13
CUST000388,Zilmil Koshy,Pune,2025-07-28,Y,Organic,UPI,New,1,2026-06-25,0.0
CUST000389,Jason Shankar,Mumbai,2025-07-02,Y,Partner Campaign,UPI,Occasional,2,2026-06-03,968.75
CUST000390,Raagini Bava,Bengaluru,2024-01-20,Y,Referral,UPI,Registered Only,0,,0.0
CUST000391,Utkarsh Gokhale,Mumbai,2025-08-30,N,Referral,Wallet,New,1,2026-04-26,1760.81
CUST000392,Vedant Gera,Mumbai,2025-06-06,N,Paid Search,UPI,New,1,2026-06-19,2671.97
CUST000393,Girik Kale,Delhi NCR,2025-10-26,N,Organic,UPI,Occasional,2,2026-06-13,2565.23
CUST000394,Andrew Chaudry,Mumbai,2023-05-31,N,Organic,UPI,Regular,5,2026-06-20,6064.81
CUST000395,Baljiwan Patel,Bengaluru,2024-12-04,N,Social Media,UPI,New,1,2026-06-24,1144.26
CUST000396,Dayamai Mann,Mumbai,2025-08-16,N,Paid Search,UPI,Registered Only,0,,0.0
CUST000397,Keya Chawla,Hyderabad,2023-04-30,Y,Organic,Credit/Debit Card,Registered Only,0,,0.0
CUST000398,Darika Sama,Hyderabad,2024-05-01,N,Organic,UPI,Premium,11,2026-06-27,7751.78
CUST000399,Bhanumati Banik,Chennai,2025-12-01,N,Partner Campaign,Credit/Debit Card,Registered Only,0,,0.0
CUST000400,Balveer Rege,Hyderabad,2024-04-29,N,Paid Search,Wallet,New,1,2026-05-31,791.98
CUST000401,Meera Prasad,Bengaluru,2025-04-07,Y,Organic,UPI,Regular,8,2026-06-26,7734.53
CUST000402,Bhavini Mangal,Mumbai,2024-06-07,N,Referral,UPI,Registered Only,0,,0.0
CUST000403,Hamsini Thaker,Mumbai,2023-05-24,N,Organic,UPI,Occasional,4,2026-06-20,2735.34
CUST000404,Ishita Mohan,Delhi NCR,2025-08-02,N,Social Media,UPI,Registered Only,0,,0.0
CUST000405,Devika Kale,Hyderabad,2024-05-23,Y,Social Media,UPI,New,1,2026-05-29,684.67
CUST000406,Janani Gole,Hyderabad,2023-12-11,Y,Organic,UPI,Regular,9,2026-06-23,6286.36
CUST000407,Hemani Talwar,Bengaluru,2025-09-22,N,Partner Campaign,UPI,Regular,9,2026-06-20,7068.41
CUST000408,Jalsa Bora,Bengaluru,2023-09-24,N,Partner Campaign,Wallet,New,1,2026-06-09,1100.89
CUST000409,Warhi Menon,Chennai,2025-10-29,N,Organic,Credit/Debit Card,Registered Only,0,,0.0
CUST000410,Amara Bhargava,Bengaluru,2026-01-06,Y,Organic,UPI,Occasional,3,2026-06-12,1574.46
CUST000411,Kai Vora,Hyderabad,2024-06-21,N,Paid Search,Wallet,Registered Only,0,,0.0
CUST000412,Ekantika Om,Delhi NCR,2025-02-24,Y,Referral,UPI,New,1,2026-06-10,1046.17
CUST000413,Siya Ghose,Bengaluru,2024-09-22,N,Paid Search,UPI,Occasional,3,2026-05-25,3432.49
CUST000414,Benjamin Sampath,Delhi NCR,2024-08-05,N,Organic,UPI,Regular,5,2026-06-17,4771.8
CUST000415,Nicholas Taneja,Hyderabad,2025-09-23,Y,Organic,Credit/Debit Card,Occasional,3,2026-06-25,776.35
CUST000416,Vamakshi Sheth,Bengaluru,2023-11-04,N,Social Media,Cash on Delivery,Registered Only,0,,0.0
CUST000417,Meera Oommen,Delhi NCR,2025-01-25,Y,Referral,Cash on Delivery,Occasional,4,2026-06-25,2211.01
CUST000418,Chakradev Sura,Hyderabad,2025-07-03,N,Referral,Cash on Delivery,Occasional,2,2026-05-16,3029.14
CUST000419,Caleb Patla,Pune,2025-04-19,N,Organic,Credit/Debit Card,Occasional,3,2026-06-06,1063.29
CUST000420,Riya Patla,Bengaluru,2023-07-01,N,Social Media,UPI,New,1,2026-04-26,0.0
CUST000421,Lopa Palla,Bengaluru,2025-06-28,N,Partner Campaign,Credit/Debit Card,Registered Only,0,,0.0
CUST000422,Ikshita Bawa,Pune,2023-12-01,Y,Social Media,UPI,Regular,5,2026-06-16,4762.36
CUST000423,Rachit Karan,Chennai,2024-11-29,N,Partner Campaign,Credit/Debit Card,Regular,5,2026-06-14,4107.72
CUST000424,Simon Padmanabhan,Bengaluru,2023-11-12,N,Referral,Credit/Debit Card,Registered Only,0,,0.0
CUST000425,Ethan Shanker,Mumbai,2025-12-01,Y,Referral,UPI,Premium,8,2026-06-15,9500.96
CUST000426,Sudiksha Seth,Delhi NCR,2023-10-06,N,Social Media,Cash on Delivery,Occasional,4,2026-06-16,2873.35
CUST000427,Zaitra Zachariah,Bengaluru,2026-02-16,N,Organic,UPI,New,1,2026-06-15,2079.53
CUST000428,Alka Pillai,Chennai,2024-04-30,Y,Organic,Cash on Delivery,Occasional,3,2026-05-30,6836.17
CUST000429,Vyanjana Saha,Delhi NCR,2024-02-11,N,Social Media,Net Banking,Registered Only,0,,0.0
CUST000430,Hemal Bhandari,Bengaluru,2025-10-09,N,Social Media,UPI,New,1,2026-05-23,0.0
CUST000431,Simon Kunda,Bengaluru,2023-05-08,Y,Organic,Wallet,Premium,15,2026-06-27,11042.11
CUST000432,Damyanti Sekhon,Bengaluru,2025-03-02,Y,Paid Search,UPI,Occasional,3,2026-06-24,1283.63
CUST000433,Brijesh Purohit,Bengaluru,2023-09-02,N,Social Media,Credit/Debit Card,Occasional,3,2026-06-22,5468.05
CUST000434,Devansh Suri,Bengaluru,2024-08-12,Y,Referral,Wallet,Premium,8,2026-06-28,10693.04
CUST000435,Oni Banerjee,Bengaluru,2023-04-11,Y,Paid Search,Wallet,Occasional,4,2026-06-13,4163.02
CUST000436,Upadhriti Dash,Delhi NCR,2025-03-21,N,Organic,UPI,Registered Only,0,,0.0
CUST000437,Hritik Dasgupta,Mumbai,2023-05-01,N,Organic,Net Banking,Occasional,2,2026-06-26,1507.43
CUST000438,Shaurya Zachariah,Delhi NCR,2024-01-26,N,Organic,Wallet,Occasional,2,2026-06-24,5265.07
CUST000439,David Padmanabhan,Pune,2024-02-14,N,Organic,UPI,Occasional,3,2026-05-23,2005.84
CUST000440,Ekansh Agrawal,Bengaluru,2025-02-11,N,Paid Search,UPI,Premium,12,2026-06-26,12218.28
CUST000441,Gaurang Som,Hyderabad,2023-11-12,Y,Organic,UPI,Premium,10,2026-06-28,17881.35
CUST000442,Nisha Sabharwal,Hyderabad,2024-08-18,Y,Organic,Credit/Debit Card,Occasional,2,2026-06-06,367.92
CUST000443,Radhika Vig,Hyderabad,2024-06-01,N,Organic,UPI,New,1,2026-04-15,1620.75
CUST000444,Ridhi Balasubramanian,Hyderabad,2024-07-27,N,Organic,UPI,New,1,2026-05-15,1011.34
CUST000445,Yadavi Reddy,Delhi NCR,2023-10-06,Y,Social Media,UPI,Premium,18,2026-06-11,22171.51
CUST000446,Wridesh Gour,Delhi NCR,2025-04-24,N,Organic,UPI,Occasional,3,2026-05-04,1834.32
CUST000447,Ansh Vora,Delhi NCR,2024-12-20,N,Partner Campaign,Cash on Delivery,Regular,5,2026-06-23,2191.78
CUST000448,Eta Aggarwal,Bengaluru,2026-03-17,Y,Social Media,UPI,Registered Only,0,,0.0
CUST000449,Mohini Thakur,Mumbai,2024-06-18,N,Paid Search,UPI,Occasional,3,2026-05-30,2591.45
CUST000450,Amaira Pal,Chennai,2025-12-28,N,Paid Search,Cash on Delivery,Registered Only,0,,0.0
CUST000451,Lopa Karnik,Bengaluru,2024-04-02,Y,Organic,Cash on Delivery,New,1,2026-04-16,288.63
CUST000452,Siddharth Lal,Delhi NCR,2025-02-24,N,Paid Search,Cash on Delivery,Occasional,3,2026-05-31,5139.08
CUST000453,Zansi Apte,Delhi NCR,2024-07-16,N,Paid Search,Credit/Debit Card,New,1,2026-05-01,526.73
CUST000454,Tripti Kalla,Bengaluru,2025-09-26,N,Social Media,UPI,Occasional,3,2026-06-11,661.46
CUST000455,Chatura Cheema,Bengaluru,2023-07-21,N,Organic,Cash on Delivery,Registered Only,0,,0.0
CUST000456,Peter Patil,Delhi NCR,2026-01-27,Y,Paid Search,UPI,New,1,2026-04-14,731.18
CUST000457,Abhiram Acharya,Delhi NCR,2023-09-01,N,Referral,UPI,Occasional,4,2026-06-11,4886.57
CUST000458,Chanakya Patla,Delhi NCR,2023-06-15,Y,Social Media,UPI,New,1,2026-05-22,633.02
CUST000459,Zilmil Madan,Mumbai,2024-08-30,N,Referral,UPI,Registered Only,0,,0.0
CUST000460,Mohammed Narayanan,Pune,2024-02-02,Y,Paid Search,UPI,Premium,4,2026-06-24,8132.86
CUST000461,Qushi Dyal,Hyderabad,2025-05-06,N,Organic,UPI,Registered Only,0,,0.0
CUST000462,Daniel Kuruvilla,Pune,2023-06-24,N,Social Media,UPI,Premium,7,2026-06-06,12230.13
CUST000463,Avni Behl,Mumbai,2024-11-12,N,Organic,UPI,Occasional,2,2026-06-13,733.87
CUST000464,Yoshita De,Delhi NCR,2024-12-31,Y,Organic,UPI,New,1,2026-05-13,2111.78
CUST000465,Faqid Banik,Chennai,2023-10-12,N,Referral,Wallet,Regular,6,2026-06-01,5372.28
CUST000466,Idika Sur,Hyderabad,2023-10-16,Y,Organic,UPI,Premium,11,2026-06-28,9403.64
CUST000467,Harrison Sankar,Delhi NCR,2025-03-09,N,Organic,Wallet,New,1,2026-04-23,709.36
CUST000468,Turvi Wali,Hyderabad,2023-08-14,N,Organic,Credit/Debit Card,Occasional,3,2026-06-21,4325.86
CUST000469,Meghana Natarajan,Hyderabad,2025-04-14,N,Organic,Credit/Debit Card,Occasional,4,2026-06-07,3930.49
CUST000470,Rachita Datta,Delhi NCR,2023-05-08,N,Paid Search,Cash on Delivery,Premium,14,2026-06-23,13634.88
CUST000471,Daniel Dalal,Pune,2024-08-19,Y,Organic,Credit/Debit Card,Regular,7,2026-06-29,6356.17
CUST000472,Tanveer Muni,Hyderabad,2025-02-12,N,Social Media,Credit/Debit Card,Premium,5,2026-05-30,8413.19
CUST000473,Meghana Dixit,Mumbai,2024-07-01,Y,Organic,Cash on Delivery,Occasional,3,2026-06-18,2617.54
CUST000474,Zaitra Ghose,Hyderabad,2024-08-02,Y,Organic,UPI,Registered Only,0,,0.0
CUST000475,Madhav Subramaniam,Bengaluru,2023-05-23,Y,Paid Search,UPI,Registered Only,0,,0.0
CUST000476,Anika Singh,Delhi NCR,2025-08-07,N,Organic,Cash on Delivery,Occasional,2,2026-06-07,683.81
CUST000477,Chandran Golla,Delhi NCR,2025-03-16,N,Paid Search,Net Banking,Occasional,2,2026-06-12,1007.85
CUST000478,Bimala Bedi,Bengaluru,2024-10-02,N,Paid Search,UPI,Occasional,3,2026-06-16,1540.23
CUST000479,Bachittar Cheema,Delhi NCR,2025-12-23,Y,Referral,UPI,Regular,5,2026-06-01,4446.3
CUST000480,Lohit Baral,Pune,2026-03-20,N,Paid Search,Wallet,Registered Only,0,,0.0
CUST000481,Sanya Banerjee,Delhi NCR,2023-07-26,N,Referral,UPI,Premium,10,2026-06-12,12935.11
CUST000482,Zehaan Bansal,Delhi NCR,2024-10-13,N,Organic,Net Banking,Occasional,2,2026-06-07,2619.96
CUST000483,Gaurav Chakraborty,Bengaluru,2024-03-27,Y,Organic,Net Banking,Premium,12,2026-06-25,14646.58
CUST000484,Qarin Dhar,Hyderabad,2025-05-17,N,Paid Search,Cash on Delivery,Premium,17,2026-06-27,20068.98
CUST000485,Naveen Apte,Bengaluru,2025-11-03,N,Paid Search,UPI,Occasional,4,2026-06-26,3102.55
CUST000486,Advika Comar,Delhi NCR,2026-01-27,N,Paid Search,Cash on Delivery,Occasional,2,2026-06-13,1063.44
CUST000487,Aahana Chada,Hyderabad,2025-10-17,N,Partner Campaign,UPI,Registered Only,0,,0.0
CUST000488,Gayathri Prashad,Bengaluru,2024-05-12,N,Referral,UPI,Registered Only,0,,0.0
CUST000489,Abeer Buch,Bengaluru,2023-10-31,Y,Paid Search,UPI,Registered Only,0,,0.0
CUST000490,Ekavir Sandal,Delhi NCR,2025-01-15,Y,Paid Search,Credit/Debit Card,Regular,6,2026-06-16,4887.39
CUST000491,Meera Babu,Pune,2025-09-01,Y,Partner Campaign,UPI,Occasional,3,2026-06-12,5714.5
CUST000492,Siya Chaudhry,Hyderabad,2023-10-08,Y,Paid Search,UPI,Premium,18,2026-06-24,18562.37
CUST000493,Robert Date,Mumbai,2026-03-02,N,Paid Search,UPI,Premium,18,2026-06-26,26023.87
CUST000494,Ekantika Bala,Delhi NCR,2023-09-20,N,Social Media,UPI,New,1,2026-05-17,490.86
CUST000495,Onkar Sehgal,Delhi NCR,2023-11-25,N,Referral,Wallet,Premium,12,2026-06-13,10916.73
CUST000496,Indali Naik,Hyderabad,2026-01-10,N,Partner Campaign,UPI,Registered Only,0,,0.0
CUST000497,Omisha Roy,Delhi NCR,2025-10-22,N,Paid Search,UPI,Registered Only,0,,0.0
CUST000498,Michael Sibal,Hyderabad,2025-06-05,N,Paid Search,Credit/Debit Card,Registered Only,0,,0.0
CUST000499,Dhriti Sibal,Bengaluru,2024-01-14,N,Referral,UPI,Registered Only,0,,0.0
CUST000500,Vivaan Sagar,Chennai,2024-10-14,Y,Paid Search,Wallet,Occasional,2,2026-05-16,1213.13
CUST000501,Jeremiah Grewal,Mumbai,2025-02-27,N,Organic,UPI,Registered Only,0,,0.0
CUST000502,Yatin Varughese,Bengaluru,2025-05-29,Y,Organic,Credit/Debit Card,Registered Only,0,,0.0
CUST000503,Yadavi Barman,Mumbai,2023-09-19,Y,Partner Campaign,Credit/Debit Card,Occasional,2,2026-05-23,791.45
CUST000504,Chasmum Krish,Chennai,2025-04-19,N,Paid Search,Cash on Delivery,Occasional,3,2026-05-29,5573.16
CUST000505,Bahadurjit Narula,Delhi NCR,2023-08-01,Y,Organic,Cash on Delivery,Occasional,2,2026-06-20,3067.7
CUST000506,Dhruv Mutti,Bengaluru,2025-10-03,Y,Social Media,UPI,New,1,2026-06-23,2619.29
CUST000507,Daksh Chacko,Chennai,2024-10-04,N,Paid Search,Credit/Debit Card,Occasional,3,2026-05-06,1212.73
CUST000508,Ayaan Mahal,Chennai,2025-07-09,N,Paid Search,UPI,New,1,2026-04-01,5171.09
CUST000509,Mason Doctor,Hyderabad,2025-06-17,N,Social Media,UPI,New,1,2026-05-22,2056.98
CUST000510,Ishwar Kaur,Delhi NCR,2025-10-01,N,Referral,Wallet,Occasional,2,2026-06-07,730.01
CUST000511,Saanvi Gara,Delhi NCR,2023-10-16,Y,Paid Search,UPI,Occasional,2,2026-04-10,711.57
CUST000512,Ganga Kulkarni,Delhi NCR,2023-08-08,N,Social Media,UPI,Registered Only,0,,0.0
CUST000513,Tamanna Sinha,Bengaluru,2025-03-04,N,Organic,UPI,Premium,18,2026-06-27,18928.63
CUST000514,Harinakshi Naidu,Chennai,2024-12-21,N,Organic,Credit/Debit Card,Registered Only,0,,0.0
CUST000515,Radha Taneja,Pune,2024-02-27,Y,Paid Search,UPI,Regular,6,2026-06-29,7648.56
CUST000516,Vedika Date,Bengaluru,2023-08-19,N,Social Media,UPI,Regular,5,2026-05-22,3018.17
CUST000517,Azaan Sagar,Chennai,2024-09-20,N,Referral,UPI,Occasional,2,2026-06-06,811.12
CUST000518,Ekiya Rege,Chennai,2026-01-27,N,Organic,UPI,Regular,6,2026-06-22,6451.79
CUST000519,Udyati Balan,Pune,2025-03-19,N,Social Media,UPI,Regular,5,2026-05-30,5618.78
CUST000520,Vasatika Dua,Bengaluru,2024-08-02,N,Paid Search,UPI,Premium,6,2026-06-14,12416.28
CUST000521,Parth Kala,Delhi NCR,2023-04-30,Y,Referral,UPI,Regular,6,2026-06-21,5411.91
CUST000522,Forum Zacharia,Pune,2023-06-27,N,Paid Search,UPI,Occasional,4,2026-06-13,3877.14
CUST000523,Anika Prabhu,Bengaluru,2024-05-28,N,Organic,Credit/Debit Card,Regular,5,2026-06-17,2925.34
CUST000524,Henry Bhakta,Hyderabad,2023-10-24,N,Partner Campaign,Credit/Debit Card,New,1,2026-04-10,373.93
CUST000525,Aashi Sarraf,Bengaluru,2023-04-12,N,Referral,UPI,Occasional,2,2026-05-25,5650.77
CUST000526,Brijesh Gokhale,Hyderabad,2023-10-24,N,Paid Search,UPI,Occasional,3,2026-06-16,3064.75
CUST000527,Urvi Keer,Hyderabad,2026-02-06,N,Paid Search,Credit/Debit Card,Occasional,2,2026-05-15,5282.57
CUST000528,Dakshesh Naik,Chennai,2023-12-24,N,Referral,UPI,Occasional,3,2026-06-12,2735.9
CUST000529,Eesha Golla,Hyderabad,2024-11-05,N,Social Media,Cash on Delivery,New,1,2026-04-30,5660.77
CUST000530,Aarini Shere,Delhi NCR,2025-12-09,N,Organic,UPI,Registered Only,0,,0.0
CUST000531,Girik Dada,Bengaluru,2024-10-31,N,Social Media,Credit/Debit Card,Occasional,3,2026-06-26,4412.98
CUST000532,Bhavika Khatri,Hyderabad,2023-10-22,N,Organic,UPI,New,1,2026-05-17,2244.18
CUST000533,Amaira Khurana,Mumbai,2024-10-11,N,Referral,Credit/Debit Card,Premium,6,2026-06-26,12472.88
CUST000534,Harsh Borra,Chennai,2023-06-03,N,Social Media,UPI,Premium,8,2026-06-15,9140.75
CUST000535,Laksh Doshi,Bengaluru,2025-11-02,N,Social Media,UPI,Occasional,3,2026-05-29,1374.89
CUST000536,Shaurya Sangha,Bengaluru,2023-05-04,N,Organic,Credit/Debit Card,New,1,2026-04-25,1805.08
CUST000537,Harita Mann,Mumbai,2025-03-05,N,Organic,UPI,Registered Only,0,,0.0
CUST000538,Simon Chadha,Hyderabad,2023-10-19,Y,Partner Campaign,Credit/Debit Card,Occasional,2,2026-06-25,1278.39
CUST000539,Damyanti Balay,Bengaluru,2023-12-06,N,Referral,UPI,Premium,12,2026-06-25,12220.61
CUST000540,Girish Sathe,Hyderabad,2023-11-12,N,Partner Campaign,Credit/Debit Card,New,1,2026-05-28,2153.16
CUST000541,Jacob Thaker,Mumbai,2023-10-28,N,Referral,UPI,Occasional,2,2026-06-25,4918.04
CUST000542,Banjeet Tailor,Chennai,2025-08-16,N,Referral,Credit/Debit Card,Occasional,3,2026-05-18,7334.13
CUST000543,Ekansh Wali,Delhi NCR,2025-05-07,N,Organic,UPI,Premium,10,2026-06-27,14480.18
CUST000544,Idika Kalita,Delhi NCR,2023-07-25,Y,Organic,Credit/Debit Card,New,1,2026-04-07,787.84
CUST000545,Ojas Varghese,Chennai,2024-11-04,N,Partner Campaign,Credit/Debit Card,New,1,2026-04-23,275.31
CUST000546,Charan Bhakta,Delhi NCR,2024-10-21,N,Organic,UPI,Registered Only,0,,0.0
CUST000547,Pallavi Mannan,Bengaluru,2025-10-28,N,Paid Search,Wallet,Occasional,2,2026-06-24,2911.8
CUST000548,Rajata Date,Bengaluru,2024-05-08,N,Social Media,Credit/Debit Card,Registered Only,0,,0.0
CUST000549,Gaurangi Panchal,Chennai,2025-08-20,N,Organic,UPI,Occasional,4,2026-05-23,3403.21
CUST000550,Kabir Luthra,Hyderabad,2023-10-09,N,Organic,UPI,New,1,2026-06-02,444.8
CUST000551,Samarth Lall,Bengaluru,2025-09-19,N,Organic,UPI,Occasional,2,2026-05-01,1772.12
CUST000552,Mugdha Kurian,Hyderabad,2025-02-28,Y,Paid Search,Cash on Delivery,Occasional,2,2026-05-18,1358.64
CUST000553,Aahana Brahmbhatt,Bengaluru,2025-08-18,Y,Organic,UPI,New,1,2026-04-17,224.69
CUST000554,Omisha Wali,Bengaluru,2023-12-07,Y,Organic,Cash on Delivery,Occasional,4,2026-06-26,4572.93
CUST000555,Patrick Dhillon,Hyderabad,2024-09-16,Y,Organic,UPI,Occasional,2,2026-04-11,3327.18
CUST000556,Yoshita Srinivasan,Mumbai,2023-12-04,N,Organic,UPI,New,1,2026-04-24,832.27
CUST000557,Indrajit Nigam,Delhi NCR,2024-08-04,N,Partner Campaign,Wallet,Regular,5,2026-06-02,3237.42
CUST000558,Aarush Seshadri,Hyderabad,2023-10-18,N,Partner Campaign,UPI,Occasional,2,2026-06-16,2518.84
CUST000559,Tarak Thakkar,Delhi NCR,2024-05-13,N,Organic,Credit/Debit Card,Registered Only,0,,0.0
CUST000560,Advik Hari,Bengaluru,2024-01-03,N,Social Media,UPI,Registered Only,0,,0.0
CUST000561,Yashawini Parikh,Mumbai,2024-07-09,Y,Organic,UPI,Occasional,2,2026-06-08,1593.23
CUST000562,Warda Balan,Bengaluru,2024-12-12,N,Paid Search,UPI,Occasional,2,2026-05-31,2228.81
CUST000563,Maanas Majumdar,Hyderabad,2025-08-19,N,Organic,UPI,Registered Only,0,,0.0
CUST000564,Niharika Loyal,Delhi NCR,2024-07-12,N,Organic,UPI,Premium,12,2026-06-21,10559.13
CUST000565,Isaac Choudhury,Pune,2023-08-26,N,Organic,UPI,New,1,2026-06-17,883.58
CUST000566,Rudra Purohit,Hyderabad,2023-06-21,N,Organic,Cash on Delivery,Occasional,3,2026-06-07,7100.09
CUST000567,Jai Raman,Chennai,2024-07-17,N,Paid Search,UPI,New,1,2026-06-08,374.09
CUST000568,Shaurya Kadakia,Hyderabad,2024-01-30,Y,Organic,UPI,Premium,7,2026-06-05,9931.43
CUST000569,Avni Din,Chennai,2025-10-09,N,Paid Search,UPI,New,1,2026-05-14,979.86
CUST000570,Varenya Kanda,Bengaluru,2024-02-28,N,Social Media,Cash on Delivery,Regular,6,2026-06-02,3940.41
CUST000571,Neelima Sharaf,Mumbai,2023-12-21,N,Social Media,Cash on Delivery,Registered Only,0,,0.0
CUST000572,Champak Nazareth,Hyderabad,2023-11-15,Y,Referral,UPI,Premium,13,2026-06-27,9109.25
CUST000573,Gautami Toor,Bengaluru,2025-10-09,N,Paid Search,Credit/Debit Card,Registered Only,0,,0.0
CUST000574,Unni Venkataraman,Chennai,2024-04-25,N,Social Media,UPI,Registered Only,0,,0.0
CUST000575,Ladli Nadkarni,Mumbai,2024-11-11,N,Organic,Wallet,Occasional,4,2026-06-27,3317.01
CUST000576,Girish Patel,Bengaluru,2024-01-02,Y,Partner Campaign,Cash on Delivery,New,1,2026-05-01,975.56
CUST000577,Tripti Bhasin,Hyderabad,2026-01-07,N,Organic,UPI,New,1,2026-04-10,545.34
CUST000578,Osha Dhingra,Hyderabad,2025-08-02,Y,Referral,UPI,New,1,2026-05-15,1603.1
CUST000579,Damyanti Wable,Pune,2024-04-17,N,Paid Search,UPI,Registered Only,0,,0.0
CUST000580,Ranbir Roy,Delhi NCR,2025-06-02,N,Social Media,UPI,Regular,7,2026-06-28,6973.69
CUST000581,Neel Khare,Pune,2024-11-02,N,Organic,Credit/Debit Card,New,1,2026-05-31,906.59
CUST000582,Kabir Agarwal,Hyderabad,2025-07-28,Y,Paid Search,Wallet,Registered Only,0,,0.0
CUST000583,Noah Kar,Chennai,2024-08-09,Y,Organic,Cash on Delivery,Occasional,3,2026-05-12,5511.01
CUST000584,Banjeet Bir,Pune,2024-11-23,N,Organic,Wallet,Occasional,2,2026-06-22,1013.55
CUST000585,Xalak Ramakrishnan,Bengaluru,2026-01-31,Y,Organic,UPI,Premium,18,2026-06-27,13618.85
CUST000586,Rishi Bhalla,Delhi NCR,2025-06-01,Y,Referral,Cash on Delivery,Occasional,3,2026-06-29,2046.83
CUST000587,Jalsa Tak,Bengaluru,2023-08-10,N,Social Media,Net Banking,Registered Only,0,,0.0
CUST000588,Vritti Bal,Hyderabad,2024-10-29,Y,Organic,UPI,New,1,2026-04-19,733.96
CUST000589,Anthony Barad,Mumbai,2025-07-13,N,Paid Search,UPI,New,1,2026-06-29,2074.39
CUST000590,Nitesh Bhardwaj,Hyderabad,2025-06-22,N,Organic,Net Banking,New,1,2026-06-20,0.0
CUST000591,Inaya Pathak,Delhi NCR,2026-02-04,N,Organic,UPI,Premium,13,2026-06-22,13299.1
CUST000592,Max Hans,Chennai,2024-10-21,Y,Paid Search,UPI,New,1,2026-04-14,314.62
CUST000593,Yauvani Mand,Bengaluru,2024-01-23,N,Referral,Wallet,New,1,2026-06-27,43.33
CUST000594,Jagrati Narain,Chennai,2023-06-16,Y,Referral,Credit/Debit Card,Occasional,2,2026-04-21,1677.72
CUST000595,Mohini Sodhi,Hyderabad,2023-05-26,N,Social Media,Credit/Debit Card,Registered Only,0,,0.0
CUST000596,Ganga Banik,Delhi NCR,2026-01-22,Y,Referral,Cash on Delivery,Regular,5,2026-06-26,6073.6
CUST000597,Pushti Batra,Bengaluru,2024-03-17,N,Partner Campaign,UPI,New,1,2026-06-29,576.86
CUST000598,Yachana Dave,Hyderabad,2025-09-04,Y,Paid Search,UPI,Premium,7,2026-06-25,8849.21
CUST000599,Qabil Narang,Chennai,2026-02-15,N,Referral,UPI,Occasional,3,2026-05-30,5423.17
CUST000600,Vedant Karan,Hyderabad,2024-12-20,N,Organic,Credit/Debit Card,Registered Only,0,,0.0
CUST000601,Advika Master,Hyderabad,2024-04-08,Y,Referral,UPI,Registered Only,0,,0.0
CUST000602,Mahika Hora,Hyderabad,2023-12-23,N,Organic,Credit/Debit Card,Occasional,2,2026-06-03,1936.46
CUST000603,Dev Sagar,Chennai,2024-08-20,Y,Social Media,Credit/Debit Card,Regular,8,2026-06-28,7380.62
CUST000604,Gopal Nath,Mumbai,2025-03-20,N,Organic,Cash on Delivery,New,1,2026-04-28,0.0
CUST000605,Rajeshri Vyas,Hyderabad,2023-08-12,N,Referral,UPI,Regular,6,2026-06-23,5233.2
CUST000606,Aadhya Panchal,Delhi NCR,2023-06-16,N,Social Media,Cash on Delivery,Occasional,3,2026-06-13,2802.65
CUST000607,Ethan Narayan,Pune,2024-12-08,N,Organic,UPI,New,1,2026-06-15,1020.59
CUST000608,Jagrati Amble,Hyderabad,2024-12-09,Y,Referral,UPI,Premium,10,2026-06-17,7275.98
CUST000609,Zaitra Borah,Pune,2025-02-06,N,Organic,UPI,Premium,19,2026-06-29,28341.27
CUST000610,Shivani Sahni,Bengaluru,2024-11-05,N,Referral,Credit/Debit Card,New,1,2026-06-25,329.52
CUST000611,Charvi Shenoy,Delhi NCR,2023-12-05,N,Referral,Credit/Debit Card,Occasional,3,2026-06-19,2236.66
CUST000612,Ridhi Tiwari,Bengaluru,2024-10-25,N,Social Media,Net Banking,Occasional,3,2026-06-28,2932.64
CUST000613,Dayita Bhagat,Delhi NCR,2023-11-07,Y,Referral,Credit/Debit Card,Occasional,2,2026-06-29,2147.36
CUST000614,Abhimanyu Bajaj,Chennai,2025-06-16,Y,Social Media,UPI,Registered Only,0,,0.0
CUST000615,Yashica Chandra,Hyderabad,2025-05-31,N,Referral,Cash on Delivery,Registered Only,0,,0.0
CUST000616,Rachita Loyal,Bengaluru,2024-03-05,N,Paid Search,Cash on Delivery,New,1,2026-05-21,60.33
CUST000617,Tamanna Cheema,Hyderabad,2024-07-18,N,Referral,Cash on Delivery,Occasional,3,2026-05-08,2442.3
CUST000618,Vasatika Randhawa,Bengaluru,2025-10-12,Y,Referral,UPI,Occasional,2,2026-05-12,1841.96
CUST000619,Aryan Parekh,Delhi NCR,2024-12-24,Y,Partner Campaign,UPI,Registered Only,0,,0.0
CUST000620,Amol Manne,Chennai,2025-06-20,N,Referral,Credit/Debit Card,Premium,21,2026-06-23,23405.09
CUST000621,Maanas Krishnan,Mumbai,2023-05-08,N,Organic,UPI,New,1,2026-05-18,460.07
CUST000622,Liam D’Alia,Bengaluru,2026-03-12,Y,Social Media,UPI,Registered Only,0,,0.0
CUST000623,Arunima Karan,Chennai,2025-11-25,Y,Social Media,Wallet,New,1,2026-04-26,1347.81
CUST000624,Lavanya Savant,Delhi NCR,2024-01-27,N,Paid Search,Credit/Debit Card,Registered Only,0,,0.0
CUST000625,Charan Seshadri,Bengaluru,2024-11-18,N,Social Media,UPI,New,1,2026-04-04,310.76
CUST000626,Warda Manda,Delhi NCR,2023-05-08,N,Organic,UPI,Occasional,3,2026-06-03,5754.73
CUST000627,Yashawini Nayak,Bengaluru,2026-02-21,N,Social Media,UPI,Occasional,2,2026-05-29,2637.64
CUST000628,Pranit Mannan,Pune,2023-08-04,Y,Referral,Net Banking,Occasional,2,2026-05-12,2070.88
CUST000629,Aayush Din,Bengaluru,2023-05-15,Y,Paid Search,UPI,Occasional,4,2026-06-29,2098.39
CUST000630,Kabir Gaba,Mumbai,2023-08-03,N,Social Media,UPI,Regular,5,2026-06-28,4677.9
CUST000631,Tanveer Chaudhuri,Mumbai,2025-04-10,N,Organic,Cash on Delivery,Registered Only,0,,0.0
CUST000632,Meera Sahni,Bengaluru,2026-01-08,N,Referral,Wallet,Premium,19,2026-06-14,16268.23
CUST000633,Yachana Dey,Delhi NCR,2025-03-28,Y,Social Media,Credit/Debit Card,Premium,8,2026-06-19,8135.51
CUST000634,Ria Modi,Hyderabad,2025-11-22,N,Referral,UPI,Occasional,2,2026-05-29,5750.69
CUST000635,Owen Palla,Mumbai,2024-08-27,N,Paid Search,UPI,Occasional,3,2026-06-26,2509.25
CUST000636,Nilima Murty,Delhi NCR,2023-12-21,N,Organic,UPI,Occasional,2,2026-04-29,1058.94
CUST000637,Sai Tak,Chennai,2025-10-24,N,Organic,Wallet,New,1,2026-05-30,471.81
CUST000638,Dipta Walia,Pune,2025-10-04,N,Referral,UPI,Occasional,4,2026-06-11,2624.38
CUST000639,Gautami Shukla,Delhi NCR,2024-10-12,N,Organic,Credit/Debit Card,Registered Only,0,,0.0
CUST000640,Suhani Ramanathan,Hyderabad,2024-04-02,Y,Organic,UPI,Regular,5,2026-06-15,6218.54
CUST000641,Gauri Manda,Bengaluru,2025-06-11,N,Social Media,UPI,Occasional,3,2026-05-10,619.62
CUST000642,Robert Dhillon,Pune,2025-09-27,Y,Organic,Wallet,Occasional,3,2026-06-08,6795.95
CUST000643,Jagat Bail,Bengaluru,2023-04-15,N,Referral,UPI,Occasional,4,2026-06-19,2181.93
CUST000644,Yuvraj Gara,Hyderabad,2026-03-01,N,Partner Campaign,UPI,Occasional,3,2026-05-09,2960.5
CUST000645,Wyatt Sathe,Hyderabad,2025-01-25,Y,Social Media,UPI,Occasional,4,2026-06-22,3969.72
CUST000646,Tarak Kibe,Bengaluru,2025-05-06,Y,Referral,UPI,New,1,2026-04-14,771.18
CUST000647,Warinder Vyas,Delhi NCR,2024-10-03,N,Organic,UPI,Occasional,2,2026-06-06,991.44
CUST000648,Gunbir Sagar,Mumbai,2025-03-22,Y,Paid Search,UPI,Registered Only,0,,0.0
CUST000649,Garima Narain,Chennai,2024-12-31,N,Organic,Cash on Delivery,Registered Only,0,,0.0
CUST000650,Peter Mangal,Hyderabad,2026-02-12,N,Organic,UPI,Premium,6,2026-06-20,9316.75
CUST000651,Abdul Rai,Hyderabad,2023-10-21,Y,Social Media,Credit/Debit Card,Occasional,2,2026-05-29,1163.71
CUST000652,Gavin Aurora,Chennai,2025-03-14,Y,Organic,UPI,New,1,2026-05-09,706.56
CUST000653,Balhaar Oza,Bengaluru,2025-09-16,N,Referral,Net Banking,New,1,2026-05-23,0.0
CUST000654,Ira Bal,Hyderabad,2025-10-02,N,Organic,UPI,Occasional,2,2026-06-26,1852.12
CUST000655,Jack Kumar,Mumbai,2024-06-30,Y,Organic,UPI,Registered Only,0,,0.0
CUST000656,Hardik Doctor,Hyderabad,2023-09-08,Y,Paid Search,UPI,Registered Only,0,,0.0
CUST000657,Vritti Gandhi,Bengaluru,2023-08-31,N,Referral,Credit/Debit Card,Registered Only,0,,0.0
CUST000658,Netra Gade,Bengaluru,2023-07-28,Y,Partner Campaign,UPI,Registered Only,0,,0.0
CUST000659,Sachi Taneja,Bengaluru,2024-11-29,N,Partner Campaign,Credit/Debit Card,Premium,8,2026-06-20,10428.03
CUST000660,Anika Krish,Bengaluru,2025-05-24,N,Organic,Credit/Debit Card,New,1,2026-06-29,612.77
CUST000661,Anamika Deshmukh,Bengaluru,2026-03-04,N,Partner Campaign,Credit/Debit Card,New,1,2026-05-18,403.45
CUST000662,Baljiwan Radhakrishnan,Delhi NCR,2024-07-25,N,Organic,UPI,New,1,2026-06-02,190.2
CUST000663,Madhav Arora,Chennai,2025-10-04,Y,Social Media,UPI,Registered Only,0,,0.0
CUST000664,Gaurangi Virk,Chennai,2024-11-14,N,Organic,Net Banking,New,1,2026-05-01,830.74
CUST000665,Yash Chakrabarti,Hyderabad,2025-12-26,Y,Social Media,UPI,Regular,6,2026-06-28,4736.21
CUST000666,Falak Bhatnagar,Hyderabad,2024-03-15,N,Organic,Credit/Debit Card,New,1,2026-05-20,37.19
CUST000667,Jai Brar,Chennai,2023-08-03,Y,Organic,UPI,Registered Only,0,,0.0
CUST000668,Adya Dyal,Mumbai,2023-11-14,N,Partner Campaign,UPI,New,1,2026-05-16,130.76
CUST000669,Daksha Kashyap,Hyderabad,2023-09-06,N,Organic,UPI,Regular,8,2026-06-24,4932.29
CUST000670,Hamsini Sankaran,Bengaluru,2023-04-12,Y,Social Media,Cash on Delivery,Occasional,2,2026-05-03,3513.17
CUST000671,Zashil Dani,Pune,2025-07-11,N,Organic,UPI,New,1,2026-06-15,1106.74
CUST000672,Gunbir Sagar,Bengaluru,2023-08-02,N,Organic,Credit/Debit Card,Occasional,3,2026-05-25,3249.33
CUST000673,Oeshi Bali,Hyderabad,2023-04-30,N,Referral,Cash on Delivery,New,1,2026-04-25,2056.72
CUST000674,Sachi Tripathi,Bengaluru,2025-09-29,N,Organic,UPI,New,1,2026-04-12,1343.38
CUST000675,Rehaan Parikh,Mumbai,2024-01-16,N,Referral,Cash on Delivery,Occasional,4,2026-04-08,5287.89
CUST000676,Yatin Sem,Chennai,2025-06-07,Y,Social Media,UPI,New,1,2026-04-30,305.65
CUST000677,Praneel Setty,Chennai,2025-09-18,N,Organic,Credit/Debit Card,Regular,5,2026-06-20,5705.14
CUST000678,Udarsh Jhaveri,Pune,2023-09-21,Y,Referral,Wallet,New,1,2026-04-28,642.91
CUST000679,Naksh Garde,Chennai,2025-08-19,N,Social Media,Credit/Debit Card,Premium,7,2026-06-24,8148.77
CUST000680,Yashawini Uppal,Chennai,2024-02-02,Y,Organic,UPI,Occasional,4,2026-06-26,2950.63
CUST000681,Ekavir Das,Hyderabad,2026-01-02,N,Organic,Cash on Delivery,Regular,8,2026-06-26,7090.91
CUST000682,Chasmum Nori,Mumbai,2024-02-28,N,Social Media,Credit/Debit Card,Registered Only,0,,0.0
CUST000683,Caleb Sahni,Delhi NCR,2025-01-22,N,Social Media,UPI,Occasional,4,2026-06-07,4226.48
CUST000684,Urvashi Kannan,Hyderabad,2024-07-07,Y,Social Media,Cash on Delivery,Premium,7,2026-06-12,8891.98
CUST000685,Vedika Nagy,Bengaluru,2023-04-01,Y,Partner Campaign,Credit/Debit Card,New,1,2026-06-25,1638.94
CUST000686,Upkaar Kapadia,Mumbai,2023-09-01,Y,Referral,Credit/Debit Card,Registered Only,0,,0.0
CUST000687,Amara Bobal,Chennai,2025-12-23,N,Social Media,UPI,Occasional,3,2026-05-22,1435.06
CUST000688,Amruta Anne,Delhi NCR,2025-12-06,Y,Organic,Wallet,Occasional,3,2026-06-29,1830.07
CUST000689,Liam Deol,Mumbai,2025-04-23,N,Organic,Credit/Debit Card,New,1,2026-04-28,1513.62
CUST000690,Vivaan Nori,Bengaluru,2023-10-10,Y,Paid Search,UPI,Registered Only,0,,0.0
CUST000691,Ethan Mitra,Hyderabad,2025-05-30,Y,Social Media,Cash on Delivery,New,1,2026-06-16,1089.01
CUST000692,Urmi Pall,Mumbai,2024-10-21,Y,Partner Campaign,UPI,New,1,2026-06-17,246.18
CUST000693,Odika Ghosh,Bengaluru,2024-02-02,N,Paid Search,UPI,Registered Only,0,,0.0
CUST000694,Rohan Bora,Hyderabad,2025-11-23,N,Social Media,Net Banking,Registered Only,0,,0.0
CUST000695,Sarthak Bhatt,Hyderabad,2023-07-21,N,Organic,Wallet,Registered Only,0,,0.0
CUST000696,Balhaar Sarma,Mumbai,2024-11-25,N,Referral,UPI,Occasional,2,2026-05-12,3635.94
CUST000697,Deepa Sunder,Bengaluru,2024-11-21,N,Referral,UPI,Occasional,4,2026-05-07,5651.13
CUST000698,Quincy Sachdeva,Delhi NCR,2025-03-04,N,Organic,Credit/Debit Card,New,1,2026-05-20,1409.3
CUST000699,Max Mane,Delhi NCR,2024-08-29,N,Organic,Credit/Debit Card,Occasional,2,2026-06-02,2038.65
CUST000700,Azad Lad,Pune,2025-02-09,N,Paid Search,UPI,Regular,5,2026-06-03,3114.44
CUST000701,Michael Din,Bengaluru,2023-08-28,Y,Organic,UPI,Occasional,4,2026-06-28,7040.88
CUST000702,Eshana Shanker,Pune,2024-02-29,Y,Social Media,UPI,Premium,14,2026-06-25,13275.93
CUST000703,Aditya Chopra,Bengaluru,2026-01-14,Y,Paid Search,UPI,New,1,2026-05-31,117.03
CUST000704,Matthew Prabhu,Bengaluru,2024-02-16,N,Organic,UPI,New,1,2026-04-22,594.48
CUST000705,Amruta Chopra,Delhi NCR,2025-01-26,N,Paid Search,UPI,Registered Only,0,,0.0
CUST000706,Ishwar Varma,Delhi NCR,2024-07-06,N,Organic,Net Banking,Premium,10,2026-06-19,11012.3
CUST000707,Falak Seshadri,Hyderabad,2025-08-25,N,Paid Search,UPI,Regular,6,2026-06-21,7445.5
CUST000708,Gabriel Reddy,Hyderabad,2024-10-14,N,Referral,Cash on Delivery,Registered Only,0,,0.0
CUST000709,Utkarsh Mital,Hyderabad,2023-09-28,Y,Referral,UPI,Occasional,2,2026-06-07,805.79
CUST000710,Kabir Ahuja,Chennai,2023-04-02,N,Paid Search,Cash on Delivery,New,1,2026-06-05,1851.15
CUST000711,Yauvani Saraf,Bengaluru,2023-06-01,N,Paid Search,UPI,Registered Only,0,,0.0
CUST000712,Quincy Tank,Mumbai,2023-08-03,Y,Partner Campaign,UPI,Occasional,4,2026-06-22,4779.14
CUST000713,Barkha Bhatnagar,Delhi NCR,2025-06-26,N,Organic,UPI,Registered Only,0,,0.0
CUST000714,Vincent Rana,Bengaluru,2024-01-06,N,Referral,Cash on Delivery,Occasional,4,2026-05-29,4772.14
CUST000715,Vamakshi Chada,Mumbai,2025-10-18,N,Organic,UPI,New,1,2026-06-21,0.0
CUST000716,Gautam Seth,Pune,2024-12-23,N,Referral,UPI,Premium,8,2026-06-09,9243.21
CUST000717,Fariq Memon,Hyderabad,2025-04-03,N,Organic,Wallet,Occasional,3,2026-06-23,1229.91
CUST000718,Bimala Dara,Bengaluru,2025-03-09,N,Partner Campaign,Net Banking,Regular,5,2026-06-13,5758.04
CUST000719,Nidra Devan,Mumbai,2025-12-06,N,Paid Search,Credit/Debit Card,New,1,2026-04-05,1040.38
CUST000720,Rishi Gupta,Bengaluru,2023-10-28,Y,Paid Search,UPI,Premium,3,2026-06-07,11065.83
CUST000721,Devika Agate,Bengaluru,2024-12-20,Y,Partner Campaign,UPI,Registered Only,0,,0.0
CUST000722,Eshana Kaul,Chennai,2023-07-10,N,Referral,Cash on Delivery,Occasional,2,2026-06-20,2053.94
CUST000723,Chaaya Dani,Delhi NCR,2026-02-04,Y,Organic,Net Banking,Occasional,2,2026-06-08,5328.22
CUST000724,Lakshmi Boase,Mumbai,2024-03-22,N,Organic,Net Banking,Registered Only,0,,0.0
CUST000725,Hema Kapur,Mumbai,2026-01-14,N,Paid Search,UPI,Occasional,2,2026-05-15,1029.51
CUST000726,Rajeshri Dhaliwal,Pune,2024-11-26,N,Organic,UPI,Regular,6,2026-06-02,7418.85
CUST000727,Girish Ratti,Mumbai,2026-03-16,N,Paid Search,UPI,New,1,2026-05-23,472.79
CUST000728,Abha Deol,Mumbai,2023-04-24,N,Paid Search,UPI,Registered Only,0,,0.0
CUST000729,Gaurangi Varghese,Mumbai,2025-04-03,N,Paid Search,Wallet,Occasional,2,2026-06-21,519.41
CUST000730,Amrita Misra,Hyderabad,2023-10-11,N,Organic,UPI,Occasional,2,2026-06-20,2564.88
CUST000731,Nicholas Banik,Bengaluru,2023-06-22,N,Partner Campaign,Cash on Delivery,Registered Only,0,,0.0
CUST000732,Shravya Narula,Hyderabad,2023-11-07,N,Paid Search,UPI,Registered Only,0,,0.0
CUST000733,Dominic Magar,Delhi NCR,2025-01-28,N,Social Media,Cash on Delivery,Regular,5,2026-06-24,5630.08
CUST000734,Jagvi Gara,Bengaluru,2023-10-12,Y,Organic,Credit/Debit Card,Premium,16,2026-06-29,17124.85
CUST000735,Victor Lanka,Chennai,2024-03-28,Y,Social Media,Cash on Delivery,Premium,5,2026-06-17,9237.89
CUST000736,Sanya Doctor,Delhi NCR,2025-06-23,N,Referral,Credit/Debit Card,Regular,6,2026-06-24,4894.21
CUST000737,Noah Char,Delhi NCR,2024-01-29,N,Paid Search,UPI,New,1,2026-04-07,195.95
CUST000738,Gaurika Shan,Bengaluru,2025-04-22,N,Partner Campaign,UPI,New,1,2026-05-08,2848.1
CUST000739,Sai Dixit,Mumbai,2025-12-18,Y,Partner Campaign,UPI,New,1,2026-06-08,381.46
CUST000740,Naksh Dass,Delhi NCR,2024-02-02,N,Organic,UPI,Occasional,2,2026-05-03,2002.84
CUST000741,Wazir Chatterjee,Chennai,2025-06-14,N,Paid Search,Net Banking,Occasional,3,2026-05-11,1033.72
CUST000742,Lopa Varghese,Hyderabad,2025-04-17,N,Paid Search,Wallet,Regular,6,2026-06-25,7816.01
CUST000743,Veda Sangha,Hyderabad,2024-09-01,N,Paid Search,Wallet,Premium,34,2026-06-26,40091.47
CUST000744,Nikita Radhakrishnan,Delhi NCR,2024-06-07,N,Organic,UPI,Registered Only,0,,0.0
CUST000745,Caleb Bhasin,Mumbai,2024-04-14,Y,Paid Search,Credit/Debit Card,Registered Only,0,,0.0
CUST000746,Ira Konda,Mumbai,2024-01-10,N,Paid Search,UPI,Occasional,2,2026-06-03,754.54
CUST000747,Tanay Issac,Pune,2025-12-14,N,Social Media,UPI,New,1,2026-05-05,442.16
CUST000748,Urmi Kala,Delhi NCR,2025-09-18,Y,Paid Search,Credit/Debit Card,Occasional,2,2026-05-19,974.49
CUST000749,Girish Raju,Hyderabad,2024-04-20,N,Organic,Net Banking,New,1,2026-06-08,742.12
CUST000750,Aditya Patel,Chennai,2024-09-20,N,Partner Campaign,UPI,Occasional,2,2026-06-13,3236.23
CUST000751,Watika Kapoor,Hyderabad,2024-06-01,N,Social Media,UPI,New,1,2026-04-22,1297.11
CUST000752,Naveen Swaminathan,Bengaluru,2024-09-01,N,Referral,UPI,Regular,5,2026-06-28,3941.92
CUST000753,Nicholas Oommen,Bengaluru,2024-12-10,N,Organic,UPI,Regular,5,2026-05-07,2060.03
CUST000754,Kritika Roy,Hyderabad,2024-02-13,Y,Organic,UPI,New,1,2026-05-04,1830.55
CUST000755,Ekbal Peri,Hyderabad,2024-07-27,Y,Referral,UPI,Regular,6,2026-06-24,7347.47
CUST000756,Warhi Golla,Chennai,2024-02-27,N,Organic,Wallet,Regular,9,2026-06-28,5342.63
CUST000757,Mahika Rastogi,Pune,2026-02-09,N,Referral,UPI,Registered Only,0,,0.0
CUST000758,Brijesh Bala,Bengaluru,2024-04-15,Y,Social Media,Credit/Debit Card,Occasional,3,2026-05-18,2343.0
CUST000759,Isha Ramesh,Mumbai,2023-04-29,Y,Paid Search,UPI,New,1,2026-04-12,985.22
CUST000760,Girindra Basu,Bengaluru,2024-10-22,N,Organic,Cash on Delivery,New,1,2026-06-10,1158.57
CUST000761,Maanav Ganesan,Hyderabad,2024-01-13,N,Organic,UPI,Occasional,3,2026-06-02,5680.3
CUST000762,Irya Seth,Mumbai,2025-12-25,N,Partner Campaign,UPI,Registered Only,0,,0.0
CUST000763,Samarth Mahal,Bengaluru,2024-08-12,N,Social Media,Credit/Debit Card,Registered Only,0,,0.0
CUST000764,Pahal Srinivas,Mumbai,2023-11-04,Y,Organic,Net Banking,Registered Only,0,,0.0
CUST000765,Vincent Das,Bengaluru,2026-03-26,N,Organic,UPI,New,1,2026-04-24,766.43
CUST000766,Rayaan Dora,Chennai,2023-11-10,N,Paid Search,UPI,Regular,5,2026-06-18,5809.28
CUST000767,Aadhya Nigam,Bengaluru,2023-08-20,Y,Social Media,UPI,New,1,2026-04-12,1135.92
CUST000768,Gauri Yogi,Mumbai,2026-02-05,Y,Social Media,Wallet,New,1,2026-06-25,1069.6
CUST000769,Hemani Sehgal,Bengaluru,2025-04-16,N,Social Media,Cash on Delivery,New,1,2026-06-21,2242.33
CUST000770,Ganga Sangha,Mumbai,2024-07-23,N,Referral,Cash on Delivery,Registered Only,0,,0.0
CUST000771,Hitesh Basu,Bengaluru,2023-10-25,N,Social Media,UPI,Regular,5,2026-06-26,3161.05
CUST000772,Pranit Singhal,Hyderabad,2023-12-25,N,Social Media,Credit/Debit Card,Registered Only,0,,0.0
CUST000773,Jacob Nori,Chennai,2025-06-12,N,Social Media,UPI,Registered Only,0,,0.0
CUST000774,Girik Sandal,Mumbai,2025-12-15,N,Organic,Credit/Debit Card,Premium,10,2026-06-28,10708.23
CUST000775,Faris Ravi,Bengaluru,2024-06-28,N,Organic,UPI,Registered Only,0,,0.0
CUST000776,Chatresh Mistry,Mumbai,2025-01-02,N,Referral,UPI,New,1,2026-04-03,1413.78
CUST000777,Devika Bandi,Chennai,2025-07-08,N,Organic,UPI,Premium,8,2026-06-26,12524.76
CUST000778,Janani Dayal,Hyderabad,2023-07-25,N,Social Media,UPI,Occasional,2,2026-05-29,1396.4
CUST000779,Shaurya Bail,Mumbai,2023-05-13,N,Organic,Credit/Debit Card,Occasional,4,2026-06-25,5779.01
CUST000780,Anay Shukla,Bengaluru,2025-02-10,N,Partner Campaign,UPI,Registered Only,0,,0.0
CUST000781,Matthew Panchal,Mumbai,2024-12-25,N,Organic,UPI,Occasional,2,2026-05-19,6256.47
CUST000782,Baljiwan Balan,Hyderabad,2025-01-04,Y,Organic,Credit/Debit Card,New,1,2026-04-27,1904.77
CUST000783,Mason Mangal,Hyderabad,2026-02-21,Y,Organic,Credit/Debit Card,Registered Only,0,,0.0
CUST000784,Xavier Sinha,Hyderabad,2024-06-24,Y,Organic,Wallet,Registered Only,0,,0.0
CUST000785,Gunbir Sagar,Pune,2024-09-08,Y,Organic,Credit/Debit Card,Occasional,2,2026-05-21,726.69
CUST000786,Imaran Tara,Mumbai,2025-07-20,Y,Organic,UPI,Occasional,4,2026-06-18,3676.61
CUST000787,Abha Murthy,Delhi NCR,2025-08-29,N,Referral,Credit/Debit Card,Premium,10,2026-06-21,8999.24
CUST000788,Bhavna Mangal,Delhi NCR,2025-04-15,N,Paid Search,Cash on Delivery,New,1,2026-05-24,658.8
CUST000789,Rudra Bawa,Pune,2023-09-17,N,Paid Search,UPI,Occasional,2,2026-06-24,1190.31
CUST000790,Samesh Kamdar,Bengaluru,2023-06-16,N,Organic,Credit/Debit Card,Regular,6,2026-06-15,4596.8
CUST000791,Arunima Golla,Delhi NCR,2024-01-15,Y,Organic,UPI,Registered Only,0,,0.0
CUST000792,Imaran Solanki,Bengaluru,2025-12-04,N,Paid Search,UPI,Occasional,2,2026-05-02,4007.38
CUST000793,Jason Batra,Chennai,2025-11-02,Y,Organic,UPI,Registered Only,0,,0.0
CUST000794,Lucky Sharma,Delhi NCR,2024-01-23,Y,Social Media,UPI,Registered Only,0,,0.0
CUST000795,Rachita Borah,Pune,2025-08-26,N,Partner Campaign,UPI,Occasional,3,2026-06-24,1582.13
CUST000796,Shivani Joshi,Hyderabad,2023-11-01,N,Organic,Cash on Delivery,Occasional,3,2026-06-20,1511.06
CUST000797,Pallavi Baria,Delhi NCR,2023-08-19,N,Organic,UPI,Premium,36,2026-06-27,41251.4
CUST000798,Warda Saraf,Hyderabad,2023-11-04,Y,Social Media,UPI,Regular,5,2026-06-24,6812.93
CUST000799,Faqid Vora,Mumbai,2025-09-26,Y,Organic,Net Banking,Occasional,3,2026-06-28,3759.17
CUST000800,Dominic Khanna,Delhi NCR,2024-05-27,Y,Social Media,Cash on Delivery,Occasional,3,2026-06-13,5975.57
CUST000801,Hemal Narula,Delhi NCR,2025-10-24,N,Referral,UPI,Occasional,2,2026-06-24,1338.37
CUST000802,Qarin Jaggi,Bengaluru,2025-04-18,N,Social Media,Credit/Debit Card,Premium,7,2026-06-24,10435.09
CUST000803,Ijaya Chakraborty,Bengaluru,2026-03-06,N,Organic,Credit/Debit Card,New,1,2026-04-25,849.27
CUST000804,Aarnav Agarwal,Hyderabad,2023-06-07,N,Social Media,Credit/Debit Card,New,1,2026-06-28,1582.64
CUST000805,Inaya Roy,Delhi NCR,2025-04-03,N,Organic,Credit/Debit Card,Regular,7,2026-06-12,5377.78
CUST000806,Kai Ganesh,Chennai,2024-06-02,N,Referral,Wallet,Occasional,4,2026-06-11,6157.93
CUST000807,Dhruv Sanghvi,Bengaluru,2024-07-08,N,Paid Search,Credit/Debit Card,Premium,12,2026-06-14,11145.87
CUST000808,Umang Ramesh,Mumbai,2026-03-18,N,Organic,UPI,Occasional,4,2026-06-18,6455.75
CUST000809,Vasudha Apte,Bengaluru,2024-02-13,Y,Organic,Credit/Debit Card,Occasional,3,2026-06-27,2441.72
CUST000810,Gaurang Sura,Delhi NCR,2024-11-18,N,Social Media,Credit/Debit Card,Occasional,3,2026-05-17,1134.13
CUST000811,Nirja Shenoy,Mumbai,2025-02-08,N,Organic,Wallet,Regular,5,2026-06-23,6513.39
CUST000812,Ati Srivastava,Hyderabad,2025-06-09,N,Social Media,Cash on Delivery,Occasional,2,2026-06-26,1900.3
CUST000813,Ati Lalla,Chennai,2023-10-12,N,Social Media,Wallet,New,1,2026-06-24,122.93
CUST000814,Arin Bala,Bengaluru,2024-06-21,N,Social Media,Wallet,Occasional,2,2026-04-17,3445.17
CUST000815,Girindra Banik,Delhi NCR,2023-11-13,Y,Social Media,Cash on Delivery,New,1,2026-05-26,366.38
CUST000816,Wakeeta More,Pune,2024-05-03,N,Social Media,Net Banking,New,1,2026-05-23,2061.81
CUST000817,Falguni Goel,Hyderabad,2024-05-13,N,Organic,UPI,Occasional,2,2026-05-24,2446.39
CUST000818,Lekha Bhardwaj,Hyderabad,2025-09-15,Y,Paid Search,UPI,Occasional,2,2026-06-27,530.02
CUST000819,Zaid Gour,Hyderabad,2024-01-19,N,Partner Campaign,Credit/Debit Card,New,1,2026-06-14,0.0
CUST000820,Mekhala Baria,Mumbai,2024-09-23,Y,Organic,UPI,Registered Only,0,,0.0
CUST000821,Caleb Deep,Pune,2025-06-10,N,Social Media,UPI,Occasional,2,2026-06-28,1604.96
CUST000822,Vedika De,Hyderabad,2023-06-30,N,Paid Search,UPI,Registered Only,0,,0.0
CUST000823,Idika Dhawan,Delhi NCR,2024-09-10,N,Social Media,UPI,Registered Only,0,,0.0
CUST000824,Dominic Dalal,Delhi NCR,2024-04-21,Y,Organic,UPI,New,1,2026-04-03,444.13
CUST000825,Ekansh Bandi,Pune,2023-04-11,N,Organic,UPI,New,1,2026-05-08,0.0
CUST000826,Vincent D’Alia,Chennai,2025-12-24,N,Referral,UPI,New,1,2026-05-15,733.6
CUST000827,Nicholas Gade,Mumbai,2024-01-09,N,Organic,UPI,Occasional,2,2026-06-09,4332.77
CUST000828,Anika Dhar,Bengaluru,2024-05-21,N,Referral,UPI,Occasional,2,2026-05-07,2043.18
CUST000829,Mitesh Sabharwal,Chennai,2024-02-16,Y,Social Media,UPI,Registered Only,0,,0.0
CUST000830,Ekaja Barad,Chennai,2024-10-11,N,Paid Search,Wallet,New,1,2026-05-08,1694.48
CUST000831,Hemang Dugar,Delhi NCR,2024-02-29,N,Paid Search,Credit/Debit Card,Occasional,2,2026-04-29,2825.86
CUST000832,Anmol Tripathi,Mumbai,2025-01-03,N,Paid Search,Cash on Delivery,New,1,2026-06-12,568.13
CUST000833,Vrishti Khurana,Chennai,2024-04-20,Y,Paid Search,UPI,Regular,7,2026-06-16,6408.74
CUST000834,Aarnav Shroff,Hyderabad,2025-06-02,Y,Organic,Credit/Debit Card,Occasional,4,2026-06-24,1741.25
CUST000835,Kashish Thaman,Hyderabad,2025-04-22,Y,Referral,Credit/Debit Card,Occasional,2,2026-06-22,2003.41
CUST000836,Xiti Pillai,Hyderabad,2024-08-26,Y,Referral,Credit/Debit Card,New,1,2026-06-26,1326.09
CUST000837,Abhiram Batta,Bengaluru,2023-08-31,Y,Social Media,UPI,New,1,2026-05-30,671.01
CUST000838,Damini Arya,Bengaluru,2026-01-17,Y,Social Media,Cash on Delivery,Occasional,2,2026-06-12,1124.67
CUST000839,Siya Goda,Bengaluru,2024-09-19,N,Organic,UPI,New,1,2026-05-10,694.87
CUST000840,Timothy Merchant,Chennai,2024-08-05,N,Organic,UPI,Registered Only,0,,0.0
CUST000841,Ria Jayaraman,Bengaluru,2025-03-24,N,Social Media,UPI,Premium,20,2026-06-26,17057.16
CUST000842,Meera Bava,Bengaluru,2025-09-18,N,Partner Campaign,UPI,Occasional,4,2026-05-22,3842.29
CUST000843,Vaishnavi Narang,Mumbai,2025-12-28,N,Social Media,Credit/Debit Card,Occasional,3,2026-06-19,4368.84
CUST000844,Manbir Vig,Mumbai,2025-05-03,N,Paid Search,Credit/Debit Card,Regular,5,2026-06-24,5891.87
CUST000845,Aarav Sahni,Delhi NCR,2023-05-14,N,Social Media,Credit/Debit Card,Occasional,2,2026-06-14,2160.1
CUST000846,Jason Kala,Bengaluru,2024-05-21,N,Social Media,UPI,Registered Only,0,,0.0
CUST000847,Edhitha Pant,Hyderabad,2025-02-22,Y,Paid Search,UPI,Occasional,2,2026-06-28,3422.75
CUST000848,Aadi Vora,Bengaluru,2024-01-04,Y,Paid Search,Credit/Debit Card,Premium,10,2026-06-21,12039.31
CUST000849,Jacob Panchal,Chennai,2026-02-12,Y,Organic,UPI,Occasional,2,2026-06-14,3118.72
CUST000850,Neha Narula,Mumbai,2025-07-06,N,Social Media,UPI,Registered Only,0,,0.0
CUST000851,Qarin Mitra,Hyderabad,2024-02-13,Y,Referral,Credit/Debit Card,New,1,2026-05-05,3461.59
CUST000852,Yochana Saran,Bengaluru,2024-10-10,N,Paid Search,UPI,Occasional,4,2026-06-12,3631.53
CUST000853,Triveni Mukhopadhyay,Delhi NCR,2024-04-13,N,Referral,UPI,Registered Only,0,,0.0
CUST000854,Isha Sarkar,Delhi NCR,2025-09-28,Y,Referral,UPI,Occasional,4,2026-06-28,2502.98
CUST000855,Yachana Chokshi,Mumbai,2025-11-11,N,Social Media,Cash on Delivery,Registered Only,0,,0.0
CUST000856,Janya Biswas,Pune,2023-04-11,N,Referral,Wallet,Registered Only,0,,0.0
CUST000857,Oeshi Saxena,Hyderabad,2026-03-13,N,Social Media,Net Banking,New,1,2026-04-08,1417.74
CUST000858,Timothy Chanda,Mumbai,2024-07-24,N,Paid Search,Credit/Debit Card,Premium,12,2026-06-26,10803.43
CUST000859,Jagdish Kannan,Bengaluru,2025-05-01,N,Referral,Credit/Debit Card,Occasional,3,2026-05-24,4875.73
CUST000860,Ladli Shanker,Pune,2025-12-11,N,Organic,Cash on Delivery,New,1,2026-05-12,0.0
CUST000861,Fitan Shenoy,Bengaluru,2024-06-01,Y,Paid Search,Credit/Debit Card,New,1,2026-05-07,207.53
CUST000862,Anika Gola,Delhi NCR,2025-02-20,N,Partner Campaign,UPI,Regular,5,2026-05-24,2779.22
CUST000863,Falak Pall,Hyderabad,2025-07-11,N,Organic,UPI,New,1,2026-04-05,8511.77
CUST000864,Chakrika Bedi,Hyderabad,2025-07-05,N,Paid Search,UPI,Occasional,3,2026-06-08,5598.11
CUST000865,Dayamai Goswami,Mumbai,2025-07-15,Y,Partner Campaign,Cash on Delivery,Registered Only,0,,0.0
CUST000866,Leela Badami,Pune,2024-06-14,N,Paid Search,UPI,Occasional,4,2026-05-24,3287.47
CUST000867,Vedant Sangha,Delhi NCR,2023-12-17,N,Referral,UPI,Registered Only,0,,0.0
CUST000868,Jasmit Sehgal,Delhi NCR,2023-12-03,Y,Paid Search,Credit/Debit Card,Occasional,3,2026-06-19,3207.01
CUST000869,Divya Sankar,Pune,2025-07-07,N,Paid Search,Wallet,Registered Only,0,,0.0
CUST000870,Upkaar Parmar,Bengaluru,2026-01-20,Y,Social Media,UPI,Registered Only,0,,0.0
CUST000871,Mohini Jhaveri,Mumbai,2025-09-26,Y,Social Media,UPI,Occasional,2,2026-06-11,834.51
CUST000872,Ganga Ganesan,Mumbai,2024-01-07,N,Organic,Cash on Delivery,Registered Only,0,,0.0
CUST000873,Chakradev Mander,Bengaluru,2026-03-09,N,Paid Search,UPI,Premium,10,2026-06-17,14143.92
CUST000874,Wazir Subramaniam,Bengaluru,2025-06-21,Y,Referral,Wallet,Registered Only,0,,0.0
CUST000875,Vidhi Rau,Bengaluru,2025-03-02,N,Referral,UPI,Occasional,2,2026-06-11,1769.29
CUST000876,Geetika Kaur,Hyderabad,2024-03-29,N,Social Media,UPI,Registered Only,0,,0.0
CUST000877,Urvashi Wali,Delhi NCR,2026-01-14,N,Organic,UPI,Occasional,2,2026-05-23,3383.79
CUST000878,Anirudh Ganesan,Bengaluru,2025-06-13,N,Social Media,UPI,Occasional,3,2026-06-02,3450.96
CUST000879,Harshil Golla,Mumbai,2024-07-27,N,Referral,UPI,Registered Only,0,,0.0
CUST000880,Jagrati Dasgupta,Bengaluru,2024-12-20,Y,Organic,UPI,Occasional,2,2026-06-09,1832.67
CUST000881,Ekta Kamdar,Bengaluru,2025-03-09,N,Organic,Credit/Debit Card,New,1,2026-04-26,754.1
CUST000882,Nimrat Desai,Bengaluru,2024-02-21,N,Referral,UPI,Premium,25,2026-06-20,36429.29
CUST000883,Aryan Anne,Chennai,2025-05-24,N,Paid Search,Credit/Debit Card,Premium,13,2026-06-29,14043.62
CUST000884,Ishaan Raju,Bengaluru,2025-05-22,N,Referral,UPI,Registered Only,0,,0.0
CUST000885,Daksha Aggarwal,Mumbai,2025-04-05,N,Referral,Credit/Debit Card,Occasional,3,2026-05-23,1610.67
CUST000886,Saksham Pant,Mumbai,2023-11-14,N,Organic,Net Banking,Occasional,4,2026-06-02,4964.89
CUST000887,Noah Kala,Mumbai,2025-02-25,N,Organic,Wallet,Occasional,3,2026-05-13,1860.39
CUST000888,Damyanti Rajan,Pune,2024-06-26,N,Organic,Credit/Debit Card,Occasional,2,2026-04-29,300.97
CUST000889,Bakhshi Misra,Pune,2025-10-16,Y,Paid Search,UPI,Registered Only,0,,0.0
CUST000890,Avni Minhas,Chennai,2024-08-30,N,Referral,UPI,New,1,2026-05-06,854.3
CUST000891,Dominic Chandran,Delhi NCR,2023-06-07,N,Partner Campaign,Credit/Debit Card,Regular,6,2026-06-17,6416.29
CUST000892,Hema Wable,Delhi NCR,2023-12-14,Y,Organic,UPI,Occasional,3,2026-05-18,2189.5
CUST000893,Quincy Luthra,Delhi NCR,2023-05-22,N,Paid Search,UPI,New,1,2026-06-21,638.67
CUST000894,Fariq Raman,Mumbai,2023-04-18,Y,Paid Search,UPI,New,1,2026-06-06,167.0
CUST000895,Abhimanyu Samra,Bengaluru,2025-08-10,N,Partner Campaign,UPI,Premium,6,2026-06-28,8218.98
CUST000896,Baghyawati Anne,Bengaluru,2024-05-26,N,Social Media,Wallet,Premium,7,2026-06-05,9132.16
CUST000897,Samuel Kade,Bengaluru,2025-08-06,N,Paid Search,Wallet,Premium,5,2026-05-25,12563.93
CUST000898,Vinaya Balasubramanian,Hyderabad,2025-12-09,N,Paid Search,UPI,Registered Only,0,,0.0
CUST000899,Isha Goswami,Bengaluru,2023-07-26,N,Organic,UPI,Occasional,2,2026-05-20,3393.22
CUST000900,Nimrat Kanda,Pune,2024-12-28,N,Organic,UPI,Occasional,2,2026-06-25,1207.96
CUST000901,Warinder Natt,Pune,2025-07-14,N,Paid Search,Credit/Debit Card,New,1,2026-06-26,655.55
CUST000902,Wridesh Pandit,Hyderabad,2025-12-01,N,Organic,UPI,Registered Only,0,,0.0
CUST000903,Anya Gandhi,Pune,2024-05-24,Y,Referral,Cash on Delivery,New,1,2026-04-07,222.55
CUST000904,Theodore Sur,Mumbai,2023-08-03,N,Paid Search,UPI,Registered Only,0,,0.0
CUST000905,Samar Mallick,Pune,2023-05-22,Y,Organic,UPI,Registered Only,0,,0.0
CUST000906,Michael Oak,Chennai,2024-11-07,Y,Partner Campaign,UPI,New,1,2026-05-30,418.08
CUST000907,Elijah Bhalla,Mumbai,2026-03-13,N,Organic,Net Banking,Occasional,4,2026-06-27,2499.21
CUST000908,Jyoti Ganesan,Bengaluru,2025-07-19,N,Social Media,Credit/Debit Card,Occasional,3,2026-05-29,4166.82
CUST000909,Dayamai Guha,Chennai,2024-10-03,Y,Paid Search,UPI,New,1,2026-05-05,2854.99
CUST000910,Shravya Walia,Pune,2025-09-22,Y,Referral,Credit/Debit Card,Occasional,3,2026-06-13,6777.95
CUST000911,Vasudha Samra,Bengaluru,2025-05-25,N,Social Media,Net Banking,Occasional,3,2026-06-28,4049.4
CUST000912,Chanchal Mander,Mumbai,2023-04-13,N,Organic,Cash on Delivery,Occasional,3,2026-05-23,3527.7
CUST000913,Lakshit Din,Bengaluru,2023-05-01,Y,Referral,Cash on Delivery,Occasional,3,2026-05-18,1981.12
CUST000914,Ranveer Patla,Bengaluru,2025-10-01,Y,Referral,UPI,Occasional,2,2026-05-19,490.74
CUST000915,Falguni Chand,Mumbai,2025-05-24,N,Organic,UPI,Premium,8,2026-06-26,9890.74
CUST000916,Aayush Purohit,Mumbai,2026-03-03,N,Social Media,UPI,Occasional,2,2026-05-30,1027.67
CUST000917,Upkaar Bali,Bengaluru,2025-11-10,N,Paid Search,UPI,New,1,2026-04-03,1637.89
CUST000918,Nachiket Yogi,Chennai,2025-01-30,N,Social Media,Credit/Debit Card,Occasional,3,2026-05-31,2737.05
CUST000919,Unni Bhat,Pune,2024-10-02,N,Referral,UPI,Registered Only,0,,0.0
CUST000920,Wishi Chandran,Bengaluru,2023-06-08,N,Organic,Net Banking,New,1,2026-06-23,789.87
CUST000921,Abhimanyu Choudhury,Bengaluru,2023-05-15,Y,Paid Search,UPI,Occasional,2,2026-05-02,3133.41
CUST000922,Yashawini Viswanathan,Mumbai,2024-11-07,Y,Social Media,Wallet,Registered Only,0,,0.0
CUST000923,Hitesh Choudhury,Bengaluru,2023-11-09,Y,Organic,Wallet,Registered Only,0,,0.0
CUST000924,Ishwar Shankar,Pune,2024-05-08,N,Social Media,Credit/Debit Card,New,1,2026-05-10,846.84
CUST000925,Vrishti Viswanathan,Bengaluru,2025-07-20,Y,Organic,UPI,New,1,2026-06-26,528.5
CUST000926,Zayan Bir,Chennai,2026-03-28,Y,Paid Search,UPI,Occasional,2,2026-06-24,1916.01
CUST000927,Sara Ahuja,Delhi NCR,2024-04-06,N,Referral,UPI,New,1,2026-04-02,1174.25
CUST000928,Anvi Varghese,Mumbai,2023-04-15,N,Organic,UPI,Registered Only,0,,0.0
CUST000929,Chakrika Boase,Bengaluru,2024-04-17,N,Partner Campaign,UPI,New,1,2026-04-14,697.4
CUST000930,Pushti Bhasin,Bengaluru,2025-01-31,Y,Organic,UPI,Registered Only,0,,0.0
CUST000931,Yashodhara Suri,Bengaluru,2024-08-21,N,Referral,UPI,Registered Only,0,,0.0
CUST000932,Peter Bhatnagar,Bengaluru,2024-03-03,Y,Paid Search,Credit/Debit Card,Occasional,2,2026-05-22,5795.72
CUST000933,Theodore Sharaf,Hyderabad,2023-10-05,N,Organic,Credit/Debit Card,Occasional,3,2026-06-27,1813.57
CUST000934,Caleb Shere,Delhi NCR,2024-02-26,N,Paid Search,Net Banking,Occasional,4,2026-05-24,4247.05
CUST000935,Dayamai Yohannan,Mumbai,2025-07-28,N,Organic,UPI,Regular,6,2026-06-20,7874.42
CUST000936,Prisha Salvi,Delhi NCR,2025-10-03,N,Social Media,Credit/Debit Card,Registered Only,0,,0.0
CUST000937,Chaman Saha,Bengaluru,2024-06-26,N,Organic,Cash on Delivery,Occasional,3,2026-06-21,4745.77
CUST000938,Tanish Peri,Mumbai,2023-09-23,N,Organic,Credit/Debit Card,New,1,2026-04-05,128.95
CUST000939,Yauvani Raval,Hyderabad,2025-10-18,N,Referral,Cash on Delivery,Regular,5,2026-06-17,4319.45
CUST000940,Tamanna Lall,Chennai,2024-05-15,N,Social Media,Credit/Debit Card,Regular,6,2026-06-11,5479.69
CUST000941,Atharv Randhawa,Bengaluru,2023-10-30,N,Paid Search,UPI,Occasional,4,2026-06-05,2700.39
CUST000942,Unni Dixit,Bengaluru,2024-08-01,N,Paid Search,Credit/Debit Card,Occasional,3,2026-06-13,2594.58
CUST000943,Chaitaly Vasa,Hyderabad,2024-08-11,N,Partner Campaign,Credit/Debit Card,Premium,14,2026-06-27,16631.76
CUST000944,Abhiram Purohit,Hyderabad,2023-04-20,N,Social Media,UPI,Occasional,3,2026-05-22,794.54
CUST000945,Nathaniel Hayre,Delhi NCR,2023-04-27,N,Partner Campaign,Credit/Debit Card,Regular,5,2026-06-20,4759.27
CUST000946,Chameli Dar,Chennai,2025-04-02,Y,Organic,UPI,Regular,8,2026-05-31,7467.07
CUST000947,Gabriel Borde,Delhi NCR,2024-12-01,N,Referral,UPI,Occasional,2,2026-06-27,1363.24
CUST000948,Yadavi Patil,Bengaluru,2024-06-15,Y,Organic,UPI,Registered Only,0,,0.0
CUST000949,Harish Sachar,Delhi NCR,2024-07-01,N,Partner Campaign,UPI,Registered Only,0,,0.0
CUST000950,Dalaja Vasa,Delhi NCR,2024-12-10,Y,Paid Search,UPI,New,1,2026-06-08,421.41
CUST000951,Tanmayi Sahota,Delhi NCR,2024-12-18,N,Organic,Credit/Debit Card,Occasional,4,2026-06-25,2990.89
CUST000952,Warda Rana,Hyderabad,2025-03-03,N,Organic,UPI,Occasional,4,2026-06-09,4328.57
CUST000953,Christopher Solanki,Hyderabad,2025-12-01,N,Organic,UPI,Regular,6,2026-06-25,7488.21
CUST000954,Anmol Choudhary,Hyderabad,2026-01-22,N,Social Media,Wallet,Registered Only,0,,0.0
CUST000955,Ayushman Grewal,Chennai,2024-09-12,N,Referral,UPI,New,1,2026-04-11,1248.11
CUST000956,Qadim Rai,Pune,2023-12-14,N,Partner Campaign,UPI,Occasional,3,2026-05-30,4183.85
CUST000957,Anirudh Rout,Bengaluru,2024-03-27,Y,Organic,UPI,Occasional,2,2026-05-01,202.2
CUST000958,Chatura Chaudhuri,Pune,2023-09-29,N,Partner Campaign,Cash on Delivery,Occasional,2,2026-06-11,1252.43
CUST000959,Nimrat Balakrishnan,Mumbai,2026-03-10,Y,Social Media,UPI,New,1,2026-05-20,859.01
CUST000960,Pahal Mammen,Bengaluru,2023-07-21,Y,Social Media,UPI,Registered Only,0,,0.0
CUST000961,Patrick Goda,Mumbai,2024-11-04,Y,Organic,UPI,Registered Only,0,,0.0
CUST000962,Om Bandi,Delhi NCR,2026-02-27,N,Referral,Credit/Debit Card,Occasional,2,2026-06-27,2186.36
CUST000963,Krish Tandon,Bengaluru,2025-12-15,Y,Paid Search,Cash on Delivery,Registered Only,0,,0.0
CUST000964,Sai Nigam,Bengaluru,2024-07-13,N,Paid Search,Net Banking,Occasional,4,2026-06-07,2611.44
CUST000965,Jeremiah Gola,Hyderabad,2026-01-11,N,Social Media,Cash on Delivery,Occasional,2,2026-06-23,602.24
CUST000966,Ekani Parikh,Mumbai,2025-01-10,Y,Partner Campaign,Credit/Debit Card,Occasional,3,2026-06-28,2215.39
CUST000967,Charita Date,Bengaluru,2024-11-08,N,Organic,Credit/Debit Card,Registered Only,0,,0.0
CUST000968,Jatin Dash,Chennai,2026-03-23,N,Paid Search,Cash on Delivery,Registered Only,0,,0.0
CUST000969,Adweta Lal,Hyderabad,2025-07-02,N,Organic,Net Banking,New,1,2026-06-04,1073.25
CUST000970,Aarav Lal,Mumbai,2023-12-06,N,Social Media,Net Banking,Occasional,3,2026-06-13,2341.17
CUST000971,Nitesh Shenoy,Delhi NCR,2024-06-28,N,Paid Search,UPI,Premium,9,2026-06-16,10881.51
CUST000972,Rachana Barad,Mumbai,2025-02-22,Y,Social Media,UPI,Registered Only,0,,0.0
CUST000973,Andrew Doctor,Bengaluru,2023-08-06,N,Social Media,Cash on Delivery,Premium,26,2026-06-28,38129.43
CUST000974,Vihaan Grewal,Bengaluru,2024-08-23,N,Referral,Wallet,Premium,6,2026-06-17,12394.83
CUST000975,Ekiya Edwin,Mumbai,2024-02-22,N,Social Media,Cash on Delivery,Occasional,4,2026-06-27,3056.71
CUST000976,Yagnesh Padmanabhan,Delhi NCR,2024-10-10,N,Partner Campaign,UPI,Occasional,2,2026-05-16,3953.5
CUST000977,Samar Vaidya,Mumbai,2025-12-04,Y,Partner Campaign,UPI,Registered Only,0,,0.0
CUST000978,Anya Khurana,Hyderabad,2023-10-06,N,Organic,Credit/Debit Card,Occasional,4,2026-05-25,6864.09
CUST000979,Baljiwan Nori,Bengaluru,2025-02-03,Y,Social Media,UPI,Occasional,3,2026-06-24,2939.62
CUST000980,Waida Karan,Hyderabad,2024-11-05,N,Paid Search,UPI,Registered Only,0,,0.0
CUST000981,Nicholas Chander,Delhi NCR,2025-10-18,N,Paid Search,Wallet,Occasional,2,2026-06-20,459.2
CUST000982,Jackson Sane,Pune,2024-07-01,N,Organic,UPI,Regular,8,2026-06-01,5456.02
CUST000983,Lekha Ray,Bengaluru,2024-11-20,Y,Organic,UPI,New,1,2026-04-30,535.27
CUST000984,Gagan Samra,Hyderabad,2023-04-11,N,Organic,Credit/Debit Card,Occasional,2,2026-05-28,973.47
CUST000985,Benjamin Tara,Pune,2026-02-10,N,Social Media,Credit/Debit Card,Premium,9,2026-06-27,12025.03
CUST000986,Niharika Soman,Pune,2024-10-22,N,Organic,Credit/Debit Card,New,1,2026-06-21,775.44
CUST000987,Samar Sekhon,Pune,2023-10-24,N,Social Media,UPI,Premium,18,2026-06-26,29922.51
CUST000988,Rohan Verma,Chennai,2023-12-09,N,Social Media,Wallet,Registered Only,0,,0.0
CUST000989,Balendra Keer,Bengaluru,2023-08-26,Y,Organic,Cash on Delivery,New,1,2026-05-10,586.39
CUST000990,Azaan Rastogi,Mumbai,2024-01-29,N,Referral,Wallet,Registered Only,0,,0.0
CUST000991,Aashi Bajaj,Hyderabad,2024-11-23,N,Paid Search,Wallet,New,1,2026-05-12,72.71
CUST000992,Darika Tandon,Mumbai,2024-09-21,N,Organic,Wallet,New,1,2026-05-07,2261.31
CUST000993,Jagat Biswas,Mumbai,2025-04-22,N,Social Media,UPI,Registered Only,0,,0.0
CUST000994,Brinda Goda,Pune,2025-05-27,Y,Paid Search,UPI,New,1,2026-05-03,1096.55
CUST000995,Ekanta Deshpande,Hyderabad,2023-10-14,Y,Organic,Cash on Delivery,Occasional,2,2026-05-28,4749.09
CUST000996,Krishna Pal,Hyderabad,2025-09-03,Y,Social Media,UPI,Premium,10,2026-06-29,12172.52
CUST000997,Harshil Kannan,Chennai,2025-10-27,N,Paid Search,UPI,Regular,5,2026-06-08,5225.58
CUST000998,Oni Sibal,Bengaluru,2023-10-02,N,Partner Campaign,Credit/Debit Card,Occasional,4,2026-06-20,4033.43
CUST000999,Turvi Mistry,Pune,2024-03-19,N,Organic,UPI,Occasional,2,2026-06-05,744.88
CUST001000,Zashil Singhal,Bengaluru,2025-08-31,N,Paid Search,Net Banking,Occasional,2,2026-06-24,4283.63
CUST001001,Champak Kapur,Bengaluru,2024-01-20,Y,Organic,Wallet,Occasional,3,2026-05-25,2597.0
CUST001002,Robert Sama,Hyderabad,2024-07-22,N,Partner Campaign,UPI,Registered Only,0,,0.0
CUST001003,Kashvi Kaul,Bengaluru,2025-05-03,Y,Organic,Credit/Debit Card,New,1,2026-05-12,56.08
CUST001004,Imaran Shah,Delhi NCR,2024-07-03,N,Social Media,Net Banking,Occasional,3,2026-06-04,3576.65
CUST001005,Arunima Sheth,Pune,2023-09-23,N,Social Media,UPI,New,1,2026-04-18,300.08
CUST001006,Ishita Bhatt,Bengaluru,2023-10-12,N,Partner Campaign,UPI,Occasional,3,2026-05-13,1025.03
CUST001007,Zaid Chander,Bengaluru,2024-09-15,N,Social Media,UPI,Premium,8,2026-06-29,9640.52
CUST001008,Kritika Ramachandran,Bengaluru,2025-05-20,Y,Organic,Cash on Delivery,Registered Only,0,,0.0
CUST001009,Atharv Mukhopadhyay,Pune,2025-02-15,Y,Paid Search,UPI,Occasional,2,2026-05-03,2145.58
CUST001010,Zayan Ray,Delhi NCR,2023-09-21,N,Social Media,Credit/Debit Card,Registered Only,0,,0.0
CUST001011,Ekaja Ram,Hyderabad,2023-10-12,N,Social Media,UPI,Occasional,3,2026-06-02,3663.34
CUST001012,Aishani Jaggi,Bengaluru,2024-12-06,N,Organic,Credit/Debit Card,New,1,2026-04-19,1727.36
CUST001013,Faris Sridhar,Chennai,2024-10-25,N,Organic,Credit/Debit Card,Premium,7,2026-06-28,8087.11
CUST001014,Sai Basak,Bengaluru,2025-01-12,N,Paid Search,UPI,Registered Only,0,,0.0
CUST001015,Bimala Datta,Pune,2026-03-23,N,Organic,Wallet,Occasional,3,2026-06-16,4686.76
CUST001016,Anusha Bains,Chennai,2023-07-08,N,Organic,UPI,New,1,2026-05-16,477.22
CUST001017,Tanmayi Sarna,Bengaluru,2023-12-09,N,Referral,UPI,New,1,2026-05-31,566.93
CUST001018,Wishi More,Delhi NCR,2023-09-02,N,Organic,Wallet,Occasional,4,2026-06-07,5543.78
CUST001019,Aarna Wali,Chennai,2023-05-22,Y,Partner Campaign,Cash on Delivery,Occasional,2,2026-06-01,894.98
CUST001020,Upasna Nadkarni,Bengaluru,2025-03-31,N,Social Media,UPI,New,1,2026-05-03,278.43
CUST001021,Aarush Bajaj,Chennai,2025-11-15,N,Paid Search,UPI,Occasional,2,2026-06-25,1670.56
CUST001022,Sarthak Bava,Delhi NCR,2025-05-17,Y,Partner Campaign,Wallet,Occasional,3,2026-06-23,1499.32
CUST001023,Warinder Nadkarni,Bengaluru,2025-01-04,N,Referral,UPI,Registered Only,0,,0.0
CUST001024,Harsh Raghavan,Bengaluru,2025-07-07,N,Partner Campaign,UPI,Occasional,3,2026-06-12,2171.99
CUST001025,Ishanvi Divan,Hyderabad,2026-01-25,N,Referral,UPI,Registered Only,0,,0.0
CUST001026,Yashica Sabharwal,Bengaluru,2024-09-24,N,Partner Campaign,UPI,Registered Only,0,,0.0
CUST001027,Odika Andra,Delhi NCR,2024-01-10,N,Organic,Wallet,Occasional,2,2026-06-17,3485.98
CUST001028,Benjamin Prakash,Hyderabad,2025-03-18,Y,Referral,Cash on Delivery,New,1,2026-05-23,869.58
CUST001029,Reva Dora,Delhi NCR,2025-07-17,N,Referral,Cash on Delivery,New,1,2026-06-17,2529.22
CUST001030,Anthony Madan,Mumbai,2026-02-21,N,Referral,Cash on Delivery,Occasional,3,2026-06-20,1103.3
CUST001031,Gopal Pradhan,Bengaluru,2024-01-09,N,Social Media,Wallet,Registered Only,0,,0.0
CUST001032,Zaid Tank,Hyderabad,2023-09-17,N,Referral,Credit/Debit Card,Occasional,2,2026-05-15,728.76
CUST001033,Bishakha Subramaniam,Pune,2023-06-19,N,Social Media,UPI,Occasional,2,2026-06-10,0.0
CUST001034,Falguni Venkataraman,Delhi NCR,2024-03-11,N,Organic,UPI,New,1,2026-04-06,1269.62
CUST001035,Aarush Vig,Bengaluru,2025-11-16,Y,Social Media,UPI,Occasional,3,2026-06-21,1216.86
CUST001036,Gaurang Gola,Delhi NCR,2025-01-26,N,Referral,Cash on Delivery,Occasional,2,2026-05-25,1617.64
CUST001037,Gavin Dyal,Mumbai,2024-09-21,N,Partner Campaign,Credit/Debit Card,New,1,2026-05-15,3637.54
CUST001038,Upadhriti Karnik,Hyderabad,2025-09-10,N,Referral,Net Banking,Regular,5,2026-06-16,3346.1
CUST001039,Karan Khatri,Bengaluru,2024-02-09,Y,Organic,UPI,New,1,2026-04-08,2885.14
CUST001040,Chatresh Andra,Bengaluru,2026-01-30,N,Organic,Credit/Debit Card,Registered Only,0,,0.0
CUST001041,Nitesh Deshmukh,Delhi NCR,2023-08-10,N,Referral,UPI,Occasional,4,2026-06-22,5014.53
CUST001042,Ubika Edwin,Bengaluru,2025-04-13,Y,Organic,Credit/Debit Card,Occasional,2,2026-06-16,906.39
CUST001043,Tanmayi Devi,Mumbai,2024-09-23,N,Referral,Credit/Debit Card,Regular,5,2026-06-29,6830.46
CUST001044,Jonathan Hans,Bengaluru,2023-11-02,N,Organic,UPI,Occasional,3,2026-05-31,2057.71
CUST001045,Hritik Mallick,Chennai,2024-12-21,N,Organic,Cash on Delivery,New,1,2026-06-26,2672.63
CUST001046,Xalak Dash,Bengaluru,2025-04-29,N,Organic,Net Banking,Registered Only,0,,0.0
CUST001047,Ethan Divan,Hyderabad,2025-11-24,N,Referral,UPI,Registered Only,0,,0.0
CUST001048,Wriddhish Saran,Mumbai,2023-11-28,Y,Referral,UPI,Occasional,3,2026-06-18,1241.81
CUST001049,Ishaan Mani,Chennai,2024-10-24,Y,Organic,Wallet,Occasional,4,2026-04-30,5675.6
CUST001050,Charita Prabhu,Mumbai,2023-12-11,N,Organic,UPI,Regular,5,2026-06-20,2385.92
CUST001051,Falguni Mishra,Pune,2024-03-06,N,Paid Search,UPI,New,1,2026-04-09,518.33
CUST001052,Vyanjana Singhal,Mumbai,2025-01-15,N,Referral,Credit/Debit Card,Premium,11,2026-06-23,9552.71
CUST001053,Yug Sharaf,Chennai,2023-09-01,Y,Organic,Net Banking,Regular,8,2026-05-17,6666.28
CUST001054,Qabil Zachariah,Pune,2024-04-25,N,Social Media,Wallet,Occasional,3,2026-05-03,1987.98
CUST001055,Ekavir Rattan,Delhi NCR,2024-08-06,N,Paid Search,UPI,Registered Only,0,,0.0
CUST001056,Ria Lanka,Delhi NCR,2024-06-13,Y,Social Media,Net Banking,Premium,5,2026-06-15,9785.4
CUST001057,Rachit Narayanan,Delhi NCR,2026-03-22,N,Organic,UPI,Occasional,2,2026-05-13,2327.07
CUST001058,Hemani Subramanian,Bengaluru,2024-08-12,Y,Partner Campaign,UPI,Occasional,2,2026-06-24,846.63
CUST001059,Viraj Bhargava,Delhi NCR,2023-08-29,N,Organic,Wallet,Regular,5,2026-06-22,3925.04
CUST001060,Mekhala Deshpande,Pune,2024-04-14,N,Partner Campaign,Credit/Debit Card,Occasional,3,2026-05-16,3135.49
CUST001061,Fitan Thaman,Mumbai,2024-09-26,Y,Paid Search,Credit/Debit Card,Occasional,2,2026-05-12,579.01
CUST001062,Rachit Kari,Pune,2025-12-12,N,Referral,Wallet,Regular,8,2026-06-06,5874.58
CUST001063,Zansi Gola,Hyderabad,2023-12-31,N,Referral,Cash on Delivery,Occasional,3,2026-06-13,1459.14
CUST001064,Onkar Krishnamurthy,Chennai,2024-06-29,Y,Organic,UPI,Occasional,2,2026-06-05,2222.62
CUST001065,Wakeeta Parekh,Mumbai,2025-03-19,Y,Social Media,UPI,Occasional,3,2026-05-20,3679.26
CUST001066,Dominic Iyengar,Hyderabad,2025-04-08,Y,Paid Search,Credit/Debit Card,Registered Only,0,,0.0
CUST001067,Shravya Bava,Pune,2025-10-18,N,Referral,UPI,Premium,6,2026-06-25,8149.55
CUST001068,Ria Keer,Mumbai,2024-04-02,Y,Paid Search,Credit/Debit Card,Registered Only,0,,0.0
CUST001069,Kritika Wable,Mumbai,2025-08-07,N,Referral,Wallet,New,1,2026-05-17,325.61
CUST001070,Yashodhara Gola,Chennai,2023-07-27,N,Paid Search,UPI,New,1,2026-04-02,154.45
CUST001071,Kai Bhatnagar,Chennai,2025-11-25,Y,Referral,Net Banking,New,1,2026-04-10,312.15
CUST001072,Samar Sibal,Bengaluru,2024-07-26,N,Organic,UPI,Occasional,2,2026-06-13,3548.86
CUST001073,Daksh Pau,Chennai,2025-12-26,N,Organic,Credit/Debit Card,Occasional,2,2026-06-12,672.26
CUST001074,Harinakshi Konda,Delhi NCR,2024-11-14,N,Organic,Wallet,Occasional,2,2026-05-27,1114.55
CUST001075,Bhavika Nadkarni,Chennai,2025-08-13,Y,Organic,Credit/Debit Card,Occasional,2,2026-04-30,2923.45
CUST001076,Vasudha Om,Bengaluru,2024-03-09,Y,Referral,Credit/Debit Card,Premium,23,2026-06-29,22594.68
CUST001077,Forum Mandal,Pune,2025-05-23,Y,Organic,Wallet,Occasional,3,2026-06-26,5858.07
CUST001078,Baljiwan Chaudhari,Mumbai,2023-09-26,N,Organic,Wallet,Registered Only,0,,0.0
CUST001079,Vincent Chopra,Bengaluru,2025-11-12,N,Paid Search,Wallet,New,1,2026-05-04,1057.12
CUST001080,Vyanjana Raj,Hyderabad,2026-02-23,N,Organic,UPI,Registered Only,0,,0.0
CUST001081,Naksh Swamy,Pune,2023-09-28,N,Organic,UPI,Regular,6,2026-06-29,2833.33
CUST001082,Nisha Nagi,Bengaluru,2025-10-17,Y,Social Media,UPI,Regular,7,2026-06-17,5166.79
CUST001083,Ekta Goel,Hyderabad,2023-05-30,N,Organic,Credit/Debit Card,Premium,10,2026-06-29,10057.19
CUST001084,Logan Loyal,Delhi NCR,2025-01-09,N,Paid Search,Credit/Debit Card,New,1,2026-06-22,1647.66
CUST001085,Damini Varughese,Hyderabad,2026-01-06,Y,Paid Search,Cash on Delivery,New,1,2026-06-24,97.81
CUST001086,Anirudh Ramachandran,Bengaluru,2025-11-23,Y,Organic,UPI,New,1,2026-06-25,1264.49
CUST001087,Lopa Prasad,Mumbai,2024-06-14,N,Paid Search,Credit/Debit Card,Registered Only,0,,0.0
CUST001088,Gaurika Butala,Pune,2023-08-09,Y,Organic,UPI,Occasional,2,2026-05-28,1547.99
CUST001089,Jagat Ganesh,Chennai,2023-10-02,Y,Organic,Credit/Debit Card,Occasional,2,2026-06-06,1281.65
CUST001090,Aarush Nori,Pune,2025-01-27,Y,Referral,UPI,Registered Only,0,,0.0
CUST001091,Barkha Dhaliwal,Mumbai,2025-02-27,Y,Social Media,UPI,Occasional,3,2026-06-09,6088.58
CUST001092,Nakul Chaudhuri,Delhi NCR,2024-06-18,N,Social Media,Credit/Debit Card,Registered Only,0,,0.0
CUST001093,Gopal Pradhan,Mumbai,2024-08-23,Y,Paid Search,UPI,Registered Only,0,,0.0
CUST001094,Upma Dasgupta,Mumbai,2025-03-25,N,Organic,UPI,Registered Only,0,,0.0
CUST001095,Ojasvi Chana,Mumbai,2024-02-18,N,Paid Search,UPI,New,1,2026-05-10,521.59
CUST001096,Ryan Sawhney,Delhi NCR,2024-09-20,Y,Organic,Wallet,New,1,2026-06-29,0.0
CUST001097,Oeshi Om,Chennai,2025-02-01,N,Referral,UPI,Occasional,2,2026-05-04,1449.0
CUST001098,Neha Babu,Chennai,2024-03-30,Y,Paid Search,UPI,New,1,2026-05-29,217.51
CUST001099,Tejas Sridhar,Hyderabad,2025-09-26,N,Social Media,UPI,Registered Only,0,,0.0
CUST001100,Yuvraj Raja,Bengaluru,2023-07-17,Y,Social Media,UPI,Regular,5,2026-06-17,5437.24
CUST001101,Aadi Bumb,Mumbai,2025-10-11,Y,Referral,UPI,Occasional,2,2026-05-09,2142.53
CUST001102,Jhalak Chander,Bengaluru,2023-06-26,N,Referral,UPI,Registered Only,0,,0.0
CUST001103,Vaishnavi Brahmbhatt,Bengaluru,2024-08-15,N,Paid Search,Cash on Delivery,Registered Only,0,,0.0
CUST001104,Ubika Karan,Hyderabad,2024-08-27,N,Referral,Credit/Debit Card,Occasional,3,2026-06-27,3744.36
CUST001105,Udant Desai,Delhi NCR,2023-09-27,N,Organic,UPI,Premium,9,2026-06-16,15237.68
CUST001106,Ekansh Nanda,Chennai,2025-02-01,N,Social Media,Credit/Debit Card,New,1,2026-06-08,425.68
CUST001107,Lakshit Gola,Bengaluru,2024-02-11,N,Organic,UPI,New,1,2026-05-16,2363.79
CUST001108,Anay Bose,Mumbai,2026-01-02,N,Referral,UPI,New,1,2026-05-13,441.4
CUST001109,Azad Prashad,Bengaluru,2025-10-19,N,Organic,Credit/Debit Card,Registered Only,0,,0.0
CUST001110,Abeer Edwin,Bengaluru,2024-09-19,N,Organic,UPI,New,1,2026-06-09,93.67
CUST001111,Aashi Kapoor,Mumbai,2023-11-02,Y,Social Media,Credit/Debit Card,Registered Only,0,,0.0
CUST001112,Warinder Sidhu,Bengaluru,2025-03-21,Y,Referral,UPI,Occasional,3,2026-05-20,1116.22
CUST001113,Bishakha Sagar,Bengaluru,2024-09-03,Y,Paid Search,Credit/Debit Card,Registered Only,0,,0.0
CUST001114,Jai Sen,Pune,2024-06-18,N,Organic,UPI,Registered Only,0,,0.0
CUST001115,Oliver Karpe,Mumbai,2023-08-08,N,Partner Campaign,UPI,Registered Only,0,,0.0
CUST001116,Ayush Amble,Delhi NCR,2023-08-20,Y,Organic,Credit/Debit Card,Premium,8,2026-06-27,9240.55
CUST001117,Baljiwan Krishna,Mumbai,2025-03-05,N,Organic,UPI,New,1,2026-06-27,586.77
CUST001118,Vedant Shere,Mumbai,2024-06-13,N,Referral,Wallet,Occasional,2,2026-06-01,2378.85
CUST001119,Ojasvi Narain,Mumbai,2024-11-08,N,Referral,Wallet,New,1,2026-06-08,1166.82
CUST001120,Kabir Gulati,Bengaluru,2024-04-21,Y,Paid Search,UPI,Occasional,2,2026-05-29,1583.0
CUST001121,Gayathri Rattan,Delhi NCR,2024-01-26,N,Referral,Wallet,Occasional,2,2026-05-18,3633.43
CUST001122,Sai Mohan,Chennai,2024-11-27,N,Referral,Cash on Delivery,New,1,2026-06-05,1199.19
CUST001123,Udarsh Salvi,Bengaluru,2024-09-18,N,Referral,UPI,New,1,2026-06-19,879.73
CUST001124,Vedant Dara,Delhi NCR,2025-12-11,N,Organic,UPI,New,1,2026-04-26,721.03
CUST001125,Champak Din,Delhi NCR,2025-12-27,Y,Organic,Cash on Delivery,Occasional,2,2026-06-25,1039.04
CUST001126,Qushi Dara,Hyderabad,2023-09-06,N,Organic,Wallet,Occasional,2,2026-05-05,2379.54
CUST001127,Mugdha Datta,Chennai,2026-03-20,Y,Organic,Wallet,New,1,2026-05-17,1255.46
CUST001128,Hritik Batta,Hyderabad,2025-04-16,Y,Paid Search,Cash on Delivery,New,1,2026-04-16,244.13
CUST001129,Raagini Ganesh,Pune,2024-12-24,N,Organic,Net Banking,Occasional,2,2026-04-28,5862.58
CUST001130,Damini Mohanty,Chennai,2025-02-20,N,Paid Search,UPI,Regular,6,2026-06-22,7494.52
CUST001131,Yuvraj Saraf,Pune,2024-06-12,N,Referral,Cash on Delivery,New,1,2026-05-07,569.64
CUST001132,Ekbal Walla,Bengaluru,2023-06-15,N,Referral,Wallet,Occasional,3,2026-06-21,5149.22
CUST001133,Saumya Chakrabarti,Hyderabad,2024-10-03,N,Organic,Credit/Debit Card,Registered Only,0,,0.0
CUST001134,Wridesh Mand,Hyderabad,2023-09-18,N,Social Media,Wallet,Occasional,2,2026-06-04,537.96
CUST001135,Frederick Dutt,Chennai,2025-12-11,N,Partner Campaign,UPI,Registered Only,0,,0.0
CUST001136,Samar Varughese,Mumbai,2023-08-04,N,Partner Campaign,Cash on Delivery,New,1,2026-05-06,484.47
CUST001137,Imaran Sha,Chennai,2025-01-21,N,Partner Campaign,Credit/Debit Card,New,1,2026-06-29,975.99
CUST001138,Bhanumati Choudhury,Bengaluru,2023-06-03,N,Social Media,UPI,Registered Only,0,,0.0
CUST001139,Janani Ramanathan,Hyderabad,2024-09-19,N,Organic,Credit/Debit Card,New,1,2026-05-14,2472.35
CUST001140,Vidhi Dhaliwal,Delhi NCR,2025-04-06,N,Referral,Wallet,New,1,2026-05-30,3931.01
CUST001141,Zayan Dass,Mumbai,2023-08-12,N,Organic,Cash on Delivery,Occasional,3,2026-06-17,1761.45
CUST001142,Qabil Sem,Delhi NCR,2025-05-13,N,Organic,Net Banking,New,1,2026-04-28,2866.84
CUST001143,Jalsa Kumer,Chennai,2024-12-23,N,Organic,Cash on Delivery,Regular,5,2026-05-30,3869.66
CUST001144,Girish Raj,Pune,2023-12-08,N,Organic,UPI,Regular,6,2026-06-28,6840.3
CUST001145,Bahadurjit Karnik,Bengaluru,2025-07-26,N,Referral,Cash on Delivery,New,1,2026-05-25,386.05
CUST001146,Rajata Rattan,Hyderabad,2023-11-13,N,Paid Search,UPI,Occasional,3,2026-06-18,978.68
CUST001147,Tara Chhabra,Hyderabad,2024-02-25,N,Paid Search,UPI,New,1,2026-04-01,851.53
CUST001148,Arjun Hegde,Mumbai,2024-04-04,N,Organic,Wallet,Regular,6,2026-06-25,5304.36
CUST001149,Azad Chander,Delhi NCR,2024-11-14,N,Paid Search,Credit/Debit Card,Regular,5,2026-06-27,3044.39
CUST001150,Abdul Rattan,Hyderabad,2026-01-05,N,Paid Search,Net Banking,Occasional,2,2026-06-12,2276.63
CUST001151,Kashish Joshi,Pune,2023-07-30,N,Paid Search,Wallet,Registered Only,0,,0.0
CUST001152,Amol Basu,Chennai,2024-11-16,N,Referral,Credit/Debit Card,Occasional,2,2026-06-26,4781.11
CUST001153,Inaya Dalal,Hyderabad,2024-04-17,N,Referral,UPI,Occasional,3,2026-05-11,1454.63
CUST001154,Qushi Kamdar,Hyderabad,2025-12-28,N,Social Media,UPI,Occasional,3,2026-06-01,3065.87
CUST001155,Ekantika Atwal,Hyderabad,2024-02-08,N,Social Media,UPI,Registered Only,0,,0.0
CUST001156,Yutika Sarna,Mumbai,2023-05-29,N,Organic,UPI,Regular,5,2026-06-09,6532.95
CUST001157,Amara Mann,Mumbai,2025-03-21,N,Paid Search,Wallet,New,1,2026-04-17,555.59
CUST001158,Sai Nayar,Bengaluru,2024-01-11,Y,Organic,UPI,Registered Only,0,,0.0
CUST001159,Girik Kalla,Bengaluru,2024-10-01,N,Organic,Credit/Debit Card,Registered Only,0,,0.0
CUST001160,Akshay Mody,Pune,2023-04-25,N,Referral,UPI,Occasional,2,2026-06-10,694.82
CUST001161,Advaith Bobal,Pune,2023-06-29,N,Social Media,UPI,Registered Only,0,,0.0
CUST001162,Noah Vyas,Mumbai,2025-10-21,N,Organic,UPI,Occasional,4,2026-06-29,6615.36
CUST001163,Lekha Sani,Hyderabad,2023-09-04,N,Paid Search,Wallet,Occasional,3,2026-06-10,2306.48
CUST001164,Anusha Gole,Mumbai,2023-11-20,N,Social Media,Credit/Debit Card,Regular,8,2026-06-29,7029.3
CUST001165,Eesha Buch,Delhi NCR,2026-01-05,N,Organic,Credit/Debit Card,Occasional,2,2026-06-19,2240.16
CUST001166,Ayaan Mitra,Mumbai,2023-09-17,Y,Organic,UPI,Registered Only,0,,0.0
CUST001167,Dalaja Goel,Bengaluru,2025-01-27,N,Organic,UPI,Registered Only,0,,0.0
CUST001168,Neelima Sekhon,Mumbai,2023-06-22,N,Referral,UPI,New,1,2026-05-18,686.24
CUST001169,Ria Nagar,Delhi NCR,2023-07-18,N,Social Media,UPI,Premium,5,2026-06-07,9347.49
CUST001170,Anika Chaudhari,Delhi NCR,2023-04-12,N,Social Media,UPI,Registered Only,0,,0.0
CUST001171,Bhavna Purohit,Hyderabad,2025-03-27,N,Organic,UPI,Registered Only,0,,0.0
CUST001172,Pavani Mukherjee,Bengaluru,2025-04-13,N,Partner Campaign,UPI,New,1,2026-05-13,318.77
CUST001173,Mohini Parekh,Mumbai,2024-09-13,N,Organic,Cash on Delivery,New,1,2026-04-14,1291.78
CUST001174,Girik Ramanathan,Chennai,2024-11-19,Y,Partner Campaign,UPI,Registered Only,0,,0.0
CUST001175,Brijesh Kibe,Bengaluru,2023-10-28,N,Paid Search,Credit/Debit Card,Registered Only,0,,0.0
CUST001176,Akshay Kalita,Bengaluru,2024-05-23,Y,Organic,Credit/Debit Card,Registered Only,0,,0.0
CUST001177,Arin Om,Bengaluru,2025-05-14,N,Paid Search,Credit/Debit Card,Registered Only,0,,0.0
CUST001178,Mugdha Chauhan,Mumbai,2025-05-18,N,Organic,UPI,Occasional,2,2026-04-17,599.96
CUST001179,Jairaj Yadav,Bengaluru,2024-05-11,N,Organic,UPI,Premium,9,2026-06-27,18114.0
CUST001180,Kiaan Narain,Delhi NCR,2025-03-17,N,Referral,UPI,Premium,8,2026-06-17,12698.35
CUST001181,Watika Mistry,Mumbai,2025-01-19,Y,Paid Search,Cash on Delivery,New,1,2026-04-17,1924.32
CUST001182,Hemangini Setty,Bengaluru,2023-07-17,N,Organic,UPI,Registered Only,0,,0.0
CUST001183,Maya Zachariah,Mumbai,2023-09-08,N,Organic,Credit/Debit Card,New,1,2026-06-18,1329.8
CUST001184,Hardik Sama,Mumbai,2023-11-15,Y,Paid Search,Wallet,Registered Only,0,,0.0
CUST001185,Aahana Sane,Mumbai,2025-04-17,N,Referral,Wallet,New,1,2026-04-05,887.72
CUST001186,Lavanya Dash,Bengaluru,2024-05-12,Y,Organic,Net Banking,Premium,25,2026-06-26,20810.36
CUST001187,Qushi Karpe,Delhi NCR,2024-09-21,N,Paid Search,UPI,Registered Only,0,,0.0
CUST001188,Adya Mittal,Mumbai,2025-02-17,N,Organic,Wallet,New,1,2026-04-04,958.83
CUST001189,Aachal Nadkarni,Delhi NCR,2025-11-01,Y,Paid Search,UPI,Premium,7,2026-06-16,8582.3
CUST001190,Fiyaz Hayre,Hyderabad,2024-09-10,N,Organic,Net Banking,Occasional,2,2026-06-11,4288.47
CUST001191,Qarin Mital,Hyderabad,2024-06-18,N,Referral,Cash on Delivery,Regular,8,2026-06-26,7576.63
CUST001192,Ria Brahmbhatt,Pune,2024-10-20,N,Paid Search,Credit/Debit Card,Occasional,3,2026-06-13,3908.23
CUST001193,Eiravati Acharya,Hyderabad,2023-06-10,Y,Organic,Wallet,New,1,2026-06-21,609.5
CUST001194,Maanav Shah,Mumbai,2023-06-27,N,Paid Search,Wallet,Premium,13,2026-06-19,14228.72
CUST001195,Zayyan Soman,Hyderabad,2026-03-11,N,Organic,Cash on Delivery,New,1,2026-05-04,476.09
CUST001196,Yasti Barad,Delhi NCR,2024-09-23,N,Partner Campaign,UPI,Regular,7,2026-05-31,6176.47
CUST001197,Faris Kala,Delhi NCR,2024-06-23,N,Partner Campaign,Net Banking,Occasional,3,2026-06-24,1041.47
CUST001198,Omisha Dasgupta,Mumbai,2023-04-29,N,Referral,Cash on Delivery,Occasional,2,2026-05-17,2981.39
CUST001199,Isaac Dhawan,Mumbai,2023-07-16,N,Organic,UPI,Regular,5,2026-05-14,2399.81
CUST001200,Teerth Kumar,Delhi NCR,2023-05-23,N,Organic,UPI,New,1,2026-06-19,276.78
CUST001201,Pavani Rajan,Delhi NCR,2025-12-09,N,Organic,Net Banking,Occasional,4,2026-05-31,1922.0
CUST001202,Ekta Dave,Hyderabad,2025-09-28,N,Paid Search,UPI,Premium,11,2026-06-25,11868.78
CUST001203,Eiravati Nigam,Chennai,2025-01-10,N,Organic,Wallet,Premium,16,2026-06-22,11788.27
CUST001204,Warda Gole,Delhi NCR,2026-02-20,N,Referral,UPI,Regular,5,2026-06-19,6943.25
CUST001205,Ethan Raja,Delhi NCR,2023-11-24,Y,Organic,Credit/Debit Card,Occasional,2,2026-06-28,1357.32
CUST001206,Adweta Garde,Delhi NCR,2024-04-21,N,Referral,Credit/Debit Card,Occasional,4,2026-06-14,6875.09
CUST001207,Nakul Maharaj,Hyderabad,2025-04-09,N,Organic,UPI,Occasional,2,2026-06-03,984.27
CUST001208,Nachiket Patil,Pune,2023-10-03,Y,Organic,Credit/Debit Card,Regular,5,2026-06-25,3782.18
CUST001209,Aadi Sahota,Mumbai,2024-11-23,N,Paid Search,Cash on Delivery,Occasional,3,2026-06-25,3133.16
CUST001210,Mohini De,Delhi NCR,2025-08-22,Y,Organic,Credit/Debit Card,Registered Only,0,,0.0
CUST001211,Aarna Banik,Pune,2023-12-25,N,Paid Search,UPI,Regular,7,2026-06-28,7203.14
CUST001212,Ekansh Rattan,Chennai,2023-06-16,Y,Organic,UPI,New,1,2026-06-13,111.41
CUST001213,Shivani Oak,Mumbai,2024-12-06,Y,Organic,Credit/Debit Card,Premium,32,2026-06-29,32868.84
CUST001214,Yasti Pau,Hyderabad,2023-05-14,N,Partner Campaign,Net Banking,Regular,6,2026-06-26,7425.76
CUST001215,Azaan Choudhry,Bengaluru,2026-01-07,N,Referral,UPI,Occasional,2,2026-04-27,1522.71
CUST001216,Vedant Andra,Mumbai,2025-09-10,N,Organic,UPI,Occasional,2,2026-05-08,1483.75
CUST001217,Samar Upadhyay,Delhi NCR,2026-01-10,N,Partner Campaign,Net Banking,New,1,2026-05-01,1417.18
CUST001218,Tanveer Balan,Pune,2025-11-19,N,Organic,UPI,Occasional,3,2026-06-14,1327.64
CUST001219,Dalaja Dhar,Hyderabad,2025-01-10,N,Paid Search,UPI,Registered Only,0,,0.0
CUST001220,Balhaar Date,Pune,2024-12-11,N,Social Media,Wallet,Regular,5,2026-05-24,5007.65
CUST001221,Advika Bali,Pune,2025-06-02,N,Paid Search,Wallet,Regular,6,2026-06-22,5075.99
CUST001222,Chakradev Sane,Bengaluru,2025-07-19,N,Organic,Credit/Debit Card,Registered Only,0,,0.0
CUST001223,Yuvraj Chopra,Hyderabad,2025-05-13,Y,Organic,Net Banking,Occasional,2,2026-06-09,2540.52
CUST001224,Amara Savant,Delhi NCR,2025-06-17,N,Paid Search,UPI,Occasional,4,2026-05-15,6352.46
CUST001225,Kai Krishna,Mumbai,2025-09-28,N,Paid Search,Wallet,Occasional,3,2026-06-22,1743.06
CUST001226,Leela Ben,Delhi NCR,2026-02-24,N,Paid Search,Cash on Delivery,New,1,2026-06-02,1601.92
CUST001227,Rachita Chand,Delhi NCR,2023-09-11,N,Paid Search,Wallet,Registered Only,0,,0.0
CUST001228,Kamala Lad,Mumbai,2023-05-24,Y,Organic,UPI,Registered Only,0,,0.0
CUST001229,Jack Sen,Delhi NCR,2023-12-04,N,Partner Campaign,Cash on Delivery,Occasional,4,2026-06-02,6957.46
CUST001230,Balhaar Sur,Bengaluru,2025-09-30,N,Organic,UPI,Occasional,2,2026-04-19,912.98
CUST001231,Sai Chaudhuri,Hyderabad,2023-10-05,N,Partner Campaign,Cash on Delivery,Occasional,4,2026-06-27,2714.32
CUST001232,Kashish Sule,Delhi NCR,2023-08-12,N,Organic,Cash on Delivery,New,1,2026-04-17,528.08
CUST001233,Indrajit Majumdar,Mumbai,2023-07-10,Y,Paid Search,Credit/Debit Card,Occasional,3,2026-06-27,3627.25
CUST001234,Divya Sandal,Mumbai,2023-12-01,N,Organic,Wallet,New,1,2026-04-07,1195.99
CUST001235,Kamya Sastry,Hyderabad,2024-06-06,Y,Organic,Credit/Debit Card,New,1,2026-06-11,4458.75
CUST001236,Tanveer Pall,Bengaluru,2025-08-14,N,Organic,Credit/Debit Card,Occasional,2,2026-05-14,2069.76
CUST001237,Rajeshri Sandhu,Bengaluru,2025-01-28,N,Paid Search,Credit/Debit Card,New,1,2026-04-25,1708.85
CUST001238,Bhavini Bera,Chennai,2024-12-08,Y,Partner Campaign,Wallet,Occasional,2,2026-06-04,3985.13
CUST001239,Ethan Bath,Pune,2025-04-28,Y,Organic,UPI,Registered Only,0,,0.0
CUST001240,Ayush Mammen,Hyderabad,2025-04-19,N,Paid Search,UPI,Occasional,3,2026-06-22,5139.98
CUST001241,Hemangini Chacko,Mumbai,2025-10-26,N,Organic,Credit/Debit Card,New,1,2026-06-29,1277.79
CUST001242,Tanmayi Nadig,Chennai,2024-10-19,N,Social Media,Net Banking,Occasional,2,2026-04-10,4916.97
CUST001243,Leena Suresh,Chennai,2025-05-25,N,Social Media,Cash on Delivery,Occasional,4,2026-06-14,6047.15
CUST001244,Jagat Sethi,Bengaluru,2024-04-19,N,Paid Search,UPI,Regular,5,2026-06-08,3735.74
CUST001245,Baghyawati Basak,Bengaluru,2023-08-08,Y,Paid Search,UPI,Registered Only,0,,0.0
CUST001246,Triveni Sha,Pune,2025-07-28,Y,Referral,UPI,Occasional,2,2026-06-24,897.55
CUST001247,Darsh Mohan,Delhi NCR,2024-08-29,Y,Organic,UPI,Registered Only,0,,0.0
CUST001248,Anya Panchal,Delhi NCR,2023-07-19,N,Paid Search,Credit/Debit Card,Occasional,2,2026-04-27,2329.74
CUST001249,Niharika Sidhu,Hyderabad,2024-01-29,N,Paid Search,Wallet,Occasional,2,2026-05-10,2225.65
CUST001250,Priya Kashyap,Delhi NCR,2023-11-17,N,Paid Search,UPI,New,1,2026-04-12,1667.44
CUST001251,Sanaya Balay,Pune,2024-11-01,N,Paid Search,Credit/Debit Card,Registered Only,0,,0.0
CUST001252,Devansh Buch,Bengaluru,2025-07-12,Y,Paid Search,UPI,Registered Only,0,,0.0
CUST001253,Yauvani Sanghvi,Bengaluru,2025-01-16,N,Partner Campaign,Wallet,Registered Only,0,,0.0
CUST001254,Nitara Dara,Mumbai,2025-09-01,N,Social Media,UPI,Occasional,2,2026-05-22,5370.56
CUST001255,Michael Dhawan,Mumbai,2024-01-20,N,Paid Search,Credit/Debit Card,Registered Only,0,,0.0
CUST001256,Yatin Palla,Hyderabad,2026-02-12,N,Social Media,Wallet,Occasional,2,2026-05-23,1080.56
CUST001257,Patrick Shetty,Mumbai,2023-06-02,N,Referral,UPI,Registered Only,0,,0.0
CUST001258,Shravya Narasimhan,Pune,2025-02-01,N,Referral,Cash on Delivery,New,1,2026-05-28,1408.14
CUST001259,Hemani Mutti,Hyderabad,2023-05-28,N,Referral,UPI,Occasional,3,2026-06-04,5381.87
CUST001260,Wahab Murty,Bengaluru,2023-06-28,N,Referral,UPI,Premium,4,2026-06-08,8890.35
CUST001261,Lucky Prabhu,Chennai,2024-12-14,N,Organic,UPI,Premium,8,2026-06-09,8485.34
CUST001262,Banjeet Raju,Mumbai,2025-02-05,N,Social Media,UPI,Premium,14,2026-06-20,13561.91
CUST001263,William Hans,Pune,2025-04-28,N,Organic,Credit/Debit Card,New,1,2026-06-16,1524.18
CUST001264,Omkaar Dugar,Delhi NCR,2024-02-26,N,Referral,UPI,Occasional,2,2026-05-03,202.45
CUST001265,Dev Wason,Bengaluru,2025-02-14,Y,Paid Search,Cash on Delivery,Premium,17,2026-06-29,25901.47
CUST001266,Radhika Murty,Pune,2024-10-16,Y,Paid Search,UPI,New,1,2026-05-20,856.18
CUST001267,Zansi Sengupta,Delhi NCR,2023-07-03,N,Referral,UPI,Registered Only,0,,0.0
CUST001268,Lopa Basak,Hyderabad,2024-06-07,Y,Social Media,UPI,Occasional,3,2026-04-28,2629.81
CUST001269,Devika Soni,Hyderabad,2024-09-03,N,Referral,UPI,Occasional,3,2026-05-11,4441.21
CUST001270,Aadi Kaur,Bengaluru,2026-02-12,N,Organic,UPI,Occasional,4,2026-06-11,7087.39
CUST001271,Lakshit Babu,Bengaluru,2024-03-29,N,Organic,Credit/Debit Card,Occasional,2,2026-06-14,3811.74
CUST001272,Aarnav Peri,Bengaluru,2023-10-09,N,Paid Search,Credit/Debit Card,Registered Only,0,,0.0
CUST001273,Christopher Dhillon,Hyderabad,2025-04-02,Y,Organic,UPI,Registered Only,0,,0.0
CUST001274,Vasudha Talwar,Mumbai,2023-09-15,N,Referral,UPI,Occasional,2,2026-05-23,1048.59
CUST001275,Warjas Bhatia,Bengaluru,2023-11-13,N,Organic,UPI,New,1,2026-05-18,297.91
CUST001276,Ubika Tandon,Bengaluru,2023-04-15,Y,Paid Search,UPI,Registered Only,0,,0.0
CUST001277,Vamakshi Mody,Mumbai,2025-01-29,N,Organic,UPI,New,1,2026-05-01,1030.66
CUST001278,Max Prashad,Chennai,2023-04-18,N,Organic,UPI,Occasional,4,2026-06-22,5634.55
CUST001279,Veda Mohan,Hyderabad,2024-04-17,Y,Social Media,Wallet,New,1,2026-04-17,601.47
CUST001280,Samuel Vasa,Bengaluru,2023-11-25,Y,Paid Search,Credit/Debit Card,Registered Only,0,,0.0
CUST001281,Daniel Mitra,Delhi NCR,2025-11-05,Y,Organic,Cash on Delivery,Registered Only,0,,0.0
CUST001282,Chakrika Tailor,Pune,2023-04-23,N,Partner Campaign,UPI,Regular,8,2026-06-28,6625.53
CUST001283,Yash Bandi,Mumbai,2023-05-17,Y,Partner Campaign,Wallet,Occasional,2,2026-05-22,5789.37
CUST001284,Ekavir Lad,Bengaluru,2025-07-09,N,Referral,UPI,Occasional,2,2026-06-03,759.91
CUST001285,Hamsini Bir,Delhi NCR,2024-11-23,N,Referral,Credit/Debit Card,Occasional,4,2026-05-19,5173.98
CUST001286,Jasmit Ravi,Chennai,2023-09-26,Y,Paid Search,UPI,New,1,2026-06-16,304.24
CUST001287,Irya Jhaveri,Delhi NCR,2024-03-25,N,Referral,UPI,Registered Only,0,,0.0
CUST001288,Fitan Bhandari,Mumbai,2025-10-12,N,Organic,Cash on Delivery,Premium,11,2026-06-17,12689.12
CUST001289,Zehaan Grewal,Mumbai,2025-11-13,N,Referral,Wallet,New,1,2026-05-23,1024.19
CUST001290,Balvan Chakraborty,Pune,2025-04-12,N,Organic,Wallet,Registered Only,0,,0.0
CUST001291,Gaurika Behl,Bengaluru,2023-04-23,Y,Referral,UPI,Occasional,4,2026-05-30,2654.58
CUST001292,Ishwar Ray,Hyderabad,2026-01-22,N,Referral,Net Banking,New,1,2026-05-25,492.0
CUST001293,Yagnesh Goswami,Mumbai,2025-12-15,N,Referral,Cash on Delivery,New,1,2026-05-04,641.76
CUST001294,Chaitaly Agrawal,Bengaluru,2025-06-12,N,Paid Search,UPI,Occasional,2,2026-06-23,3374.24
CUST001295,Dayita Sangha,Mumbai,2024-11-23,Y,Social Media,UPI,New,1,2026-04-15,1799.57
CUST001296,Kamala Dugar,Bengaluru,2023-10-30,N,Social Media,Credit/Debit Card,New,1,2026-06-18,773.27
CUST001297,Urvashi Korpal,Mumbai,2024-07-27,N,Organic,UPI,Occasional,2,2026-05-29,2135.07
CUST001298,Megha Narayan,Mumbai,2023-08-21,N,Organic,Credit/Debit Card,New,1,2026-05-26,1608.7
CUST001299,Faras Pingle,Mumbai,2023-03-31,N,Paid Search,UPI,Registered Only,0,,0.0
CUST001300,Siddharth Iyengar,Bengaluru,2023-10-23,N,Referral,UPI,Premium,9,2026-06-07,10570.66
CUST001301,Veda Halder,Delhi NCR,2024-07-13,N,Paid Search,UPI,Premium,8,2026-06-23,9114.45
CUST001302,Oscar Bobal,Pune,2023-06-15,Y,Social Media,UPI,Occasional,4,2026-06-11,5336.12
CUST001303,Gabriel Hayre,Bengaluru,2024-10-26,N,Organic,UPI,Occasional,3,2026-06-18,2743.26
CUST001304,Yashodhara Chada,Hyderabad,2024-05-25,N,Organic,UPI,New,1,2026-04-23,388.96
CUST001305,Amaira Varma,Delhi NCR,2025-06-30,N,Referral,Wallet,Registered Only,0,,0.0
CUST001306,Laban Samra,Hyderabad,2025-10-05,N,Organic,UPI,Registered Only,0,,0.0
CUST001307,Jagdish Bir,Mumbai,2025-11-10,Y,Partner Campaign,Credit/Debit Card,Occasional,2,2026-06-16,1047.65
CUST001308,Aashi Rai,Hyderabad,2026-02-15,N,Paid Search,UPI,Registered Only,0,,0.0
CUST001309,Michael Devan,Mumbai,2024-05-08,Y,Referral,Credit/Debit Card,New,1,2026-06-25,945.29
CUST001310,Advaith Sekhon,Bengaluru,2025-06-19,N,Organic,Credit/Debit Card,Premium,2,2026-05-19,8945.35
CUST001311,Nimrat Ramakrishnan,Hyderabad,2024-05-09,N,Organic,Credit/Debit Card,New,1,2026-05-16,2711.36
CUST001312,Manthan Sehgal,Bengaluru,2023-03-30,Y,Partner Campaign,UPI,New,1,2026-04-29,171.63
CUST001313,Bhavya Manne,Mumbai,2024-07-10,N,Paid Search,Net Banking,Premium,13,2026-06-28,18716.46
CUST001314,Ayaan Lal,Pune,2024-10-22,N,Paid Search,Net Banking,Occasional,3,2026-06-22,2991.48
CUST001315,Triveni Tak,Hyderabad,2026-03-10,N,Organic,Net Banking,Occasional,3,2026-06-26,2075.09
CUST001316,Aarna Narula,Hyderabad,2024-08-07,Y,Paid Search,Credit/Debit Card,New,1,2026-06-25,1858.1
CUST001317,Neha Muni,Pune,2024-12-06,N,Organic,UPI,New,1,2026-04-09,3765.06
CUST001318,Chaitaly Datta,Pune,2024-05-10,Y,Organic,UPI,Occasional,4,2026-06-17,4448.8
CUST001319,Gautami Bal,Delhi NCR,2023-11-15,N,Paid Search,Net Banking,Regular,6,2026-05-14,4862.61
CUST001320,Oviya Tripathi,Hyderabad,2025-05-26,N,Social Media,UPI,Premium,77,2026-06-27,69771.03
CUST001321,Rayaan Chacko,Bengaluru,2024-03-11,Y,Paid Search,UPI,New,1,2026-05-23,550.28
CUST001322,Amaira Thaker,Bengaluru,2023-08-02,N,Partner Campaign,UPI,Registered Only,0,,0.0
CUST001323,Pratyush Chaudhary,Delhi NCR,2026-02-27,N,Referral,UPI,New,1,2026-04-21,518.35
CUST001324,Elijah Randhawa,Mumbai,2023-06-08,N,Referral,UPI,Occasional,3,2026-06-24,4286.26
CUST001325,Bhavna Biswas,Mumbai,2025-08-31,N,Social Media,UPI,Occasional,2,2026-05-17,36.6
CUST001326,Anjali Subramanian,Hyderabad,2024-11-23,N,Social Media,Cash on Delivery,Registered Only,0,,0.0
CUST001327,Gaurika Setty,Bengaluru,2024-10-04,Y,Social Media,Credit/Debit Card,New,1,2026-04-05,419.4
CUST001328,Udyati Bahl,Chennai,2026-01-28,N,Paid Search,UPI,Occasional,3,2026-06-29,1764.0
CUST001329,Bhavini Kannan,Chennai,2023-10-05,N,Organic,Credit/Debit Card,Occasional,3,2026-06-15,2605.81
CUST001330,Sneha Bajaj,Delhi NCR,2024-02-08,Y,Organic,Credit/Debit Card,Registered Only,0,,0.0
CUST001331,Umang Warrior,Delhi NCR,2024-03-28,N,Organic,UPI,Occasional,2,2026-04-19,5153.92
CUST001332,Nachiket Walla,Mumbai,2025-09-27,N,Organic,UPI,Registered Only,0,,0.0
CUST001333,Rachit Bhavsar,Bengaluru,2024-04-10,N,Organic,Net Banking,Premium,11,2026-06-22,15891.45
CUST001334,Vamakshi Kumar,Pune,2025-07-10,N,Paid Search,UPI,Registered Only,0,,0.0
CUST001335,Ojasvi Walla,Mumbai,2023-04-05,Y,Referral,Credit/Debit Card,Occasional,3,2026-06-19,2324.53
CUST001336,Madhavi Hans,Bengaluru,2024-08-10,N,Organic,Credit/Debit Card,Occasional,2,2026-06-03,1001.36
CUST001337,Elijah Chander,Mumbai,2026-01-09,Y,Paid Search,Credit/Debit Card,New,1,2026-06-29,218.46
CUST001338,Wriddhish Srinivas,Pune,2024-08-27,Y,Referral,UPI,Occasional,2,2026-05-10,3132.64
CUST001339,Dayita Ghose,Bengaluru,2024-12-10,N,Social Media,UPI,Registered Only,0,,0.0
CUST001340,Agastya Kant,Hyderabad,2025-02-22,N,Referral,UPI,Registered Only,0,,0.0
CUST001341,Chandresh Loke,Bengaluru,2023-05-31,N,Organic,Cash on Delivery,New,1,2026-05-12,707.03
CUST001342,Triya Dugar,Bengaluru,2024-10-30,N,Organic,UPI,New,1,2026-06-05,780.83
CUST001343,Chandresh Dalal,Pune,2023-07-21,N,Paid Search,UPI,New,1,2026-04-07,419.72
CUST001344,Ucchal Ravel,Mumbai,2026-02-14,N,Social Media,Credit/Debit Card,Registered Only,0,,0.0
CUST001345,Yasti Bal,Chennai,2026-02-11,N,Organic,UPI,Registered Only,0,,0.0
CUST001346,Mason Kibe,Chennai,2025-05-03,N,Social Media,UPI,Occasional,2,2026-05-12,1339.05
CUST001347,Charles Ramesh,Delhi NCR,2025-09-03,N,Social Media,Credit/Debit Card,Occasional,2,2026-06-13,1467.68
CUST001348,Chatura Varkey,Mumbai,2025-11-10,Y,Referral,UPI,Premium,17,2026-06-26,19928.28
CUST001349,Michael Rau,Bengaluru,2024-12-28,N,Partner Campaign,Cash on Delivery,New,1,2026-04-11,133.88
CUST001350,Tristan Sule,Delhi NCR,2025-09-07,N,Paid Search,UPI,New,1,2026-06-27,2574.89
CUST001351,Onkar Ghosh,Bengaluru,2024-11-15,N,Social Media,Cash on Delivery,New,1,2026-05-25,210.44
CUST001352,Bachittar Bawa,Chennai,2026-02-21,N,Paid Search,UPI,New,1,2026-06-18,415.22
CUST001353,Harrison Loyal,Pune,2024-04-28,N,Referral,UPI,Occasional,3,2026-06-28,3408.28
CUST001354,Upadhriti Sangha,Pune,2025-10-16,N,Referral,Cash on Delivery,Occasional,3,2026-06-27,3393.32
CUST001355,Ikbal Wable,Pune,2023-05-08,N,Referral,Credit/Debit Card,Regular,5,2026-06-18,2801.65
CUST001356,Zinal Gour,Bengaluru,2025-01-15,N,Referral,Credit/Debit Card,Occasional,2,2026-06-28,2950.3
CUST001357,Omaja Chatterjee,Hyderabad,2023-10-20,N,Referral,Cash on Delivery,New,1,2026-04-05,381.8
CUST001358,Ijaya Aurora,Delhi NCR,2024-08-17,Y,Organic,UPI,Premium,11,2026-06-24,17533.68
CUST001359,Chaman Gokhale,Delhi NCR,2026-01-31,N,Organic,UPI,Occasional,2,2026-05-20,824.72
CUST001360,Wriddhish Dixit,Bengaluru,2024-03-14,Y,Referral,Credit/Debit Card,Occasional,2,2026-06-18,1483.37
CUST001361,Avi Om,Hyderabad,2024-09-23,Y,Referral,UPI,New,1,2026-06-21,308.71
CUST001362,Ekanta Shanker,Hyderabad,2024-08-28,N,Organic,UPI,Registered Only,0,,0.0
CUST001363,Bina Sridhar,Delhi NCR,2023-04-09,Y,Organic,Credit/Debit Card,Occasional,2,2026-06-22,2640.32
CUST001364,Dalaja Iyengar,Bengaluru,2023-07-16,Y,Organic,UPI,Occasional,3,2026-06-08,4480.07
CUST001365,Lakshit Dhaliwal,Chennai,2025-11-20,N,Paid Search,Cash on Delivery,Registered Only,0,,0.0
CUST001366,Praneel Comar,Delhi NCR,2025-11-20,N,Referral,UPI,Registered Only,0,,0.0
CUST001367,Chandani Goswami,Mumbai,2025-03-29,N,Paid Search,Wallet,Registered Only,0,,0.0
CUST001368,Daniel Sood,Delhi NCR,2024-08-05,N,Referral,UPI,Regular,6,2026-06-06,5530.7
CUST001369,Warhi Pradhan,Hyderabad,2025-06-17,N,Paid Search,UPI,Registered Only,0,,0.0
CUST001370,Harinakshi Taneja,Pune,2024-10-20,N,Partner Campaign,UPI,New,1,2026-05-12,2515.64
CUST001371,Rehaan Nair,Hyderabad,2023-06-18,N,Organic,Credit/Debit Card,Regular,5,2026-06-21,3006.39
CUST001372,Adweta Banik,Bengaluru,2025-11-09,N,Organic,Credit/Debit Card,Registered Only,0,,0.0
CUST001373,Jagrati Master,Pune,2025-03-06,N,Organic,UPI,Registered Only,0,,0.0
CUST001374,Garima Talwar,Hyderabad,2024-07-28,Y,Social Media,UPI,Occasional,4,2026-06-29,5148.94
CUST001375,Nisha Chana,Chennai,2025-05-12,N,Partner Campaign,UPI,Regular,7,2026-06-23,6572.2
CUST001376,Yochana D’Alia,Delhi NCR,2023-10-02,N,Social Media,Wallet,Registered Only,0,,0.0
CUST001377,Zilmil Pandey,Mumbai,2023-09-24,N,Paid Search,UPI,Occasional,2,2026-06-21,3899.19
CUST001378,Zarna Peri,Mumbai,2025-02-09,N,Paid Search,Credit/Debit Card,Premium,4,2026-05-08,9627.41
CUST001379,Lila Kannan,Delhi NCR,2025-05-31,N,Social Media,UPI,Premium,10,2026-06-25,14174.33
CUST001380,Meghana Kapadia,Bengaluru,2024-01-13,Y,Partner Campaign,UPI,Regular,5,2026-06-29,1577.23
CUST001381,Ishanvi Karnik,Bengaluru,2023-10-31,N,Paid Search,Credit/Debit Card,New,1,2026-05-09,897.55
CUST001382,Harita Dayal,Hyderabad,2024-07-28,Y,Organic,Credit/Debit Card,Occasional,2,2026-06-09,1462.56
CUST001383,Quincy Upadhyay,Mumbai,2025-03-24,N,Partner Campaign,UPI,Registered Only,0,,0.0
CUST001384,Zarna Raval,Hyderabad,2023-09-07,N,Paid Search,Credit/Debit Card,New,1,2026-05-11,1418.09
CUST001385,Tanish Vala,Pune,2024-08-14,N,Referral,UPI,Premium,4,2026-06-22,9926.59
CUST001386,Xavier Raj,Pune,2025-03-16,N,Partner Campaign,UPI,Occasional,2,2026-05-18,1245.33
CUST001387,Ekantika Acharya,Hyderabad,2023-03-30,N,Partner Campaign,UPI,Premium,11,2026-06-24,8764.07
CUST001388,Charan Venkatesh,Delhi NCR,2026-03-13,Y,Organic,Credit/Debit Card,Registered Only,0,,0.0
CUST001389,Chanakya Baria,Hyderabad,2024-06-05,N,Social Media,UPI,Regular,5,2026-06-13,7860.86
CUST001390,Wriddhish Pant,Mumbai,2024-08-19,N,Organic,UPI,Occasional,2,2026-04-19,2118.06
CUST001391,Amrita Brar,Chennai,2025-09-10,N,Paid Search,Cash on Delivery,Occasional,2,2026-06-23,1034.52
CUST001392,Ranbir Nayar,Pune,2023-11-03,Y,Paid Search,UPI,Premium,12,2026-06-27,7228.0
CUST001393,Ria Gokhale,Pune,2024-01-19,N,Paid Search,Credit/Debit Card,Premium,9,2026-06-25,14006.88
CUST001394,Triveni Bassi,Pune,2023-06-29,N,Organic,UPI,Occasional,3,2026-05-02,2358.57
CUST001395,Dipta Ganguly,Bengaluru,2024-07-24,N,Organic,Credit/Debit Card,New,1,2026-04-18,55.82
CUST001396,Meera Bhagat,Hyderabad,2024-10-14,Y,Referral,UPI,Registered Only,0,,0.0
CUST001397,Jagdish Chada,Hyderabad,2023-09-22,Y,Paid Search,Cash on Delivery,New,1,2026-05-19,978.29
CUST001398,Chatura Rege,Hyderabad,2023-04-11,N,Partner Campaign,Wallet,Occasional,2,2026-06-14,960.95
CUST001399,Daksha Chatterjee,Bengaluru,2025-11-05,N,Referral,UPI,Occasional,4,2026-05-24,4211.19
CUST001400,Hritik Radhakrishnan,Pune,2025-04-13,N,Paid Search,UPI,Premium,7,2026-06-27,8194.71
CUST001401,Rehaan Sampath,Bengaluru,2024-01-24,N,Organic,UPI,Occasional,3,2026-06-10,2887.52
CUST001402,Bakhshi Parmar,Mumbai,2024-11-06,N,Organic,UPI,Registered Only,0,,0.0
CUST001403,Mohini Sha,Hyderabad,2024-11-19,Y,Organic,Credit/Debit Card,Registered Only,0,,0.0
CUST001404,Chanakya Kakar,Bengaluru,2024-12-06,Y,Paid Search,Cash on Delivery,Occasional,2,2026-05-14,3645.94
CUST001405,Nitesh Gandhi,Pune,2023-04-12,Y,Paid Search,UPI,Occasional,2,2026-06-21,1369.12
CUST001406,Logan Pau,Chennai,2024-02-16,N,Referral,UPI,Occasional,4,2026-06-16,5896.19
CUST001407,Bhavya Iyer,Bengaluru,2023-04-12,N,Organic,UPI,Registered Only,0,,0.0
CUST001408,Diya Shanker,Delhi NCR,2024-04-24,N,Social Media,Net Banking,Occasional,3,2026-06-22,2735.77
CUST001409,Ayaan Dugar,Hyderabad,2025-01-06,N,Referral,Cash on Delivery,New,1,2026-05-06,130.15
CUST001410,Riya Kaul,Delhi NCR,2025-11-23,N,Paid Search,Credit/Debit Card,Registered Only,0,,0.0
CUST001411,Advika Vig,Bengaluru,2025-05-09,N,Organic,UPI,Registered Only,0,,0.0
CUST001412,Yug Shukla,Bengaluru,2025-10-04,N,Organic,Cash on Delivery,New,1,2026-04-03,1061.73
CUST001413,Orinder Kannan,Mumbai,2024-05-18,N,Social Media,Credit/Debit Card,New,1,2026-05-02,3644.26
CUST001414,Advaith Chokshi,Pune,2025-08-30,Y,Organic,UPI,Registered Only,0,,0.0
CUST001415,Vinaya Peri,Bengaluru,2024-03-15,Y,Social Media,UPI,Occasional,2,2026-06-05,1909.31
CUST001416,Ojas Choudhry,Delhi NCR,2025-07-12,N,Referral,UPI,Registered Only,0,,0.0
CUST001417,Ishanvi Guha,Mumbai,2025-02-14,N,Organic,UPI,Registered Only,0,,0.0
CUST001418,Bhavini Pillai,Bengaluru,2024-04-06,N,Organic,Credit/Debit Card,Premium,16,2026-06-27,15945.07
CUST001419,Brinda Dar,Mumbai,2024-07-14,N,Organic,UPI,Registered Only,0,,0.0
CUST001420,Jagrati Chad,Hyderabad,2025-09-19,N,Referral,UPI,New,1,2026-04-18,2336.38
CUST001421,Anusha Master,Pune,2023-09-28,N,Paid Search,Credit/Debit Card,Registered Only,0,,0.0
CUST001422,Raghav Sundaram,Delhi NCR,2025-01-10,N,Social Media,Credit/Debit Card,New,1,2026-05-12,2864.62
CUST001423,Ekapad Dhingra,Delhi NCR,2023-07-08,N,Social Media,UPI,Occasional,3,2026-05-06,3769.94
CUST001424,Ganga Nanda,Chennai,2025-07-23,Y,Social Media,UPI,New,1,2026-06-13,368.18
CUST001425,Anamika Sarna,Delhi NCR,2023-08-11,N,Organic,UPI,Registered Only,0,,0.0
CUST001426,Jatin Manne,Hyderabad,2023-11-29,Y,Paid Search,Cash on Delivery,Regular,5,2026-06-13,2166.96
CUST001427,Lajita Halder,Hyderabad,2023-11-17,N,Partner Campaign,Credit/Debit Card,New,1,2026-05-09,22.42
CUST001428,Rajeshri Kakar,Bengaluru,2025-05-20,N,Partner Campaign,Credit/Debit Card,Occasional,3,2026-05-28,6186.96
CUST001429,Nirja Rajan,Chennai,2023-06-06,N,Organic,Wallet,Occasional,3,2026-06-16,1106.6
CUST001430,Deepa Dua,Bengaluru,2023-11-07,N,Social Media,UPI,Occasional,3,2026-05-22,2998.68
CUST001431,Nirja Srinivasan,Bengaluru,2024-05-09,Y,Referral,Credit/Debit Card,Occasional,3,2026-06-02,2431.7
CUST001432,Amol Andra,Mumbai,2025-08-13,N,Referral,Credit/Debit Card,Premium,7,2026-06-29,11552.56
CUST001433,Anamika Nori,Hyderabad,2024-11-12,N,Organic,Cash on Delivery,Occasional,2,2026-05-13,2162.11
CUST001434,Girik Dua,Bengaluru,2026-03-06,N,Paid Search,UPI,Occasional,2,2026-06-07,2581.6
CUST001435,Lavanya Mahajan,Pune,2026-03-13,N,Organic,Credit/Debit Card,Registered Only,0,,0.0
CUST001436,Elijah Mitter,Bengaluru,2024-08-05,N,Paid Search,UPI,New,1,2026-04-12,0.0
CUST001437,Odika Dayal,Delhi NCR,2025-02-19,N,Referral,UPI,Occasional,4,2026-06-28,925.31
CUST001438,Gautam Kari,Bengaluru,2023-04-16,N,Organic,UPI,New,1,2026-04-28,1465.52
CUST001439,Warinder Chana,Bengaluru,2023-11-26,Y,Referral,Credit/Debit Card,Registered Only,0,,0.0
CUST001440,Vasatika Ben,Pune,2023-06-14,N,Social Media,UPI,Occasional,4,2026-06-16,2579.92
CUST001441,Anusha Khosla,Chennai,2024-12-09,N,Paid Search,Cash on Delivery,Registered Only,0,,0.0
CUST001442,Isaac Sekhon,Chennai,2026-01-22,N,Paid Search,UPI,Occasional,3,2026-05-26,3508.64
CUST001443,Nisha Dara,Hyderabad,2025-09-24,N,Paid Search,UPI,New,1,2026-06-28,4626.32
CUST001444,Lavanya Dhar,Bengaluru,2023-09-08,N,Social Media,UPI,New,1,2026-05-31,508.5
CUST001445,Vyanjana Tank,Bengaluru,2025-12-18,N,Paid Search,UPI,Occasional,2,2026-05-04,1812.74
CUST001446,Mahika Thakur,Chennai,2023-08-03,Y,Organic,Cash on Delivery,New,1,2026-06-24,1063.68
CUST001447,Parth Kanda,Hyderabad,2023-06-28,Y,Social Media,Cash on Delivery,Premium,28,2026-06-28,29531.89
CUST001448,Aarnav Konda,Bengaluru,2024-06-27,N,Paid Search,Wallet,Occasional,2,2026-06-11,2389.75
CUST001449,Reyansh Mohanty,Pune,2023-05-26,N,Referral,UPI,Registered Only,0,,0.0
CUST001450,Yasti Pall,Bengaluru,2023-07-16,N,Partner Campaign,UPI,Premium,29,2026-06-29,31810.79
CUST001451,Gavin Mistry,Delhi NCR,2024-07-08,N,Partner Campaign,Credit/Debit Card,New,1,2026-04-12,829.45
CUST001452,Januja Batta,Pune,2025-12-17,N,Organic,UPI,New,1,2026-05-18,518.49
CUST001453,Priya Kala,Chennai,2025-05-31,N,Organic,UPI,Occasional,2,2026-06-25,2319.52
CUST001454,Bhavya Bawa,Mumbai,2025-02-27,Y,Referral,Cash on Delivery,Occasional,2,2026-04-17,748.81
CUST001455,Zayyan Nayak,Mumbai,2026-02-15,N,Partner Campaign,Net Banking,New,1,2026-04-28,1427.24
CUST001456,Rayaan Majumdar,Delhi NCR,2025-02-05,N,Organic,UPI,Occasional,4,2026-05-21,3348.34
CUST001457,Isha Vohra,Hyderabad,2024-01-31,N,Partner Campaign,UPI,Occasional,3,2026-06-24,2929.1
CUST001458,Samesh Dhaliwal,Pune,2025-05-07,N,Paid Search,UPI,New,1,2026-06-11,407.91
CUST001459,Kamala Kurian,Mumbai,2024-02-24,N,Social Media,UPI,Regular,7,2026-06-28,5390.9
CUST001460,Pavani Ram,Hyderabad,2024-11-04,N,Referral,Wallet,New,1,2026-05-11,216.81
CUST001461,Peter Jhaveri,Hyderabad,2023-06-12,N,Paid Search,Credit/Debit Card,Occasional,3,2026-06-06,4890.52
CUST001462,Naveen Chakrabarti,Hyderabad,2025-07-05,Y,Social Media,UPI,Registered Only,0,,0.0
CUST001463,Ranveer Narang,Mumbai,2023-12-09,N,Social Media,UPI,Regular,5,2026-06-27,1851.52
CUST001464,Caleb Bedi,Bengaluru,2024-02-28,N,Organic,UPI,Regular,8,2026-06-23,6920.51
CUST001465,Ganga Sekhon,Mumbai,2024-11-27,N,Paid Search,Wallet,New,1,2026-06-26,316.65
CUST001466,Devansh Srinivas,Hyderabad,2026-03-29,N,Organic,UPI,Occasional,2,2026-06-29,261.84
CUST001467,Tanvi Mangat,Hyderabad,2026-01-28,N,Organic,Cash on Delivery,New,1,2026-04-28,668.62
CUST001468,Vrishti Chakraborty,Bengaluru,2025-09-30,N,Organic,Credit/Debit Card,Premium,12,2026-06-26,15079.97
CUST001469,Bhavika Loke,Mumbai,2026-02-03,N,Social Media,Credit/Debit Card,Occasional,3,2026-06-27,3101.53
CUST001470,Vaishnavi Buch,Bengaluru,2025-05-20,Y,Social Media,Cash on Delivery,Occasional,2,2026-06-23,1753.8
CUST001471,Gabriel Mall,Bengaluru,2026-01-31,Y,Paid Search,Wallet,New,1,2026-05-15,239.54
CUST001472,Mitesh Apte,Delhi NCR,2025-02-14,N,Partner Campaign,Credit/Debit Card,New,1,2026-05-11,1631.21
CUST001473,Dayamai Bhatt,Bengaluru,2025-03-08,Y,Social Media,UPI,Registered Only,0,,0.0
CUST001474,Yagnesh Lanka,Hyderabad,2025-05-24,N,Referral,UPI,Registered Only,0,,0.0
CUST001475,Jacob Subramaniam,Delhi NCR,2024-01-10,N,Organic,Wallet,Registered Only,0,,0.0
CUST001476,Maanas Dutta,Hyderabad,2025-06-25,N,Referral,Cash on Delivery,Registered Only,0,,0.0
CUST001477,Balveer Khalsa,Mumbai,2024-02-19,N,Organic,Cash on Delivery,Regular,6,2026-06-29,5454.71
CUST001478,Lavanya Khanna,Bengaluru,2024-09-28,N,Organic,UPI,Registered Only,0,,0.0
CUST001479,Charles Parmar,Mumbai,2026-03-17,Y,Social Media,UPI,Occasional,3,2026-05-03,2680.85
CUST001480,Lakshmi Handa,Bengaluru,2025-02-06,Y,Partner Campaign,Credit/Debit Card,New,1,2026-06-29,359.78
CUST001481,Aditya Bajaj,Pune,2023-04-15,N,Organic,UPI,New,1,2026-06-06,0.0
CUST001482,Arjun Raman,Mumbai,2023-07-05,N,Paid Search,UPI,Registered Only,0,,0.0
CUST001483,Andrew Lala,Chennai,2025-08-25,N,Organic,UPI,Registered Only,0,,0.0
CUST001484,Inaya Sodhi,Bengaluru,2025-09-10,Y,Paid Search,Cash on Delivery,Occasional,2,2026-05-22,723.99
CUST001485,Warjas Dar,Bengaluru,2026-03-30,N,Referral,UPI,Occasional,2,2026-05-23,1195.05
CUST001486,Warinder Sharaf,Pune,2024-07-14,N,Referral,UPI,Occasional,2,2026-06-19,872.0
CUST001487,Barkha Bahl,Bengaluru,2025-08-06,N,Referral,UPI,Regular,5,2026-06-05,5620.25
CUST001488,Manthan Sangha,Bengaluru,2024-07-21,Y,Social Media,UPI,Premium,8,2026-05-31,12100.94
CUST001489,Ijaya Shroff,Chennai,2023-07-02,Y,Paid Search,Cash on Delivery,Registered Only,0,,0.0
CUST001490,Devika Sarraf,Delhi NCR,2024-11-19,N,Paid Search,Credit/Debit Card,Occasional,4,2026-06-01,2042.62
CUST001491,Raagini Iyengar,Hyderabad,2025-03-05,N,Organic,Credit/Debit Card,Regular,8,2026-06-26,7631.86
CUST001492,Forum Wable,Bengaluru,2024-07-22,N,Social Media,UPI,Registered Only,0,,0.0
CUST001493,Indali Hari,Pune,2024-12-06,Y,Organic,Credit/Debit Card,New,1,2026-04-26,1401.38
CUST001494,Hitesh Nori,Delhi NCR,2024-09-22,N,Organic,UPI,Occasional,3,2026-06-01,4301.77
CUST001495,Yashica Raval,Bengaluru,2026-02-15,N,Referral,UPI,Regular,6,2026-06-29,2481.61
CUST001496,Diya Pal,Chennai,2025-07-28,N,Referral,UPI,Occasional,2,2026-04-29,2806.05
CUST001497,Finn Date,Chennai,2025-12-05,Y,Referral,UPI,Registered Only,0,,0.0
CUST001498,Tara Dua,Hyderabad,2024-07-05,N,Social Media,UPI,Registered Only,0,,0.0
CUST001499,Chavvi Ganesan,Mumbai,2024-10-28,N,Social Media,UPI,Registered Only,0,,0.0
CUST001500,Jagat Bajwa,Pune,2023-05-19,N,Paid Search,UPI,Registered Only,0,,0.0
CUST001501,Udarsh More,Pune,2026-03-24,N,Partner Campaign,Cash on Delivery,Occasional,2,2026-06-11,1471.49
CUST001502,Ganga Saini,Bengaluru,2023-10-30,N,Social Media,UPI,New,1,2026-04-18,773.26
CUST001503,Anirudh Yadav,Chennai,2024-08-09,N,Organic,Credit/Debit Card,Premium,10,2026-06-01,9855.49
CUST001504,Daksha Dhar,Bengaluru,2024-08-23,Y,Social Media,UPI,Occasional,2,2026-05-17,2791.65
CUST001505,Idika Kalla,Bengaluru,2024-08-12,N,Referral,UPI,Occasional,4,2026-05-31,3170.06
CUST001506,Nidhi Mandal,Hyderabad,2023-04-06,N,Social Media,UPI,Occasional,2,2026-06-06,990.88
CUST001507,Vasudha Gole,Delhi NCR,2025-01-13,N,Paid Search,UPI,Registered Only,0,,0.0
CUST001508,Champak Bhandari,Delhi NCR,2024-09-21,N,Social Media,Wallet,New,1,2026-06-01,112.71
CUST001509,Ekantika Bala,Pune,2023-11-12,Y,Paid Search,UPI,Occasional,3,2026-05-28,2048.87
CUST001510,Udarsh Goyal,Mumbai,2024-08-27,N,Partner Campaign,UPI,Registered Only,0,,0.0
CUST001511,Jackson Nair,Mumbai,2025-08-27,N,Social Media,UPI,New,1,2026-05-16,1947.8
CUST001512,Dhruv Mukhopadhyay,Delhi NCR,2024-12-14,N,Organic,UPI,Regular,6,2026-06-29,4920.34
CUST001513,Gavin Arora,Mumbai,2025-08-23,N,Organic,Credit/Debit Card,New,1,2026-04-05,1463.4
CUST001514,Ekantika Dugar,Bengaluru,2025-08-17,N,Organic,Credit/Debit Card,Registered Only,0,,0.0
CUST001515,Oni Shenoy,Pune,2025-10-18,Y,Paid Search,Credit/Debit Card,Registered Only,0,,0.0
CUST001516,Dev Pandya,Pune,2023-12-10,N,Organic,Credit/Debit Card,Occasional,2,2026-04-14,1934.22
CUST001517,Nihal Date,Pune,2023-10-26,N,Organic,UPI,New,1,2026-05-09,2595.08
CUST001518,Janya Radhakrishnan,Mumbai,2025-02-12,N,Partner Campaign,Wallet,Occasional,4,2026-06-09,4219.76
CUST001519,David Swamy,Chennai,2025-09-24,Y,Paid Search,UPI,Registered Only,0,,0.0
CUST001520,Maanas Sheth,Bengaluru,2024-03-28,N,Organic,UPI,Occasional,2,2026-06-26,906.43
CUST001521,Divya Dada,Hyderabad,2025-06-01,N,Organic,UPI,Occasional,4,2026-06-29,3967.5
CUST001522,Yashica Sarkar,Chennai,2023-06-17,N,Paid Search,Credit/Debit Card,Occasional,2,2026-06-16,1987.3
CUST001523,Darpan Dar,Pune,2024-06-09,N,Organic,Credit/Debit Card,New,1,2026-05-08,2584.89
CUST001524,Rehaan Bhatti,Delhi NCR,2024-05-17,Y,Social Media,Net Banking,Registered Only,0,,0.0
CUST001525,Gabriel Balasubramanian,Bengaluru,2023-08-20,N,Social Media,Cash on Delivery,New,1,2026-06-12,2434.48
CUST001526,Kevin Basak,Mumbai,2025-01-26,N,Paid Search,UPI,New,1,2026-06-20,399.68
CUST001527,Anay Jha,Hyderabad,2023-06-15,Y,Organic,Credit/Debit Card,Registered Only,0,,0.0
CUST001528,Advik Khanna,Mumbai,2024-06-30,N,Organic,UPI,New,1,2026-06-19,329.86
CUST001529,Mohammed Bhandari,Bengaluru,2026-03-15,N,Paid Search,UPI,Occasional,2,2026-05-03,2900.29
CUST001530,Raghav Varughese,Delhi NCR,2025-03-08,N,Partner Campaign,Credit/Debit Card,New,1,2026-05-28,206.27
CUST001531,Bakhshi Talwar,Hyderabad,2024-12-22,N,Partner Campaign,Cash on Delivery,New,1,2026-04-08,497.52
CUST001532,Chanchal Kapadia,Hyderabad,2023-11-16,Y,Referral,Credit/Debit Card,Occasional,2,2026-06-16,1131.82
CUST001533,Hamsini Master,Bengaluru,2025-09-02,N,Paid Search,UPI,Registered Only,0,,0.0
CUST001534,Edhitha Oak,Pune,2023-07-14,Y,Organic,UPI,New,1,2026-06-10,182.1
CUST001535,Jonathan Bajwa,Delhi NCR,2024-07-16,N,Organic,UPI,New,1,2026-05-16,1295.76
CUST001536,Zashil Dhar,Bengaluru,2024-08-16,N,Organic,UPI,Occasional,3,2026-05-20,2758.84
CUST001537,Idika Bhargava,Chennai,2025-12-12,Y,Organic,UPI,Occasional,4,2026-06-25,4475.51
CUST001538,Anthony Bir,Delhi NCR,2023-04-02,N,Referral,UPI,New,1,2026-05-24,0.0
CUST001539,Wakeeta Shetty,Chennai,2023-05-30,Y,Paid Search,Credit/Debit Card,New,1,2026-05-09,3722.94
CUST001540,Daksha Kapoor,Mumbai,2023-12-08,Y,Referral,UPI,Premium,19,2026-06-29,16570.0
CUST001541,Amruta Kulkarni,Mumbai,2025-11-22,N,Paid Search,Net Banking,Registered Only,0,,0.0
CUST001542,Yashasvi Gara,Mumbai,2023-08-06,Y,Social Media,Credit/Debit Card,Premium,10,2026-06-29,10054.32
CUST001543,Lakshmi Mallick,Delhi NCR,2023-07-14,Y,Social Media,Credit/Debit Card,Occasional,2,2026-04-30,1194.25
CUST001544,Christopher Boase,Bengaluru,2025-06-26,N,Paid Search,UPI,Registered Only,0,,0.0
CUST001545,Samar Mander,Bengaluru,2024-03-09,N,Paid Search,Net Banking,New,1,2026-05-19,2756.91
CUST001546,Eshana Natarajan,Chennai,2024-01-29,N,Paid Search,UPI,Occasional,3,2026-06-07,2581.92
CUST001547,Vasatika Nigam,Bengaluru,2025-09-19,N,Referral,Credit/Debit Card,Registered Only,0,,0.0
CUST001548,Panini Buch,Pune,2024-04-15,N,Referral,Credit/Debit Card,Occasional,2,2026-06-18,4604.83
CUST001549,Patrick Som,Mumbai,2024-06-16,Y,Social Media,Credit/Debit Card,Occasional,3,2026-06-19,990.86
CUST001550,Kalpit Rastogi,Bengaluru,2024-07-25,N,Organic,UPI,Occasional,2,2026-06-05,1423.07
CUST001551,Yutika Tandon,Bengaluru,2026-03-10,N,Paid Search,UPI,Occasional,3,2026-06-18,5650.2
CUST001552,Isaac Rege,Bengaluru,2023-12-12,Y,Partner Campaign,UPI,Premium,11,2026-06-22,8304.48
CUST001553,Bachittar Dayal,Bengaluru,2023-12-16,N,Referral,Credit/Debit Card,Occasional,2,2026-05-13,4814.8
CUST001554,Robert Sagar,Hyderabad,2024-01-31,N,Organic,Credit/Debit Card,Registered Only,0,,0.0
CUST001555,Lakshit Devi,Hyderabad,2024-06-20,N,Paid Search,Credit/Debit Card,Occasional,4,2026-06-24,5465.43
CUST001556,Gaurav Kala,Bengaluru,2023-10-11,N,Referral,UPI,Regular,5,2026-06-23,3537.75
CUST001557,Ikshita Bahl,Chennai,2023-07-14,Y,Organic,UPI,Occasional,2,2026-06-08,3819.24
CUST001558,Advaith Dara,Hyderabad,2024-12-02,N,Partner Campaign,UPI,New,1,2026-05-12,1241.22
CUST001559,Mason Sanghvi,Bengaluru,2025-03-01,N,Organic,Credit/Debit Card,Registered Only,0,,0.0
CUST001560,Widisha Ram,Delhi NCR,2025-05-27,N,Organic,UPI,Occasional,2,2026-06-06,3304.93
CUST001561,Samesh Sarraf,Chennai,2023-10-31,Y,Social Media,Credit/Debit Card,Occasional,2,2026-06-28,1550.42
CUST001562,Harsh Chand,Chennai,2024-04-10,Y,Paid Search,UPI,New,1,2026-06-23,2763.52
CUST001563,Ojas Tank,Bengaluru,2025-08-24,Y,Organic,Cash on Delivery,Registered Only,0,,0.0
CUST001564,Hamsini Saxena,Delhi NCR,2025-05-09,Y,Paid Search,UPI,Occasional,4,2026-06-29,3819.08
CUST001565,Oeshi Jani,Bengaluru,2026-02-19,N,Organic,UPI,New,1,2026-04-29,1520.97
CUST001566,Teerth Dara,Bengaluru,2024-10-25,N,Paid Search,UPI,Regular,7,2026-06-19,5038.77
CUST001567,Timothy Parmar,Bengaluru,2026-03-11,N,Referral,Wallet,Regular,5,2026-06-18,5266.15
CUST001568,Isaac Viswanathan,Bengaluru,2023-08-25,N,Social Media,Cash on Delivery,New,1,2026-04-06,938.36
CUST001569,Chandani Dhingra,Bengaluru,2026-01-28,N,Partner Campaign,UPI,Registered Only,0,,0.0
CUST001570,Ayaan Bora,Delhi NCR,2024-12-05,N,Partner Campaign,UPI,Occasional,2,2026-05-16,2756.53
CUST001571,Maya Mann,Delhi NCR,2023-05-21,Y,Paid Search,UPI,Occasional,2,2026-06-17,2178.45
CUST001572,Teerth Vohra,Bengaluru,2024-02-20,N,Partner Campaign,Credit/Debit Card,Occasional,3,2026-05-23,1710.13
CUST001573,Avni Krishnamurthy,Bengaluru,2025-03-20,N,Organic,UPI,New,1,2026-04-08,1943.93
CUST001574,Nimrat Vora,Delhi NCR,2026-01-14,N,Paid Search,Credit/Debit Card,Regular,6,2026-06-14,5378.75
CUST001575,Logan Gara,Pune,2023-05-08,N,Partner Campaign,UPI,Occasional,2,2026-06-17,3598.97
CUST001576,Sarthak Tripathi,Pune,2024-04-08,N,Social Media,UPI,Regular,7,2026-06-22,5022.78
CUST001577,Ojas Mital,Bengaluru,2024-11-22,Y,Paid Search,UPI,New,1,2026-04-08,598.18
CUST001578,Luke Hora,Hyderabad,2024-07-25,N,Social Media,UPI,New,1,2026-04-13,5167.32
CUST001579,Xiti Balasubramanian,Mumbai,2025-12-18,Y,Organic,UPI,Registered Only,0,,0.0
CUST001580,Bhavini Batra,Mumbai,2024-11-07,Y,Social Media,Wallet,Registered Only,0,,0.0
CUST001581,Pranit Gola,Pune,2025-11-25,Y,Organic,Credit/Debit Card,Occasional,3,2026-05-17,1472.82
CUST001582,Vivaan Verma,Bengaluru,2025-01-06,N,Organic,UPI,New,1,2026-06-28,843.41
CUST001583,Lekha Sant,Bengaluru,2024-11-10,Y,Referral,UPI,New,1,2026-05-14,864.0
CUST001584,Leena Raj,Bengaluru,2026-02-13,N,Organic,Credit/Debit Card,New,1,2026-06-18,1217.53
CUST001585,Madhavi Patla,Chennai,2024-08-02,Y,Social Media,UPI,Registered Only,0,,0.0
CUST001586,Nicholas Raman,Hyderabad,2024-12-03,N,Partner Campaign,UPI,New,1,2026-04-27,966.72
CUST001587,Tara Vasa,Mumbai,2023-11-30,Y,Referral,Wallet,Occasional,4,2026-06-25,2989.32
CUST001588,Ekiya Raju,Chennai,2023-11-11,N,Paid Search,Credit/Debit Card,Registered Only,0,,0.0
CUST001589,Nachiket Devi,Mumbai,2024-07-14,N,Referral,Wallet,Registered Only,0,,0.0
CUST001590,Veer Ray,Delhi NCR,2023-10-19,N,Organic,UPI,Occasional,2,2026-05-09,2435.24
CUST001591,Aryan Narasimhan,Delhi NCR,2025-08-06,N,Referral,Cash on Delivery,New,1,2026-04-25,1925.85
CUST001592,Yashodhara Ratti,Bengaluru,2026-02-20,N,Paid Search,UPI,New,1,2026-05-07,4373.71
CUST001593,Veer Hora,Delhi NCR,2023-12-01,N,Referral,UPI,Occasional,2,2026-06-12,2411.25
CUST001594,Gunbir Datta,Pune,2024-07-23,N,Referral,UPI,Registered Only,0,,0.0
CUST001595,Yashodhara Gokhale,Delhi NCR,2025-09-01,N,Partner Campaign,Cash on Delivery,Registered Only,0,,0.0
CUST001596,Bina Mutti,Mumbai,2023-12-08,Y,Social Media,Wallet,Occasional,3,2026-06-04,2556.55
CUST001597,Tamanna Modi,Hyderabad,2025-05-02,Y,Partner Campaign,Net Banking,Registered Only,0,,0.0
CUST001598,Kavya Sathe,Pune,2023-10-15,N,Organic,Credit/Debit Card,Occasional,4,2026-06-22,3229.86
CUST001599,Charita Bakshi,Mumbai,2023-06-20,Y,Referral,UPI,Occasional,2,2026-04-28,4528.28
CUST001600,Hemani Sharma,Bengaluru,2025-05-13,N,Paid Search,UPI,Registered Only,0,,0.0
CUST001601,Orinder Raman,Delhi NCR,2025-11-01,N,Organic,UPI,New,1,2026-04-18,374.78
CUST001602,Harsh Bhavsar,Delhi NCR,2023-10-01,Y,Paid Search,Credit/Debit Card,Premium,15,2026-06-28,20849.37
CUST001603,Bimala Jani,Mumbai,2025-03-22,N,Paid Search,Credit/Debit Card,Registered Only,0,,0.0
CUST001604,Radhika Agrawal,Pune,2024-07-28,N,Partner Campaign,UPI,Regular,6,2026-06-25,5016.37
CUST001605,Oni Toor,Chennai,2025-10-27,Y,Social Media,UPI,New,1,2026-05-06,1028.47
CUST001606,Om Rai,Bengaluru,2024-10-11,N,Paid Search,Net Banking,New,1,2026-06-20,989.93
CUST001607,Noah Sheth,Mumbai,2024-08-06,Y,Social Media,UPI,Premium,10,2026-06-24,16580.38
CUST001608,Aadhya Brahmbhatt,Hyderabad,2025-07-21,Y,Social Media,Cash on Delivery,Premium,10,2026-06-27,8474.27
CUST001609,Elijah Gill,Chennai,2024-03-04,Y,Organic,UPI,Premium,32,2026-06-29,32514.07
CUST001610,Yochana Kala,Mumbai,2026-03-25,N,Paid Search,Wallet,New,1,2026-05-05,1498.98
CUST001611,Frado Pingle,Pune,2024-12-19,N,Referral,Wallet,Occasional,2,2026-05-25,1816.53
CUST001612,Gauri Pathak,Chennai,2025-09-09,Y,Organic,UPI,New,1,2026-04-24,1217.48
CUST001613,Chameli Menon,Delhi NCR,2025-04-13,N,Organic,Wallet,Occasional,2,2026-05-16,0.0
CUST001614,Nilima Dhillon,Hyderabad,2026-01-14,N,Referral,UPI,Registered Only,0,,0.0
CUST001615,Shivansh Pau,Bengaluru,2025-10-19,N,Partner Campaign,Credit/Debit Card,Occasional,2,2026-04-27,2555.85
CUST001616,Shravya Gokhale,Bengaluru,2024-08-03,N,Social Media,Credit/Debit Card,Registered Only,0,,0.0
CUST001617,Zansi Prakash,Bengaluru,2024-01-03,N,Social Media,Credit/Debit Card,Regular,5,2026-06-17,2932.16
CUST001618,Deepa Rajagopal,Hyderabad,2024-04-30,Y,Referral,Wallet,Occasional,3,2026-06-27,5400.36
CUST001619,Ishita Naik,Bengaluru,2024-11-27,N,Organic,Cash on Delivery,Occasional,2,2026-06-18,3145.6
CUST001620,Niharika Ray,Mumbai,2025-02-27,N,Organic,Net Banking,Occasional,3,2026-06-26,3752.45
CUST001621,Reyansh Cheema,Mumbai,2024-09-09,N,Organic,Net Banking,Occasional,4,2026-06-10,4974.65
CUST001622,Rachit Garg,Bengaluru,2024-07-09,Y,Partner Campaign,UPI,Occasional,4,2026-05-31,2362.58
CUST001623,Abdul Nagarajan,Hyderabad,2025-12-25,N,Referral,Cash on Delivery,New,1,2026-05-17,999.42
CUST001624,Yochana Sharaf,Bengaluru,2023-10-13,Y,Referral,Credit/Debit Card,New,1,2026-05-06,582.75
CUST001625,Jasmit Bal,Mumbai,2023-06-19,N,Organic,UPI,Occasional,2,2026-05-04,2798.64
CUST001626,Ridhi Patel,Hyderabad,2023-08-24,Y,Paid Search,UPI,Occasional,3,2026-06-20,1971.28
CUST001627,Harshil Narayan,Chennai,2026-01-26,N,Paid Search,UPI,New,1,2026-06-23,0.0
CUST001628,Balvan Raval,Hyderabad,2024-09-14,N,Partner Campaign,UPI,New,1,2026-04-18,2020.86
CUST001629,Jai Mangat,Bengaluru,2023-10-17,N,Partner Campaign,Credit/Debit Card,Registered Only,0,,0.0
CUST001630,Chakradhar Loke,Delhi NCR,2025-06-16,N,Paid Search,Cash on Delivery,Occasional,2,2026-06-24,3569.68
CUST001631,Aashi Chana,Hyderabad,2023-08-18,N,Organic,Cash on Delivery,Registered Only,0,,0.0
CUST001632,Pooja Parmer,Mumbai,2025-03-06,N,Organic,UPI,Occasional,4,2026-06-24,3392.22
CUST001633,Barkha Balay,Mumbai,2024-07-02,N,Partner Campaign,Credit/Debit Card,Premium,9,2026-06-11,10467.51
CUST001634,Bhavani Kakar,Mumbai,2024-09-15,N,Referral,Wallet,Regular,5,2026-06-22,2668.13
CUST001635,Hitesh Puri,Pune,2024-06-18,N,Social Media,Credit/Debit Card,Premium,8,2026-06-02,8309.89
CUST001636,Michael Purohit,Mumbai,2025-02-19,N,Organic,Cash on Delivery,New,1,2026-04-27,915.81
CUST001637,Ishani Chana,Chennai,2025-06-18,N,Organic,UPI,Occasional,2,2026-06-25,1181.28
CUST001638,Baljiwan Dhar,Hyderabad,2024-12-21,Y,Referral,Cash on Delivery,New,1,2026-05-06,728.39
CUST001639,Chaitanya Shroff,Delhi NCR,2026-01-22,Y,Organic,UPI,New,1,2026-06-28,2085.25
CUST001640,Nisha Warrior,Bengaluru,2025-09-16,N,Referral,Credit/Debit Card,New,1,2026-05-08,838.2
CUST001641,Benjamin Bumb,Chennai,2024-04-29,N,Organic,Wallet,Occasional,4,2026-06-23,1073.44
CUST001642,Reva Parikh,Bengaluru,2025-05-05,N,Paid Search,Cash on Delivery,Registered Only,0,,0.0
CUST001643,Nikita Balakrishnan,Hyderabad,2025-07-05,N,Referral,Credit/Debit Card,Regular,5,2026-05-17,3381.98
CUST001644,Naveen Goyal,Bengaluru,2023-05-19,Y,Paid Search,UPI,Premium,6,2026-06-27,8053.0
CUST001645,Adya Lad,Hyderabad,2026-02-12,N,Social Media,Cash on Delivery,New,1,2026-05-05,972.94
CUST001646,Brijesh Dewan,Mumbai,2024-12-30,N,Organic,Wallet,Occasional,4,2026-06-26,2366.84
CUST001647,Raagini Dasgupta,Hyderabad,2024-09-12,N,Organic,Wallet,Registered Only,0,,0.0
CUST001648,Odika Gade,Chennai,2024-09-07,Y,Partner Campaign,UPI,New,1,2026-04-08,1051.11
CUST001649,Daksha Balakrishnan,Pune,2026-02-25,N,Organic,Credit/Debit Card,New,1,2026-04-19,2279.17
CUST001650,Ojas Bora,Bengaluru,2024-03-18,N,Partner Campaign,Credit/Debit Card,Registered Only,0,,0.0
CUST001651,Warinder Maharaj,Bengaluru,2024-12-26,N,Organic,UPI,Occasional,2,2026-06-04,3491.73
CUST001652,Hritik Yadav,Chennai,2024-07-11,N,Partner Campaign,Cash on Delivery,Occasional,2,2026-06-26,804.59
CUST001653,Max Sarin,Delhi NCR,2024-11-21,N,Social Media,UPI,New,1,2026-05-18,507.51
CUST001654,Chaitaly Dubey,Bengaluru,2023-12-25,Y,Partner Campaign,UPI,Registered Only,0,,0.0
CUST001655,Vamakshi Shan,Bengaluru,2025-03-20,Y,Partner Campaign,UPI,Registered Only,0,,0.0
CUST001656,Utkarsh Reddy,Mumbai,2025-07-06,Y,Referral,UPI,Registered Only,0,,0.0
CUST001657,Frederick Gour,Delhi NCR,2024-10-03,N,Referral,UPI,Occasional,2,2026-06-27,646.78
CUST001658,Amaira Yadav,Bengaluru,2026-01-17,Y,Partner Campaign,Cash on Delivery,Registered Only,0,,0.0
CUST001659,Anika Nayak,Bengaluru,2024-11-07,N,Organic,UPI,Premium,5,2026-06-23,8889.51
CUST001660,Turvi Jhaveri,Pune,2023-08-02,Y,Paid Search,Cash on Delivery,New,1,2026-04-03,312.87
CUST001661,Shivani Sule,Bengaluru,2023-11-08,Y,Organic,UPI,New,1,2026-05-31,2239.85
CUST001662,Lopa Shan,Hyderabad,2023-08-25,N,Organic,Credit/Debit Card,Occasional,4,2026-06-19,2175.89
CUST001663,Edhitha Shetty,Pune,2024-04-09,N,Social Media,UPI,Premium,13,2026-06-29,17429.13
CUST001664,Rajeshri Rana,Mumbai,2023-08-23,N,Organic,UPI,Premium,10,2026-06-25,7949.79
CUST001665,Urmi Dara,Delhi NCR,2025-01-06,N,Social Media,UPI,New,1,2026-06-17,1488.87
CUST001666,Ishita Din,Chennai,2024-02-04,N,Social Media,Wallet,New,1,2026-05-04,733.91
CUST001667,Qabil Samra,Pune,2024-03-18,Y,Partner Campaign,UPI,Registered Only,0,,0.0
CUST001668,Wakeeta Bajaj,Pune,2025-08-13,N,Organic,UPI,Occasional,3,2026-05-19,4649.3
CUST001669,Pranav Biswas,Mumbai,2024-02-10,N,Referral,UPI,Occasional,2,2026-05-29,2271.38
CUST001670,Yashodhara Bal,Mumbai,2024-01-12,N,Paid Search,Credit/Debit Card,Registered Only,0,,0.0
CUST001671,Aditya Bains,Bengaluru,2024-01-06,N,Social Media,UPI,Occasional,3,2026-06-23,3116.5
CUST001672,Samesh Pandya,Delhi NCR,2025-03-20,N,Paid Search,UPI,Registered Only,0,,0.0
CUST001673,Bhavya Manda,Mumbai,2025-01-26,N,Organic,UPI,Premium,8,2026-06-18,9284.69
CUST001674,Neelima Vig,Mumbai,2024-02-15,Y,Organic,UPI,Registered Only,0,,0.0
CUST001675,Aarna Sachdeva,Chennai,2025-03-22,N,Organic,UPI,New,1,2026-06-10,2190.69
CUST001676,Aadi Basu,Chennai,2024-11-27,N,Organic,Wallet,Occasional,4,2026-06-14,3540.82
CUST001677,Charles Sekhon,Bengaluru,2026-01-31,Y,Partner Campaign,UPI,Occasional,4,2026-05-22,3694.91
CUST001678,Pushti Bumb,Delhi NCR,2025-01-28,Y,Referral,Cash on Delivery,Registered Only,0,,0.0
CUST001679,Vamakshi Devi,Hyderabad,2025-07-18,N,Organic,Credit/Debit Card,New,1,2026-05-29,2267.94
CUST001680,Gautam Din,Pune,2023-07-05,N,Organic,UPI,Registered Only,0,,0.0
CUST001681,Upadhriti Lad,Bengaluru,2024-04-10,N,Organic,Wallet,Occasional,2,2026-06-01,411.03
CUST001682,Charles Pant,Hyderabad,2024-03-28,N,Paid Search,UPI,New,1,2026-05-16,772.72
CUST001683,Rachita Arora,Hyderabad,2023-04-14,N,Social Media,Credit/Debit Card,New,1,2026-04-18,119.24
CUST001684,Girish Aurora,Pune,2026-03-31,N,Social Media,UPI,New,1,2026-04-04,2833.34
CUST001685,Yashica Sharaf,Pune,2023-05-26,N,Partner Campaign,UPI,New,1,2026-05-05,1467.14
CUST001686,Alka Thakkar,Hyderabad,2023-11-13,Y,Paid Search,Net Banking,Registered Only,0,,0.0
CUST001687,Aarna Suri,Bengaluru,2026-03-13,N,Social Media,UPI,New,1,2026-06-22,0.0
CUST001688,Forum Sridhar,Chennai,2025-11-11,Y,Organic,UPI,Occasional,2,2026-06-13,1049.79
CUST001689,Wyatt Nanda,Bengaluru,2023-08-30,Y,Paid Search,Credit/Debit Card,New,1,2026-05-08,1758.74
CUST001690,Ishwar Bobal,Bengaluru,2024-12-27,N,Social Media,UPI,Occasional,2,2026-06-08,0.0
CUST001691,Vivaan Mittal,Bengaluru,2024-11-23,N,Organic,UPI,New,1,2026-06-01,524.11
CUST001692,Vihaan Panchal,Chennai,2025-05-08,N,Organic,UPI,New,1,2026-04-20,1250.67
CUST001693,Vedhika Mitter,Mumbai,2023-10-12,N,Partner Campaign,UPI,Occasional,4,2026-06-29,1349.1
CUST001694,Laksh Sami,Pune,2023-04-21,N,Referral,Credit/Debit Card,Occasional,4,2026-06-15,6296.49
CUST001695,Henry Ramachandran,Delhi NCR,2025-08-23,N,Paid Search,Cash on Delivery,New,1,2026-04-12,2074.56
CUST001696,Hamsini Brar,Delhi NCR,2025-03-23,N,Organic,Credit/Debit Card,Premium,27,2026-06-29,29510.48
CUST001697,Aadi Borra,Hyderabad,2023-04-21,Y,Organic,Cash on Delivery,Occasional,3,2026-06-09,2213.54
CUST001698,Manya Andra,Mumbai,2025-10-20,Y,Paid Search,Credit/Debit Card,New,1,2026-06-25,656.25
CUST001699,Qabil Ramakrishnan,Pune,2023-05-26,Y,Organic,Wallet,New,1,2026-06-26,54.16
CUST001700,Rehaan Prabhakar,Pune,2025-06-03,N,Referral,UPI,Regular,6,2026-06-29,4167.5
CUST001701,Charles Krishnamurthy,Pune,2025-04-15,N,Social Media,Cash on Delivery,Occasional,3,2026-06-21,1481.93
CUST001702,Ekiya Parekh,Chennai,2024-12-19,N,Referral,UPI,Occasional,3,2026-06-24,3841.68
CUST001703,Amrita Bhattacharyya,Bengaluru,2023-10-26,N,Organic,UPI,Registered Only,0,,0.0
CUST001704,Aachal Rau,Bengaluru,2026-01-21,Y,Organic,UPI,New,1,2026-05-22,1043.13
CUST001705,Tripti Tak,Hyderabad,2025-09-14,N,Paid Search,Wallet,Occasional,3,2026-04-09,4326.38
CUST001706,Falan Sarkar,Mumbai,2025-05-18,N,Paid Search,UPI,Occasional,4,2026-06-15,2730.71
CUST001707,Vyanjana Sule,Delhi NCR,2025-01-06,N,Organic,Cash on Delivery,Premium,12,2026-06-29,9912.12
CUST001708,Atharv Kata,Bengaluru,2025-11-07,N,Referral,Wallet,Occasional,3,2026-05-28,7536.72
CUST001709,Ekta Prashad,Bengaluru,2025-04-19,N,Referral,Credit/Debit Card,Occasional,3,2026-06-19,519.76
CUST001710,Bina Setty,Hyderabad,2024-06-05,N,Partner Campaign,Credit/Debit Card,Premium,52,2026-06-28,61321.18
CUST001711,Ekalinga Wali,Pune,2024-08-01,N,Partner Campaign,UPI,Occasional,2,2026-06-21,1109.36
CUST001712,Pavani Chand,Bengaluru,2025-12-26,N,Organic,UPI,New,1,2026-06-26,571.79
CUST001713,Rishi Tripathi,Chennai,2025-02-24,N,Referral,UPI,Premium,8,2026-06-28,10114.65
CUST001714,Mohammed Ravel,Bengaluru,2024-06-11,N,Referral,UPI,Regular,7,2026-06-28,3160.95
CUST001715,Shaurya Ratta,Delhi NCR,2024-01-22,Y,Partner Campaign,UPI,Occasional,2,2026-05-04,7960.49
CUST001716,Amrita Dhar,Delhi NCR,2024-10-10,N,Referral,Credit/Debit Card,Occasional,2,2026-05-31,1644.5
CUST001717,Diya Pall,Chennai,2024-04-03,Y,Social Media,UPI,New,1,2026-04-18,1423.55
CUST001718,Laksh Lanka,Pune,2024-05-17,N,Paid Search,Wallet,Registered Only,0,,0.0
CUST001719,Garima Lalla,Pune,2024-10-12,Y,Paid Search,UPI,Regular,5,2026-06-09,3804.87
CUST001720,Dev Bhatti,Bengaluru,2023-12-16,Y,Paid Search,UPI,Occasional,2,2026-06-18,2907.18
CUST001721,Adya Walia,Chennai,2025-02-09,Y,Organic,Credit/Debit Card,Premium,13,2026-06-07,14580.65
CUST001722,Vasatika Munshi,Pune,2025-04-27,N,Social Media,Wallet,New,1,2026-04-21,0.0
CUST001723,Mekhala Nagar,Mumbai,2024-01-19,N,Social Media,UPI,New,1,2026-05-27,2115.43
CUST001724,Rachita Rana,Bengaluru,2025-12-02,Y,Partner Campaign,Net Banking,Registered Only,0,,0.0
CUST001725,Girish Kara,Chennai,2023-04-27,N,Referral,UPI,Premium,25,2026-06-28,25702.88
CUST001726,Benjamin Bawa,Pune,2025-04-15,Y,Social Media,Cash on Delivery,Registered Only,0,,0.0
CUST001727,Zilmil Goda,Chennai,2024-05-19,Y,Referral,Wallet,New,1,2026-05-31,1217.34
CUST001728,Naksh Master,Bengaluru,2025-07-08,N,Social Media,Net Banking,Occasional,2,2026-06-13,3686.92
CUST001729,Lohit Mani,Pune,2024-11-25,Y,Referral,Credit/Debit Card,Registered Only,0,,0.0
CUST001730,Kai Kara,Hyderabad,2025-01-07,N,Paid Search,Wallet,Regular,6,2026-06-18,2991.07
CUST001731,Agastya Lala,Bengaluru,2025-04-27,Y,Social Media,Net Banking,Occasional,3,2026-06-14,4664.15
CUST001732,Kamala Sethi,Bengaluru,2024-09-27,N,Paid Search,UPI,Registered Only,0,,0.0
CUST001733,Gopal Rege,Delhi NCR,2023-04-13,N,Paid Search,UPI,New,1,2026-05-18,901.57
CUST001734,Gayathri Patil,Bengaluru,2025-12-31,N,Paid Search,Credit/Debit Card,Registered Only,0,,0.0
CUST001735,Henry Balasubramanian,Bengaluru,2024-04-11,N,Organic,UPI,New,1,2026-06-05,481.66
CUST001736,Tanvi Batta,Chennai,2024-07-18,N,Referral,Credit/Debit Card,New,1,2026-04-28,1080.06
CUST001737,Hardik Ramanathan,Chennai,2024-03-07,Y,Paid Search,UPI,Occasional,2,2026-06-28,1532.46
CUST001738,Agastya Ray,Bengaluru,2024-01-16,Y,Social Media,Credit/Debit Card,Registered Only,0,,0.0
CUST001739,Yoshita Gulati,Mumbai,2023-04-17,N,Social Media,UPI,Registered Only,0,,0.0
CUST001740,Ronith Singhal,Chennai,2025-12-25,N,Referral,UPI,Occasional,3,2026-05-08,2391.31
CUST001741,Jagrati Pathak,Delhi NCR,2023-12-06,N,Organic,UPI,New,1,2026-05-29,717.51
CUST001742,Guneet Patla,Chennai,2024-01-07,N,Referral,UPI,New,1,2026-04-18,200.13
CUST001743,Samuel Dara,Hyderabad,2024-03-28,N,Referral,UPI,Registered Only,0,,0.0
CUST001744,Om Murthy,Delhi NCR,2025-11-28,N,Organic,UPI,Registered Only,0,,0.0
CUST001745,Banjeet Sen,Bengaluru,2024-12-28,N,Partner Campaign,UPI,New,1,2026-06-10,350.33
CUST001746,Tanish Dey,Delhi NCR,2023-07-18,N,Organic,Wallet,Registered Only,0,,0.0
CUST001747,Jeremiah Agate,Bengaluru,2025-10-26,Y,Paid Search,UPI,Occasional,3,2026-06-19,1376.71
CUST001748,Warjas Ramakrishnan,Hyderabad,2023-09-26,N,Paid Search,Cash on Delivery,New,1,2026-06-03,440.91
CUST001749,Krishna Iyengar,Hyderabad,2023-05-20,Y,Social Media,UPI,Occasional,3,2026-06-25,2518.01
CUST001750,Yashasvi Chatterjee,Pune,2025-09-25,N,Partner Campaign,Credit/Debit Card,Occasional,2,2026-05-24,454.6
CUST001751,Nitara Kaur,Delhi NCR,2025-08-09,N,Referral,Wallet,Premium,7,2026-06-02,9107.49
CUST001752,Chaaya Bera,Pune,2024-11-25,Y,Organic,UPI,Occasional,2,2026-06-21,2635.04
CUST001753,Gaurang Jain,Pune,2026-02-02,Y,Referral,Cash on Delivery,Occasional,2,2026-05-30,5389.03
CUST001754,Harrison Krish,Mumbai,2025-01-25,N,Organic,UPI,Registered Only,0,,0.0
CUST001755,Pallavi Jain,Pune,2025-01-16,N,Paid Search,UPI,Occasional,4,2026-06-28,1370.98
CUST001756,Girish Prabhu,Bengaluru,2025-05-20,N,Social Media,Wallet,Registered Only,0,,0.0
CUST001757,Hemang Magar,Bengaluru,2024-04-08,N,Paid Search,UPI,Occasional,3,2026-05-25,3691.55
CUST001758,Ira Sangha,Delhi NCR,2025-10-24,N,Paid Search,Wallet,Occasional,4,2026-06-27,3687.37
CUST001759,Balhaar Vasa,Chennai,2024-03-22,N,Referral,Wallet,Occasional,4,2026-06-08,4665.32
CUST001760,Tara Balan,Mumbai,2023-04-16,Y,Social Media,UPI,New,1,2026-06-27,415.83
CUST001761,Sai Dara,Mumbai,2025-09-18,Y,Paid Search,Credit/Debit Card,Occasional,2,2026-06-13,793.15
CUST001762,Dalbir Chokshi,Mumbai,2025-01-09,N,Referral,UPI,Registered Only,0,,0.0
CUST001763,Yash Swaminathan,Pune,2024-02-07,N,Paid Search,UPI,Premium,11,2026-06-29,9603.79
CUST001764,Arya Arya,Mumbai,2024-01-08,N,Partner Campaign,Wallet,New,1,2026-05-15,212.99
CUST001765,Aradhana Bath,Delhi NCR,2023-08-12,N,Social Media,Cash on Delivery,Occasional,2,2026-04-20,928.71
CUST001766,Aadi Chana,Pune,2024-06-04,N,Partner Campaign,UPI,Premium,12,2026-06-26,18549.75
CUST001767,Dipta Johal,Delhi NCR,2023-07-08,Y,Paid Search,Net Banking,Registered Only,0,,0.0
CUST001768,Wazir Wadhwa,Delhi NCR,2025-05-15,N,Partner Campaign,Net Banking,Occasional,3,2026-05-23,1577.54
CUST001769,Advik Rastogi,Mumbai,2026-02-23,Y,Partner Campaign,Cash on Delivery,Occasional,2,2026-05-17,2337.04
CUST001770,Ayush Grewal,Delhi NCR,2023-06-19,Y,Social Media,Wallet,Registered Only,0,,0.0
CUST001771,Upasna Sood,Chennai,2024-02-02,Y,Social Media,Credit/Debit Card,Premium,58,2026-06-25,56915.84
CUST001772,Falak Borde,Mumbai,2023-05-29,Y,Organic,Credit/Debit Card,Occasional,3,2026-06-18,2831.87
CUST001773,Diya Merchant,Hyderabad,2024-09-18,N,Partner Campaign,UPI,New,1,2026-06-02,957.79
CUST001774,Veda Natarajan,Bengaluru,2025-12-10,N,Organic,UPI,Premium,5,2026-06-06,9506.1
CUST001775,Laban Chakrabarti,Chennai,2025-11-05,Y,Referral,UPI,Occasional,3,2026-05-14,1941.48
CUST001776,Chandresh Warrior,Delhi NCR,2025-08-24,N,Referral,UPI,New,1,2026-06-21,2686.74
CUST001777,Victor Jain,Delhi NCR,2025-10-06,Y,Referral,Credit/Debit Card,Occasional,3,2026-06-18,1136.91
CUST001778,Avi Ratta,Bengaluru,2024-09-14,N,Social Media,Credit/Debit Card,Registered Only,0,,0.0
CUST001779,Advik Balasubramanian,Bengaluru,2024-05-03,N,Referral,Cash on Delivery,Registered Only,0,,0.0
CUST001780,Oscar Kamdar,Bengaluru,2024-04-02,N,Social Media,UPI,Regular,5,2026-06-27,2996.08
CUST001781,Upasna Rama,Bengaluru,2025-06-03,Y,Social Media,UPI,New,1,2026-06-23,679.23
CUST001782,Ubika Bhardwaj,Mumbai,2023-09-09,N,Paid Search,UPI,Regular,6,2026-06-29,6836.3
CUST001783,Samaksh Kade,Hyderabad,2024-09-13,N,Social Media,Wallet,New,1,2026-06-03,634.33
CUST001784,Gaurika Jaggi,Chennai,2024-09-26,N,Partner Campaign,Credit/Debit Card,Regular,6,2026-05-30,5851.89
CUST001785,Urvashi Saini,Hyderabad,2025-07-28,N,Organic,UPI,Registered Only,0,,0.0
CUST001786,Xalak Nagarajan,Pune,2025-07-29,N,Social Media,UPI,Occasional,4,2026-05-26,7291.48
CUST001787,Geetika Bhavsar,Delhi NCR,2024-04-23,Y,Social Media,Credit/Debit Card,Occasional,3,2026-06-07,2663.61
CUST001788,Bimala Sur,Delhi NCR,2025-05-26,N,Partner Campaign,Wallet,Registered Only,0,,0.0
CUST001789,Samesh Sura,Bengaluru,2024-04-14,N,Social Media,Net Banking,Registered Only,0,,0.0
CUST001790,Frado Padmanabhan,Mumbai,2025-09-30,N,Social Media,UPI,Occasional,2,2026-04-25,3271.23
CUST001791,Unnati Borah,Hyderabad,2025-09-14,Y,Organic,Credit/Debit Card,Occasional,3,2026-06-05,2706.34
CUST001792,Ranbir Kapoor,Chennai,2025-09-04,N,Organic,UPI,Registered Only,0,,0.0
CUST001793,Kashvi Dewan,Hyderabad,2024-09-03,Y,Social Media,UPI,Premium,12,2026-06-23,17086.18
CUST001794,Pahal Badal,Hyderabad,2024-09-15,N,Organic,UPI,Occasional,2,2026-06-08,1779.5
CUST001795,Krish Dasgupta,Hyderabad,2025-10-02,N,Referral,Credit/Debit Card,New,1,2026-06-13,1553.35
CUST001796,Gautam Pingle,Delhi NCR,2025-11-11,Y,Social Media,Wallet,Occasional,2,2026-05-30,6074.75
CUST001797,Tanmayi Goel,Mumbai,2023-11-27,Y,Partner Campaign,UPI,Occasional,4,2026-06-21,2350.0
CUST001798,Saksham Walla,Hyderabad,2025-07-17,N,Organic,UPI,Occasional,3,2026-06-18,5056.12
CUST001799,Wahab Barman,Hyderabad,2023-04-15,N,Paid Search,Credit/Debit Card,New,1,2026-06-05,2872.55
CUST001800,Zehaan Bumb,Bengaluru,2023-09-20,N,Organic,Credit/Debit Card,Regular,5,2026-06-19,6355.48
CUST001801,Aadi Zachariah,Delhi NCR,2023-06-11,Y,Referral,UPI,New,1,2026-06-27,376.67
CUST001802,Zashil Suri,Mumbai,2024-12-29,N,Organic,UPI,Occasional,2,2026-05-27,1744.16
CUST001803,Azad Iyer,Chennai,2025-01-31,N,Organic,UPI,New,1,2026-06-22,261.01
CUST001804,Widisha Nagar,Bengaluru,2024-04-15,N,Organic,UPI,New,1,2026-04-09,1005.72
CUST001805,Qabil Tara,Hyderabad,2024-11-17,N,Referral,Cash on Delivery,New,1,2026-04-04,290.94
CUST001806,Matthew Sangha,Bengaluru,2025-12-15,N,Paid Search,Cash on Delivery,Occasional,2,2026-06-22,1047.47
CUST001807,Pooja Maharaj,Hyderabad,2024-04-18,N,Organic,UPI,Registered Only,0,,0.0
CUST001808,Bakhshi Rajagopalan,Bengaluru,2024-01-03,N,Paid Search,UPI,Occasional,2,2026-06-12,1081.11
CUST001809,Yashoda Kala,Delhi NCR,2024-05-11,Y,Organic,UPI,New,1,2026-04-02,737.88
CUST001810,Vanya Khalsa,Bengaluru,2024-03-10,N,Partner Campaign,UPI,Occasional,3,2026-06-28,2844.78
CUST001811,Watika Varghese,Hyderabad,2025-04-10,N,Referral,Net Banking,New,1,2026-04-28,2603.07
CUST001812,Wridesh Rastogi,Bengaluru,2026-02-25,N,Paid Search,UPI,Registered Only,0,,0.0
CUST001813,Eesha Sahota,Bengaluru,2024-07-04,N,Organic,UPI,Registered Only,0,,0.0
CUST001814,Aryan Lata,Bengaluru,2025-07-03,Y,Referral,UPI,New,1,2026-04-15,546.64
CUST001815,Oeshi Pillay,Delhi NCR,2025-05-16,N,Referral,Wallet,Regular,5,2026-06-24,7168.09
CUST001816,Vedhika Narayanan,Delhi NCR,2024-10-02,N,Organic,UPI,Registered Only,0,,0.0
CUST001817,Triya Sarkar,Pune,2025-09-22,N,Organic,UPI,Premium,14,2026-06-25,8666.41
CUST001818,Samuel Manne,Bengaluru,2023-09-18,N,Paid Search,Wallet,Occasional,4,2026-06-26,4114.28
CUST001819,Aachal Yogi,Pune,2024-07-19,N,Referral,UPI,Premium,12,2026-06-28,9127.05
CUST001820,Umang Kumer,Hyderabad,2025-01-18,N,Partner Campaign,UPI,New,1,2026-04-08,275.67
CUST001821,Kritika Ram,Bengaluru,2024-03-19,N,Referral,Wallet,Occasional,3,2026-05-25,3137.32
CUST001822,Libni Sahota,Chennai,2024-02-27,N,Paid Search,Cash on Delivery,Occasional,3,2026-05-09,3283.59
CUST001823,Hitesh Sangha,Pune,2024-12-28,N,Paid Search,UPI,New,1,2026-04-26,1400.08
CUST001824,Gaurav Kara,Mumbai,2023-08-18,N,Referral,Credit/Debit Card,New,1,2026-04-18,154.12
CUST001825,Matthew Mand,Mumbai,2025-11-15,N,Referral,Wallet,Occasional,3,2026-05-16,830.97
CUST001826,Tanveer Bali,Bengaluru,2025-08-06,Y,Social Media,UPI,Registered Only,0,,0.0
CUST001827,David Lalla,Bengaluru,2024-07-04,N,Paid Search,UPI,Regular,5,2026-05-29,4977.31
CUST001828,Mohammed Sachar,Hyderabad,2023-06-30,N,Social Media,Cash on Delivery,Occasional,2,2026-05-18,706.87
CUST001829,Caleb Amble,Pune,2025-03-19,N,Organic,Wallet,Registered Only,0,,0.0
CUST001830,Unnati Subramaniam,Bengaluru,2024-08-06,N,Organic,UPI,Occasional,2,2026-06-04,1838.98
CUST001831,Kala Bhat,Pune,2023-08-16,N,Partner Campaign,Wallet,Regular,5,2026-06-27,7824.42
CUST001832,Janaki Kashyap,Chennai,2025-10-11,N,Paid Search,Credit/Debit Card,Registered Only,0,,0.0
CUST001833,Finn Mittal,Chennai,2025-03-24,N,Paid Search,Credit/Debit Card,Regular,7,2026-06-24,7255.31
CUST001834,Idika Date,Bengaluru,2023-12-15,Y,Paid Search,Credit/Debit Card,Occasional,3,2026-05-18,2107.71
CUST001835,Jeevika Varughese,Bengaluru,2026-03-22,N,Paid Search,UPI,Registered Only,0,,0.0
CUST001836,Falan Mutti,Mumbai,2023-04-05,N,Referral,Credit/Debit Card,Occasional,2,2026-06-04,1593.65
CUST001837,Dhriti Nagar,Bengaluru,2025-09-30,N,Organic,Cash on Delivery,Registered Only,0,,0.0
CUST001838,Adweta Nazareth,Pune,2025-04-27,Y,Partner Campaign,Credit/Debit Card,Premium,13,2026-06-15,8889.26
CUST001839,Vedhika Divan,Hyderabad,2025-04-16,N,Paid Search,Wallet,Premium,10,2026-06-27,6050.35
CUST001840,Baghyawati Gala,Mumbai,2024-09-16,Y,Referral,UPI,Occasional,4,2026-06-20,3887.74
CUST001841,Utkarsh Shah,Mumbai,2023-11-20,N,Paid Search,UPI,New,1,2026-05-07,2247.68
CUST001842,Mugdha Kapadia,Mumbai,2023-04-16,N,Social Media,Credit/Debit Card,New,1,2026-06-04,104.26
CUST001843,Krisha Chawla,Hyderabad,2025-09-12,Y,Social Media,Net Banking,Registered Only,0,,0.0
CUST001844,Sanya Babu,Chennai,2025-03-04,N,Referral,Wallet,Premium,24,2026-06-20,24109.44
CUST001845,Krish Garde,Bengaluru,2026-03-20,N,Referral,UPI,New,1,2026-05-09,1672.52
CUST001846,Peter Baria,Hyderabad,2026-01-24,N,Social Media,UPI,New,1,2026-05-02,500.66
CUST001847,Lopa Loyal,Bengaluru,2025-03-02,Y,Referral,UPI,Occasional,3,2026-06-19,3091.25
CUST001848,Dalbir Sibal,Delhi NCR,2024-05-20,Y,Paid Search,UPI,Registered Only,0,,0.0
CUST001849,Bhavini Gour,Mumbai,2024-12-23,N,Organic,UPI,Regular,5,2026-06-15,6792.78
CUST001850,Indira Pillay,Delhi NCR,2025-05-25,Y,Organic,Cash on Delivery,Premium,18,2026-06-28,22961.14
CUST001851,Lipika Bose,Delhi NCR,2026-03-31,N,Paid Search,UPI,Registered Only,0,,0.0
CUST001852,Yutika Sarkar,Pune,2024-06-21,N,Paid Search,UPI,Occasional,3,2026-06-26,3981.11
CUST001853,Unnati Kapoor,Delhi NCR,2025-04-30,Y,Referral,Cash on Delivery,Occasional,2,2026-05-13,2524.04
CUST001854,Pratyush Natt,Delhi NCR,2025-08-15,Y,Organic,UPI,Premium,5,2026-06-14,8514.98
CUST001855,Gabriel Gara,Chennai,2024-07-28,N,Paid Search,Credit/Debit Card,Registered Only,0,,0.0
CUST001856,Barkha Datta,Bengaluru,2025-12-10,N,Referral,Credit/Debit Card,Occasional,2,2026-06-13,917.91
CUST001857,Pranav Toor,Pune,2023-06-21,Y,Partner Campaign,UPI,Registered Only,0,,0.0
CUST001858,Naveen Sheth,Hyderabad,2025-03-06,N,Organic,Wallet,Registered Only,0,,0.0
CUST001859,Nathan Kamdar,Bengaluru,2024-09-19,Y,Referral,UPI,New,1,2026-04-01,522.35
CUST001860,Gaurang Subramanian,Hyderabad,2024-09-06,N,Referral,Credit/Debit Card,Occasional,2,2026-04-13,1473.57
CUST001861,Caleb Kadakia,Bengaluru,2024-02-13,Y,Organic,UPI,New,1,2026-04-04,198.68
CUST001862,Odika Mane,Bengaluru,2025-12-24,N,Organic,UPI,Registered Only,0,,0.0
CUST001863,Jeremiah Sethi,Mumbai,2025-03-16,N,Organic,Credit/Debit Card,Registered Only,0,,0.0
CUST001864,Vanya Menon,Bengaluru,2025-01-25,N,Social Media,Wallet,Registered Only,0,,0.0
CUST001865,George Goel,Chennai,2025-11-14,Y,Paid Search,UPI,New,1,2026-06-24,393.88
CUST001866,Charita Ravel,Bengaluru,2023-11-25,N,Paid Search,Credit/Debit Card,New,1,2026-04-04,2177.87
CUST001867,Guneet Chakrabarti,Pune,2024-10-28,N,Paid Search,Cash on Delivery,Occasional,2,2026-05-31,2012.55
CUST001868,Baljiwan Nair,Delhi NCR,2025-07-01,Y,Organic,UPI,Registered Only,0,,0.0
CUST001869,Tristan Master,Delhi NCR,2024-07-14,N,Referral,Wallet,Registered Only,0,,0.0
CUST001870,Aashi Dugar,Hyderabad,2024-11-30,N,Paid Search,UPI,Registered Only,0,,0.0
CUST001871,Aayush Ramachandran,Hyderabad,2025-08-25,N,Organic,UPI,Regular,5,2026-06-20,6173.94
CUST001872,Jalsa Gopal,Chennai,2025-11-21,N,Referral,UPI,Premium,5,2026-06-28,12179.11
CUST001873,Fariq Dewan,Bengaluru,2025-03-15,N,Organic,UPI,Occasional,2,2026-05-04,1715.64
CUST001874,Hemani Doctor,Mumbai,2023-10-25,N,Paid Search,UPI,Occasional,3,2026-06-13,3987.3
CUST001875,Vanya Zacharia,Hyderabad,2025-07-19,Y,Paid Search,Net Banking,Registered Only,0,,0.0
CUST001876,Isha Doshi,Mumbai,2025-11-15,Y,Social Media,UPI,New,1,2026-04-12,1268.92
CUST001877,Ekansh Keer,Chennai,2024-10-15,N,Paid Search,UPI,New,1,2026-06-21,140.8
CUST001878,Qarin Venkataraman,Hyderabad,2024-05-05,N,Partner Campaign,Credit/Debit Card,Occasional,4,2026-06-17,5484.9
CUST001879,Gavin Nadig,Hyderabad,2025-11-02,Y,Partner Campaign,UPI,Registered Only,0,,0.0
CUST001880,Aarnav Salvi,Delhi NCR,2024-12-24,N,Organic,Credit/Debit Card,Regular,5,2026-06-20,4770.01
CUST001881,Ayaan Mahal,Chennai,2024-11-21,N,Paid Search,Cash on Delivery,Regular,6,2026-06-08,7897.84
CUST001882,Jack Dasgupta,Bengaluru,2024-08-17,N,Referral,UPI,Registered Only,0,,0.0
CUST001883,Joshua Bora,Bengaluru,2024-06-04,N,Organic,UPI,Registered Only,0,,0.0
CUST001884,Kabir Dara,Mumbai,2024-12-04,N,Paid Search,UPI,Registered Only,0,,0.0
CUST001885,Harita Sama,Pune,2024-09-16,N,Social Media,UPI,New,1,2026-05-05,0.0
CUST001886,Kevin Choudhary,Pune,2024-11-06,N,Organic,UPI,New,1,2026-06-15,4664.53
CUST001887,Rehaan Mitter,Chennai,2023-07-13,Y,Organic,Cash on Delivery,Occasional,2,2026-05-03,3537.14
CUST001888,Tanmayi Parikh,Bengaluru,2024-08-07,N,Paid Search,UPI,Registered Only,0,,0.0
CUST001889,Jeremiah Chada,Delhi NCR,2024-09-12,N,Organic,UPI,Registered Only,0,,0.0
CUST001890,Kashish Halder,Delhi NCR,2024-10-30,N,Paid Search,Credit/Debit Card,Regular,6,2026-06-06,4428.38
CUST001891,Tripti Bhatia,Bengaluru,2025-07-16,N,Organic,UPI,Registered Only,0,,0.0
CUST001892,Oviya Dalal,Mumbai,2024-02-21,N,Organic,UPI,New,1,2026-05-11,439.67
CUST001893,Vyanjana Nazareth,Bengaluru,2026-03-15,N,Social Media,UPI,New,1,2026-06-14,509.13
CUST001894,Pahal Basak,Chennai,2023-10-26,Y,Referral,UPI,Regular,5,2026-06-29,5842.8
CUST001895,Yadavi Nath,Delhi NCR,2025-10-27,N,Referral,Wallet,Registered Only,0,,0.0
CUST001896,Arjun Batta,Hyderabad,2024-02-13,Y,Referral,Credit/Debit Card,Occasional,4,2026-06-05,3625.67
CUST001897,Rachit Rana,Chennai,2023-12-26,N,Organic,UPI,Occasional,2,2026-06-14,879.28
CUST001898,Amaira Bawa,Hyderabad,2026-02-22,N,Social Media,UPI,Occasional,2,2026-05-26,1815.08
CUST001899,Rachit Subramaniam,Mumbai,2026-03-12,N,Social Media,UPI,Occasional,3,2026-06-25,3719.56
CUST001900,Radhika Shah,Chennai,2024-05-06,N,Paid Search,Cash on Delivery,Registered Only,0,,0.0
CUST001901,Xavier Varkey,Chennai,2025-05-21,Y,Organic,UPI,Premium,11,2026-06-19,8000.36
CUST001902,Ishani Prabhakar,Delhi NCR,2023-12-27,N,Social Media,Net Banking,Occasional,2,2026-05-24,707.91
CUST001903,Dayita Kalla,Bengaluru,2023-10-28,N,Organic,UPI,Registered Only,0,,0.0
CUST001904,Kabir Modi,Mumbai,2025-08-14,N,Organic,UPI,Registered Only,0,,0.0
CUST001905,Hamsini Sami,Chennai,2025-01-06,N,Paid Search,Credit/Debit Card,New,1,2026-05-08,398.42
CUST001906,Ekalinga Gaba,Delhi NCR,2024-01-06,N,Organic,UPI,Occasional,4,2026-06-06,2930.67
CUST001907,Zayan Kalita,Delhi NCR,2026-01-25,N,Partner Campaign,Credit/Debit Card,Registered Only,0,,0.0
CUST001908,Jackson Sahota,Bengaluru,2024-04-02,N,Paid Search,UPI,Registered Only,0,,0.0
CUST001909,Bhavya Sem,Bengaluru,2025-12-21,N,Social Media,Net Banking,Registered Only,0,,0.0
CUST001910,Harinakshi Panchal,Delhi NCR,2023-08-25,Y,Organic,UPI,Occasional,2,2026-04-15,3248.87
CUST001911,Ira Gopal,Mumbai,2023-07-10,N,Partner Campaign,UPI,Registered Only,0,,0.0
CUST001912,Samuel Barman,Pune,2023-06-25,N,Referral,Net Banking,New,1,2026-05-27,569.0
CUST001913,Kevin Doctor,Delhi NCR,2024-01-31,N,Paid Search,UPI,Occasional,2,2026-05-23,2818.81
CUST001914,Darsh Viswanathan,Delhi NCR,2026-01-12,N,Paid Search,Cash on Delivery,New,1,2026-06-21,423.36
CUST001915,Atharv Mann,Bengaluru,2023-11-24,N,Social Media,UPI,Premium,8,2026-06-04,10544.44
CUST001916,Vincent Bose,Delhi NCR,2026-02-26,Y,Paid Search,UPI,Occasional,2,2026-06-14,3718.99
CUST001917,Vaishnavi Chaudhry,Chennai,2025-05-24,N,Organic,Credit/Debit Card,Registered Only,0,,0.0
CUST001918,Lipika Kar,Bengaluru,2025-11-17,Y,Organic,UPI,New,1,2026-05-30,2503.97
CUST001919,Advika D’Alia,Pune,2025-01-07,N,Organic,UPI,Occasional,2,2026-05-11,2070.28
CUST001920,Anita Mutti,Chennai,2023-05-15,N,Social Media,Credit/Debit Card,Registered Only,0,,0.0
CUST001921,Yoshita Shroff,Bengaluru,2023-08-28,N,Referral,UPI,Occasional,2,2026-05-24,2392.36
CUST001922,Nikita Setty,Pune,2025-05-17,N,Social Media,UPI,Occasional,3,2026-05-24,2509.92
CUST001923,Chakradhar Ramanathan,Mumbai,2024-11-05,N,Referral,UPI,Occasional,3,2026-05-28,2319.05
CUST001924,Varsha Hora,Bengaluru,2024-07-09,N,Social Media,UPI,Occasional,3,2026-06-17,7836.03
CUST001925,Baljiwan Sharaf,Chennai,2023-10-02,N,Organic,Cash on Delivery,New,1,2026-05-24,2384.76
CUST001926,Mohini Madan,Delhi NCR,2024-04-09,N,Organic,Wallet,Occasional,2,2026-06-06,2729.92
CUST001927,Ijaya Saini,Mumbai,2025-08-10,N,Referral,Credit/Debit Card,New,1,2026-05-12,352.92
CUST001928,Chameli Jhaveri,Hyderabad,2026-01-27,N,Paid Search,Credit/Debit Card,Occasional,2,2026-06-13,5771.74
CUST001929,Dhriti Agate,Mumbai,2025-06-20,N,Organic,Cash on Delivery,Registered Only,0,,0.0
CUST001930,Sneha Salvi,Mumbai,2025-05-03,N,Organic,Wallet,New,1,2026-06-19,100.09
CUST001931,Faris Buch,Chennai,2025-11-13,N,Referral,Wallet,Regular,5,2026-06-27,7536.06
CUST001932,Ubika Bansal,Pune,2024-07-16,Y,Referral,UPI,Occasional,3,2026-06-13,5178.38
CUST001933,Sathvik Dyal,Chennai,2025-02-09,Y,Paid Search,UPI,Regular,5,2026-06-28,4794.28
CUST001934,Lajita Talwar,Mumbai,2023-09-17,N,Organic,Credit/Debit Card,Regular,6,2026-06-26,5533.54
CUST001935,Advik Kapadia,Delhi NCR,2025-07-16,N,Paid Search,Credit/Debit Card,Registered Only,0,,0.0
CUST001936,Simon Walla,Delhi NCR,2023-07-19,Y,Partner Campaign,UPI,Regular,7,2026-06-20,7106.1
CUST001937,Yash Bose,Pune,2024-10-20,N,Organic,Credit/Debit Card,Registered Only,0,,0.0
CUST001938,Chakrika Kibe,Delhi NCR,2026-03-25,N,Organic,UPI,Regular,6,2026-06-10,5738.96
CUST001939,Indrajit Dave,Bengaluru,2024-05-19,Y,Referral,Credit/Debit Card,Occasional,2,2026-05-29,1894.24
CUST001940,Bimala Bahri,Bengaluru,2025-08-04,Y,Partner Campaign,Cash on Delivery,New,1,2026-05-18,1619.58
CUST001941,Lakshmi Ghose,Mumbai,2025-08-09,Y,Organic,UPI,Occasional,3,2026-05-24,5892.12
CUST001942,Balveer Ram,Delhi NCR,2023-07-22,N,Social Media,UPI,Registered Only,0,,0.0
CUST001943,Rudra Choudhary,Bengaluru,2025-02-14,N,Referral,UPI,Registered Only,0,,0.0
CUST001944,Banjeet Thakkar,Hyderabad,2023-10-21,N,Referral,Credit/Debit Card,Occasional,2,2026-06-05,3691.62
CUST001945,Hemani Bhandari,Delhi NCR,2025-11-14,N,Paid Search,Wallet,Premium,8,2026-06-23,9546.88
CUST001946,Kiaan Nagy,Bengaluru,2024-07-12,N,Paid Search,Wallet,Occasional,2,2026-05-23,2863.76
CUST001947,Ishanvi Om,Hyderabad,2025-10-01,N,Referral,UPI,Registered Only,0,,0.0
CUST001948,Ira Varghese,Bengaluru,2026-03-19,Y,Organic,Cash on Delivery,New,1,2026-05-18,279.57
CUST001949,Sudiksha Sahni,Bengaluru,2023-04-27,Y,Organic,Cash on Delivery,New,1,2026-05-17,741.19
CUST001950,Baghyawati Lall,Bengaluru,2024-11-05,N,Social Media,Wallet,Registered Only,0,,0.0
CUST001951,Nidra Tank,Delhi NCR,2025-08-14,Y,Organic,UPI,Registered Only,0,,0.0
CUST001952,Anvi Bhatt,Hyderabad,2024-07-03,N,Referral,UPI,Registered Only,0,,0.0
CUST001953,Laksh Sarna,Bengaluru,2025-08-22,Y,Paid Search,Wallet,Registered Only,0,,0.0
CUST001954,Siya Ravel,Bengaluru,2024-05-09,N,Organic,Credit/Debit Card,Occasional,2,2026-06-10,1936.95
CUST001955,Wridesh Panchal,Hyderabad,2025-11-07,N,Referral,Net Banking,Registered Only,0,,0.0
CUST001956,Vamakshi Sawhney,Delhi NCR,2025-06-21,N,Paid Search,UPI,Occasional,4,2026-06-26,2939.74
CUST001957,Nidhi Sane,Delhi NCR,2024-11-03,N,Organic,Net Banking,New,1,2026-06-10,1187.64
CUST001958,Lohit Choudhury,Mumbai,2024-03-19,N,Partner Campaign,UPI,Premium,10,2026-06-29,7708.81
CUST001959,Ekalinga Kunda,Mumbai,2024-07-07,N,Referral,Cash on Delivery,Occasional,3,2026-06-24,3193.13
CUST001960,Tristan D’Alia,Hyderabad,2023-07-14,N,Organic,UPI,Registered Only,0,,0.0
CUST001961,Ekta Puri,Delhi NCR,2023-10-11,N,Social Media,UPI,Occasional,2,2026-06-14,622.76
CUST001962,Ganga Narayanan,Hyderabad,2025-07-29,N,Organic,Cash on Delivery,New,1,2026-05-11,510.19
CUST001963,Aahana Walia,Hyderabad,2023-04-23,N,Organic,UPI,Occasional,2,2026-06-07,2676.98
CUST001964,Ojas Sidhu,Mumbai,2023-05-12,Y,Paid Search,Credit/Debit Card,Registered Only,0,,0.0
CUST001965,Avni Maharaj,Mumbai,2025-07-20,N,Organic,UPI,Occasional,2,2026-05-24,2447.95
CUST001966,Onkar Subramaniam,Mumbai,2025-09-16,N,Organic,Wallet,Regular,5,2026-06-29,6888.03
CUST001967,Rajeshri Soni,Delhi NCR,2025-04-13,N,Paid Search,Credit/Debit Card,Occasional,2,2026-06-01,687.47
CUST001968,Mahika Varma,Delhi NCR,2025-08-31,N,Paid Search,Wallet,Occasional,4,2026-06-19,5573.02
CUST001969,Kala Parikh,Pune,2025-09-21,Y,Social Media,UPI,Occasional,4,2026-06-25,1103.13
CUST001970,Forum Kapadia,Bengaluru,2024-08-11,N,Organic,UPI,Occasional,2,2026-04-16,5039.09
CUST001971,Jagdish Narula,Bengaluru,2024-09-30,N,Organic,Wallet,Registered Only,0,,0.0
CUST001972,Ekbal Solanki,Chennai,2025-09-05,Y,Partner Campaign,Credit/Debit Card,Occasional,3,2026-06-08,2272.5
CUST001973,Gautami Behl,Hyderabad,2025-06-08,N,Partner Campaign,UPI,Premium,14,2026-06-29,14556.42
CUST001974,Nitara Trivedi,Mumbai,2025-02-01,N,Organic,Credit/Debit Card,Occasional,2,2026-05-13,1047.91
CUST001975,Pranit Hans,Pune,2025-03-17,N,Organic,Credit/Debit Card,Occasional,4,2026-04-30,5716.49
CUST001976,Noah Mahajan,Delhi NCR,2023-10-27,N,Organic,UPI,Regular,5,2026-06-17,3515.06
CUST001977,Azad Dalal,Bengaluru,2025-02-04,Y,Organic,UPI,Registered Only,0,,0.0
CUST001978,Jackson Srinivas,Bengaluru,2024-02-02,Y,Organic,Net Banking,Occasional,3,2026-06-28,2931.55
CUST001979,Janani Tata,Bengaluru,2026-01-14,N,Partner Campaign,UPI,Occasional,4,2026-06-13,3129.94
CUST001980,Vritti Cheema,Delhi NCR,2026-01-04,N,Organic,Credit/Debit Card,New,1,2026-05-14,738.45
CUST001981,Barkha Mishra,Bengaluru,2025-05-02,N,Organic,UPI,New,1,2026-05-05,412.88
CUST001982,Ekantika Khosla,Hyderabad,2023-08-25,N,Paid Search,UPI,Occasional,3,2026-06-18,3738.8
CUST001983,Onkar Goswami,Hyderabad,2024-06-18,N,Referral,UPI,New,1,2026-04-12,79.39
CUST001984,Kalpit Vora,Bengaluru,2026-03-23,N,Social Media,Credit/Debit Card,Occasional,2,2026-06-28,2603.21
CUST001985,Ishaan Bali,Hyderabad,2025-11-15,N,Organic,Credit/Debit Card,Registered Only,0,,0.0
CUST001986,Noah Shan,Delhi NCR,2025-06-01,Y,Paid Search,Cash on Delivery,Registered Only,0,,0.0
CUST001987,Anmol Sen,Pune,2024-06-25,N,Organic,UPI,New,1,2026-06-14,939.15
CUST001988,Wyatt Kuruvilla,Bengaluru,2025-09-22,N,Paid Search,Wallet,Occasional,4,2026-06-06,2402.73
CUST001989,Upkaar Nagi,Bengaluru,2026-02-07,Y,Paid Search,UPI,Premium,9,2026-06-27,8313.75
CUST001990,Omisha Krishna,Hyderabad,2025-06-02,Y,Organic,UPI,Premium,13,2026-06-20,6677.31
CUST001991,Mitesh Munshi,Bengaluru,2024-08-10,N,Paid Search,UPI,New,1,2026-06-20,887.49
CUST001992,Robert Pau,Bengaluru,2025-02-17,Y,Referral,UPI,Occasional,2,2026-06-20,2053.96
CUST001993,Radhika Karan,Hyderabad,2023-04-12,N,Social Media,UPI,Regular,7,2026-06-27,4618.26
CUST001994,Ojasvi Ravel,Delhi NCR,2025-04-22,Y,Organic,UPI,Occasional,2,2026-06-21,234.63
CUST001995,Oni Datta,Mumbai,2024-05-28,Y,Referral,Credit/Debit Card,Premium,12,2026-06-22,16658.99
CUST001996,Yashasvi Parmar,Mumbai,2024-03-23,Y,Partner Campaign,UPI,Regular,5,2026-06-26,6276.0
CUST001997,Harini Sibal,Pune,2025-02-16,N,Organic,Cash on Delivery,Regular,5,2026-06-28,7198.5
CUST001998,Vritti Sandal,Hyderabad,2024-06-09,Y,Social Media,UPI,Occasional,3,2026-06-28,3571.59
CUST001999,Amara Jhaveri,Bengaluru,2024-06-06,N,Referral,Wallet,Registered Only,0,,0.0
CUST002000,Pushti Ganguly,Bengaluru,2025-06-05,N,Partner Campaign,Credit/Debit Card,Premium,7,2026-06-28,10765.18
CUST002001,Gagan Chaudhary,Delhi NCR,2025-12-15,N,Paid Search,Cash on Delivery,Registered Only,0,,0.0
CUST002002,Abha Balakrishnan,Bengaluru,2023-04-28,Y,Organic,UPI,Registered Only,0,,0.0
CUST002003,Dayamai Sekhon,Bengaluru,2023-11-18,Y,Organic,Credit/Debit Card,New,1,2026-04-12,379.65
CUST002004,Prisha Rajagopal,Bengaluru,2025-06-05,N,Paid Search,UPI,Occasional,2,2026-06-29,3280.31
CUST002005,Rachana Panchal,Pune,2025-05-26,N,Organic,UPI,Registered Only,0,,0.0
CUST002006,Vinaya Badal,Pune,2024-10-02,N,Organic,UPI,Occasional,2,2026-05-22,3309.88
CUST002007,Praneel Wali,Pune,2023-08-24,Y,Referral,UPI,Occasional,2,2026-06-02,356.94
CUST002008,Abhimanyu Mane,Pune,2023-12-04,Y,Referral,Credit/Debit Card,Premium,14,2026-06-20,16621.89
CUST002009,Viraj D’Alia,Hyderabad,2025-02-15,N,Paid Search,UPI,Occasional,2,2026-06-02,1278.9
CUST002010,Pavani Radhakrishnan,Bengaluru,2023-06-24,N,Paid Search,UPI,Registered Only,0,,0.0
CUST002011,Hiral Modi,Hyderabad,2024-02-26,Y,Referral,Credit/Debit Card,Occasional,2,2026-06-15,3380.47
CUST002012,Kashish Raval,Mumbai,2024-04-11,N,Organic,UPI,New,1,2026-06-12,1605.1
CUST002013,Aachal Raghavan,Delhi NCR,2025-04-23,N,Social Media,UPI,Registered Only,0,,0.0
CUST002014,Christopher Dutta,Hyderabad,2025-03-01,Y,Organic,UPI,New,1,2026-06-06,456.88
CUST002015,Gautam Bhatti,Chennai,2023-11-09,N,Paid Search,Wallet,Premium,5,2026-06-28,11452.9
CUST002016,Devansh Chahal,Delhi NCR,2023-09-28,N,Social Media,UPI,Premium,8,2026-06-28,8785.61
CUST002017,Rushil Deshmukh,Hyderabad,2026-02-19,N,Organic,UPI,Registered Only,0,,0.0
CUST002018,Luke Ganguly,Bengaluru,2024-01-11,N,Referral,UPI,Premium,7,2026-06-26,9944.27
CUST002019,Vinaya Mani,Pune,2025-08-02,N,Referral,UPI,Regular,9,2026-06-23,7836.49
CUST002020,Neelima Hans,Delhi NCR,2023-08-07,N,Social Media,Wallet,Registered Only,0,,0.0
CUST002021,Ekapad Ray,Bengaluru,2024-10-20,N,Referral,UPI,Occasional,2,2026-05-17,1512.77
CUST002022,Aarini Sani,Mumbai,2024-06-23,N,Paid Search,UPI,Registered Only,0,,0.0
CUST002023,Januja Jha,Delhi NCR,2025-07-01,N,Social Media,Cash on Delivery,Registered Only,0,,0.0
CUST002024,Jatin Balay,Mumbai,2024-07-08,N,Social Media,UPI,Registered Only,0,,0.0
CUST002025,Gaurav Choudhury,Bengaluru,2026-02-03,N,Referral,Net Banking,New,1,2026-05-30,715.34
CUST002026,Charita Sachdev,Hyderabad,2024-05-29,Y,Social Media,Cash on Delivery,Registered Only,0,,0.0
CUST002027,Rachita Sankaran,Mumbai,2024-07-12,N,Referral,Credit/Debit Card,New,1,2026-06-14,3928.47
CUST002028,Warjas Sharaf,Hyderabad,2024-07-05,Y,Paid Search,Net Banking,New,1,2026-04-01,1076.75
CUST002029,Yasti Merchant,Hyderabad,2025-12-13,N,Social Media,Cash on Delivery,Registered Only,0,,0.0
CUST002030,Ojasvi Shukla,Hyderabad,2024-03-31,N,Social Media,Credit/Debit Card,Premium,27,2026-06-27,35952.34
CUST002031,Shaurya Choudhary,Chennai,2026-01-14,N,Social Media,UPI,Premium,9,2026-06-16,8365.07
CUST002032,Ronith Bajaj,Delhi NCR,2024-06-21,Y,Social Media,Wallet,Registered Only,0,,0.0
CUST002033,Forum Goda,Hyderabad,2023-05-19,N,Social Media,Cash on Delivery,Occasional,4,2026-05-21,6172.62
CUST002034,Shivansh Raval,Mumbai,2026-02-18,N,Paid Search,Net Banking,Regular,5,2026-06-28,5064.87
CUST002035,Raksha Lal,Bengaluru,2025-09-07,N,Partner Campaign,UPI,Occasional,3,2026-06-17,1983.26
CUST002036,Turvi Sawhney,Mumbai,2025-05-08,N,Social Media,Cash on Delivery,Regular,6,2026-06-16,6471.2
CUST002037,Abha Brar,Bengaluru,2023-04-03,N,Organic,UPI,New,1,2026-05-19,2941.3
CUST002038,Warinder Bhardwaj,Mumbai,2025-05-04,Y,Referral,Credit/Debit Card,Registered Only,0,,0.0
CUST002039,Janaki Deshmukh,Bengaluru,2025-08-14,N,Social Media,Cash on Delivery,Occasional,3,2026-05-20,1265.45
CUST002040,Yochana Pingle,Delhi NCR,2025-10-10,N,Paid Search,UPI,Premium,26,2026-06-27,19635.0
CUST002041,Logan Sarkar,Pune,2023-12-07,N,Referral,UPI,Occasional,2,2026-06-14,3442.34
CUST002042,Deepa Loyal,Hyderabad,2023-06-20,Y,Organic,UPI,Registered Only,0,,0.0
CUST002043,Kritika Sandhu,Pune,2023-04-13,Y,Organic,Credit/Debit Card,New,1,2026-04-22,782.36
CUST002044,Maya Dubey,Delhi NCR,2024-01-14,Y,Social Media,Net Banking,Regular,7,2026-06-23,4947.44
CUST002045,Neha Chakraborty,Bengaluru,2023-06-22,N,Social Media,Credit/Debit Card,New,1,2026-05-21,1145.28
CUST002046,Gaurav Choudhary,Mumbai,2024-01-15,Y,Paid Search,Cash on Delivery,New,1,2026-05-21,75.18
CUST002047,Anusha Om,Bengaluru,2023-10-19,N,Organic,UPI,Occasional,2,2026-04-26,1766.36
CUST002048,Amrita Oza,Delhi NCR,2024-12-20,N,Paid Search,UPI,Occasional,4,2026-06-12,3208.78
CUST002049,Yashoda Kata,Bengaluru,2024-02-11,N,Referral,Net Banking,New,1,2026-04-09,5023.87
CUST002050,Wakeeta Sathe,Pune,2025-07-08,N,Referral,Cash on Delivery,Registered Only,0,,0.0
CUST002051,Vrishti Datta,Bengaluru,2026-01-24,N,Referral,Wallet,New,1,2026-04-08,497.58
CUST002052,Kabir Vyas,Delhi NCR,2026-01-10,Y,Referral,UPI,Regular,6,2026-06-19,4550.91
CUST002053,Chaitaly Sangha,Hyderabad,2025-03-18,N,Social Media,UPI,Registered Only,0,,0.0
CUST002054,Logan Doctor,Hyderabad,2025-10-27,Y,Social Media,UPI,New,1,2026-04-28,33.28
CUST002055,Farhan Kapur,Hyderabad,2024-06-18,Y,Referral,UPI,Registered Only,0,,0.0
CUST002056,Odika Dave,Bengaluru,2025-10-05,N,Partner Campaign,UPI,Occasional,3,2026-05-25,4552.94
CUST002057,Ekapad Pall,Mumbai,2025-01-15,N,Paid Search,UPI,New,1,2026-05-03,120.56
CUST002058,Rachita Wagle,Pune,2024-10-17,N,Referral,UPI,Occasional,4,2026-06-29,2056.78
CUST002059,Falak Mishra,Delhi NCR,2025-01-23,N,Social Media,Credit/Debit Card,New,1,2026-05-11,747.49
CUST002060,Warjas Pathak,Chennai,2024-04-15,N,Paid Search,Credit/Debit Card,Occasional,3,2026-06-22,2899.72
CUST002061,Reyansh Sundaram,Mumbai,2024-03-01,N,Social Media,Credit/Debit Card,Occasional,4,2026-06-28,1757.72
CUST002062,Viraj Chanda,Bengaluru,2023-04-22,N,Organic,UPI,Occasional,2,2026-05-08,2471.2
CUST002063,Mitesh Tandon,Bengaluru,2024-04-09,Y,Social Media,Credit/Debit Card,Occasional,2,2026-06-22,3147.14
CUST002064,Harinakshi Prabhakar,Mumbai,2024-11-25,Y,Social Media,UPI,New,1,2026-04-03,2601.61
CUST002065,Chandani Lad,Chennai,2024-07-22,Y,Organic,Wallet,New,1,2026-04-16,317.57
CUST002066,Bina Ganesh,Bengaluru,2024-01-18,N,Social Media,Credit/Debit Card,New,1,2026-04-17,785.48
CUST002067,Tara Nath,Hyderabad,2025-11-20,N,Paid Search,UPI,Premium,10,2026-06-15,11348.35
CUST002068,Farhan Singhal,Pune,2025-03-31,Y,Organic,Wallet,Registered Only,0,,0.0
CUST002069,Omaja Chad,Hyderabad,2024-09-03,N,Referral,Credit/Debit Card,Registered Only,0,,0.0
CUST002070,Watika Gokhale,Bengaluru,2026-01-11,N,Paid Search,Cash on Delivery,Regular,6,2026-06-08,5478.53
CUST002071,Vamakshi Ghosh,Bengaluru,2023-08-07,N,Organic,UPI,Registered Only,0,,0.0
CUST002072,Mekhala Khalsa,Mumbai,2024-08-07,N,Paid Search,Credit/Debit Card,Registered Only,0,,0.0
CUST002073,Vanya Bali,Hyderabad,2024-05-07,Y,Partner Campaign,UPI,New,1,2026-05-03,533.18
CUST002074,Aachal Rastogi,Bengaluru,2024-09-07,N,Paid Search,Credit/Debit Card,Registered Only,0,,0.0
CUST002075,Mitesh Sidhu,Hyderabad,2024-05-22,N,Social Media,UPI,Registered Only,0,,0.0
CUST002076,Nidra Setty,Mumbai,2025-04-16,N,Paid Search,UPI,Occasional,3,2026-06-13,2822.91
CUST002077,Neha Kalla,Delhi NCR,2023-07-11,Y,Organic,Wallet,Occasional,3,2026-06-27,3274.69
CUST002078,Saksham Dhar,Delhi NCR,2025-04-23,N,Partner Campaign,UPI,New,1,2026-04-05,858.8
CUST002079,Aayush Krishna,Bengaluru,2023-08-27,N,Partner Campaign,UPI,Regular,5,2026-06-18,5200.98
CUST002080,Unnati Bumb,Mumbai,2023-12-27,N,Organic,Credit/Debit Card,Registered Only,0,,0.0
CUST002081,Simon Bumb,Hyderabad,2026-02-21,Y,Organic,UPI,Premium,10,2026-06-26,9033.65
CUST002082,Ayushman Kari,Chennai,2024-11-28,N,Organic,UPI,Occasional,2,2026-06-24,1545.89
CUST002083,Imaran Borra,Hyderabad,2023-06-17,N,Paid Search,Credit/Debit Card,Occasional,3,2026-06-16,2712.03
CUST002084,Anthony Bora,Pune,2025-06-27,N,Social Media,Net Banking,New,1,2026-05-14,1937.96
CUST002085,Naveen Tata,Bengaluru,2024-10-09,N,Organic,UPI,Registered Only,0,,0.0
CUST002086,Bhanumati Tripathi,Bengaluru,2025-07-01,N,Organic,UPI,Registered Only,0,,0.0
CUST002087,Victor Mittal,Mumbai,2024-10-28,N,Organic,UPI,Registered Only,0,,0.0
CUST002088,Lajita Rama,Mumbai,2025-02-14,Y,Organic,UPI,Regular,7,2026-06-26,7056.7
CUST002089,Vasana Sahni,Chennai,2025-08-10,N,Social Media,Wallet,New,1,2026-04-07,221.2
CUST002090,Omkaar Guha,Bengaluru,2023-05-19,N,Partner Campaign,Wallet,Registered Only,0,,0.0
CUST002091,Vanya Mander,Bengaluru,2025-04-05,Y,Referral,UPI,Registered Only,0,,0.0
CUST002092,Jalsa Atwal,Hyderabad,2024-11-07,N,Referral,Wallet,New,1,2026-04-24,1194.99
CUST002093,Abhiram Dyal,Pune,2025-11-24,N,Social Media,Cash on Delivery,New,1,2026-06-19,2184.2
CUST002094,Anamika Bansal,Delhi NCR,2023-05-20,N,Referral,Credit/Debit Card,Occasional,4,2026-06-13,951.07
CUST002095,Avni Sridhar,Bengaluru,2023-07-13,N,Social Media,UPI,Premium,8,2026-06-28,10688.52
CUST002096,Tarak Radhakrishnan,Mumbai,2025-07-08,N,Organic,Wallet,Registered Only,0,,0.0
CUST002097,Agastya Bhalla,Pune,2024-10-01,Y,Paid Search,UPI,Occasional,4,2026-06-11,6532.43
CUST002098,Anmol Biswas,Mumbai,2025-04-14,N,Paid Search,Cash on Delivery,Premium,7,2026-06-24,9874.4
CUST002099,Vansha Sura,Mumbai,2024-09-22,N,Organic,Credit/Debit Card,Premium,33,2026-06-25,34992.32
CUST002100,Yatan Rajagopal,Bengaluru,2026-01-09,Y,Referral,Net Banking,Registered Only,0,,0.0
CUST002101,Sai Palla,Chennai,2025-05-20,N,Organic,Wallet,Registered Only,0,,0.0
CUST002102,Manbir Ram,Chennai,2025-03-01,N,Organic,UPI,Occasional,3,2026-06-19,4103.8
CUST002103,Lucky Shroff,Delhi NCR,2025-09-08,N,Referral,UPI,Occasional,2,2026-06-16,1231.98
CUST002104,Forum Tiwari,Mumbai,2025-08-01,N,Partner Campaign,Wallet,Registered Only,0,,0.0
CUST002105,Eesha Deo,Bengaluru,2025-06-24,Y,Referral,Credit/Debit Card,Occasional,2,2026-05-17,2166.07
CUST002106,Gaurika Bail,Bengaluru,2025-07-06,N,Paid Search,Cash on Delivery,Registered Only,0,,0.0
CUST002107,Tanmayi Ravel,Delhi NCR,2023-04-11,N,Paid Search,UPI,New,1,2026-05-28,38.82
CUST002108,Rohan Dhawan,Bengaluru,2024-10-18,N,Organic,UPI,Registered Only,0,,0.0
CUST002109,Vanya Randhawa,Mumbai,2024-07-16,N,Organic,UPI,Occasional,4,2026-05-16,2179.81
CUST002110,Turvi Kuruvilla,Hyderabad,2024-06-25,Y,Organic,UPI,New,1,2026-04-04,418.04
CUST002111,Luke Salvi,Delhi NCR,2023-12-08,N,Paid Search,Credit/Debit Card,New,1,2026-06-01,6199.61
CUST002112,Samesh Sethi,Delhi NCR,2024-08-21,N,Paid Search,UPI,New,1,2026-05-28,1557.11
CUST002113,Harita Mall,Delhi NCR,2024-05-09,N,Organic,UPI,Registered Only,0,,0.0
CUST002114,Elijah Pal,Chennai,2026-01-24,N,Organic,Credit/Debit Card,New,1,2026-04-29,719.16
CUST002115,Chakradev Bose,Hyderabad,2025-10-27,Y,Organic,UPI,Regular,5,2026-06-22,5235.77
CUST002116,Arya Jayaraman,Pune,2024-03-10,N,Social Media,Wallet,New,1,2026-04-19,534.67
CUST002117,Unni Wali,Bengaluru,2023-07-08,N,Organic,Cash on Delivery,Occasional,2,2026-06-28,755.91
CUST002118,Nathaniel Jha,Hyderabad,2025-03-19,N,Social Media,UPI,Occasional,3,2026-05-24,5634.02
CUST002119,Dhriti Sethi,Mumbai,2026-03-11,N,Organic,UPI,Occasional,2,2026-06-26,1560.67
CUST002120,Bishakha Sachdev,Delhi NCR,2025-11-22,N,Paid Search,UPI,Occasional,3,2026-06-16,7245.12
CUST002121,Wridesh Aggarwal,Pune,2026-01-19,N,Paid Search,UPI,New,1,2026-05-24,656.77
CUST002122,Aditya Madan,Chennai,2026-01-17,Y,Paid Search,Credit/Debit Card,Occasional,2,2026-05-03,185.83
CUST002123,Lekha Varughese,Bengaluru,2023-10-12,N,Social Media,UPI,Registered Only,0,,0.0
CUST002124,Ranveer Uppal,Mumbai,2024-07-07,Y,Social Media,UPI,Registered Only,0,,0.0
CUST002125,Xavier Mahal,Mumbai,2025-02-01,Y,Organic,Wallet,Occasional,2,2026-06-14,1409.25
CUST002126,Zashil Panchal,Bengaluru,2026-03-09,N,Organic,Wallet,New,1,2026-04-30,844.73
CUST002127,Nirja Kapur,Bengaluru,2025-06-23,N,Referral,Cash on Delivery,Regular,7,2026-06-29,5458.98
CUST002128,Vansha Thaker,Mumbai,2026-01-13,N,Social Media,Credit/Debit Card,Registered Only,0,,0.0
CUST002129,Kala Nair,Delhi NCR,2024-05-27,Y,Organic,UPI,Occasional,2,2026-06-21,4635.35
CUST002130,Jasmit Lal,Delhi NCR,2024-02-22,N,Referral,Credit/Debit Card,Registered Only,0,,0.0
CUST002131,Oviya Behl,Chennai,2023-07-07,N,Paid Search,Credit/Debit Card,Occasional,4,2026-06-22,7648.42
CUST002132,Harsh Shah,Bengaluru,2023-04-24,N,Social Media,UPI,Premium,11,2026-06-27,14688.18
CUST002133,Panini Seshadri,Mumbai,2025-04-23,Y,Paid Search,UPI,Registered Only,0,,0.0
CUST002134,Vivaan Kashyap,Delhi NCR,2025-02-12,N,Referral,Credit/Debit Card,Premium,11,2026-06-13,10854.38
CUST002135,Kashvi Chakrabarti,Chennai,2023-09-25,N,Referral,UPI,Occasional,3,2026-06-26,2475.4
CUST002136,Yuvraj Sahni,Delhi NCR,2024-12-06,Y,Referral,UPI,Occasional,4,2026-06-29,1749.33
CUST002137,Kashish Batra,Mumbai,2024-12-02,N,Organic,Net Banking,Regular,7,2026-06-23,7591.66
CUST002138,Nimrat Thakur,Hyderabad,2024-04-02,N,Paid Search,Credit/Debit Card,New,1,2026-06-08,863.63
CUST002139,Om Bhardwaj,Delhi NCR,2026-03-21,N,Paid Search,Net Banking,Regular,6,2026-06-26,6700.47
CUST002140,Urishilla Devi,Hyderabad,2025-06-22,N,Referral,UPI,Occasional,2,2026-06-05,1059.98
CUST002141,Azaan Nanda,Bengaluru,2024-11-27,Y,Paid Search,Credit/Debit Card,Regular,6,2026-06-06,3618.13
CUST002142,Hardik Barman,Delhi NCR,2024-07-25,N,Social Media,UPI,New,1,2026-06-15,1038.77
CUST002143,Sathvik Narayanan,Delhi NCR,2023-09-16,Y,Organic,UPI,Occasional,3,2026-06-06,2143.19
CUST002144,Siya Deep,Mumbai,2024-01-09,N,Social Media,Credit/Debit Card,Registered Only,0,,0.0
CUST002145,Balveer Nayar,Bengaluru,2023-08-14,N,Paid Search,Credit/Debit Card,Registered Only,0,,0.0
CUST002146,Anay Deol,Delhi NCR,2025-05-27,N,Organic,UPI,New,1,2026-06-05,3350.09
CUST002147,Wishi Puri,Delhi NCR,2025-03-09,N,Organic,UPI,Registered Only,0,,0.0
CUST002148,Lekha Bobal,Hyderabad,2024-11-04,Y,Paid Search,Credit/Debit Card,Occasional,2,2026-06-12,4246.34
CUST002149,Vrishti Bail,Delhi NCR,2025-04-22,N,Referral,Cash on Delivery,Regular,8,2026-06-05,4707.82
CUST002150,Dominic Mangat,Hyderabad,2024-07-25,N,Referral,Credit/Debit Card,Occasional,3,2026-06-15,1450.66
CUST002151,Darsh Modi,Hyderabad,2026-01-28,N,Organic,UPI,Registered Only,0,,0.0
CUST002152,Vidhi Bajwa,Mumbai,2025-09-04,Y,Paid Search,Cash on Delivery,Occasional,2,2026-06-01,2207.94
CUST002153,Devansh Garde,Bengaluru,2024-11-25,N,Paid Search,UPI,Occasional,2,2026-05-01,2236.36
CUST002154,Oliver Cheema,Mumbai,2025-10-16,N,Social Media,Cash on Delivery,Premium,11,2026-06-27,10152.18
CUST002155,Eiravati Hora,Mumbai,2023-05-06,N,Paid Search,Cash on Delivery,Premium,8,2026-06-27,8282.07
CUST002156,Aachal Manda,Delhi NCR,2025-03-03,N,Paid Search,UPI,Registered Only,0,,0.0
CUST002157,Yamini Keer,Delhi NCR,2025-02-28,Y,Organic,Credit/Debit Card,Occasional,2,2026-06-01,1061.76
CUST002158,Waida Master,Mumbai,2026-01-13,N,Organic,Credit/Debit Card,Occasional,2,2026-04-25,494.02
CUST002159,Vivaan Sastry,Bengaluru,2024-02-11,N,Paid Search,UPI,New,1,2026-05-20,1363.02
CUST002160,Ayushman Deshpande,Bengaluru,2024-06-25,Y,Paid Search,Cash on Delivery,Occasional,3,2026-06-06,1333.04
CUST002161,Saanvi Sachdeva,Bengaluru,2024-08-03,Y,Organic,UPI,Registered Only,0,,0.0
CUST002162,Ethan Tailor,Pune,2024-06-14,N,Organic,Credit/Debit Card,Occasional,3,2026-06-19,3123.24
CUST002163,Libni Venkatesh,Bengaluru,2024-08-14,Y,Social Media,UPI,Occasional,2,2026-05-13,3542.84
CUST002164,Ayaan Banik,Mumbai,2026-01-05,Y,Organic,UPI,Occasional,4,2026-06-29,5045.19
CUST002165,Nakul Sood,Hyderabad,2025-06-09,Y,Paid Search,UPI,Occasional,3,2026-06-21,4758.4
CUST002166,Yoshita Sandal,Bengaluru,2024-03-07,N,Paid Search,UPI,Occasional,4,2026-06-09,5117.0
CUST002167,Lohit Nanda,Bengaluru,2023-05-10,N,Referral,Credit/Debit Card,Regular,6,2026-06-28,4857.28
CUST002168,Elijah Naidu,Delhi NCR,2023-08-20,Y,Organic,UPI,Registered Only,0,,0.0
CUST002169,Viraj Trivedi,Hyderabad,2025-05-07,N,Paid Search,Net Banking,Regular,7,2026-05-13,5857.2
CUST002170,Indira Ravel,Bengaluru,2025-07-12,Y,Partner Campaign,Credit/Debit Card,New,1,2026-04-09,818.53
CUST002171,Finn Goda,Bengaluru,2023-07-30,N,Partner Campaign,Credit/Debit Card,Premium,10,2026-06-15,7536.17
CUST002172,Baljiwan Tailor,Bengaluru,2025-08-20,N,Partner Campaign,Wallet,Occasional,3,2026-06-17,6830.13
CUST002173,Ishwar Kale,Chennai,2025-06-09,Y,Organic,UPI,Registered Only,0,,0.0
CUST002174,Gavin Rajan,Bengaluru,2025-02-18,N,Organic,Credit/Debit Card,Occasional,4,2026-06-20,4095.89
CUST002175,Jeremiah Mutti,Hyderabad,2025-05-10,Y,Organic,UPI,Registered Only,0,,0.0
CUST002176,Azad Sathe,Bengaluru,2024-12-12,N,Organic,UPI,New,1,2026-05-13,1094.79
CUST002177,Anvi Vyas,Mumbai,2023-06-20,N,Paid Search,UPI,Occasional,3,2026-06-18,2902.91
CUST002178,Nirja Sule,Bengaluru,2025-06-24,N,Referral,Wallet,New,1,2026-06-18,147.05
CUST002179,Sachi Savant,Bengaluru,2024-11-27,N,Partner Campaign,Cash on Delivery,New,1,2026-04-06,868.68
CUST002180,Lipika Kaur,Bengaluru,2024-03-10,N,Paid Search,UPI,New,1,2026-05-16,449.09
CUST002181,Aashi Minhas,Bengaluru,2025-10-05,N,Organic,Credit/Debit Card,New,1,2026-06-25,251.75
CUST002182,Arya Toor,Delhi NCR,2023-09-03,N,Organic,Wallet,Occasional,3,2026-06-07,4240.25
CUST002183,Samar Bajwa,Hyderabad,2024-09-16,Y,Organic,Wallet,Registered Only,0,,0.0
CUST002184,Gopal Goswami,Mumbai,2026-03-21,N,Organic,UPI,New,1,2026-06-14,814.36
CUST002185,Ishani Aurora,Delhi NCR,2025-08-17,Y,Organic,UPI,New,1,2026-06-14,2839.98
CUST002186,Dayamai Kant,Delhi NCR,2023-11-30,N,Social Media,Credit/Debit Card,New,1,2026-06-26,3206.02
CUST002187,Harish Puri,Delhi NCR,2025-05-16,N,Social Media,Cash on Delivery,Premium,10,2026-06-28,10032.8
CUST002188,Lila Narayan,Delhi NCR,2024-01-01,Y,Social Media,UPI,Regular,5,2026-05-23,2818.79
CUST002189,Zashil Sarraf,Bengaluru,2023-06-28,Y,Paid Search,UPI,New,1,2026-05-04,331.85
CUST002190,Ekta Virk,Hyderabad,2024-02-21,N,Organic,UPI,Registered Only,0,,0.0
CUST002191,Ekani Bandi,Pune,2024-11-23,Y,Partner Campaign,Wallet,Registered Only,0,,0.0
CUST002192,Damini Keer,Chennai,2025-11-25,N,Partner Campaign,Credit/Debit Card,Registered Only,0,,0.0
CUST002193,Nathan Vaidya,Delhi NCR,2025-04-23,Y,Paid Search,UPI,Occasional,3,2026-06-18,1023.51
CUST002194,Oviya Khatri,Pune,2024-05-28,Y,Referral,UPI,Premium,13,2026-06-29,10568.95
CUST002195,Rudra Vyas,Mumbai,2024-04-12,N,Organic,UPI,New,1,2026-05-16,1635.71
CUST002196,Anvi Mand,Delhi NCR,2025-07-28,N,Partner Campaign,Wallet,Regular,7,2026-06-23,5653.35
CUST002197,Mitali Nayak,Bengaluru,2024-01-06,N,Organic,UPI,Occasional,3,2026-05-26,1811.91
CUST002198,Faras Raj,Mumbai,2023-09-25,N,Paid Search,Credit/Debit Card,New,1,2026-06-05,632.9
CUST002199,Turvi Sankar,Pune,2024-03-22,Y,Referral,UPI,Occasional,2,2026-06-02,2421.37
CUST002200,Jyoti Palan,Bengaluru,2025-05-04,N,Organic,Wallet,Occasional,2,2026-06-28,5747.65
CUST002201,Lipika Mani,Delhi NCR,2024-04-23,N,Organic,Net Banking,Registered Only,0,,0.0
CUST002202,Siya Gill,Bengaluru,2023-08-14,N,Organic,UPI,New,1,2026-06-28,875.57
CUST002203,Neel D’Alia,Mumbai,2023-10-09,N,Organic,UPI,Occasional,2,2026-05-06,2874.23
CUST002204,Warjas Rajagopal,Pune,2025-12-16,N,Social Media,UPI,Occasional,2,2026-06-07,984.05
CUST002205,Dhriti Bains,Hyderabad,2026-03-21,Y,Partner Campaign,Net Banking,Registered Only,0,,0.0
CUST002206,Nicholas Yadav,Bengaluru,2026-03-31,N,Social Media,Wallet,Occasional,2,2026-06-26,3616.7
CUST002207,Zilmil Sant,Chennai,2025-09-12,N,Organic,UPI,Occasional,3,2026-06-28,4835.65
CUST002208,Zaid Bhakta,Chennai,2023-07-23,N,Paid Search,Credit/Debit Card,Premium,54,2026-06-29,53653.72
CUST002209,Ayushman Bora,Chennai,2024-03-10,N,Organic,Net Banking,New,1,2026-05-25,2911.22
CUST002210,Aahana Madan,Pune,2025-12-12,N,Partner Campaign,Cash on Delivery,Registered Only,0,,0.0
CUST002211,Vaishnavi Sathe,Hyderabad,2023-04-24,N,Referral,Credit/Debit Card,Premium,6,2026-06-28,9738.18
CUST002212,Thomas Dara,Pune,2025-09-16,Y,Social Media,UPI,Occasional,2,2026-06-21,4925.68
CUST002213,Atharv Gara,Bengaluru,2025-11-09,N,Partner Campaign,UPI,Registered Only,0,,0.0
CUST002214,Anmol Rastogi,Delhi NCR,2024-01-31,Y,Organic,UPI,Registered Only,0,,0.0
CUST002215,Varenya Ben,Bengaluru,2025-09-25,N,Organic,UPI,Regular,5,2026-06-15,6197.69
CUST002216,Damyanti Bawa,Mumbai,2024-12-21,N,Referral,UPI,Occasional,4,2026-06-20,5094.69
CUST002217,Indrajit Krishna,Bengaluru,2024-07-30,N,Paid Search,UPI,New,1,2026-04-15,140.76
CUST002218,Ojasvi Dhar,Hyderabad,2023-06-13,Y,Partner Campaign,UPI,Registered Only,0,,0.0
CUST002219,Janani Dugal,Pune,2025-12-16,N,Organic,UPI,New,1,2026-04-18,1628.93
CUST002220,Vyanjana Munshi,Chennai,2024-07-21,N,Organic,UPI,Occasional,2,2026-06-13,2859.79
CUST002221,Bhavika Lal,Delhi NCR,2024-11-17,N,Referral,Credit/Debit Card,New,1,2026-05-24,461.12
CUST002222,Sneha Din,Delhi NCR,2025-06-06,N,Organic,UPI,New,1,2026-04-05,508.66
CUST002223,Ranbir Dugar,Chennai,2025-04-26,N,Organic,UPI,Registered Only,0,,0.0
CUST002224,Varsha Doctor,Hyderabad,2024-09-03,Y,Organic,UPI,New,1,2026-04-12,2342.32
CUST002225,Omya Dhaliwal,Hyderabad,2023-05-07,N,Organic,UPI,New,1,2026-06-07,211.3
CUST002226,Amrita Mitter,Bengaluru,2025-11-21,N,Social Media,Wallet,Premium,5,2026-06-10,12237.13
CUST002227,Bhavika Contractor,Bengaluru,2024-01-03,N,Partner Campaign,UPI,Registered Only,0,,0.0
CUST002228,Pushti Sura,Pune,2023-07-01,N,Referral,Wallet,Registered Only,0,,0.0
CUST002229,Yug Bumb,Bengaluru,2024-03-07,N,Referral,Credit/Debit Card,Registered Only,0,,0.0
CUST002230,Meghana Kulkarni,Bengaluru,2024-11-21,N,Paid Search,UPI,Occasional,2,2026-05-16,1017.3
CUST002231,Zilmil Lal,Pune,2023-12-02,N,Referral,UPI,Occasional,2,2026-04-29,559.9
CUST002232,Brinda Saraf,Mumbai,2025-02-18,N,Social Media,UPI,Registered Only,0,,0.0
CUST002233,Aryan Mand,Pune,2024-11-08,N,Referral,Net Banking,New,1,2026-05-02,786.23
CUST002234,Ganga Dugar,Delhi NCR,2024-08-28,Y,Referral,Credit/Debit Card,Registered Only,0,,0.0
CUST002235,Xavier Butala,Mumbai,2023-10-20,N,Paid Search,UPI,New,1,2026-04-28,1024.43
CUST002236,Jasmit Upadhyay,Mumbai,2024-05-08,Y,Paid Search,UPI,Premium,8,2026-05-27,10328.19
CUST002237,Baghyawati Ranganathan,Delhi NCR,2025-09-22,N,Referral,UPI,New,1,2026-05-25,1164.41
CUST002238,Widisha Purohit,Bengaluru,2024-01-26,Y,Organic,Credit/Debit Card,Occasional,3,2026-06-17,1535.44
CUST002239,Aarini Chaudhary,Delhi NCR,2025-07-28,Y,Organic,Wallet,Registered Only,0,,0.0
CUST002240,Sarthak Sangha,Bengaluru,2023-10-21,N,Organic,UPI,Registered Only,0,,0.0
CUST002241,Kevin Saxena,Chennai,2024-09-01,N,Organic,Cash on Delivery,Occasional,2,2026-05-24,1817.84
CUST002242,Zashil Dada,Pune,2024-06-18,N,Organic,Cash on Delivery,Occasional,3,2026-06-27,1791.46
CUST002243,Anjali Agarwal,Delhi NCR,2025-03-29,N,Paid Search,UPI,Registered Only,0,,0.0
CUST002244,David Tella,Chennai,2023-12-25,N,Referral,Cash on Delivery,Premium,26,2026-06-29,28924.29
CUST002245,Waida Basak,Bengaluru,2024-11-19,N,Social Media,UPI,Regular,5,2026-06-28,7861.91
CUST002246,Yauvani Ganesan,Bengaluru,2024-09-21,N,Paid Search,UPI,Occasional,2,2026-05-27,1006.66
CUST002247,Samarth Dutta,Chennai,2024-06-17,Y,Referral,Cash on Delivery,Premium,12,2026-06-24,18416.63
CUST002248,Elijah Garg,Bengaluru,2025-03-06,N,Referral,Cash on Delivery,Occasional,4,2026-04-24,4429.4
CUST002249,Ranveer Patel,Bengaluru,2024-05-17,N,Organic,UPI,Registered Only,0,,0.0
CUST002250,Pahal Gour,Chennai,2023-11-06,Y,Paid Search,UPI,Occasional,2,2026-04-30,1792.22
CUST002251,Dominic Walia,Bengaluru,2025-12-30,N,Organic,Net Banking,Registered Only,0,,0.0
CUST002252,Elijah Subramanian,Bengaluru,2025-09-10,N,Organic,UPI,Occasional,3,2026-05-31,3352.55
CUST002253,Edhitha Wali,Hyderabad,2024-03-06,N,Organic,UPI,New,1,2026-04-26,431.73
CUST002254,Madhavi Barad,Delhi NCR,2025-01-31,N,Organic,Cash on Delivery,New,1,2026-05-09,286.49
CUST002255,Warhi Sane,Chennai,2025-09-14,N,Partner Campaign,Wallet,New,1,2026-04-17,248.62
CUST002256,Nakul Grover,Hyderabad,2025-09-21,N,Referral,UPI,New,1,2026-04-16,1962.29
CUST002257,Aashi Pant,Bengaluru,2024-09-23,Y,Social Media,Cash on Delivery,Registered Only,0,,0.0
CUST002258,Aarush Mandal,Bengaluru,2024-11-02,Y,Referral,UPI,Registered Only,0,,0.0
CUST002259,Gaurangi Dara,Chennai,2025-12-05,N,Social Media,Wallet,New,1,2026-06-07,2786.64
CUST002260,Yagnesh Pathak,Bengaluru,2024-01-09,Y,Referral,UPI,Occasional,3,2026-06-23,2294.57
CUST002261,Nidra Dada,Bengaluru,2026-03-07,N,Organic,UPI,Occasional,3,2026-06-12,4919.31
CUST002262,Fiyaz Ahuja,Bengaluru,2023-06-18,Y,Referral,UPI,Registered Only,0,,0.0
CUST002263,Ekaraj Bains,Bengaluru,2025-10-13,N,Organic,UPI,Occasional,3,2026-05-29,3585.36
CUST002264,Caleb Chana,Bengaluru,2024-12-29,N,Paid Search,UPI,New,1,2026-05-06,65.62
CUST002265,Kamala Chhabra,Chennai,2025-11-13,Y,Social Media,UPI,New,1,2026-04-03,2241.38
CUST002266,Amara Halder,Delhi NCR,2023-09-03,N,Paid Search,Credit/Debit Card,Registered Only,0,,0.0
CUST002267,Darpan Natarajan,Chennai,2024-02-09,N,Organic,Net Banking,Occasional,3,2026-06-14,3652.61
CUST002268,Anita Khare,Delhi NCR,2025-06-30,N,Organic,Credit/Debit Card,Occasional,2,2026-04-11,694.99
CUST002269,Harish Mani,Bengaluru,2024-12-14,N,Social Media,Credit/Debit Card,Occasional,2,2026-06-17,449.52
CUST002270,Sathvik Vasa,Chennai,2024-02-29,N,Paid Search,UPI,Regular,6,2026-06-17,6173.35
CUST002271,Bakhshi Sami,Bengaluru,2025-03-16,N,Partner Campaign,Credit/Debit Card,Occasional,3,2026-06-10,409.66
CUST002272,Chandani Kibe,Delhi NCR,2025-08-22,N,Paid Search,UPI,Occasional,3,2026-06-23,4622.56
CUST002273,Anita Vala,Mumbai,2026-03-21,N,Partner Campaign,UPI,Occasional,3,2026-06-13,809.69
CUST002274,Ganga Bir,Mumbai,2023-05-06,Y,Organic,Credit/Debit Card,Premium,26,2026-06-29,31435.4
CUST002275,Matthew Murthy,Bengaluru,2023-10-19,N,Organic,UPI,Registered Only,0,,0.0
CUST002276,Bimala Tara,Bengaluru,2024-03-24,N,Organic,UPI,Occasional,3,2026-06-06,2643.61
CUST002277,Aishani Sant,Delhi NCR,2024-04-30,N,Organic,UPI,Regular,5,2026-06-22,4340.43
CUST002278,Caleb Kala,Bengaluru,2025-11-24,N,Organic,UPI,Registered Only,0,,0.0
CUST002279,Bina Bakshi,Pune,2024-11-11,N,Referral,UPI,Premium,10,2026-06-19,10378.03
CUST002280,Vrishti Devi,Delhi NCR,2023-08-09,N,Referral,Cash on Delivery,Occasional,4,2026-06-14,4649.53
CUST002281,Isaac Barad,Bengaluru,2026-02-11,N,Partner Campaign,UPI,Registered Only,0,,0.0
CUST002282,Arjun Bawa,Delhi NCR,2024-10-18,N,Social Media,Wallet,Registered Only,0,,0.0
CUST002283,Brinda Bera,Bengaluru,2024-06-24,N,Referral,Cash on Delivery,New,1,2026-04-04,92.4
CUST002284,Vrinda Ray,Delhi NCR,2024-08-18,Y,Paid Search,Wallet,Occasional,4,2026-06-11,1750.2
CUST002285,Ridhi Vora,Chennai,2024-09-13,N,Paid Search,Wallet,Regular,7,2026-06-07,5655.79
CUST002286,Anusha Mody,Bengaluru,2023-05-23,N,Referral,Wallet,Occasional,2,2026-06-26,1121.44
CUST002287,Veer Bava,Hyderabad,2025-08-17,N,Partner Campaign,UPI,New,1,2026-06-13,1828.16
CUST002288,Upadhriti Dua,Pune,2025-10-15,Y,Referral,Cash on Delivery,Occasional,2,2026-04-27,858.79
CUST002289,Patrick Mall,Hyderabad,2024-02-06,N,Referral,UPI,Premium,12,2026-06-29,17841.18
CUST002290,Darpan Bhasin,Bengaluru,2024-03-22,N,Social Media,UPI,New,1,2026-05-30,1166.81
CUST002291,Kritika Mohan,Bengaluru,2023-11-07,Y,Referral,Credit/Debit Card,New,1,2026-04-29,592.1
CUST002292,Teerth Sibal,Mumbai,2025-08-10,N,Social Media,UPI,New,1,2026-05-29,1701.26
CUST002293,Abeer Chandra,Hyderabad,2023-12-01,N,Referral,UPI,Occasional,4,2026-06-18,5979.69
CUST002294,Parth Srinivas,Delhi NCR,2023-10-12,N,Paid Search,UPI,Occasional,2,2026-05-21,105.41
CUST002295,Yuvraj Nanda,Mumbai,2025-07-17,N,Organic,UPI,Premium,8,2026-06-03,9176.25
CUST002296,Anay Kara,Delhi NCR,2025-12-05,Y,Referral,UPI,Regular,5,2026-05-27,4383.78
CUST002297,Zashil Mahajan,Mumbai,2024-06-30,N,Organic,UPI,Regular,5,2026-06-06,5547.15
CUST002298,Jasmit Dixit,Mumbai,2023-05-29,N,Organic,Cash on Delivery,Occasional,3,2026-06-28,2907.47
CUST002299,Veer Som,Mumbai,2024-09-28,N,Social Media,Credit/Debit Card,Premium,24,2026-06-19,19523.18
CUST002300,Ojas Jani,Bengaluru,2025-04-11,Y,Organic,Credit/Debit Card,New,1,2026-06-12,290.93
CUST002301,Jairaj Jha,Delhi NCR,2024-03-04,N,Partner Campaign,Wallet,Occasional,4,2026-06-23,3999.71
CUST002302,Kabir Sunder,Delhi NCR,2025-12-13,Y,Paid Search,UPI,Premium,9,2026-05-31,10673.54
CUST002303,Netra Dhaliwal,Mumbai,2025-01-27,N,Social Media,Cash on Delivery,New,1,2026-04-26,933.27
CUST002304,Omaja Korpal,Chennai,2023-10-20,N,Partner Campaign,UPI,Regular,5,2026-06-22,3905.42
CUST002305,Charles Keer,Hyderabad,2023-07-21,N,Social Media,Wallet,New,1,2026-04-18,2421.4
CUST002306,Yash Baria,Mumbai,2025-07-03,N,Referral,Wallet,Occasional,2,2026-06-18,3710.38
CUST002307,Bakhshi Banik,Chennai,2023-07-16,Y,Referral,Credit/Debit Card,Occasional,2,2026-06-29,2008.34
CUST002308,Ekani Prabhu,Bengaluru,2025-11-09,N,Organic,Credit/Debit Card,Occasional,2,2026-04-25,3445.41
CUST002309,Lakshit Randhawa,Delhi NCR,2025-06-07,N,Social Media,UPI,New,1,2026-06-10,2340.59
CUST002310,Sathvik Walla,Bengaluru,2024-03-26,Y,Paid Search,UPI,Occasional,2,2026-06-21,867.88
CUST002311,Ria Gandhi,Bengaluru,2024-03-01,N,Organic,UPI,Occasional,2,2026-06-02,1120.82
CUST002312,Darsh Gour,Delhi NCR,2023-09-29,N,Referral,UPI,Premium,19,2026-06-29,15518.14
CUST002313,Amruta Nagarajan,Bengaluru,2026-01-23,N,Organic,Credit/Debit Card,New,1,2026-05-16,2313.91
CUST002314,Jagdish Kakar,Bengaluru,2025-04-03,N,Social Media,Wallet,Occasional,3,2026-05-06,4332.76
CUST002315,Bhavya Mittal,Mumbai,2024-12-08,Y,Organic,Cash on Delivery,Occasional,3,2026-05-20,1129.39
CUST002316,Upasna Chaudhary,Chennai,2023-07-31,N,Social Media,UPI,New,1,2026-04-21,306.08
CUST002317,Wyatt Talwar,Pune,2023-04-22,N,Referral,Credit/Debit Card,Occasional,2,2026-05-21,1661.32
CUST002318,Jai Vohra,Mumbai,2024-07-21,N,Paid Search,UPI,New,1,2026-06-23,546.36
CUST002319,Leena Biswas,Delhi NCR,2023-08-07,Y,Partner Campaign,UPI,Premium,8,2026-06-27,13514.29
CUST002320,Michael Chaudhary,Hyderabad,2025-11-26,N,Organic,UPI,Registered Only,0,,0.0
CUST002321,Dayamai Pai,Bengaluru,2025-11-06,N,Organic,Credit/Debit Card,Registered Only,0,,0.0
CUST002322,Pooja Nori,Bengaluru,2024-03-29,N,Social Media,UPI,Registered Only,0,,0.0
CUST002323,Indrajit Ben,Hyderabad,2023-07-02,N,Referral,UPI,New,1,2026-04-27,0.0
CUST002324,Tristan Bora,Hyderabad,2024-07-25,N,Social Media,Wallet,Registered Only,0,,0.0
CUST002325,Tarak Narang,Delhi NCR,2023-12-15,N,Social Media,UPI,New,1,2026-06-02,1568.77
CUST002326,Hiral Amble,Mumbai,2024-07-02,Y,Organic,UPI,Occasional,3,2026-06-19,7236.06
CUST002327,Bachittar Krishna,Chennai,2025-11-18,Y,Referral,UPI,Occasional,3,2026-06-22,4040.9
CUST002328,Vincent Sha,Bengaluru,2024-01-04,N,Paid Search,Credit/Debit Card,Occasional,3,2026-06-05,564.75
CUST002329,Oscar Wadhwa,Mumbai,2024-07-28,Y,Paid Search,Wallet,Registered Only,0,,0.0
CUST002330,Praneel Varghese,Mumbai,2024-07-17,N,Organic,UPI,Registered Only,0,,0.0
CUST002331,Michael Khanna,Bengaluru,2024-01-06,N,Partner Campaign,Wallet,Registered Only,0,,0.0
CUST002332,Upma Bava,Hyderabad,2025-08-07,N,Organic,Wallet,Occasional,2,2026-06-02,3578.36
CUST002333,Unnati Dhaliwal,Delhi NCR,2024-11-05,N,Paid Search,UPI,Occasional,2,2026-06-02,4523.72
CUST002334,Ansh Shere,Bengaluru,2023-12-23,Y,Referral,UPI,Registered Only,0,,0.0
CUST002335,Upadhriti Barad,Bengaluru,2025-11-23,Y,Partner Campaign,Net Banking,Premium,6,2026-06-24,16427.63
CUST002336,Yash Virk,Mumbai,2023-06-04,Y,Referral,Wallet,Occasional,3,2026-06-13,1578.11
CUST002337,Madhav Balasubramanian,Chennai,2025-01-03,N,Organic,UPI,Registered Only,0,,0.0
CUST002338,Devika Misra,Hyderabad,2025-06-30,N,Partner Campaign,Wallet,Registered Only,0,,0.0
CUST002339,Aarini Kurian,Mumbai,2024-06-14,N,Paid Search,UPI,Regular,5,2026-06-15,3472.71
CUST002340,Vinaya Ganesan,Hyderabad,2025-12-22,N,Paid Search,UPI,Occasional,2,2026-05-08,1943.52
CUST002341,Saanvi Mitter,Bengaluru,2024-06-09,Y,Social Media,UPI,Occasional,2,2026-05-05,4519.47
CUST002342,Vedika Walia,Chennai,2025-05-01,N,Organic,Wallet,Regular,5,2026-06-28,5670.12
CUST002343,Yashodhara Naidu,Bengaluru,2024-01-28,N,Referral,Wallet,Registered Only,0,,0.0
CUST002344,Utkarsh Sankaran,Bengaluru,2023-06-25,N,Paid Search,Credit/Debit Card,Occasional,2,2026-06-10,4031.49
CUST002345,Oliver Tiwari,Bengaluru,2026-02-24,N,Paid Search,Credit/Debit Card,New,1,2026-06-10,726.87
CUST002346,Agastya Srinivasan,Delhi NCR,2025-03-25,N,Social Media,Wallet,Registered Only,0,,0.0
CUST002347,Dhriti Deo,Mumbai,2024-10-07,Y,Organic,UPI,Regular,6,2026-06-25,2940.49
CUST002348,Bishakha Acharya,Bengaluru,2023-07-01,N,Paid Search,Wallet,New,1,2026-05-09,3200.35
CUST002349,Ishanvi Nagar,Mumbai,2025-12-25,Y,Social Media,UPI,Registered Only,0,,0.0
CUST002350,Watika Rajagopalan,Chennai,2024-11-04,N,Referral,Credit/Debit Card,Registered Only,0,,0.0
CUST002351,Rehaan Oak,Bengaluru,2025-05-13,N,Social Media,Wallet,Occasional,4,2026-05-28,3055.61
CUST002352,Nisha Wason,Bengaluru,2026-02-20,N,Social Media,Cash on Delivery,Occasional,2,2026-05-23,392.95
CUST002353,Rohan Mallick,Chennai,2024-08-24,N,Referral,Credit/Debit Card,Premium,6,2026-06-27,12089.45
CUST002354,Warhi Ratti,Mumbai,2025-08-03,Y,Social Media,Wallet,New,1,2026-06-05,769.2
CUST002355,Faqid Saran,Delhi NCR,2025-09-12,N,Organic,UPI,Occasional,2,2026-05-21,1375.24
CUST002356,Sara Yadav,Bengaluru,2023-07-23,Y,Social Media,UPI,Regular,5,2026-05-17,3562.75
CUST002357,Girik Comar,Pune,2023-12-19,N,Paid Search,UPI,Premium,5,2026-05-16,9078.04
CUST002358,Ishanvi Sagar,Delhi NCR,2023-05-10,N,Partner Campaign,UPI,New,1,2026-05-11,299.09
CUST002359,Megha Natarajan,Bengaluru,2025-07-02,Y,Organic,Net Banking,Registered Only,0,,0.0
CUST002360,Vedhika Hegde,Pune,2023-05-16,N,Organic,Credit/Debit Card,Regular,8,2026-06-13,5450.94
CUST002361,Kashish Sarma,Delhi NCR,2025-08-07,N,Organic,UPI,Regular,6,2026-06-29,6070.22
CUST002362,Kamya D’Alia,Hyderabad,2025-02-02,N,Partner Campaign,UPI,Registered Only,0,,0.0
CUST002363,Amaira Vora,Chennai,2025-02-19,Y,Social Media,UPI,New,1,2026-06-12,1614.71
CUST002364,Azaan Sangha,Chennai,2024-04-24,Y,Organic,Credit/Debit Card,Occasional,3,2026-05-19,3516.35
CUST002365,Christopher Mangal,Hyderabad,2024-07-03,N,Referral,UPI,Occasional,2,2026-06-05,777.51
CUST002366,Wazir Halder,Bengaluru,2023-12-04,N,Referral,Credit/Debit Card,Occasional,2,2026-06-11,2125.37
CUST002367,Divya Palla,Hyderabad,2025-01-09,N,Organic,UPI,Registered Only,0,,0.0
CUST002368,Mohini Atwal,Mumbai,2024-10-19,Y,Organic,UPI,Occasional,2,2026-06-22,1308.49
CUST002369,Vasatika Sethi,Chennai,2026-01-07,Y,Social Media,Credit/Debit Card,Occasional,3,2026-06-06,752.23
CUST002370,Aarush Date,Mumbai,2025-11-27,Y,Organic,UPI,Registered Only,0,,0.0
CUST002371,Yash Deol,Pune,2024-07-02,Y,Referral,Wallet,Regular,5,2026-05-28,5424.08
CUST002372,Peter Sangha,Hyderabad,2025-12-01,N,Organic,UPI,Regular,5,2026-06-13,6211.0
CUST002373,Hardik Bal,Mumbai,2024-06-19,N,Organic,UPI,Occasional,2,2026-06-15,4806.79
CUST002374,Harini Sant,Hyderabad,2024-10-11,N,Referral,Wallet,Occasional,2,2026-06-13,5431.04
CUST002375,Pavani Ratta,Chennai,2024-07-11,N,Organic,UPI,Premium,8,2026-06-13,10100.7
CUST002376,Nikita Gaba,Bengaluru,2024-08-19,Y,Paid Search,UPI,Occasional,2,2026-06-24,2382.71
CUST002377,Arjun Merchant,Bengaluru,2026-03-19,Y,Social Media,UPI,Registered Only,0,,0.0
CUST002378,Veer Tripathi,Hyderabad,2023-04-25,N,Partner Campaign,Wallet,Occasional,2,2026-06-01,1308.26
CUST002379,Ishanvi Borde,Mumbai,2025-06-26,Y,Paid Search,UPI,Occasional,3,2026-06-09,6689.83
CUST002380,Zaitra Sur,Bengaluru,2025-02-21,N,Organic,Wallet,Registered Only,0,,0.0
CUST002381,Nikita Deep,Chennai,2025-12-15,N,Paid Search,UPI,New,1,2026-04-05,595.24
CUST002382,Kashish Kari,Delhi NCR,2026-01-25,N,Referral,Cash on Delivery,Occasional,2,2026-05-22,1708.65
CUST002383,Pranav Sodhi,Chennai,2025-06-20,N,Partner Campaign,UPI,Occasional,3,2026-05-20,3561.51
CUST002384,Balendra Maharaj,Hyderabad,2024-03-20,N,Partner Campaign,UPI,Occasional,2,2026-06-28,2579.94
CUST002385,Nitesh Rajagopal,Mumbai,2024-03-15,Y,Organic,Net Banking,New,1,2026-06-01,910.0
CUST002386,Warda Bedi,Pune,2023-12-21,Y,Paid Search,UPI,Occasional,3,2026-05-30,3147.66
CUST002387,Umang Lata,Bengaluru,2024-06-07,N,Organic,UPI,Registered Only,0,,0.0
CUST002388,Utkarsh Sarma,Bengaluru,2024-02-05,Y,Partner Campaign,Credit/Debit Card,Occasional,4,2026-06-05,2348.93
CUST002389,Chaaya Iyengar,Delhi NCR,2025-08-04,N,Social Media,UPI,Registered Only,0,,0.0
CUST002390,Harsh Loyal,Hyderabad,2023-12-12,N,Social Media,UPI,Occasional,3,2026-06-20,1787.83
CUST002391,Raghav Golla,Chennai,2023-09-10,N,Social Media,Credit/Debit Card,New,1,2026-06-06,709.61
CUST002392,Vedant Sahni,Bengaluru,2024-03-15,N,Organic,Net Banking,Occasional,2,2026-06-10,982.53
CUST002393,Ekaja Nath,Mumbai,2025-12-27,N,Paid Search,UPI,Registered Only,0,,0.0
CUST002394,Aarnav Basak,Pune,2025-08-07,N,Paid Search,Net Banking,Premium,13,2026-06-28,11140.24
CUST002395,Chaman Krishna,Hyderabad,2023-12-02,Y,Paid Search,UPI,Registered Only,0,,0.0
CUST002396,Hitesh Chowdhury,Hyderabad,2024-04-25,Y,Partner Campaign,Credit/Debit Card,Registered Only,0,,0.0
CUST002397,Finn Dugar,Pune,2026-03-03,N,Partner Campaign,UPI,Occasional,4,2026-06-14,3544.25
CUST002398,Mitesh Bali,Pune,2023-11-16,N,Referral,UPI,Premium,11,2026-06-27,15097.71
CUST002399,Om Shenoy,Pune,2025-01-09,N,Referral,Net Banking,Occasional,3,2026-06-05,1275.53
CUST002400,Geetika Nigam,Bengaluru,2024-06-08,Y,Paid Search,Wallet,New,1,2026-05-08,233.1
CUST002401,Manthan Subramanian,Hyderabad,2024-08-04,N,Organic,UPI,Occasional,3,2026-06-25,6875.16
CUST002402,Zansi Merchant,Hyderabad,2023-06-17,Y,Referral,Credit/Debit Card,Registered Only,0,,0.0
CUST002403,Dev Hayer,Mumbai,2024-07-15,N,Referral,Net Banking,Registered Only,0,,0.0
CUST002404,Kamala Deep,Bengaluru,2024-06-05,N,Organic,Cash on Delivery,Occasional,2,2026-05-23,2671.81
CUST002405,Logan Edwin,Mumbai,2024-09-21,Y,Referral,Cash on Delivery,Occasional,3,2026-06-25,2593.22
CUST002406,Farhan Dada,Delhi NCR,2023-11-04,Y,Paid Search,UPI,Occasional,3,2026-04-19,4060.63
CUST002407,Vasana Muni,Delhi NCR,2025-11-21,N,Social Media,UPI,Registered Only,0,,0.0
CUST002408,Lopa Nori,Bengaluru,2023-05-21,N,Organic,UPI,Premium,23,2026-06-29,23905.15
CUST002409,Tanvi Loyal,Bengaluru,2023-12-06,N,Social Media,UPI,Registered Only,0,,0.0
CUST002410,Harini Chana,Pune,2024-03-20,N,Referral,UPI,Occasional,2,2026-04-08,1324.19
CUST002411,Damyanti Bumb,Hyderabad,2025-06-09,N,Referral,UPI,Occasional,2,2026-05-20,3185.07
CUST002412,Eshana Pau,Chennai,2023-09-16,N,Social Media,Credit/Debit Card,Occasional,2,2026-04-27,2631.97
CUST002413,Warinder Sridhar,Delhi NCR,2025-07-22,N,Partner Campaign,UPI,Occasional,2,2026-06-25,3189.71
CUST002414,Damini Yohannan,Delhi NCR,2024-04-23,N,Organic,Credit/Debit Card,New,1,2026-04-27,100.17
CUST002415,Nimrat Dhillon,Hyderabad,2024-12-09,N,Referral,Cash on Delivery,Occasional,2,2026-05-21,3220.5
CUST002416,Ekantika Sehgal,Hyderabad,2024-11-06,N,Paid Search,Credit/Debit Card,Registered Only,0,,0.0
CUST002417,Advik Karpe,Pune,2024-05-30,N,Organic,UPI,Occasional,4,2026-05-02,5556.38
CUST002418,Rushil Peri,Bengaluru,2024-02-01,N,Social Media,Net Banking,Occasional,2,2026-06-17,632.62
CUST002419,Darika Loyal,Pune,2026-02-21,Y,Social Media,Wallet,Regular,5,2026-05-23,2212.76
CUST002420,Nakul Sarin,Hyderabad,2025-07-07,N,Organic,Cash on Delivery,Premium,12,2026-06-24,11527.64
CUST002421,Reyansh Dutt,Mumbai,2023-08-03,N,Organic,UPI,Occasional,2,2026-06-10,1700.61
CUST002422,Mitesh Khanna,Bengaluru,2024-05-01,N,Organic,Credit/Debit Card,Premium,8,2026-06-20,10222.51
CUST002423,Garima Bora,Mumbai,2025-08-14,Y,Social Media,UPI,New,1,2026-04-15,2025.52
CUST002424,Ethan Bora,Bengaluru,2024-05-03,Y,Referral,UPI,Registered Only,0,,0.0
CUST002425,Chaman Kala,Bengaluru,2025-02-24,N,Referral,UPI,Registered Only,0,,0.0
CUST002426,Kamala Gala,Bengaluru,2023-10-17,N,Partner Campaign,UPI,Premium,24,2026-06-29,24829.71
CUST002427,Jacob Ramakrishnan,Chennai,2025-11-12,N,Organic,UPI,Registered Only,0,,0.0
CUST002428,Vrinda Doshi,Hyderabad,2023-11-26,N,Social Media,UPI,Occasional,3,2026-05-02,2942.82
CUST002429,Lakshmi Savant,Mumbai,2024-12-26,Y,Social Media,Wallet,Occasional,4,2026-06-29,1907.82
CUST002430,Bachittar Roy,Hyderabad,2025-09-14,N,Referral,UPI,Occasional,2,2026-06-26,2585.9
CUST002431,Chaitanya Kakar,Delhi NCR,2024-04-26,N,Partner Campaign,UPI,Regular,7,2026-06-15,7792.45
CUST002432,Varenya Chadha,Hyderabad,2024-12-05,N,Social Media,UPI,Occasional,3,2026-05-21,2455.29
CUST002433,Ethan Doshi,Mumbai,2024-07-03,N,Partner Campaign,Cash on Delivery,Registered Only,0,,0.0
CUST002434,Kalpit Kulkarni,Chennai,2024-08-22,N,Organic,Wallet,New,1,2026-05-22,3627.44
CUST002435,Harini Buch,Hyderabad,2026-03-18,N,Organic,UPI,New,1,2026-06-15,2107.56
CUST002436,Darsh Bhatnagar,Mumbai,2024-06-20,N,Referral,Credit/Debit Card,Registered Only,0,,0.0
CUST002437,Aarna Mital,Mumbai,2024-06-12,Y,Paid Search,Credit/Debit Card,Occasional,4,2026-06-21,3107.44
CUST002438,Adweta Saraf,Mumbai,2023-10-21,Y,Social Media,UPI,Occasional,2,2026-06-10,622.74
CUST002439,Omisha Mody,Chennai,2024-11-02,N,Organic,Wallet,Regular,5,2026-06-20,7968.08
CUST002440,Jeet De,Mumbai,2023-07-27,N,Social Media,UPI,Registered Only,0,,0.0
CUST002441,Januja Lalla,Bengaluru,2024-04-18,N,Paid Search,UPI,Occasional,2,2026-06-02,861.53
CUST002442,Dhruv Pingle,Pune,2026-03-28,N,Social Media,Wallet,Registered Only,0,,0.0
CUST002443,Darpan Narasimhan,Chennai,2024-08-08,N,Social Media,UPI,New,1,2026-04-06,2196.34
CUST002444,Balhaar Gera,Mumbai,2023-06-30,N,Referral,UPI,New,1,2026-05-15,45.64
CUST002445,Mohini Balakrishnan,Hyderabad,2024-02-25,N,Referral,Cash on Delivery,Regular,5,2026-06-23,4896.16
CUST002446,Chandresh Soman,Delhi NCR,2025-09-04,N,Paid Search,Credit/Debit Card,New,1,2026-04-26,1082.84
CUST002447,Nandini Savant,Bengaluru,2024-08-18,Y,Referral,Wallet,Premium,7,2026-06-11,8836.57
CUST002448,Edhitha Chanda,Bengaluru,2024-09-27,N,Referral,Cash on Delivery,New,1,2026-04-08,806.47
CUST002449,Zilmil Ravel,Chennai,2024-02-11,N,Partner Campaign,Wallet,New,1,2026-06-08,711.79
CUST002450,Praneel Bhargava,Bengaluru,2024-07-25,N,Organic,UPI,Premium,12,2026-06-29,15075.11
CUST002451,Amrita Kata,Bengaluru,2026-02-11,N,Social Media,UPI,New,1,2026-05-28,4322.4
CUST002452,Veda Hegde,Pune,2024-12-02,N,Organic,UPI,Occasional,2,2026-05-04,2143.72
CUST002453,Anjali Seth,Delhi NCR,2025-09-10,N,Social Media,UPI,Registered Only,0,,0.0
CUST002454,Aachal Kala,Delhi NCR,2023-05-30,N,Organic,UPI,New,1,2026-06-10,515.15
CUST002455,Owen Chaudhuri,Chennai,2023-05-05,N,Referral,Cash on Delivery,Occasional,3,2026-06-21,2198.39
CUST002456,William Divan,Delhi NCR,2024-07-28,Y,Referral,Credit/Debit Card,Occasional,2,2026-06-29,682.1
CUST002457,Ishaan Palan,Delhi NCR,2024-03-11,Y,Paid Search,Credit/Debit Card,Premium,7,2026-06-20,8417.25
CUST002458,Chasmum Ramesh,Hyderabad,2023-09-04,N,Paid Search,Net Banking,Occasional,3,2026-05-27,4731.81
CUST002459,William Das,Hyderabad,2023-08-10,N,Paid Search,Net Banking,New,1,2026-05-09,82.67
CUST002460,Yauvani Krishnan,Hyderabad,2026-01-10,N,Organic,Credit/Debit Card,New,1,2026-05-03,0.0
CUST002461,Ranveer Johal,Delhi NCR,2024-03-29,Y,Organic,UPI,Occasional,4,2026-06-27,2191.23
CUST002462,Geetika Palla,Bengaluru,2023-07-03,Y,Organic,UPI,Occasional,2,2026-05-18,3370.42
CUST002463,Ishanvi Dube,Delhi NCR,2025-09-26,N,Social Media,UPI,New,1,2026-04-23,1633.52
CUST002464,Vincent Venkataraman,Delhi NCR,2025-04-11,N,Partner Campaign,UPI,Registered Only,0,,0.0
CUST002465,Ijaya Nayar,Chennai,2023-06-02,N,Organic,UPI,New,1,2026-06-28,75.78
CUST002466,Kashish Dara,Bengaluru,2026-02-14,N,Organic,Credit/Debit Card,Occasional,2,2026-05-30,276.19
CUST002467,Azad Sidhu,Chennai,2024-07-21,N,Organic,UPI,Premium,33,2026-06-28,30863.56
CUST002468,Jagat Shah,Delhi NCR,2024-06-14,N,Social Media,UPI,Premium,11,2026-06-28,11261.9
CUST002469,Wridesh Garde,Mumbai,2024-10-31,N,Paid Search,Credit/Debit Card,Premium,9,2026-06-23,9977.74
CUST002470,Chaman Kurian,Chennai,2023-04-26,N,Organic,Cash on Delivery,Occasional,3,2026-05-20,2173.89
CUST002471,Lopa Acharya,Hyderabad,2026-02-01,N,Organic,UPI,Premium,4,2026-06-18,8320.28
CUST002472,Rajeshri Goyal,Delhi NCR,2026-01-04,N,Paid Search,UPI,New,1,2026-05-24,1947.21
CUST002473,Yuvraj Golla,Pune,2025-07-11,N,Partner Campaign,Credit/Debit Card,New,1,2026-05-19,735.27
CUST002474,Ekaraj Barad,Hyderabad,2025-04-22,Y,Organic,Cash on Delivery,Registered Only,0,,0.0
CUST002475,Anirudh Dayal,Hyderabad,2024-01-15,N,Referral,Net Banking,New,1,2026-05-15,1074.19
CUST002476,Harini Nazareth,Chennai,2025-12-16,Y,Referral,Credit/Debit Card,New,1,2026-06-29,1857.51
CUST002477,Jagdish Singhal,Bengaluru,2024-11-10,N,Paid Search,UPI,Registered Only,0,,0.0
CUST002478,Quincy Mistry,Bengaluru,2023-04-20,Y,Referral,UPI,Occasional,3,2026-06-12,2399.52
CUST002479,Bhavna Magar,Hyderabad,2025-10-21,N,Paid Search,Wallet,Registered Only,0,,0.0
CUST002480,Rajata Chanda,Pune,2024-10-16,N,Referral,Wallet,Occasional,3,2026-05-15,2492.12
CUST002481,Ryan Palla,Mumbai,2025-02-02,Y,Paid Search,UPI,Occasional,2,2026-06-19,1294.49
CUST002482,Shivani Dhar,Mumbai,2025-01-05,N,Paid Search,Cash on Delivery,New,1,2026-05-01,773.81
CUST002483,Oscar Ray,Bengaluru,2024-05-31,Y,Organic,Credit/Debit Card,Premium,11,2026-06-29,10397.68
CUST002484,Diya Basu,Pune,2023-06-13,Y,Social Media,Wallet,Premium,17,2026-06-21,19414.7
CUST002485,Naveen Cheema,Bengaluru,2024-06-15,N,Organic,UPI,Premium,23,2026-06-29,34747.27
CUST002486,Gagan Jani,Mumbai,2024-06-22,Y,Referral,UPI,Registered Only,0,,0.0
CUST002487,Abeer Suri,Bengaluru,2024-04-24,Y,Partner Campaign,UPI,Occasional,3,2026-06-24,935.24
CUST002488,Widisha Devi,Hyderabad,2025-05-16,N,Referral,UPI,Registered Only,0,,0.0
CUST002489,Ekanta Das,Pune,2025-04-01,N,Referral,Wallet,Occasional,3,2026-06-23,5471.01
CUST002490,Liam Shroff,Delhi NCR,2023-10-12,N,Organic,Net Banking,Occasional,2,2026-05-26,146.12
CUST002491,Brijesh Som,Delhi NCR,2023-11-15,N,Referral,UPI,Premium,11,2026-05-24,17149.62
CUST002492,George Guha,Hyderabad,2026-02-27,N,Paid Search,UPI,New,1,2026-05-28,1642.06
CUST002493,Zayyan Amble,Bengaluru,2025-09-29,N,Organic,Credit/Debit Card,Registered Only,0,,0.0
CUST002494,Lipika Ramanathan,Bengaluru,2024-10-10,N,Organic,Cash on Delivery,Registered Only,0,,0.0
CUST002495,Ekaraj Natarajan,Bengaluru,2025-08-06,N,Partner Campaign,UPI,Premium,7,2026-05-31,8008.12
CUST002496,Vanya Warrior,Delhi NCR,2024-11-12,N,Partner Campaign,Wallet,Occasional,4,2026-06-20,6814.64
CUST002497,Azaan Ray,Bengaluru,2024-04-20,Y,Social Media,UPI,Regular,5,2026-06-17,7246.75
CUST002498,Anjali Sankaran,Bengaluru,2024-10-08,Y,Referral,Net Banking,Registered Only,0,,0.0
CUST002499,Imaran Ramanathan,Bengaluru,2023-06-01,N,Organic,Wallet,Occasional,4,2026-06-26,4476.89
CUST002500,Januja Deep,Chennai,2023-05-11,N,Referral,Wallet,New,1,2026-04-26,3539.6
CUST002501,Vidhi Bhat,Hyderabad,2023-08-11,N,Organic,Net Banking,Premium,10,2026-06-11,6109.1
CUST002502,Lakshit Varghese,Pune,2023-08-05,Y,Referral,Credit/Debit Card,Regular,7,2026-06-03,3122.83
CUST002503,Yachana Sha,Bengaluru,2023-10-21,Y,Referral,UPI,Regular,5,2026-05-14,7248.42
CUST002504,Jeet Saini,Pune,2023-04-22,N,Organic,UPI,Occasional,2,2026-06-06,1524.73
CUST002505,Jagdish Jayaraman,Bengaluru,2023-10-16,N,Social Media,UPI,Premium,11,2026-06-25,8321.65
CUST002506,Adya Tandon,Bengaluru,2025-04-10,N,Organic,UPI,New,1,2026-04-12,846.63
CUST002507,Adya Choudhry,Pune,2026-02-18,N,Social Media,UPI,Premium,10,2026-06-29,11507.65
CUST002508,Veda Anand,Hyderabad,2024-06-26,N,Paid Search,Cash on Delivery,New,1,2026-06-24,243.45
CUST002509,Vasudha Dube,Delhi NCR,2024-08-20,Y,Organic,Net Banking,New,1,2026-06-03,267.53
CUST002510,Dalaja Mangat,Pune,2025-07-26,Y,Referral,Cash on Delivery,Occasional,2,2026-05-26,1510.32
CUST002511,Ekantika Ben,Chennai,2024-05-12,Y,Social Media,Cash on Delivery,Premium,12,2026-06-27,9628.07
CUST002512,Shaurya Tata,Pune,2025-03-14,N,Paid Search,Cash on Delivery,Registered Only,0,,0.0
CUST002513,Gunbir Baral,Bengaluru,2024-11-26,Y,Partner Campaign,UPI,Occasional,3,2026-06-08,2752.0
CUST002514,Andrew Chakraborty,Mumbai,2024-02-08,N,Organic,UPI,Occasional,2,2026-05-08,3046.63
CUST002515,Neelima Swaminathan,Hyderabad,2025-05-06,N,Organic,Cash on Delivery,Premium,7,2026-06-14,12739.98
CUST002516,Sai Narula,Delhi NCR,2023-09-15,N,Organic,Wallet,New,1,2026-04-20,104.41
CUST002517,Aditya Bhattacharyya,Pune,2023-05-08,N,Organic,Credit/Debit Card,Occasional,2,2026-06-11,1761.4
CUST002518,Leena Mani,Pune,2025-07-06,N,Referral,Credit/Debit Card,Registered Only,0,,0.0
CUST002519,Saksham Bala,Mumbai,2024-01-31,N,Referral,UPI,Registered Only,0,,0.0
CUST002520,Jackson Mutti,Delhi NCR,2026-03-24,N,Social Media,Credit/Debit Card,Regular,5,2026-05-28,7268.02
CUST002521,Forum Sundaram,Hyderabad,2025-04-01,N,Organic,Credit/Debit Card,Premium,47,2026-06-27,48145.0
CUST002522,Devika Kumar,Pune,2025-07-25,Y,Organic,Wallet,Occasional,2,2026-05-20,653.75
CUST002523,Anamika Prabhu,Bengaluru,2026-02-04,N,Social Media,Credit/Debit Card,Occasional,4,2026-06-18,4972.62
CUST002524,Manya Raval,Bengaluru,2025-06-18,N,Partner Campaign,UPI,Regular,6,2026-06-26,5379.4
CUST002525,Damini Lal,Hyderabad,2025-06-10,N,Referral,UPI,Regular,5,2026-06-24,7083.45
CUST002526,Indrajit Ram,Mumbai,2025-04-23,N,Partner Campaign,UPI,Registered Only,0,,0.0
CUST002527,Qarin Boase,Mumbai,2025-05-22,N,Organic,Net Banking,New,1,2026-05-01,807.77
CUST002528,Yadavi Subramanian,Bengaluru,2023-11-11,N,Social Media,Credit/Debit Card,Occasional,2,2026-05-28,568.48
CUST002529,Laban Vaidya,Pune,2024-09-07,Y,Social Media,Credit/Debit Card,Occasional,4,2026-06-17,3645.34
CUST002530,Zaitra Nath,Delhi NCR,2024-04-04,Y,Paid Search,Wallet,Regular,5,2026-05-25,1334.31
CUST002531,Dayamai Bhatnagar,Bengaluru,2024-01-16,Y,Paid Search,Cash on Delivery,New,1,2026-06-18,264.5
CUST002532,Wriddhish Karpe,Bengaluru,2025-09-25,Y,Paid Search,UPI,New,1,2026-05-15,1606.56
CUST002533,Amaira Radhakrishnan,Chennai,2023-06-17,N,Organic,Net Banking,Occasional,2,2026-06-14,686.41
CUST002534,Praneel Nagi,Hyderabad,2023-12-06,N,Referral,Credit/Debit Card,Registered Only,0,,0.0
CUST002535,Waida Korpal,Delhi NCR,2026-01-03,N,Referral,UPI,Premium,17,2026-06-12,22758.6
CUST002536,Mohammed Natarajan,Mumbai,2023-10-13,N,Organic,UPI,Registered Only,0,,0.0
CUST002537,Dipta Natarajan,Pune,2024-01-06,Y,Organic,UPI,New,1,2026-05-08,3259.02
CUST002538,Gaurangi Khare,Delhi NCR,2024-10-01,N,Paid Search,Cash on Delivery,New,1,2026-04-13,1790.63
CUST002539,Tara Jha,Chennai,2024-03-28,N,Referral,Cash on Delivery,Premium,8,2026-06-25,9386.32
CUST002540,Lekha Babu,Mumbai,2025-03-11,N,Paid Search,Wallet,New,1,2026-04-29,733.15
CUST002541,Yashasvi Puri,Mumbai,2024-06-18,N,Paid Search,Wallet,New,1,2026-05-26,0.0
CUST002542,Neha Kohli,Mumbai,2025-09-25,Y,Partner Campaign,UPI,Occasional,2,2026-06-12,750.02
CUST002543,Kashish Deol,Hyderabad,2026-01-20,N,Organic,Credit/Debit Card,Registered Only,0,,0.0
CUST002544,Anita Agarwal,Hyderabad,2026-02-03,N,Referral,Wallet,New,1,2026-04-13,2586.45
CUST002545,Rayaan Chhabra,Bengaluru,2023-10-24,Y,Social Media,UPI,Registered Only,0,,0.0
CUST002546,Ishwar Bhatt,Delhi NCR,2025-01-14,N,Social Media,Credit/Debit Card,Regular,6,2026-06-28,7695.42
CUST002547,Zaid Nagy,Chennai,2024-08-29,N,Organic,Wallet,New,1,2026-05-09,884.29
CUST002548,Mahika Kapoor,Bengaluru,2024-05-21,N,Social Media,UPI,Registered Only,0,,0.0
CUST002549,Ria Doctor,Bengaluru,2023-08-29,N,Organic,Wallet,New,1,2026-04-21,77.99
CUST002550,Quincy Prakash,Bengaluru,2023-12-09,Y,Organic,Cash on Delivery,New,1,2026-05-17,997.31
CUST002551,Rajata Wable,Delhi NCR,2024-05-22,N,Paid Search,UPI,Occasional,2,2026-05-25,1382.54
CUST002552,Inaya Grewal,Mumbai,2023-12-27,N,Organic,Cash on Delivery,Premium,5,2026-06-15,9772.29
CUST002553,Sanya Shere,Pune,2024-06-14,Y,Referral,UPI,Registered Only,0,,0.0
CUST002554,Nandini Murthy,Hyderabad,2025-02-18,Y,Organic,Cash on Delivery,New,1,2026-06-05,486.6
CUST002555,Girindra Wagle,Mumbai,2024-12-19,Y,Organic,Credit/Debit Card,New,1,2026-05-04,185.08
CUST002556,Balendra Khare,Mumbai,2025-06-12,N,Referral,UPI,Occasional,3,2026-06-06,1685.86
CUST002557,Yauvani Datta,Pune,2024-10-15,N,Referral,Net Banking,Occasional,4,2026-06-02,4730.57
CUST002558,Aarush Hayre,Delhi NCR,2023-04-04,N,Organic,Cash on Delivery,Occasional,4,2026-06-29,3865.15
CUST002559,Pranav Balay,Hyderabad,2023-08-14,Y,Organic,UPI,New,1,2026-05-18,627.19
CUST002560,Turvi Bhakta,Delhi NCR,2025-05-03,N,Social Media,UPI,New,1,2026-05-26,1224.81
CUST002561,Harini Deo,Delhi NCR,2025-09-05,N,Partner Campaign,Cash on Delivery,Occasional,4,2026-06-23,5973.09
CUST002562,Bina Bedi,Hyderabad,2023-12-02,N,Referral,Credit/Debit Card,Occasional,2,2026-06-19,2002.61
CUST002563,Indrajit Yadav,Chennai,2023-11-21,N,Partner Campaign,UPI,Premium,12,2026-06-29,16093.68
CUST002564,Siddharth Saini,Mumbai,2023-06-04,N,Paid Search,Wallet,Regular,5,2026-06-24,4033.55
CUST002565,Aradhana Dhawan,Pune,2023-03-31,Y,Social Media,UPI,New,1,2026-06-07,604.88
CUST002566,Rajeshri Sandhu,Delhi NCR,2024-12-19,Y,Organic,UPI,Occasional,4,2026-06-09,3549.59
CUST002567,Ucchal Das,Mumbai,2024-12-01,N,Referral,UPI,Registered Only,0,,0.0
CUST002568,Luke Mitra,Bengaluru,2024-04-05,N,Social Media,Credit/Debit Card,Registered Only,0,,0.0
CUST002569,Samaksh Krishnamurthy,Pune,2024-10-13,N,Organic,Wallet,Occasional,2,2026-06-01,4129.38
CUST002570,Yashoda Patil,Bengaluru,2025-05-11,N,Organic,Cash on Delivery,Registered Only,0,,0.0
CUST002571,Qasim Sundaram,Hyderabad,2023-08-15,N,Partner Campaign,UPI,New,1,2026-06-10,0.0
CUST002572,Harini Mitter,Mumbai,2023-06-19,N,Social Media,UPI,Occasional,2,2026-05-09,1967.23
CUST002573,Harita Nair,Mumbai,2025-02-28,N,Social Media,UPI,Premium,14,2026-06-24,30454.15
CUST002574,Forum Kala,Bengaluru,2023-06-26,N,Referral,Wallet,Premium,8,2026-06-16,9293.35
CUST002575,Rachana Trivedi,Delhi NCR,2024-07-04,N,Referral,UPI,New,1,2026-05-02,1416.63
CUST002576,Champak Bhatt,Bengaluru,2024-07-16,Y,Referral,Credit/Debit Card,Regular,5,2026-06-01,3610.94
CUST002577,Avi Sachar,Bengaluru,2024-07-07,N,Social Media,UPI,New,1,2026-04-10,2014.88
CUST002578,Hritik Singh,Delhi NCR,2023-12-08,N,Organic,UPI,Regular,8,2026-06-19,4601.58
CUST002579,Waida Varma,Pune,2025-12-23,N,Organic,UPI,Registered Only,0,,0.0
CUST002580,Frado Hayer,Delhi NCR,2026-01-21,N,Referral,UPI,Regular,7,2026-06-22,6651.64
CUST002581,Netra Contractor,Hyderabad,2023-10-26,N,Referral,Credit/Debit Card,Registered Only,0,,0.0
CUST002582,Lekha Sodhi,Pune,2025-04-30,N,Referral,UPI,Regular,5,2026-05-14,5467.68
CUST002583,Matthew Kothari,Pune,2025-05-23,Y,Partner Campaign,Net Banking,Registered Only,0,,0.0
CUST002584,Indrajit Bhatti,Hyderabad,2023-10-08,Y,Organic,UPI,Registered Only,0,,0.0
CUST002585,Chanakya Sidhu,Mumbai,2023-09-16,Y,Paid Search,Wallet,New,1,2026-04-29,344.41
CUST002586,Urvashi Suresh,Delhi NCR,2024-10-12,N,Paid Search,Wallet,Registered Only,0,,0.0
CUST002587,Elijah Subramaniam,Chennai,2023-07-02,N,Paid Search,Wallet,Regular,9,2026-06-23,7371.47
CUST002588,Mahika Vig,Bengaluru,2023-04-30,N,Social Media,Cash on Delivery,Occasional,2,2026-05-30,1837.66
CUST002589,Odika Zacharia,Delhi NCR,2025-02-02,N,Organic,Credit/Debit Card,New,1,2026-05-03,220.86
CUST002590,Patrick Kala,Delhi NCR,2026-03-12,N,Organic,UPI,New,1,2026-04-13,501.2
CUST002591,Upkaar Bajaj,Hyderabad,2025-01-19,Y,Social Media,UPI,Registered Only,0,,0.0
CUST002592,Wyatt Raman,Mumbai,2023-08-21,Y,Social Media,UPI,Registered Only,0,,0.0
CUST002593,Krish Dey,Chennai,2023-12-24,Y,Partner Campaign,UPI,Registered Only,0,,0.0
CUST002594,Xavier Wadhwa,Bengaluru,2025-07-23,N,Referral,UPI,Registered Only,0,,0.0
CUST002595,Barkha Dasgupta,Mumbai,2023-09-03,Y,Organic,UPI,Occasional,2,2026-06-09,1906.05
CUST002596,Manthan Bhakta,Hyderabad,2023-05-09,N,Organic,Cash on Delivery,New,1,2026-05-26,843.7
CUST002597,Vanya Pau,Hyderabad,2026-03-25,Y,Organic,UPI,Registered Only,0,,0.0
CUST002598,Balvan Luthra,Mumbai,2023-09-19,Y,Referral,Credit/Debit Card,Regular,5,2026-06-26,1852.12
CUST002599,Yagnesh Chaudhary,Bengaluru,2023-08-06,N,Referral,UPI,New,1,2026-06-07,293.72
CUST002600,Nathaniel Raju,Bengaluru,2025-07-19,N,Partner Campaign,UPI,Occasional,2,2026-04-11,5170.19
CUST002601,Fiyaz Minhas,Bengaluru,2024-02-13,Y,Social Media,UPI,Occasional,2,2026-06-09,613.48
CUST002602,Aarav Jhaveri,Delhi NCR,2024-11-18,N,Social Media,Net Banking,Premium,6,2026-06-14,10498.75
CUST002603,Keya Sagar,Bengaluru,2024-11-26,N,Paid Search,UPI,Occasional,2,2026-04-18,1370.42
CUST002604,Abha More,Delhi NCR,2023-04-18,N,Organic,Net Banking,New,1,2026-06-13,58.06
CUST002605,Ansh Banerjee,Bengaluru,2025-07-12,N,Organic,UPI,Registered Only,0,,0.0
CUST002606,Ridhi Dubey,Bengaluru,2025-05-04,N,Organic,Wallet,New,1,2026-04-30,657.1
CUST002607,Ridhi Kapoor,Bengaluru,2025-04-28,N,Paid Search,UPI,Occasional,2,2026-06-13,2071.97
CUST002608,Wakeeta Bose,Pune,2025-06-03,N,Organic,UPI,Registered Only,0,,0.0
CUST002609,Ekaraj Chowdhury,Mumbai,2023-11-14,Y,Paid Search,UPI,Registered Only,0,,0.0
CUST002610,Harish Dar,Bengaluru,2026-01-05,N,Organic,UPI,Occasional,4,2026-06-28,828.45
CUST002611,Nirja Subramaniam,Bengaluru,2024-09-06,Y,Paid Search,UPI,Registered Only,0,,0.0
CUST002612,Madhav Warrior,Bengaluru,2024-03-24,Y,Paid Search,Wallet,Occasional,3,2026-05-11,1940.96
CUST002613,Qadim Agate,Chennai,2025-07-14,N,Referral,Wallet,Premium,8,2026-06-25,9157.16
CUST002614,Netra Sem,Pune,2024-10-21,Y,Organic,UPI,New,1,2026-06-25,1916.28
CUST002615,Gagan Bakshi,Chennai,2023-10-01,N,Referral,Cash on Delivery,Registered Only,0,,0.0
CUST002616,Chaaya Tailor,Bengaluru,2024-01-23,Y,Social Media,UPI,Occasional,2,2026-05-18,1323.08
CUST002617,Yahvi Rai,Bengaluru,2023-10-07,N,Organic,UPI,Registered Only,0,,0.0
CUST002618,Ubika Aurora,Hyderabad,2023-12-14,N,Referral,UPI,Registered Only,0,,0.0
CUST002619,Yahvi Raja,Delhi NCR,2023-12-26,N,Organic,Wallet,Regular,6,2026-06-20,4479.18
CUST002620,Vasatika Chopra,Delhi NCR,2025-05-01,Y,Partner Campaign,UPI,Occasional,3,2026-05-24,2196.03
CUST002621,Pranit Jhaveri,Bengaluru,2023-08-09,Y,Paid Search,Credit/Debit Card,Regular,6,2026-06-25,2907.27
CUST002622,Ekavir Garg,Chennai,2024-09-06,N,Social Media,UPI,New,1,2026-06-04,1785.03
CUST002623,William Bora,Delhi NCR,2026-03-08,Y,Referral,Credit/Debit Card,Premium,58,2026-06-29,58664.9
CUST002624,Harish Dash,Chennai,2024-03-31,N,Organic,Credit/Debit Card,Occasional,2,2026-05-31,425.71
CUST002625,Bhavya Taneja,Bengaluru,2024-09-10,N,Paid Search,UPI,Premium,14,2026-06-27,12156.31
CUST002626,Lakshit Dani,Hyderabad,2025-09-16,N,Referral,UPI,Registered Only,0,,0.0
CUST002627,Bishakha Patla,Chennai,2023-11-29,N,Paid Search,Credit/Debit Card,Occasional,3,2026-06-01,2656.04
CUST002628,Baljiwan Wadhwa,Bengaluru,2025-01-25,Y,Social Media,UPI,New,1,2026-06-13,1967.31
CUST002629,Oliver Golla,Hyderabad,2024-06-13,N,Organic,UPI,Occasional,2,2026-05-12,1421.15
CUST002630,Ria Chaudry,Delhi NCR,2025-04-13,Y,Social Media,UPI,Occasional,2,2026-04-18,2314.83
CUST002631,Tanmayi Agate,Hyderabad,2024-01-29,N,Social Media,UPI,Registered Only,0,,0.0
CUST002632,Dayamai Bhatti,Delhi NCR,2025-04-15,N,Referral,Credit/Debit Card,New,1,2026-06-14,136.27
CUST002633,Ikshita Mani,Delhi NCR,2024-07-12,N,Referral,UPI,Occasional,2,2026-06-27,1065.89
CUST002634,Girik Venkataraman,Bengaluru,2025-08-13,Y,Partner Campaign,UPI,New,1,2026-06-10,471.38
CUST002635,Siddharth Tak,Pune,2023-09-05,Y,Organic,Credit/Debit Card,Registered Only,0,,0.0
CUST002636,Nathan Babu,Chennai,2026-03-24,N,Referral,UPI,New,1,2026-05-02,2159.11
CUST002637,Vidhi Bhargava,Mumbai,2023-11-03,N,Organic,Credit/Debit Card,Occasional,3,2026-05-07,3676.47
CUST002638,Vidhi Goel,Bengaluru,2024-12-08,N,Organic,UPI,Registered Only,0,,0.0
CUST002639,Kritika Boase,Delhi NCR,2024-10-15,Y,Partner Campaign,UPI,Occasional,3,2026-05-11,1239.22
CUST002640,Amol Rastogi,Delhi NCR,2026-01-02,N,Organic,Wallet,New,1,2026-06-10,637.52
CUST002641,Manan Nagi,Chennai,2024-05-15,N,Social Media,UPI,Premium,9,2026-06-20,9343.61
CUST002642,Dakshesh Sule,Hyderabad,2024-08-11,Y,Referral,UPI,Occasional,2,2026-05-20,766.48
CUST002643,Chanchal Lad,Hyderabad,2026-03-12,N,Social Media,UPI,Occasional,2,2026-04-26,1845.35
CUST002644,Farhan Palla,Mumbai,2025-06-25,N,Partner Campaign,UPI,Registered Only,0,,0.0
CUST002645,Chandresh Tandon,Pune,2024-02-27,N,Paid Search,UPI,Regular,5,2026-05-07,3486.58
CUST002646,Avi Bhatia,Delhi NCR,2026-01-31,N,Organic,Credit/Debit Card,Regular,9,2026-06-18,7567.94
CUST002647,Jalsa Dhingra,Pune,2025-12-31,N,Organic,UPI,Registered Only,0,,0.0
CUST002648,Daksha Andra,Bengaluru,2026-03-27,Y,Referral,Wallet,Regular,5,2026-06-20,1435.21
CUST002649,Ucchal Ganesan,Pune,2025-03-07,N,Referral,Cash on Delivery,Occasional,2,2026-06-29,769.02
CUST002650,Shivansh Mital,Mumbai,2025-06-04,N,Organic,Credit/Debit Card,Occasional,4,2026-06-24,5448.47
CUST002651,Jagrati Aurora,Hyderabad,2023-12-28,N,Paid Search,Credit/Debit Card,New,1,2026-06-14,345.85
CUST002652,Pranav Mahajan,Bengaluru,2024-05-26,N,Organic,Credit/Debit Card,Regular,6,2026-06-24,7331.71
CUST002653,Sudiksha Basak,Bengaluru,2025-11-16,N,Paid Search,Cash on Delivery,Occasional,4,2026-06-28,2103.35
CUST002654,Utkarsh Rao,Bengaluru,2023-12-17,N,Paid Search,Wallet,Registered Only,0,,0.0
CUST002655,Shravya Majumdar,Bengaluru,2024-04-08,N,Organic,Wallet,Registered Only,0,,0.0
CUST002656,Vyanjana Majumdar,Bengaluru,2023-04-25,N,Partner Campaign,UPI,New,1,2026-06-14,0.0
CUST002657,Vritti Oza,Mumbai,2026-01-18,N,Organic,Wallet,Occasional,4,2026-05-16,5516.15
CUST002658,Sudiksha Dara,Pune,2025-01-14,N,Paid Search,UPI,Occasional,3,2026-06-15,2949.78
CUST002659,Lekha Devi,Bengaluru,2023-12-04,N,Paid Search,Cash on Delivery,Occasional,2,2026-06-13,552.6
CUST002660,Harshil Kothari,Hyderabad,2023-09-28,N,Social Media,Credit/Debit Card,Premium,6,2026-06-28,8515.64
CUST002661,Vaishnavi Sarin,Bengaluru,2024-11-08,N,Partner Campaign,UPI,Premium,10,2026-06-27,10170.27
CUST002662,Benjamin Gera,Hyderabad,2026-02-12,Y,Paid Search,UPI,Regular,5,2026-06-20,4228.4
CUST002663,Zaitra Sawhney,Hyderabad,2023-04-03,N,Organic,Cash on Delivery,Occasional,4,2026-06-16,4863.18
CUST002664,Leela Anne,Chennai,2026-03-08,N,Organic,Credit/Debit Card,Occasional,2,2026-06-23,3466.38
CUST002665,Vedhika Kapoor,Bengaluru,2025-09-18,N,Paid Search,Credit/Debit Card,Registered Only,0,,0.0
CUST002666,Deepa Rattan,Bengaluru,2024-11-11,N,Organic,Credit/Debit Card,Occasional,2,2026-04-06,1772.59
CUST002667,Amol Banerjee,Bengaluru,2023-07-22,N,Referral,Wallet,Registered Only,0,,0.0
CUST002668,Imaran Mahal,Delhi NCR,2024-08-20,N,Referral,Cash on Delivery,Regular,5,2026-06-14,2229.27
CUST002669,Daniel Luthra,Delhi NCR,2024-09-03,N,Referral,Credit/Debit Card,Occasional,4,2026-06-22,3554.13
CUST002670,Saanvi Hari,Mumbai,2024-12-29,Y,Paid Search,Net Banking,Registered Only,0,,0.0
CUST002671,Chakradev Shanker,Bengaluru,2025-10-02,N,Partner Campaign,UPI,Occasional,2,2026-06-22,99.95
CUST002672,Qushi Oommen,Mumbai,2024-08-05,N,Paid Search,Cash on Delivery,Occasional,3,2026-06-12,3448.31
CUST002673,Jagrati Narasimhan,Delhi NCR,2023-07-10,N,Organic,Wallet,Premium,4,2026-06-18,8502.22
CUST002674,Gauri Salvi,Hyderabad,2025-11-03,Y,Organic,UPI,New,1,2026-04-18,281.48
CUST002675,Falak Mody,Mumbai,2023-10-20,Y,Referral,Wallet,Occasional,2,2026-05-10,1183.0
CUST002676,Chaitanya Balasubramanian,Delhi NCR,2023-11-14,Y,Referral,UPI,Registered Only,0,,0.0
CUST002677,Teerth Chanda,Delhi NCR,2023-05-26,N,Organic,Credit/Debit Card,New,1,2026-06-23,1215.57
CUST002678,Urvi Boase,Mumbai,2023-11-17,Y,Partner Campaign,UPI,Regular,9,2026-06-18,7909.72
CUST002679,Jack Palla,Bengaluru,2025-03-11,N,Social Media,UPI,Regular,6,2026-06-20,7390.48
CUST002680,Aashi Naidu,Bengaluru,2025-04-30,N,Referral,Net Banking,New,1,2026-06-15,3459.07
CUST002681,Nimrat Tak,Mumbai,2025-03-29,N,Organic,UPI,Registered Only,0,,0.0
CUST002682,Ekta Ganguly,Bengaluru,2025-03-19,Y,Social Media,Wallet,Registered Only,0,,0.0
CUST002683,Vanya Toor,Pune,2023-06-05,N,Paid Search,UPI,New,1,2026-06-23,709.33
CUST002684,Zansi Ravel,Mumbai,2026-02-24,N,Referral,UPI,New,1,2026-04-05,567.11
CUST002685,Vasudha Morar,Mumbai,2025-07-11,Y,Social Media,Credit/Debit Card,Occasional,2,2026-06-13,1718.89
CUST002686,Rayaan Thakur,Chennai,2025-04-22,N,Partner Campaign,UPI,Occasional,4,2026-06-15,6953.26
CUST002687,Deepa Dara,Bengaluru,2025-11-05,Y,Partner Campaign,UPI,Occasional,2,2026-05-05,1996.41
CUST002688,Dayamai Kohli,Bengaluru,2024-12-10,N,Paid Search,Cash on Delivery,Premium,10,2026-06-13,8318.73
CUST002689,Ishaan Hans,Bengaluru,2025-03-10,N,Organic,Credit/Debit Card,Occasional,3,2026-06-21,1466.7
CUST002690,Warinder Bhargava,Chennai,2025-04-11,N,Social Media,Credit/Debit Card,Registered Only,0,,0.0
CUST002691,Pushti Sharma,Mumbai,2025-12-30,N,Organic,Credit/Debit Card,Occasional,4,2026-06-15,1457.51
CUST002692,Charvi Tank,Mumbai,2024-08-26,Y,Referral,UPI,Premium,6,2026-06-07,8158.21
CUST002693,Baljiwan Bajaj,Bengaluru,2023-10-23,N,Social Media,UPI,Regular,5,2026-06-27,5876.05
CUST002694,Qabil Kale,Bengaluru,2023-06-27,Y,Organic,Wallet,Occasional,3,2026-06-07,4410.48
CUST002695,Maanas Khosla,Bengaluru,2025-12-16,N,Referral,Cash on Delivery,Premium,8,2026-06-27,11446.09
CUST002696,Yadavi Ram,Bengaluru,2023-11-17,N,Organic,Cash on Delivery,Occasional,3,2026-06-24,253.8
CUST002697,Jagvi Menon,Chennai,2026-02-18,Y,Paid Search,Net Banking,Occasional,3,2026-06-20,3577.81
CUST002698,Maya Basu,Pune,2026-02-20,N,Organic,Credit/Debit Card,Occasional,2,2026-04-22,998.54
CUST002699,Eiravati Bath,Bengaluru,2025-08-12,Y,Paid Search,Credit/Debit Card,Occasional,3,2026-05-16,1899.15
CUST002700,Riya Lall,Hyderabad,2024-09-13,N,Social Media,Credit/Debit Card,New,1,2026-06-05,1014.11
CUST002701,Elijah Tella,Bengaluru,2025-05-27,N,Partner Campaign,Net Banking,Occasional,3,2026-06-27,2676.15
CUST002702,Yagnesh Dada,Chennai,2025-03-07,Y,Social Media,UPI,Occasional,2,2026-06-18,3090.61
CUST002703,Januja Bobal,Mumbai,2024-07-25,Y,Organic,Wallet,Occasional,4,2026-06-25,1649.54
CUST002704,Chakradev Mishra,Mumbai,2024-01-02,N,Organic,Cash on Delivery,Occasional,3,2026-05-24,2650.54
CUST002705,Manya Wason,Bengaluru,2024-05-17,N,Organic,UPI,Registered Only,0,,0.0
CUST002706,Dayamai Lall,Chennai,2026-01-17,N,Referral,Cash on Delivery,Registered Only,0,,0.0
CUST002707,Bachittar Halder,Delhi NCR,2023-08-24,N,Organic,Cash on Delivery,Occasional,3,2026-06-16,5803.18
CUST002708,Pavani Dar,Delhi NCR,2025-06-14,N,Paid Search,Credit/Debit Card,Occasional,2,2026-05-31,2690.56
CUST002709,Daniel Dixit,Chennai,2023-05-29,Y,Organic,UPI,Regular,6,2026-06-01,6436.4
CUST002710,Warjas Gupta,Delhi NCR,2025-05-29,N,Partner Campaign,Credit/Debit Card,Registered Only,0,,0.0
CUST002711,Luke Thaman,Bengaluru,2024-06-20,N,Social Media,Wallet,Registered Only,0,,0.0
CUST002712,Yoshita Hari,Chennai,2023-08-22,Y,Organic,UPI,New,1,2026-04-04,1284.41
CUST002713,Hitesh Kunda,Mumbai,2023-04-27,Y,Organic,Credit/Debit Card,Occasional,3,2026-06-27,5648.75
CUST002714,Eta Tripathi,Pune,2024-05-11,N,Paid Search,UPI,Occasional,3,2026-06-29,3613.74
CUST002715,Deepa Nath,Chennai,2024-01-10,N,Organic,Credit/Debit Card,Registered Only,0,,0.0
CUST002716,Rajeshri Ravi,Bengaluru,2023-04-03,Y,Referral,Credit/Debit Card,Registered Only,0,,0.0
CUST002717,Dipta Chander,Hyderabad,2025-10-29,Y,Paid Search,Wallet,Premium,9,2026-06-22,10038.32
CUST002718,Sanya Bahl,Mumbai,2025-11-13,N,Organic,Net Banking,New,1,2026-05-01,1210.59
CUST002719,Dipta Jha,Bengaluru,2023-12-01,N,Organic,UPI,Premium,16,2026-06-29,15928.59
CUST002720,Janaki Dash,Bengaluru,2025-09-09,N,Organic,Net Banking,Occasional,3,2026-06-22,4361.71
CUST002721,Sai Babu,Mumbai,2024-02-29,Y,Partner Campaign,Credit/Debit Card,Registered Only,0,,0.0
CUST002722,Lipika Bhatt,Bengaluru,2023-08-02,N,Social Media,Wallet,Occasional,3,2026-05-29,1200.77
CUST002723,Saksham Gaba,Mumbai,2024-06-06,N,Organic,Credit/Debit Card,Occasional,2,2026-06-29,2549.75
CUST002724,Adya Modi,Bengaluru,2025-08-09,N,Paid Search,Wallet,New,1,2026-04-28,1137.03
CUST002725,Baghyawati Kothari,Mumbai,2023-10-18,N,Referral,Cash on Delivery,Registered Only,0,,0.0
CUST002726,Ranveer Pandey,Hyderabad,2024-01-15,N,Referral,Cash on Delivery,New,1,2026-04-07,455.57
CUST002727,Jagat Raja,Delhi NCR,2024-02-03,N,Organic,Credit/Debit Card,Occasional,2,2026-06-21,2489.95
CUST002728,Raghav Morar,Bengaluru,2025-10-28,Y,Organic,UPI,Occasional,2,2026-06-16,1369.2
CUST002729,Bhavani Acharya,Bengaluru,2023-08-17,N,Partner Campaign,Credit/Debit Card,Regular,5,2026-06-18,3006.52
CUST002730,Vansha Madan,Mumbai,2024-05-04,N,Social Media,Credit/Debit Card,Registered Only,0,,0.0
CUST002731,Lakshit Parsa,Bengaluru,2024-10-11,N,Organic,UPI,Registered Only,0,,0.0
CUST002732,Agastya Padmanabhan,Bengaluru,2024-07-22,N,Paid Search,UPI,Premium,4,2026-06-17,9920.53
CUST002733,Jalsa Pandit,Pune,2025-11-14,N,Organic,UPI,Regular,7,2026-06-28,5349.53
CUST002734,Radhika Nazareth,Delhi NCR,2024-11-26,N,Partner Campaign,UPI,Premium,7,2026-06-20,8665.79
CUST002735,Devansh Bhasin,Bengaluru,2024-09-18,N,Referral,Credit/Debit Card,Registered Only,0,,0.0
CUST002736,Anirudh Sachar,Bengaluru,2023-07-05,N,Referral,UPI,New,1,2026-04-18,1162.82
CUST002737,Yauvani Dhar,Chennai,2026-03-24,N,Organic,UPI,New,1,2026-05-15,361.63
CUST002738,Yuvraj Batra,Bengaluru,2025-11-06,N,Partner Campaign,UPI,Occasional,2,2026-05-16,1859.38
CUST002739,Tamanna Ratti,Hyderabad,2023-09-02,N,Organic,Credit/Debit Card,Registered Only,0,,0.0
CUST002740,Jagrati Nagi,Delhi NCR,2024-04-07,N,Social Media,Cash on Delivery,New,1,2026-06-10,1816.36
CUST002741,Shaurya Tella,Hyderabad,2025-10-21,N,Paid Search,Wallet,New,1,2026-04-12,1822.7
CUST002742,Max Sur,Pune,2026-01-02,Y,Social Media,UPI,New,1,2026-05-23,133.68
CUST002743,Ubika Bajwa,Chennai,2025-06-30,Y,Social Media,UPI,Registered Only,0,,0.0
CUST002744,Vedhika Dani,Mumbai,2023-11-06,N,Organic,Wallet,Occasional,3,2026-05-29,4066.66
CUST002745,Samarth Grover,Mumbai,2025-01-24,N,Partner Campaign,Net Banking,Premium,24,2026-06-28,21287.44
CUST002746,Saanvi Chand,Chennai,2024-03-26,Y,Partner Campaign,UPI,Regular,6,2026-06-08,4932.27
CUST002747,Aarush Kurian,Bengaluru,2025-07-02,N,Partner Campaign,UPI,Regular,5,2026-05-29,2567.41
CUST002748,Hema Chada,Delhi NCR,2024-04-12,N,Referral,UPI,Occasional,3,2026-06-25,3469.48
CUST002749,Wakeeta Pandit,Hyderabad,2025-02-12,Y,Referral,Credit/Debit Card,Occasional,2,2026-06-11,908.22
CUST002750,Amrita Prabhu,Bengaluru,2023-07-31,N,Organic,Cash on Delivery,Registered Only,0,,0.0
CUST002751,Mekhala Setty,Pune,2023-11-01,N,Paid Search,Credit/Debit Card,Occasional,3,2026-06-27,3908.02
CUST002752,Zashil Badal,Hyderabad,2024-03-26,N,Partner Campaign,UPI,Registered Only,0,,0.0
CUST002753,Kritika Kade,Pune,2023-09-07,Y,Referral,Cash on Delivery,Occasional,3,2026-06-16,4238.27
CUST002754,Kashish Chaudhari,Chennai,2024-04-23,N,Organic,UPI,Occasional,3,2026-06-26,1423.38
CUST002755,Sara Rai,Pune,2024-06-26,N,Paid Search,Credit/Debit Card,Registered Only,0,,0.0
CUST002756,Wriddhish Saran,Pune,2025-12-03,N,Organic,UPI,New,1,2026-05-16,973.66
CUST002757,Hitesh Sandal,Delhi NCR,2024-12-21,N,Social Media,UPI,Registered Only,0,,0.0
CUST002758,Faris Deo,Pune,2024-10-09,N,Organic,UPI,Occasional,3,2026-05-10,4954.92
CUST002759,Aayush Bhatia,Delhi NCR,2024-08-22,N,Social Media,UPI,Premium,6,2026-06-14,13165.3
CUST002760,Ronith Dutta,Mumbai,2025-08-25,N,Paid Search,Credit/Debit Card,Premium,5,2026-06-03,8236.94
CUST002761,Tanay Chacko,Hyderabad,2024-10-25,N,Paid Search,Credit/Debit Card,New,1,2026-05-19,706.09
CUST002762,Charles Walla,Mumbai,2026-02-16,N,Referral,Cash on Delivery,New,1,2026-05-04,496.97
CUST002763,Januja Suresh,Bengaluru,2023-07-07,Y,Organic,UPI,Occasional,2,2026-04-29,663.87
CUST002764,Vyanjana Gala,Mumbai,2025-06-18,Y,Referral,Net Banking,New,1,2026-06-09,0.0
CUST002765,Advaith Das,Hyderabad,2024-07-26,Y,Organic,Wallet,Regular,5,2026-06-19,1082.73
CUST002766,Tamanna Nagi,Delhi NCR,2024-07-28,Y,Social Media,UPI,Occasional,2,2026-06-11,380.31
CUST002767,Yatin Balakrishnan,Chennai,2025-11-05,N,Social Media,UPI,Occasional,4,2026-06-23,3100.76
CUST002768,Faris Mahajan,Hyderabad,2025-01-10,N,Referral,Credit/Debit Card,Registered Only,0,,0.0
CUST002769,Reyansh Sankaran,Bengaluru,2024-09-14,N,Organic,UPI,Regular,9,2026-06-25,7344.41
CUST002770,Anya Bhattacharyya,Bengaluru,2024-07-23,Y,Paid Search,UPI,New,1,2026-05-30,867.6
CUST002771,Anita Nazareth,Delhi NCR,2025-09-05,N,Referral,UPI,Occasional,3,2026-05-31,2453.67
CUST002772,Anjali Yogi,Chennai,2023-07-07,Y,Organic,UPI,New,1,2026-06-15,0.0
CUST002773,Vinaya Hayre,Hyderabad,2024-08-09,N,Organic,Net Banking,Regular,6,2026-06-15,7568.4
CUST002774,Meghana Sethi,Bengaluru,2026-01-10,N,Organic,Credit/Debit Card,Premium,20,2026-06-28,19232.89
CUST002775,Zaitra Kapoor,Mumbai,2025-02-01,N,Organic,Credit/Debit Card,Occasional,4,2026-06-19,4162.5
CUST002776,Yamini Jha,Hyderabad,2023-04-05,N,Social Media,Wallet,Regular,6,2026-06-12,6788.48
CUST002777,Ira Anand,Chennai,2025-12-28,N,Referral,UPI,New,1,2026-05-05,58.4
CUST002778,Ronith Kumar,Chennai,2025-11-19,N,Partner Campaign,Wallet,Registered Only,0,,0.0
CUST002779,Nitesh Luthra,Bengaluru,2023-05-05,Y,Paid Search,Credit/Debit Card,New,1,2026-06-25,1264.24
CUST002780,Dalbir Parmer,Hyderabad,2023-08-03,N,Partner Campaign,Cash on Delivery,Registered Only,0,,0.0
CUST002781,Hitesh Varma,Hyderabad,2024-01-29,Y,Paid Search,Wallet,Registered Only,0,,0.0
CUST002782,Sara Puri,Bengaluru,2023-07-10,N,Social Media,UPI,New,1,2026-06-01,469.72
CUST002783,Januja Sangha,Hyderabad,2023-06-22,N,Paid Search,Cash on Delivery,Registered Only,0,,0.0
CUST002784,Chatresh Varma,Hyderabad,2024-12-30,N,Organic,UPI,Regular,7,2026-06-27,6044.15
CUST002785,Aarush Om,Mumbai,2024-02-10,Y,Social Media,Wallet,New,1,2026-04-01,912.1
CUST002786,Chandran Pal,Bengaluru,2023-11-16,N,Organic,UPI,Registered Only,0,,0.0
CUST002787,Priya Kashyap,Bengaluru,2025-08-04,Y,Social Media,UPI,Registered Only,0,,0.0
CUST002788,Yashawini Chandra,Delhi NCR,2024-10-29,Y,Social Media,UPI,Premium,15,2026-06-22,12873.41
CUST002789,Raagini Sane,Delhi NCR,2024-09-27,N,Referral,UPI,Regular,5,2026-05-26,4165.21
CUST002790,Oni Banerjee,Mumbai,2025-04-21,N,Paid Search,Cash on Delivery,Occasional,4,2026-06-07,3256.21
CUST002791,Jonathan Sangha,Bengaluru,2026-02-21,N,Organic,Cash on Delivery,New,1,2026-05-08,1070.94
CUST002792,Chaaya Basu,Mumbai,2025-06-09,N,Organic,UPI,Registered Only,0,,0.0
CUST002793,Lakshit Majumdar,Mumbai,2023-06-28,Y,Partner Campaign,Cash on Delivery,New,1,2026-04-24,293.67
CUST002794,Dayita Warrior,Hyderabad,2025-12-26,N,Organic,Wallet,Occasional,3,2026-06-23,2555.99
CUST002795,Amol Contractor,Bengaluru,2023-06-10,Y,Referral,Cash on Delivery,Registered Only,0,,0.0
CUST002796,Gaurav Dalal,Pune,2023-09-11,N,Paid Search,UPI,New,1,2026-06-12,1405.2
CUST002797,Yug Chana,Mumbai,2025-05-21,N,Organic,Net Banking,Regular,9,2026-06-25,6620.19
CUST002798,Yashodhara Gill,Bengaluru,2024-08-19,N,Paid Search,Cash on Delivery,Premium,16,2026-06-28,16229.51
CUST002799,Yauvani Lal,Delhi NCR,2025-07-07,Y,Organic,UPI,Registered Only,0,,0.0
CUST002800,Chaman Sinha,Bengaluru,2024-05-24,Y,Paid Search,UPI,Regular,7,2026-06-01,7518.93
CUST002801,Tanvi Kothari,Hyderabad,2024-09-21,Y,Organic,Cash on Delivery,Occasional,4,2026-06-07,3380.28
CUST002802,Sarthak Choudhury,Hyderabad,2023-09-07,N,Social Media,UPI,Premium,16,2026-06-24,16278.32
CUST002803,Farhan Mukherjee,Delhi NCR,2025-04-23,N,Organic,Wallet,Occasional,2,2026-06-29,1693.08
CUST002804,Jatin Shah,Bengaluru,2025-10-26,N,Organic,UPI,New,1,2026-06-20,370.66
CUST002805,Girik Prabhakar,Bengaluru,2023-07-13,N,Referral,Credit/Debit Card,Registered Only,0,,0.0
CUST002806,Laban Chacko,Chennai,2024-04-16,N,Social Media,UPI,Registered Only,0,,0.0
CUST002807,Mahika Mital,Hyderabad,2024-05-09,Y,Referral,Wallet,Occasional,4,2026-05-17,5963.25
CUST002808,Zansi Raman,Hyderabad,2023-04-19,N,Partner Campaign,Credit/Debit Card,Registered Only,0,,0.0
CUST002809,Forum Nori,Mumbai,2025-05-17,N,Organic,UPI,Occasional,3,2026-06-29,3175.11
CUST002810,Irya Tandon,Bengaluru,2026-03-04,N,Referral,Wallet,Occasional,3,2026-05-10,2570.79
CUST002811,Yash Yohannan,Mumbai,2023-05-21,N,Partner Campaign,Net Banking,Premium,10,2026-06-27,14969.05
CUST002812,Ekta Palla,Mumbai,2024-09-27,N,Social Media,Wallet,New,1,2026-05-05,1966.79
CUST002813,Ekaraj Sanghvi,Pune,2025-01-27,N,Social Media,Net Banking,Registered Only,0,,0.0
CUST002814,Yug Peri,Delhi NCR,2025-06-29,N,Paid Search,UPI,New,1,2026-05-18,1462.1
CUST002815,Udarsh Khurana,Bengaluru,2026-03-18,N,Referral,Wallet,Registered Only,0,,0.0
CUST002816,Qabil Babu,Pune,2024-05-04,N,Organic,UPI,Registered Only,0,,0.0
CUST002817,Unnati Vala,Pune,2026-03-30,N,Referral,UPI,Occasional,3,2026-05-02,2640.29
CUST002818,Isaac Rama,Bengaluru,2024-05-13,N,Referral,UPI,Registered Only,0,,0.0
CUST002819,Pooja Konda,Hyderabad,2025-04-10,N,Social Media,UPI,Regular,5,2026-05-17,2870.71
CUST002820,Yashasvi Char,Delhi NCR,2025-12-25,Y,Partner Campaign,UPI,Regular,5,2026-06-08,3824.1
CUST002821,Xavier Pingle,Hyderabad,2026-02-09,N,Organic,Credit/Debit Card,New,1,2026-06-28,989.05
CUST002822,Vrishti Uppal,Bengaluru,2024-10-28,Y,Referral,Wallet,New,1,2026-06-20,834.15
CUST002823,Ojasvi Luthra,Bengaluru,2025-10-09,N,Paid Search,Credit/Debit Card,New,1,2026-06-18,65.71
CUST002824,Raksha Parikh,Chennai,2023-07-14,N,Referral,Credit/Debit Card,Occasional,3,2026-06-11,3273.33
CUST002825,Harini Master,Mumbai,2025-08-17,N,Organic,Credit/Debit Card,Premium,13,2026-06-27,11903.91
CUST002826,Oviya Dalal,Delhi NCR,2025-08-12,Y,Social Media,UPI,New,1,2026-05-04,953.59
CUST002827,Lajita Chauhan,Mumbai,2025-03-18,Y,Paid Search,UPI,Occasional,3,2026-06-11,3882.79
CUST002828,Aarnav Choudhury,Bengaluru,2025-03-13,N,Organic,Credit/Debit Card,Premium,9,2026-06-25,9149.49
CUST002829,Barkha Singhal,Hyderabad,2023-10-27,N,Social Media,Wallet,Premium,6,2026-06-22,8602.42
CUST002830,Thomas Munshi,Mumbai,2024-01-13,N,Organic,Credit/Debit Card,New,1,2026-04-10,659.39
CUST002831,Naveen Sur,Hyderabad,2025-07-08,N,Referral,UPI,Registered Only,0,,0.0
CUST002832,Noah Parekh,Hyderabad,2024-06-20,N,Partner Campaign,Credit/Debit Card,Regular,5,2026-06-17,2180.0
CUST002833,Jagat Chhabra,Pune,2023-05-26,N,Paid Search,UPI,Premium,23,2026-06-21,20332.55
CUST002834,Warinder Halder,Delhi NCR,2025-05-12,N,Social Media,UPI,Occasional,4,2026-06-20,2338.81
CUST002835,Imaran Bumb,Chennai,2025-03-16,N,Referral,UPI,Occasional,4,2026-05-29,2685.49
CUST002836,Henry Varma,Chennai,2025-01-15,N,Partner Campaign,UPI,Occasional,2,2026-06-24,2191.07
CUST002837,Vasana Sama,Delhi NCR,2024-01-28,N,Social Media,Credit/Debit Card,Registered Only,0,,0.0
CUST002838,Warhi Chhabra,Bengaluru,2025-08-07,N,Organic,Wallet,Premium,14,2026-06-16,14093.08
CUST002839,Tara Kaul,Chennai,2023-11-26,N,Organic,Cash on Delivery,Registered Only,0,,0.0
CUST002840,Hardik Gopal,Hyderabad,2024-03-28,N,Organic,Cash on Delivery,Registered Only,0,,0.0
CUST002841,Yadavi Nori,Bengaluru,2024-04-22,N,Social Media,UPI,Premium,11,2026-06-22,12639.72
CUST002842,Gagan Kari,Mumbai,2025-06-16,N,Partner Campaign,Credit/Debit Card,Occasional,2,2026-04-28,2322.11
CUST002843,Vyanjana Sahota,Chennai,2025-12-12,N,Organic,Credit/Debit Card,Occasional,4,2026-05-10,546.03
CUST002844,Bhavya Narula,Bengaluru,2023-11-08,N,Organic,Wallet,Premium,7,2026-06-27,9562.26
CUST002845,Siya Karan,Mumbai,2024-12-30,N,Organic,UPI,New,1,2026-06-02,1200.32
CUST002846,Zarna Soman,Mumbai,2023-07-30,N,Paid Search,Cash on Delivery,New,1,2026-05-07,864.33
CUST002847,Barkha Rajagopalan,Delhi NCR,2025-02-16,N,Partner Campaign,Credit/Debit Card,Occasional,4,2026-06-27,1313.31
CUST002848,Arin Mody,Bengaluru,2023-12-21,N,Organic,Credit/Debit Card,Occasional,3,2026-06-29,7952.8
CUST002849,Chakradev Jhaveri,Delhi NCR,2025-08-28,N,Organic,UPI,New,1,2026-05-18,1018.08
CUST002850,Raagini Bansal,Pune,2025-04-19,N,Paid Search,UPI,Registered Only,0,,0.0
CUST002851,Andrew Aggarwal,Pune,2023-12-11,Y,Referral,UPI,Occasional,4,2026-06-10,4644.84
CUST002852,Raghav Nazareth,Bengaluru,2025-11-22,Y,Referral,Credit/Debit Card,Registered Only,0,,0.0
CUST002853,Vedant Dhillon,Hyderabad,2023-05-23,Y,Partner Campaign,Net Banking,New,1,2026-06-17,795.09
CUST002854,Pratyush Rao,Hyderabad,2023-12-18,Y,Paid Search,Credit/Debit Card,Registered Only,0,,0.0
CUST002855,Ranveer Narasimhan,Pune,2025-08-02,N,Social Media,UPI,Occasional,3,2026-06-16,1368.52
CUST002856,Benjamin Devi,Hyderabad,2024-08-21,N,Organic,UPI,Registered Only,0,,0.0
CUST002857,Victor Sane,Bengaluru,2024-10-23,N,Paid Search,Credit/Debit Card,Occasional,2,2026-04-27,4589.59
CUST002858,Siya Gill,Pune,2023-05-28,N,Referral,UPI,New,1,2026-05-18,396.49
CUST002859,Hema Baral,Hyderabad,2023-09-10,N,Referral,UPI,Premium,10,2026-06-05,9140.67
CUST002860,Indali Kari,Hyderabad,2026-03-09,Y,Organic,Credit/Debit Card,Registered Only,0,,0.0
CUST002861,Priya Kumar,Delhi NCR,2025-03-11,N,Organic,UPI,Registered Only,0,,0.0
CUST002862,Yadavi Sandhu,Mumbai,2024-11-16,Y,Paid Search,Wallet,New,1,2026-05-06,261.18
CUST002863,Widisha Ramanathan,Mumbai,2023-08-13,N,Referral,Credit/Debit Card,Occasional,4,2026-06-26,4202.48
CUST002864,Siya Dubey,Delhi NCR,2023-04-21,N,Referral,UPI,Registered Only,0,,0.0
CUST002865,Vritti Shetty,Mumbai,2023-05-26,N,Referral,Credit/Debit Card,Registered Only,0,,0.0
CUST002866,Vidhi Banerjee,Chennai,2024-12-15,Y,Paid Search,Credit/Debit Card,Occasional,3,2026-06-08,6003.52
CUST002867,Osha Narain,Delhi NCR,2024-04-02,N,Paid Search,UPI,Occasional,3,2026-06-29,1551.39
CUST002868,Unni Dutt,Bengaluru,2023-06-11,Y,Organic,Credit/Debit Card,Registered Only,0,,0.0
CUST002869,Jairaj Setty,Chennai,2025-08-18,N,Referral,UPI,Registered Only,0,,0.0
CUST002870,Darika Sundaram,Hyderabad,2025-06-27,N,Organic,UPI,Registered Only,0,,0.0
CUST002871,Libni Ravel,Mumbai,2023-05-09,N,Social Media,UPI,Registered Only,0,,0.0
CUST002872,Teerth Din,Delhi NCR,2024-12-01,N,Social Media,UPI,Premium,10,2026-06-17,11727.42
CUST002873,Advaith Bahri,Hyderabad,2025-11-30,Y,Referral,UPI,Occasional,3,2026-05-08,1842.77
CUST002874,Yochana Batta,Delhi NCR,2024-11-13,Y,Paid Search,UPI,New,1,2026-04-29,1162.24
CUST002875,Jairaj Shankar,Mumbai,2024-01-17,N,Referral,Cash on Delivery,Occasional,3,2026-06-22,1829.88
CUST002876,Ekavir Nadkarni,Mumbai,2025-03-03,N,Paid Search,Cash on Delivery,New,1,2026-04-26,1063.28
CUST002877,Balhaar Bora,Mumbai,2025-12-18,N,Social Media,UPI,Occasional,2,2026-06-09,1774.25
CUST002878,Radha Natarajan,Chennai,2023-09-04,N,Referral,Credit/Debit Card,New,1,2026-06-16,1415.88
CUST002879,Manan Chandran,Bengaluru,2024-01-17,N,Organic,Credit/Debit Card,Registered Only,0,,0.0
CUST002880,Balendra Bajwa,Hyderabad,2025-04-09,N,Organic,Cash on Delivery,Registered Only,0,,0.0
CUST002881,Upkaar Boase,Mumbai,2025-03-10,Y,Referral,UPI,New,1,2026-06-21,787.22
CUST002882,Yashawini Chopra,Mumbai,2023-06-28,Y,Referral,Credit/Debit Card,Occasional,3,2026-06-16,773.88
CUST002883,Maanav Shenoy,Chennai,2025-03-09,Y,Organic,Wallet,Registered Only,0,,0.0
CUST002884,Avi Kala,Mumbai,2023-12-06,N,Partner Campaign,UPI,Occasional,2,2026-06-22,2238.72
CUST002885,Nikita Lala,Delhi NCR,2024-03-28,N,Social Media,Net Banking,Occasional,2,2026-06-17,2470.76
CUST002886,Ishwar Bahri,Bengaluru,2023-07-28,N,Paid Search,Wallet,Registered Only,0,,0.0
CUST002887,Ekani Wason,Delhi NCR,2025-10-11,N,Organic,UPI,Registered Only,0,,0.0
CUST002888,Dipta Bhatt,Bengaluru,2023-04-12,N,Paid Search,UPI,New,1,2026-05-28,0.0
CUST002889,Isha Nayak,Delhi NCR,2025-07-16,N,Paid Search,Net Banking,Premium,33,2026-06-28,36546.42
CUST002890,Eta Talwar,Delhi NCR,2024-10-28,N,Referral,UPI,Occasional,2,2026-05-28,2695.28
CUST002891,George Mahal,Delhi NCR,2024-12-22,N,Partner Campaign,UPI,Premium,13,2026-06-20,16812.54
CUST002892,Benjamin Krish,Delhi NCR,2023-11-18,Y,Organic,UPI,Occasional,2,2026-06-19,3846.2
CUST002893,Baghyawati Sem,Mumbai,2024-08-01,Y,Organic,UPI,Occasional,3,2026-05-16,2703.0
CUST002894,Ronith Dhar,Bengaluru,2023-10-22,N,Paid Search,Credit/Debit Card,Occasional,2,2026-06-28,851.88
CUST002895,Alexander Merchant,Pune,2024-10-16,N,Organic,Credit/Debit Card,Occasional,2,2026-05-10,3232.73
CUST002896,Hamsini Dyal,Delhi NCR,2025-07-16,N,Referral,UPI,New,1,2026-05-11,748.11
CUST002897,Arya Taneja,Bengaluru,2024-06-06,Y,Paid Search,Credit/Debit Card,Registered Only,0,,0.0
CUST002898,Yochana Devan,Pune,2023-08-14,N,Organic,UPI,Occasional,3,2026-05-28,2233.02
CUST002899,Ayushman Patla,Pune,2025-10-17,N,Organic,Credit/Debit Card,Occasional,3,2026-06-25,2072.16
CUST002900,Devika Morar,Chennai,2026-03-13,N,Organic,UPI,Registered Only,0,,0.0
CUST002901,Aishani Tailor,Hyderabad,2023-04-29,N,Paid Search,Credit/Debit Card,Registered Only,0,,0.0
CUST002902,Darsh Karan,Bengaluru,2024-03-15,N,Organic,UPI,Registered Only,0,,0.0
CUST002903,Dominic Borde,Bengaluru,2024-10-23,Y,Referral,Cash on Delivery,New,1,2026-04-17,643.25
CUST002904,Vamakshi Khare,Mumbai,2024-12-16,N,Partner Campaign,Credit/Debit Card,Registered Only,0,,0.0
CUST002905,Max Mani,Mumbai,2023-06-22,Y,Organic,Cash on Delivery,Occasional,3,2026-06-22,3702.97
CUST002906,Pavani Gala,Bengaluru,2023-12-29,N,Partner Campaign,UPI,Occasional,2,2026-06-27,881.48
CUST002907,Keya Pandit,Bengaluru,2024-07-02,N,Social Media,UPI,Occasional,3,2026-05-20,2404.97
CUST002908,Dayamai Pall,Chennai,2023-10-02,Y,Referral,UPI,Regular,6,2026-06-27,6577.76
CUST002909,Yauvani Baral,Chennai,2024-05-06,N,Social Media,UPI,Registered Only,0,,0.0
CUST002910,Dayamai Bala,Mumbai,2023-12-12,N,Organic,UPI,Occasional,3,2026-06-22,3774.82
CUST002911,Sathvik Bhatt,Bengaluru,2025-10-23,N,Social Media,Credit/Debit Card,Premium,5,2026-06-24,9376.84
CUST002912,Darsh Gara,Mumbai,2025-11-07,Y,Referral,Wallet,Regular,5,2026-06-28,3904.44
CUST002913,Thomas Kunda,Delhi NCR,2023-05-17,N,Paid Search,UPI,Regular,6,2026-06-22,6714.21
CUST002914,Yash Krishnamurthy,Chennai,2025-01-23,Y,Social Media,UPI,Occasional,2,2026-06-28,1651.18
CUST002915,Henry Sarin,Pune,2024-03-22,N,Social Media,Cash on Delivery,Premium,10,2026-06-26,8691.32
CUST002916,Reva Batta,Chennai,2024-09-17,Y,Organic,UPI,Registered Only,0,,0.0
CUST002917,Chavvi Oza,Delhi NCR,2025-08-31,N,Referral,Cash on Delivery,Occasional,3,2026-06-27,2182.64
CUST002918,Gaurav Lata,Mumbai,2024-01-30,Y,Paid Search,Wallet,Occasional,2,2026-06-05,1097.19
CUST002919,Lopa Narain,Chennai,2024-06-08,N,Referral,Credit/Debit Card,Registered Only,0,,0.0
CUST002920,Jeevika Murthy,Mumbai,2023-11-11,N,Organic,Credit/Debit Card,New,1,2026-05-21,1782.64
CUST002921,Watika Raval,Chennai,2025-11-28,Y,Organic,Credit/Debit Card,Registered Only,0,,0.0
CUST002922,Yashasvi Bora,Hyderabad,2023-08-25,N,Organic,Credit/Debit Card,Premium,28,2026-06-26,34536.26
CUST002923,Vrishti Prakash,Chennai,2024-09-23,Y,Social Media,Cash on Delivery,Occasional,2,2026-06-26,2636.92
CUST002924,Zarna Kalita,Mumbai,2024-06-04,Y,Paid Search,Wallet,Occasional,3,2026-06-28,3919.86
CUST002925,Manan Rau,Mumbai,2024-12-14,Y,Partner Campaign,UPI,New,1,2026-06-06,0.0
CUST002926,Tamanna Purohit,Bengaluru,2023-10-14,N,Referral,UPI,Occasional,3,2026-05-25,1919.11
CUST002927,Ucchal Karnik,Mumbai,2025-08-16,N,Referral,Cash on Delivery,Occasional,2,2026-04-18,2549.5
CUST002928,Nathaniel Rao,Hyderabad,2025-08-08,N,Social Media,UPI,Regular,8,2026-05-20,7572.23
CUST002929,Chavvi Keer,Bengaluru,2025-02-16,Y,Social Media,Wallet,Registered Only,0,,0.0
CUST002930,Samuel Kaur,Mumbai,2026-02-25,N,Referral,UPI,Occasional,4,2026-06-02,6302.52
CUST002931,Omkaar Sama,Mumbai,2024-08-13,N,Paid Search,Cash on Delivery,Occasional,2,2026-06-06,1754.73
CUST002932,Amaira Manda,Mumbai,2024-08-16,Y,Referral,Credit/Debit Card,Registered Only,0,,0.0
CUST002933,Yatin Sachdev,Pune,2024-03-18,N,Referral,Wallet,Regular,7,2026-06-27,7023.79
CUST002934,Udarsh Saran,Bengaluru,2023-04-23,N,Organic,UPI,Occasional,4,2026-06-22,5759.68
CUST002935,Tanish Wagle,Delhi NCR,2024-04-18,Y,Social Media,UPI,New,1,2026-04-26,586.86
CUST002936,Warda Lad,Hyderabad,2023-04-28,N,Organic,UPI,New,1,2026-05-15,320.47
CUST002937,Rishi Handa,Bengaluru,2025-10-11,N,Referral,Cash on Delivery,Occasional,3,2026-05-29,3453.85
CUST002938,Damyanti Bajaj,Mumbai,2023-05-04,N,Organic,Credit/Debit Card,New,1,2026-04-17,1034.85
CUST002939,Hredhaan Walia,Delhi NCR,2025-09-18,Y,Social Media,Credit/Debit Card,Occasional,2,2026-06-21,1049.03
CUST002940,Mitesh Chaudhry,Hyderabad,2026-01-18,N,Referral,UPI,Registered Only,0,,0.0
CUST002941,Faris Grewal,Delhi NCR,2025-03-30,Y,Paid Search,UPI,Premium,8,2026-06-28,9531.64
CUST002942,Omkaar Bhavsar,Mumbai,2024-03-31,N,Referral,UPI,Registered Only,0,,0.0
CUST002943,Zansi Subramanian,Chennai,2025-03-25,N,Social Media,UPI,New,1,2026-05-04,1054.37
CUST002944,Vinaya Sahni,Delhi NCR,2024-09-15,Y,Partner Campaign,Wallet,Occasional,3,2026-06-13,5108.29
CUST002945,Oni Krish,Hyderabad,2024-12-02,N,Referral,Wallet,Occasional,3,2026-06-24,1848.71
CUST002946,Kala Behl,Mumbai,2024-03-06,Y,Organic,Credit/Debit Card,Occasional,2,2026-04-19,3250.2
CUST002947,Watika Pall,Mumbai,2025-05-04,N,Organic,Cash on Delivery,New,1,2026-06-25,967.02
CUST002948,Tejas Krishna,Hyderabad,2024-02-15,Y,Partner Campaign,Net Banking,Premium,13,2026-06-28,13911.05
CUST002949,Rajeshri Soman,Delhi NCR,2024-06-01,N,Paid Search,Wallet,Registered Only,0,,0.0
CUST002950,Yashvi Sani,Hyderabad,2025-12-14,N,Paid Search,Wallet,Occasional,2,2026-06-10,3126.22
CUST002951,Parth Kar,Delhi NCR,2024-05-21,N,Organic,UPI,New,1,2026-05-04,1261.01
CUST002952,Gautami Kurian,Chennai,2024-07-22,N,Paid Search,UPI,New,1,2026-05-23,670.07
CUST002953,Hardik Chada,Mumbai,2025-09-18,N,Referral,Credit/Debit Card,Registered Only,0,,0.0
CUST002954,Arin Edwin,Chennai,2024-12-12,Y,Referral,Net Banking,Premium,7,2026-06-29,9218.66
CUST002955,Ekiya Batta,Delhi NCR,2023-11-18,N,Social Media,Cash on Delivery,Premium,4,2026-05-05,10235.72
CUST002956,Hema Sidhu,Bengaluru,2026-02-05,N,Organic,UPI,Occasional,2,2026-05-30,714.44
CUST002957,Upadhriti Parsa,Delhi NCR,2023-07-31,N,Organic,UPI,New,1,2026-06-10,2065.53
CUST002958,Hemangini Butala,Bengaluru,2023-12-14,N,Partner Campaign,Credit/Debit Card,Registered Only,0,,0.0
CUST002959,Hitesh Vohra,Chennai,2025-01-25,N,Organic,Credit/Debit Card,Regular,7,2026-06-18,4780.99
CUST002960,Falan Rajan,Chennai,2025-02-09,Y,Social Media,UPI,Occasional,2,2026-06-11,2325.42
CUST002961,Sanya Gade,Hyderabad,2024-03-19,N,Paid Search,UPI,Registered Only,0,,0.0
CUST002962,Ishwar Murthy,Hyderabad,2025-09-10,Y,Referral,UPI,Registered Only,0,,0.0
CUST002963,Guneet Ramanathan,Chennai,2025-09-02,N,Social Media,UPI,Premium,15,2026-06-28,13174.21
CUST002964,Reva Chaudhary,Pune,2026-03-10,Y,Paid Search,UPI,Registered Only,0,,0.0
CUST002965,Hitesh Rau,Mumbai,2023-12-01,N,Social Media,Wallet,Registered Only,0,,0.0
CUST002966,Vidhi Ravi,Delhi NCR,2023-10-15,Y,Paid Search,UPI,Premium,23,2026-06-29,26327.34
CUST002967,Unni Kumer,Bengaluru,2023-10-13,Y,Organic,Credit/Debit Card,Premium,34,2026-06-29,33602.07
CUST002968,Unni Morar,Delhi NCR,2023-09-26,N,Social Media,Credit/Debit Card,Registered Only,0,,0.0
CUST002969,Tanveer Pingle,Chennai,2024-07-08,N,Partner Campaign,UPI,Premium,8,2026-06-23,12450.18
CUST002970,Upasna Randhawa,Delhi NCR,2023-06-20,Y,Social Media,Wallet,Occasional,2,2026-06-23,2292.6
CUST002971,Lila Gole,Delhi NCR,2025-01-07,Y,Social Media,UPI,Premium,4,2026-06-08,12910.53
CUST002972,Chameli Tak,Chennai,2023-08-17,Y,Paid Search,UPI,Occasional,4,2026-06-25,3514.59
CUST002973,Bhanumati Chada,Bengaluru,2025-07-27,N,Paid Search,Cash on Delivery,Registered Only,0,,0.0
CUST002974,Amrita Tandon,Delhi NCR,2023-06-28,Y,Paid Search,Credit/Debit Card,Occasional,4,2026-06-24,5221.01
CUST002975,Rachit Gupta,Chennai,2025-10-21,N,Paid Search,UPI,Registered Only,0,,0.0
CUST002976,Rayaan Manne,Hyderabad,2023-11-17,N,Organic,UPI,New,1,2026-04-11,607.85
CUST002977,Charvi Madan,Mumbai,2023-04-18,N,Organic,UPI,Regular,6,2026-06-22,5529.22
CUST002978,Frederick Bava,Mumbai,2024-09-13,Y,Paid Search,Credit/Debit Card,Registered Only,0,,0.0
CUST002979,Ishanvi Dubey,Hyderabad,2023-09-01,N,Partner Campaign,UPI,New,1,2026-04-08,204.27
CUST002980,Noah Acharya,Bengaluru,2026-03-15,N,Social Media,UPI,Occasional,3,2026-06-18,2311.79
CUST002981,Leena Gour,Bengaluru,2023-06-20,N,Organic,Wallet,New,1,2026-06-28,347.92
CUST002982,Harsh Dey,Hyderabad,2024-09-15,Y,Referral,UPI,Registered Only,0,,0.0
CUST002983,Girindra Cherian,Delhi NCR,2023-11-26,Y,Referral,UPI,Occasional,3,2026-06-15,2997.42
CUST002984,Harini Mahajan,Bengaluru,2023-05-25,Y,Referral,UPI,Occasional,2,2026-06-11,5236.64
CUST002985,Yashasvi Chada,Chennai,2024-08-13,N,Referral,UPI,Regular,6,2026-06-19,5007.64
CUST002986,Irya Char,Chennai,2025-04-17,N,Paid Search,UPI,New,1,2026-05-04,41.87
CUST002987,Matthew Roy,Bengaluru,2025-08-02,N,Organic,Credit/Debit Card,New,1,2026-04-17,55.83
CUST002988,Maya Maharaj,Mumbai,2025-01-13,N,Organic,UPI,Occasional,4,2026-06-16,7695.22
CUST002989,Warda Varkey,Mumbai,2023-04-10,N,Organic,UPI,Occasional,3,2026-06-05,1129.85
CUST002990,Elijah Gulati,Hyderabad,2025-02-24,N,Paid Search,Credit/Debit Card,New,1,2026-06-14,1337.02
CUST002991,Oeshi Kota,Bengaluru,2024-11-30,N,Organic,UPI,Regular,5,2026-06-07,3866.87
CUST002992,Yug Kala,Bengaluru,2025-06-10,N,Social Media,Credit/Debit Card,Premium,6,2026-06-02,8059.26
CUST002993,Arin Nagarajan,Mumbai,2025-01-18,N,Social Media,Net Banking,Occasional,2,2026-06-25,1670.43
CUST002994,Qushi Sehgal,Bengaluru,2024-07-25,Y,Paid Search,Cash on Delivery,Premium,14,2026-06-27,13704.91
CUST002995,Ishita Thakkar,Bengaluru,2023-08-09,N,Paid Search,UPI,New,1,2026-04-11,929.59
CUST002996,Bakhshi Joshi,Mumbai,2025-11-04,Y,Organic,UPI,New,1,2026-05-29,61.38
CUST002997,Abdul Kaul,Chennai,2023-03-31,N,Paid Search,UPI,Regular,5,2026-06-11,5589.97
CUST002998,Harita Ramesh,Hyderabad,2023-04-14,N,Paid Search,Net Banking,Occasional,3,2026-04-23,3363.93
CUST002999,Kabir Ganesan,Delhi NCR,2024-02-04,N,Social Media,UPI,Occasional,4,2026-06-16,2607.12
CUST003000,Darpan Ravel,Chennai,2026-01-28,Y,Paid Search,Credit/Debit Card,Occasional,3,2026-05-22,1704.38
CUST003001,Yashvi Hayer,Delhi NCR,2026-01-24,N,Organic,UPI,New,1,2026-04-08,1153.39
CUST003002,Gopal Mahajan,Pune,2025-06-20,Y,Organic,Credit/Debit Card,Regular,7,2026-06-09,5519.57
CUST003003,Hamsini Kaul,Delhi NCR,2025-02-16,N,Organic,UPI,New,1,2026-04-30,72.45
CUST003004,Quincy Sarna,Mumbai,2025-07-14,N,Referral,UPI,Registered Only,0,,0.0
CUST003005,Samuel Sani,Hyderabad,2025-05-22,N,Referral,Wallet,Occasional,4,2026-06-09,2300.77
CUST003006,Kamya Basak,Bengaluru,2025-05-31,N,Paid Search,Net Banking,New,1,2026-04-22,2241.51
CUST003007,Girik Deo,Mumbai,2023-06-09,N,Organic,UPI,Premium,15,2026-06-17,17343.49
CUST003008,Thomas Ghose,Mumbai,2026-03-13,Y,Paid Search,UPI,New,1,2026-04-17,1822.32
CUST003009,Ranveer Sanghvi,Delhi NCR,2025-08-14,N,Social Media,UPI,Registered Only,0,,0.0
CUST003010,Aishani Magar,Delhi NCR,2024-05-30,N,Paid Search,UPI,Occasional,3,2026-06-27,4336.92
CUST003011,Vritti Menon,Hyderabad,2026-02-10,Y,Social Media,Cash on Delivery,Registered Only,0,,0.0
CUST003012,Ishita Chauhan,Mumbai,2023-12-14,N,Social Media,UPI,Registered Only,0,,0.0
CUST003013,Aayush Mann,Bengaluru,2025-06-29,Y,Paid Search,Credit/Debit Card,Premium,6,2026-06-02,14087.06
CUST003014,Hamsini Gola,Bengaluru,2025-09-05,N,Paid Search,UPI,Registered Only,0,,0.0
CUST003015,Yashodhara Chakrabarti,Delhi NCR,2024-08-29,N,Organic,Credit/Debit Card,Regular,5,2026-06-29,4944.93
CUST003016,Dhruv Sridhar,Hyderabad,2026-02-18,N,Social Media,UPI,Occasional,3,2026-06-18,1760.55
CUST003017,Caleb Chandran,Hyderabad,2025-02-22,N,Referral,UPI,Occasional,4,2026-06-20,4074.73
CUST003018,Jhalak Sahota,Pune,2024-03-17,N,Referral,UPI,Registered Only,0,,0.0
CUST003019,Sachi Brar,Bengaluru,2023-04-30,N,Organic,UPI,Occasional,3,2026-05-15,1594.74
CUST003020,Saumya Suresh,Mumbai,2024-10-17,Y,Paid Search,Credit/Debit Card,Occasional,4,2026-06-27,3374.75
CUST003021,Gavin Mukherjee,Bengaluru,2024-10-12,Y,Organic,Wallet,Registered Only,0,,0.0
CUST003022,Keya Naik,Mumbai,2025-11-28,N,Paid Search,Cash on Delivery,Registered Only,0,,0.0
CUST003023,Joshua Ben,Chennai,2024-03-03,N,Referral,Credit/Debit Card,Occasional,2,2026-06-20,2407.36
CUST003024,Mugdha Sheth,Delhi NCR,2024-04-02,N,Organic,UPI,Registered Only,0,,0.0
CUST003025,Shivansh Purohit,Bengaluru,2026-01-07,N,Paid Search,UPI,Regular,5,2026-06-28,3658.37
CUST003026,Ishani Vig,Hyderabad,2025-12-11,Y,Paid Search,Credit/Debit Card,New,1,2026-06-14,0.0
CUST003027,Wyatt Lad,Pune,2024-05-22,N,Organic,UPI,Occasional,2,2026-05-29,259.11
CUST003028,Abdul Dani,Hyderabad,2023-04-13,N,Referral,Wallet,New,1,2026-05-13,7839.56
CUST003029,Nisha Mandal,Hyderabad,2023-05-24,Y,Referral,UPI,Regular,8,2026-06-18,7249.55
CUST003030,Naveen D’Alia,Bengaluru,2025-03-28,N,Paid Search,Cash on Delivery,Occasional,3,2026-05-26,4623.52
CUST003031,Balvan Khalsa,Chennai,2026-01-06,N,Paid Search,Credit/Debit Card,New,1,2026-04-09,1143.42
CUST003032,Nikita Bajwa,Pune,2024-06-14,N,Referral,Credit/Debit Card,Occasional,2,2026-06-29,1683.82
CUST003033,Abhimanyu Mistry,Hyderabad,2025-11-30,N,Paid Search,UPI,Occasional,2,2026-06-16,2077.03
CUST003034,Rachita Kannan,Bengaluru,2024-01-19,N,Organic,Credit/Debit Card,Registered Only,0,,0.0
CUST003035,Hiral Divan,Bengaluru,2024-08-31,N,Social Media,Credit/Debit Card,New,1,2026-05-05,5284.1
CUST003036,Unni Bose,Chennai,2023-05-14,N,Organic,Credit/Debit Card,Registered Only,0,,0.0
CUST003037,Sachi Ravi,Hyderabad,2025-06-24,Y,Paid Search,UPI,Premium,13,2026-06-24,13273.16
CUST003038,Yashodhara Dhar,Bengaluru,2026-02-20,N,Organic,Wallet,New,1,2026-06-05,0.0
CUST003039,Ira Kibe,Bengaluru,2023-11-20,N,Social Media,Credit/Debit Card,Registered Only,0,,0.0
CUST003040,Jackson Ben,Hyderabad,2023-07-18,Y,Organic,UPI,Registered Only,0,,0.0
CUST003041,Arya Varughese,Mumbai,2025-08-08,Y,Social Media,UPI,New,1,2026-04-07,1238.07
CUST003042,Eiravati Mitter,Pune,2025-07-01,N,Paid Search,UPI,Occasional,2,2026-05-17,2342.75
CUST003043,Devansh Tak,Delhi NCR,2024-05-23,N,Organic,UPI,New,1,2026-06-19,165.95
CUST003044,Mason Sha,Hyderabad,2024-03-10,Y,Paid Search,Wallet,Registered Only,0,,0.0
CUST003045,Riya Handa,Delhi NCR,2023-09-10,Y,Organic,UPI,Occasional,2,2026-05-17,1983.85
CUST003046,Chaitanya Lad,Bengaluru,2024-05-05,N,Organic,UPI,Occasional,3,2026-06-21,1877.08
CUST003047,Ayushman Buch,Hyderabad,2023-06-22,Y,Organic,Net Banking,New,1,2026-05-26,905.31
CUST003048,Lavanya Manda,Mumbai,2024-01-28,Y,Organic,UPI,Registered Only,0,,0.0
CUST003049,Nidhi Shenoy,Delhi NCR,2025-01-27,N,Social Media,UPI,Occasional,3,2026-06-27,4213.12
CUST003050,Vincent Dugar,Mumbai,2024-06-25,N,Social Media,Wallet,Registered Only,0,,0.0
CUST003051,Chandresh Parikh,Pune,2025-04-19,N,Organic,UPI,Occasional,2,2026-05-31,581.01
CUST003052,Oviya Bali,Delhi NCR,2023-08-03,Y,Partner Campaign,UPI,Regular,5,2026-06-05,3514.54
CUST003053,Pratyush Mandal,Chennai,2023-10-14,Y,Organic,Cash on Delivery,Occasional,4,2026-06-27,6220.02
CUST003054,Ojas Mallick,Bengaluru,2025-10-26,Y,Organic,Credit/Debit Card,Premium,13,2026-06-16,11083.12
CUST003055,Ati Sanghvi,Delhi NCR,2023-04-12,Y,Referral,UPI,Registered Only,0,,0.0
CUST003056,Gautami Rout,Hyderabad,2025-12-09,N,Partner Campaign,UPI,Registered Only,0,,0.0
CUST003057,Ridhi Soman,Delhi NCR,2023-09-10,N,Paid Search,UPI,Registered Only,0,,0.0
CUST003058,Ikbal Kulkarni,Pune,2024-05-15,N,Organic,UPI,New,1,2026-04-02,71.08
CUST003059,Kavya Lalla,Pune,2025-01-25,Y,Organic,Cash on Delivery,New,1,2026-05-11,789.36
CUST003060,Owen Mitter,Mumbai,2024-11-03,N,Organic,Net Banking,Regular,5,2026-06-17,7287.26
CUST003061,Abha Gokhale,Chennai,2024-09-04,N,Organic,UPI,Occasional,2,2026-06-15,1802.15
CUST003062,Darsh Mahal,Bengaluru,2024-03-07,N,Social Media,UPI,New,1,2026-04-18,2485.8
CUST003063,Neha Yohannan,Mumbai,2025-03-04,N,Referral,Credit/Debit Card,Premium,25,2026-06-29,24848.3
CUST003064,Caleb Zachariah,Bengaluru,2026-01-08,N,Organic,UPI,New,1,2026-06-26,2011.87
CUST003065,Ekanta Kumer,Mumbai,2024-10-19,N,Social Media,UPI,Occasional,3,2026-05-15,1823.48
CUST003066,Lajita Kant,Delhi NCR,2024-08-14,N,Paid Search,UPI,Occasional,3,2026-05-25,4695.69
CUST003067,Fitan Dani,Mumbai,2025-09-29,Y,Partner Campaign,UPI,Occasional,3,2026-05-22,2424.51
CUST003068,Janya Goswami,Hyderabad,2023-05-22,N,Referral,Wallet,Registered Only,0,,0.0
CUST003069,Neelima Kunda,Delhi NCR,2025-11-02,N,Organic,UPI,Registered Only,0,,0.0
CUST003070,Geetika Korpal,Bengaluru,2025-04-11,N,Organic,UPI,New,1,2026-04-08,766.84
CUST003071,Hitesh Karpe,Chennai,2024-06-22,N,Referral,UPI,New,1,2026-05-14,719.53
CUST003072,Ekbal Sarraf,Mumbai,2024-10-04,N,Organic,Credit/Debit Card,Occasional,4,2026-06-11,4045.7
CUST003073,Januja Taneja,Mumbai,2026-03-09,N,Paid Search,Credit/Debit Card,Premium,8,2026-06-04,8650.55
CUST003074,Nathan Narain,Bengaluru,2026-03-21,N,Organic,Cash on Delivery,Occasional,3,2026-06-28,1334.01
CUST003075,Zarna Dutta,Mumbai,2023-10-15,N,Referral,Cash on Delivery,Regular,5,2026-06-29,5596.11
CUST003076,Zansi Hegde,Delhi NCR,2025-12-07,N,Social Media,Cash on Delivery,Registered Only,0,,0.0
CUST003077,Ati Devan,Pune,2025-10-07,Y,Social Media,UPI,Occasional,2,2026-04-25,1744.65
CUST003078,Quincy Keer,Hyderabad,2024-11-16,N,Social Media,Credit/Debit Card,New,1,2026-04-07,825.62
CUST003079,Girish Sangha,Delhi NCR,2025-06-25,Y,Paid Search,Wallet,Occasional,3,2026-06-29,7313.4
CUST003080,Anya Pall,Hyderabad,2025-11-13,Y,Paid Search,Credit/Debit Card,Registered Only,0,,0.0
CUST003081,Aarini Sem,Bengaluru,2025-01-21,N,Social Media,Credit/Debit Card,Occasional,2,2026-06-27,1379.52
CUST003082,Reyansh Karnik,Hyderabad,2025-05-01,N,Partner Campaign,Credit/Debit Card,Regular,6,2026-06-28,3305.63
CUST003083,Raghav Kadakia,Delhi NCR,2024-06-25,Y,Organic,UPI,Registered Only,0,,0.0
CUST003084,Ekiya Kara,Delhi NCR,2023-08-14,N,Paid Search,Wallet,Registered Only,0,,0.0
CUST003085,Sachi Seshadri,Bengaluru,2023-05-26,N,Social Media,UPI,Registered Only,0,,0.0
CUST003086,Anvi Palla,Delhi NCR,2025-12-05,Y,Organic,Credit/Debit Card,Occasional,4,2026-06-08,3338.07
CUST003087,Sarthak Tripathi,Bengaluru,2025-07-25,N,Organic,UPI,Occasional,4,2026-05-16,7040.82
CUST003088,Chaaya Setty,Bengaluru,2023-04-03,N,Social Media,Credit/Debit Card,New,1,2026-04-20,366.5
CUST003089,Elijah Pingle,Bengaluru,2024-01-03,N,Paid Search,Cash on Delivery,Registered Only,0,,0.0
CUST003090,Vidhi Kashyap,Mumbai,2025-05-05,Y,Organic,Credit/Debit Card,Registered Only,0,,0.0
CUST003091,Ryan Mukhopadhyay,Delhi NCR,2025-05-28,N,Paid Search,UPI,Premium,6,2026-06-20,8484.67
CUST003092,Aashi Chandra,Delhi NCR,2026-03-14,Y,Organic,UPI,Premium,43,2026-06-29,48501.14
CUST003093,Adweta Sinha,Hyderabad,2023-07-08,N,Referral,UPI,Occasional,3,2026-06-24,1140.85
CUST003094,Amol Kumer,Delhi NCR,2025-06-26,N,Organic,UPI,Occasional,2,2026-06-08,490.0
CUST003095,Yasti Anand,Pune,2023-12-17,N,Organic,Wallet,Occasional,3,2026-05-14,2774.0
CUST003096,Vivaan Bora,Pune,2023-06-07,Y,Paid Search,UPI,Occasional,3,2026-06-16,5242.05
CUST003097,Bishakha Hegde,Bengaluru,2025-11-01,N,Paid Search,Cash on Delivery,New,1,2026-06-29,1340.21
CUST003098,Vasudha Purohit,Bengaluru,2025-11-13,N,Organic,Wallet,Occasional,2,2026-05-15,1474.1
CUST003099,Madhavi Kara,Chennai,2024-12-30,N,Social Media,Wallet,New,1,2026-05-18,196.93
CUST003100,Ekavir Nadig,Chennai,2023-08-23,N,Organic,Wallet,Occasional,3,2026-06-24,2121.15
CUST003101,Arya Sridhar,Bengaluru,2026-03-23,N,Referral,UPI,Premium,10,2026-06-27,13355.5
CUST003102,Sarthak Morar,Chennai,2024-12-01,N,Organic,Cash on Delivery,Registered Only,0,,0.0
CUST003103,Pranav Sane,Hyderabad,2024-05-06,Y,Organic,UPI,Occasional,2,2026-06-12,3658.77
CUST003104,Anjali Ratta,Delhi NCR,2025-08-01,Y,Organic,Net Banking,Occasional,3,2026-05-11,1930.02
CUST003105,Laban Dugar,Delhi NCR,2024-09-12,N,Organic,Cash on Delivery,Premium,13,2026-06-08,7865.6
CUST003106,Varsha Balan,Chennai,2023-09-17,Y,Partner Campaign,UPI,Regular,8,2026-06-06,6907.76
CUST003107,Ekalinga Sha,Chennai,2023-08-24,Y,Social Media,UPI,New,1,2026-06-29,1080.53
CUST003108,Bhavani Sundaram,Chennai,2025-12-15,N,Organic,Credit/Debit Card,New,1,2026-05-21,104.01
CUST003109,Rishi Chada,Chennai,2025-01-07,N,Social Media,UPI,New,1,2026-06-06,1509.36
CUST003110,Robert Kade,Bengaluru,2024-12-30,N,Paid Search,Wallet,Registered Only,0,,0.0
CUST003111,Daniel Bhagat,Chennai,2026-03-07,Y,Paid Search,UPI,Registered Only,0,,0.0
CUST003112,Chameli Sathe,Bengaluru,2023-09-20,Y,Organic,Credit/Debit Card,Premium,33,2026-06-29,27737.71
CUST003113,Rachit Sharma,Hyderabad,2023-08-26,N,Referral,UPI,Occasional,3,2026-05-29,4883.29
CUST003114,Dalbir Atwal,Hyderabad,2024-07-08,N,Paid Search,UPI,Occasional,3,2026-06-28,6013.99
CUST003115,Bhavini Kamdar,Bengaluru,2024-09-08,N,Paid Search,Credit/Debit Card,Registered Only,0,,0.0
CUST003116,Bishakha Nori,Bengaluru,2024-06-08,N,Organic,Net Banking,New,1,2026-04-12,1183.71
CUST003117,Nicholas Uppal,Hyderabad,2024-07-07,N,Organic,UPI,Registered Only,0,,0.0
CUST003118,Ayushman Viswanathan,Bengaluru,2025-10-11,N,Social Media,UPI,Occasional,3,2026-06-19,3698.46
CUST003119,Isha Chauhan,Mumbai,2025-01-29,N,Organic,UPI,New,1,2026-04-15,941.53
CUST003120,Gautam Gola,Bengaluru,2023-06-03,Y,Paid Search,UPI,Occasional,2,2026-06-10,1164.95
CUST003121,Kala Tiwari,Hyderabad,2024-11-30,N,Referral,UPI,Registered Only,0,,0.0
CUST003122,Chasmum Sridhar,Hyderabad,2024-10-07,Y,Organic,UPI,Occasional,3,2026-06-28,5047.01
CUST003123,Simon Mistry,Chennai,2023-09-17,N,Partner Campaign,Net Banking,Occasional,3,2026-06-26,950.99
CUST003124,Kai Luthra,Bengaluru,2025-01-14,Y,Paid Search,Wallet,Registered Only,0,,0.0
CUST003125,Tripti Parmar,Pune,2023-06-04,Y,Referral,Credit/Debit Card,Registered Only,0,,0.0
CUST003126,Rohan Iyengar,Hyderabad,2024-01-29,Y,Paid Search,UPI,Registered Only,0,,0.0
CUST003127,Harita Mammen,Bengaluru,2024-09-26,N,Paid Search,Wallet,New,1,2026-05-23,726.09
CUST003128,Sarthak Dugar,Delhi NCR,2025-03-23,Y,Organic,Wallet,Premium,8,2026-06-24,8309.29
CUST003129,Aahana Pall,Chennai,2024-05-12,N,Organic,UPI,Registered Only,0,,0.0
CUST003130,Avi Dar,Bengaluru,2023-09-25,N,Organic,Credit/Debit Card,New,1,2026-06-19,2317.19
CUST003131,Isha Kade,Hyderabad,2025-07-26,Y,Referral,UPI,Occasional,4,2026-06-21,1239.01
CUST003132,Rachita Balasubramanian,Delhi NCR,2024-11-27,N,Paid Search,Credit/Debit Card,Occasional,2,2026-04-15,2037.02
CUST003133,Ekanta Barman,Bengaluru,2024-06-11,N,Social Media,Credit/Debit Card,Occasional,3,2026-05-28,1890.07
CUST003134,Forum Pradhan,Bengaluru,2023-09-30,Y,Organic,UPI,Premium,12,2026-06-12,10025.98
CUST003135,Maanav Rajan,Chennai,2025-08-30,Y,Organic,Credit/Debit Card,Occasional,3,2026-06-18,5006.84
CUST003136,Harini Nadkarni,Hyderabad,2025-11-10,Y,Paid Search,Cash on Delivery,Occasional,2,2026-05-16,2437.34
CUST003137,Tanvi Brar,Bengaluru,2024-07-26,N,Organic,UPI,Registered Only,0,,0.0
CUST003138,Gavin Khalsa,Hyderabad,2023-10-17,N,Organic,Credit/Debit Card,Occasional,3,2026-06-11,4911.73
CUST003139,Varsha Nori,Delhi NCR,2023-06-17,N,Partner Campaign,Wallet,Premium,9,2026-06-28,12181.31
CUST003140,Nandini Kota,Bengaluru,2024-03-11,N,Partner Campaign,UPI,Occasional,2,2026-06-10,4468.18
CUST003141,Gopal Rajagopal,Hyderabad,2025-06-02,N,Referral,UPI,Occasional,3,2026-06-23,4423.31
CUST003142,Vritti Dara,Bengaluru,2024-01-21,N,Social Media,Cash on Delivery,Occasional,3,2026-06-29,2323.56
CUST003143,Neha Sawhney,Bengaluru,2025-05-30,N,Organic,Credit/Debit Card,Registered Only,0,,0.0
CUST003144,Unni Ravi,Hyderabad,2024-05-27,Y,Organic,UPI,New,1,2026-06-18,4155.31
CUST003145,Ekapad Mohan,Mumbai,2025-01-12,N,Partner Campaign,Cash on Delivery,Regular,7,2026-06-27,4943.89
CUST003146,Nathan Ratti,Bengaluru,2023-09-04,N,Referral,UPI,Registered Only,0,,0.0
CUST003147,Kashvi Srinivasan,Bengaluru,2025-05-13,N,Organic,Net Banking,Registered Only,0,,0.0
CUST003148,Gabriel Sibal,Bengaluru,2025-08-08,N,Referral,Credit/Debit Card,New,1,2026-05-10,740.19
CUST003149,Alexander Dhar,Mumbai,2023-04-29,N,Referral,Wallet,Registered Only,0,,0.0
CUST003150,Lakshmi Pau,Bengaluru,2024-09-07,N,Referral,UPI,Registered Only,0,,0.0
CUST003151,Oeshi Vasa,Delhi NCR,2025-02-18,N,Organic,Credit/Debit Card,Regular,5,2026-06-27,3780.98
CUST003152,Ikshita Chahal,Mumbai,2025-06-18,N,Social Media,UPI,Registered Only,0,,0.0
CUST003153,Amrita Memon,Bengaluru,2024-09-19,N,Partner Campaign,Cash on Delivery,Registered Only,0,,0.0
CUST003154,Jason Ghose,Hyderabad,2026-01-22,N,Paid Search,Wallet,Occasional,3,2026-05-06,2542.91
CUST003155,Chasmum Padmanabhan,Bengaluru,2024-11-18,N,Organic,Net Banking,Premium,9,2026-06-25,8985.58
CUST003156,Utkarsh Bedi,Bengaluru,2024-09-08,N,Paid Search,UPI,New,1,2026-04-01,632.58
CUST003157,Yashodhara Bose,Mumbai,2024-02-08,Y,Partner Campaign,Cash on Delivery,Occasional,3,2026-06-20,2075.38
CUST003158,Dalbir Memon,Delhi NCR,2024-12-10,N,Organic,UPI,Premium,10,2026-06-08,9449.28
CUST003159,Fiyaz Pal,Bengaluru,2026-03-05,Y,Organic,Cash on Delivery,Registered Only,0,,0.0
CUST003160,Azad Dhaliwal,Bengaluru,2024-03-04,N,Social Media,UPI,New,1,2026-04-11,1311.08
CUST003161,Nitesh Sanghvi,Pune,2024-03-29,N,Partner Campaign,UPI,New,1,2026-04-13,168.42
CUST003162,Charles Raju,Delhi NCR,2025-03-05,N,Paid Search,Cash on Delivery,Occasional,4,2026-06-20,3163.85
CUST003163,Zehaan Dada,Pune,2024-07-04,N,Referral,Wallet,Occasional,4,2026-06-10,5626.22
CUST003164,Ladli Wali,Pune,2025-05-28,N,Organic,Wallet,Occasional,2,2026-06-19,742.55
CUST003165,Max Swamy,Chennai,2025-01-15,N,Social Media,UPI,Registered Only,0,,0.0
CUST003166,Gautam Raval,Mumbai,2024-04-03,N,Organic,Cash on Delivery,New,1,2026-06-20,1212.7
CUST003167,Pushti Chada,Mumbai,2025-12-31,Y,Referral,Credit/Debit Card,New,1,2026-05-20,183.7
CUST003168,Anamika Doctor,Mumbai,2024-01-17,N,Partner Campaign,Cash on Delivery,Occasional,4,2026-06-21,4784.7
CUST003169,Karan Gokhale,Delhi NCR,2023-05-18,N,Referral,Net Banking,Occasional,2,2026-06-03,1037.02
CUST003170,Udyati Chaudhary,Chennai,2023-11-10,N,Organic,UPI,New,1,2026-06-29,312.02
CUST003171,Damyanti Lall,Mumbai,2023-10-05,N,Paid Search,UPI,Registered Only,0,,0.0
CUST003172,Meera Sabharwal,Mumbai,2024-12-12,N,Social Media,Wallet,Registered Only,0,,0.0
CUST003173,Gagan Krishna,Delhi NCR,2024-02-03,N,Social Media,UPI,New,1,2026-04-07,0.0
CUST003174,Ekaraj Gola,Hyderabad,2025-11-26,N,Social Media,Cash on Delivery,Occasional,4,2026-06-22,4483.28
CUST003175,Ranveer Singh,Bengaluru,2024-03-16,N,Partner Campaign,UPI,Occasional,2,2026-06-24,1101.56
CUST003176,Anay Kothari,Chennai,2024-06-13,Y,Social Media,Credit/Debit Card,Occasional,2,2026-06-28,2822.74
CUST003177,Rohan Bhalla,Pune,2024-09-25,N,Partner Campaign,UPI,Occasional,4,2026-06-13,6278.26
CUST003178,Ucchal Chana,Pune,2025-03-04,N,Referral,Wallet,New,1,2026-06-13,0.0
CUST003179,Ijaya Setty,Mumbai,2024-06-06,N,Referral,UPI,New,1,2026-04-15,1044.16
CUST003180,Balveer Chowdhury,Hyderabad,2023-06-28,Y,Organic,Cash on Delivery,Occasional,2,2026-06-11,795.86
CUST003181,Oeshi Subramanian,Chennai,2025-08-16,N,Partner Campaign,Net Banking,Regular,9,2026-06-26,4843.12
CUST003182,Kabir Datta,Bengaluru,2024-05-21,Y,Organic,UPI,Regular,5,2026-05-05,1971.29
CUST003183,Mitesh Deshpande,Mumbai,2025-11-22,N,Organic,Credit/Debit Card,New,1,2026-06-05,524.75
CUST003184,Shivani Chauhan,Mumbai,2025-07-22,N,Paid Search,UPI,Occasional,4,2026-06-23,3137.96
CUST003185,Rohan Kumer,Delhi NCR,2024-04-07,N,Organic,Wallet,Occasional,3,2026-05-26,2441.1
CUST003186,Amaira Naik,Delhi NCR,2025-04-03,N,Organic,UPI,Regular,6,2026-06-16,6152.94
CUST003187,Eta Char,Bengaluru,2025-01-03,N,Referral,Wallet,Registered Only,0,,0.0
CUST003188,Arunima Nagarajan,Mumbai,2024-07-06,N,Social Media,UPI,Occasional,3,2026-06-15,5850.76
CUST003189,Daniel Dave,Chennai,2025-10-07,N,Social Media,Net Banking,New,1,2026-04-03,566.23
CUST003190,Laban Parekh,Mumbai,2025-08-03,N,Paid Search,Credit/Debit Card,Premium,9,2026-05-22,10572.94
CUST003191,Christopher Bala,Mumbai,2025-08-13,Y,Social Media,UPI,Registered Only,0,,0.0
CUST003192,Hamsini Aurora,Delhi NCR,2024-05-12,N,Social Media,UPI,Premium,19,2026-06-28,22028.55
CUST003193,Urishilla Nagar,Bengaluru,2024-11-18,Y,Social Media,UPI,Occasional,2,2026-04-26,2150.11
CUST003194,Hemani Venkataraman,Mumbai,2024-01-07,N,Partner Campaign,Cash on Delivery,New,1,2026-04-02,906.56
CUST003195,Aadhya Bumb,Mumbai,2024-11-16,N,Paid Search,Wallet,New,1,2026-06-09,1110.2
CUST003196,Saanvi Dasgupta,Bengaluru,2023-09-13,N,Social Media,UPI,Occasional,2,2026-05-03,2351.29
CUST003197,Jatin Shukla,Bengaluru,2026-02-05,N,Organic,UPI,Regular,7,2026-06-29,7190.73
CUST003198,Suhani Choudhry,Delhi NCR,2025-02-12,N,Organic,Wallet,New,1,2026-06-21,694.69
CUST003199,Aachal Deo,Delhi NCR,2023-06-30,N,Social Media,UPI,Registered Only,0,,0.0
CUST003200,Tanmayi Prabhakar,Chennai,2024-07-04,N,Social Media,UPI,Premium,27,2026-06-26,20566.06
CUST003201,Waida Trivedi,Bengaluru,2025-06-02,N,Organic,Wallet,New,1,2026-04-09,1419.04
CUST003202,Christopher Kala,Hyderabad,2024-06-09,N,Partner Campaign,UPI,Occasional,3,2026-06-26,2046.66
CUST003203,Megha Char,Chennai,2024-01-06,N,Organic,Credit/Debit Card,Premium,8,2026-06-25,8045.67
CUST003204,Mohini Rama,Chennai,2025-11-28,N,Paid Search,UPI,Registered Only,0,,0.0
CUST003205,Brijesh Batra,Bengaluru,2024-07-21,N,Partner Campaign,Wallet,Occasional,3,2026-06-19,5394.96
CUST003206,Praneel Tailor,Bengaluru,2023-12-22,N,Organic,Wallet,Regular,5,2026-05-29,4082.11
CUST003207,Bahadurjit Gour,Bengaluru,2025-10-12,Y,Paid Search,UPI,Occasional,2,2026-06-28,1389.86
CUST003208,Yochana Keer,Hyderabad,2024-12-18,N,Social Media,Credit/Debit Card,Occasional,4,2026-06-05,4921.56
CUST003209,Oscar Golla,Bengaluru,2024-05-10,N,Social Media,UPI,Occasional,4,2026-06-23,3794.79
CUST003210,Champak Lad,Mumbai,2025-10-26,N,Paid Search,UPI,Occasional,2,2026-06-13,2506.29
CUST003211,Chaitanya Buch,Delhi NCR,2025-11-22,N,Referral,UPI,Premium,5,2026-06-25,10145.34
CUST003212,Finn Kaur,Hyderabad,2025-04-28,Y,Referral,Cash on Delivery,Registered Only,0,,0.0
CUST003213,Faqid Kar,Mumbai,2024-01-16,N,Organic,UPI,Registered Only,0,,0.0
CUST003214,Nachiket Madan,Bengaluru,2023-12-24,N,Organic,Credit/Debit Card,Premium,13,2026-06-28,14518.77
CUST003215,Zarna Vala,Bengaluru,2025-11-11,Y,Paid Search,Credit/Debit Card,Registered Only,0,,0.0
CUST003216,Oscar Warrior,Bengaluru,2024-06-30,Y,Social Media,UPI,Occasional,2,2026-06-18,2184.34
CUST003217,Reva Bose,Hyderabad,2023-08-29,N,Partner Campaign,Credit/Debit Card,New,1,2026-05-17,0.0
CUST003218,Vanya Desai,Chennai,2025-02-17,N,Organic,UPI,Occasional,3,2026-06-14,2840.61
CUST003219,Upkaar Lall,Bengaluru,2024-09-28,N,Referral,UPI,Registered Only,0,,0.0
CUST003220,Kashvi Singhal,Mumbai,2024-01-31,N,Partner Campaign,UPI,Registered Only,0,,0.0
CUST003221,Gayathri Atwal,Delhi NCR,2024-06-19,Y,Partner Campaign,Credit/Debit Card,Registered Only,0,,0.0
CUST003222,Gagan Khatri,Bengaluru,2025-02-19,N,Social Media,UPI,New,1,2026-06-10,744.31
CUST003223,Leela Deshpande,Delhi NCR,2026-03-26,N,Referral,Wallet,Regular,6,2026-06-28,4476.32
CUST003224,Jatin Jain,Delhi NCR,2025-01-26,N,Social Media,Credit/Debit Card,Registered Only,0,,0.0
CUST003225,Darsh Venkatesh,Chennai,2025-10-10,N,Referral,Net Banking,Occasional,3,2026-06-25,3134.97
CUST003226,Oviya Sachdeva,Pune,2025-11-23,N,Referral,Cash on Delivery,Occasional,4,2026-06-28,4904.72
CUST003227,Parth Sachdeva,Bengaluru,2024-06-19,N,Referral,UPI,New,1,2026-04-30,2342.05
CUST003228,Neelima Shanker,Chennai,2025-03-17,N,Paid Search,Credit/Debit Card,Occasional,3,2026-06-18,1133.35
CUST003229,Harita Banik,Delhi NCR,2026-03-22,N,Organic,Credit/Debit Card,Premium,6,2026-06-11,12815.29
CUST003230,Gayathri Magar,Mumbai,2023-07-16,N,Social Media,UPI,Premium,6,2026-06-29,10062.79
CUST003231,Ranbir Sami,Hyderabad,2024-01-23,N,Organic,Wallet,Regular,8,2026-06-27,5672.63
CUST003232,Pranit Dalal,Mumbai,2024-08-28,N,Organic,Net Banking,Occasional,4,2026-06-17,2688.7
CUST003233,Vihaan Deo,Hyderabad,2025-09-15,Y,Organic,Wallet,Registered Only,0,,0.0
CUST003234,Mitesh Iyengar,Hyderabad,2024-05-19,N,Social Media,UPI,New,1,2026-06-02,324.7
CUST003235,Xavier Manda,Bengaluru,2024-03-11,N,Partner Campaign,UPI,Registered Only,0,,0.0
CUST003236,Anamika Lalla,Hyderabad,2024-02-02,N,Organic,UPI,New,1,2026-05-02,2162.55
CUST003237,Daksh Guha,Pune,2024-08-13,Y,Social Media,Credit/Debit Card,New,1,2026-06-09,68.21
CUST003238,Nandini Patel,Chennai,2023-12-18,Y,Organic,UPI,Regular,6,2026-06-20,5361.56
CUST003239,Alexander Dua,Bengaluru,2025-04-04,N,Referral,UPI,New,1,2026-05-05,221.06
CUST003240,Ekansh Devan,Pune,2025-07-12,N,Partner Campaign,Wallet,Occasional,2,2026-05-29,3733.88
CUST003241,Zilmil Borah,Pune,2023-10-25,Y,Organic,UPI,New,1,2026-06-04,90.97
CUST003242,Ishani Lata,Delhi NCR,2025-11-26,N,Referral,Wallet,New,1,2026-04-09,214.23
CUST003243,Brijesh Vyas,Hyderabad,2024-12-13,N,Referral,UPI,Regular,5,2026-06-27,4831.68
CUST003244,Urvi Sama,Bengaluru,2023-05-06,N,Referral,UPI,Occasional,4,2026-06-24,1081.5
CUST003245,Darpan Karpe,Bengaluru,2024-07-12,N,Organic,UPI,New,1,2026-05-28,503.91
CUST003246,Atharv Krishnamurthy,Hyderabad,2024-11-15,Y,Paid Search,UPI,Occasional,2,2026-06-28,3994.46
CUST003247,Yug Virk,Chennai,2024-05-20,N,Referral,UPI,Regular,5,2026-06-25,3787.02
CUST003248,Oviya Naidu,Bengaluru,2024-05-20,Y,Organic,Cash on Delivery,Registered Only,0,,0.0
CUST003249,Ekaja Sibal,Hyderabad,2024-11-11,Y,Referral,Credit/Debit Card,Occasional,2,2026-06-26,433.04
CUST003250,Anirudh Magar,Pune,2024-03-11,N,Referral,UPI,Regular,5,2026-06-28,3417.4
CUST003251,Aarini Contractor,Delhi NCR,2024-07-21,N,Paid Search,UPI,Premium,19,2026-06-25,15439.16
CUST003252,Oliver Ramesh,Bengaluru,2024-11-04,Y,Organic,UPI,New,1,2026-04-15,1045.59
CUST003253,Gautami Savant,Pune,2025-12-22,N,Organic,UPI,Premium,4,2026-06-19,8434.57
CUST003254,Aadi Madan,Delhi NCR,2024-05-02,N,Organic,UPI,Premium,6,2026-05-27,8437.39
CUST003255,Harish Gandhi,Mumbai,2026-02-28,N,Paid Search,Credit/Debit Card,Regular,7,2026-06-14,7268.06
CUST003256,Jalsa Chander,Bengaluru,2024-03-17,N,Paid Search,Wallet,Registered Only,0,,0.0
CUST003257,Nihal Bhagat,Chennai,2023-09-26,N,Referral,UPI,Occasional,3,2026-05-31,5077.2
CUST003258,Ganga Randhawa,Mumbai,2024-01-24,Y,Referral,Credit/Debit Card,New,1,2026-04-10,1148.72
CUST003259,Eiravati Kadakia,Chennai,2024-04-02,N,Referral,Wallet,New,1,2026-06-19,1239.82
CUST003260,Rachit Wadhwa,Bengaluru,2023-10-07,N,Organic,UPI,Occasional,2,2026-06-21,4032.21
CUST003261,Fiyaz Reddy,Hyderabad,2024-07-07,N,Organic,UPI,Registered Only,0,,0.0
CUST003262,Aryan Sem,Hyderabad,2024-12-13,Y,Referral,UPI,Regular,7,2026-06-22,4534.17
CUST003263,Janani Palla,Delhi NCR,2025-02-16,N,Social Media,UPI,New,1,2026-06-09,1823.01
CUST003264,Faraj Venkatesh,Mumbai,2024-03-30,Y,Organic,UPI,New,1,2026-04-24,173.48
CUST003265,Kritika Virk,Hyderabad,2025-12-09,N,Paid Search,UPI,Occasional,4,2026-06-16,4413.14
CUST003266,Tara Sharma,Hyderabad,2024-03-20,Y,Partner Campaign,Credit/Debit Card,New,1,2026-05-19,63.35
CUST003267,Ikshita Arora,Pune,2025-03-08,N,Organic,Credit/Debit Card,Registered Only,0,,0.0
CUST003268,Devika Palla,Delhi NCR,2026-03-30,N,Social Media,Net Banking,Registered Only,0,,0.0
CUST003269,Varsha Barman,Bengaluru,2024-12-10,N,Organic,UPI,Registered Only,0,,0.0
CUST003270,Udarsh Chaudhary,Mumbai,2026-03-24,N,Partner Campaign,Wallet,Occasional,3,2026-06-21,1507.48
CUST003271,William Sahni,Pune,2023-07-10,N,Referral,UPI,Occasional,2,2026-06-20,1168.27
CUST003272,Umang Sur,Bengaluru,2025-09-26,Y,Referral,UPI,Occasional,3,2026-06-16,1973.44
CUST003273,Advika Varghese,Delhi NCR,2023-11-07,N,Organic,UPI,Occasional,3,2026-05-13,3299.44
CUST003274,Tanveer Kale,Chennai,2024-08-17,N,Organic,Net Banking,Occasional,2,2026-06-19,1421.96
CUST003275,Faqid Venkataraman,Hyderabad,2025-12-29,N,Organic,Wallet,Registered Only,0,,0.0
CUST003276,Wyatt Patil,Mumbai,2024-02-01,Y,Partner Campaign,UPI,Occasional,3,2026-06-28,1498.7
CUST003277,Anika Bahl,Bengaluru,2025-08-19,Y,Partner Campaign,Wallet,Registered Only,0,,0.0
CUST003278,Anay Pandit,Mumbai,2024-04-05,N,Paid Search,UPI,Occasional,4,2026-06-15,4081.28
CUST003279,Victor Prakash,Pune,2023-09-02,N,Social Media,Cash on Delivery,New,1,2026-05-27,244.62
CUST003280,Yashica Mannan,Mumbai,2023-08-17,Y,Organic,Wallet,Occasional,2,2026-05-15,2396.47
CUST003281,Advay Date,Hyderabad,2026-03-14,N,Organic,UPI,Occasional,2,2026-05-21,2382.92
CUST003282,Aadhya Kulkarni,Delhi NCR,2023-09-25,N,Organic,UPI,Occasional,3,2026-05-25,3063.11
CUST003283,Onkar Ganesan,Hyderabad,2023-12-27,N,Referral,Credit/Debit Card,New,1,2026-04-09,557.07
CUST003284,Amruta Venkatesh,Pune,2025-03-28,Y,Organic,Cash on Delivery,Occasional,3,2026-06-09,2666.55
CUST003285,Yamini Narain,Chennai,2026-02-21,N,Organic,UPI,New,1,2026-06-24,921.43
CUST003286,Anay Chad,Mumbai,2025-02-13,Y,Organic,Credit/Debit Card,Premium,26,2026-06-29,26913.6
CUST003287,Liam Viswanathan,Bengaluru,2024-02-09,Y,Referral,UPI,New,1,2026-05-13,2203.39
CUST003288,Upadhriti Narula,Chennai,2025-12-21,N,Organic,Cash on Delivery,Registered Only,0,,0.0
CUST003289,Eshana Pandya,Bengaluru,2025-10-11,N,Organic,Credit/Debit Card,Registered Only,0,,0.0
CUST003290,Kabir Srinivas,Chennai,2026-03-02,N,Organic,Credit/Debit Card,New,1,2026-05-07,669.61
CUST003291,Lakshit Gera,Delhi NCR,2023-12-26,N,Paid Search,Net Banking,New,1,2026-05-01,1275.12
CUST003292,Jack Pal,Bengaluru,2023-08-30,N,Paid Search,UPI,Premium,16,2026-06-28,13242.3
CUST003293,Charvi Banik,Mumbai,2024-02-06,N,Paid Search,Wallet,Premium,25,2026-06-28,26242.04
CUST003294,Naveen Kuruvilla,Pune,2023-08-22,N,Organic,Credit/Debit Card,Occasional,4,2026-06-05,4100.15
CUST003295,Chanchal Toor,Chennai,2024-08-09,N,Social Media,Cash on Delivery,Premium,4,2026-05-26,8788.25
CUST003296,Nimrat Chaudhuri,Chennai,2024-09-10,N,Referral,Credit/Debit Card,Occasional,2,2026-04-12,2144.51
CUST003297,Maanas Lad,Chennai,2026-01-27,Y,Social Media,UPI,Premium,11,2026-06-22,10809.07
CUST003298,Wyatt Garg,Hyderabad,2024-02-12,N,Paid Search,UPI,Occasional,3,2026-06-07,4112.91
CUST003299,Brinda Radhakrishnan,Bengaluru,2024-07-04,N,Organic,Credit/Debit Card,New,1,2026-04-22,149.08
CUST003300,Vinaya Nagar,Mumbai,2023-05-06,N,Social Media,Cash on Delivery,Registered Only,0,,0.0
CUST003301,Oscar Sekhon,Chennai,2024-10-19,N,Organic,UPI,Occasional,2,2026-04-21,477.2
CUST003302,Maanas Randhawa,Delhi NCR,2023-07-02,Y,Paid Search,Net Banking,Regular,7,2026-06-19,5777.92
CUST003303,Ekaja Palla,Pune,2024-04-02,N,Social Media,UPI,Occasional,2,2026-05-29,3573.59
CUST003304,Tara Gokhale,Mumbai,2024-03-13,N,Partner Campaign,UPI,Registered Only,0,,0.0
CUST003305,Yasti Goswami,Bengaluru,2026-03-09,Y,Social Media,UPI,New,1,2026-05-30,289.39
CUST003306,Gopal Sama,Hyderabad,2025-11-28,Y,Organic,Cash on Delivery,Premium,17,2026-06-22,11435.7
CUST003307,Dev Konda,Mumbai,2025-08-12,N,Partner Campaign,Credit/Debit Card,Occasional,2,2026-06-25,3557.69
CUST003308,Sathvik Brahmbhatt,Mumbai,2024-02-29,N,Referral,UPI,Regular,6,2026-06-26,5253.73
CUST003309,Kamala Balay,Mumbai,2024-08-10,N,Social Media,Wallet,Registered Only,0,,0.0
CUST003310,Ronith Das,Pune,2023-08-12,N,Paid Search,Net Banking,Premium,10,2026-06-23,10292.25
CUST003311,Ekiya Nayak,Hyderabad,2023-08-06,N,Partner Campaign,UPI,New,1,2026-05-22,0.0
CUST003312,Nitara Sodhi,Mumbai,2024-07-25,N,Social Media,UPI,Occasional,4,2026-06-23,2492.17
CUST003313,Vincent Pandya,Delhi NCR,2023-12-17,Y,Referral,UPI,Registered Only,0,,0.0
CUST003314,Rajata Ganesan,Mumbai,2024-02-26,N,Organic,Credit/Debit Card,Registered Only,0,,0.0
CUST003315,Arjun Maharaj,Bengaluru,2025-06-12,Y,Organic,UPI,Occasional,3,2026-06-25,3654.14
CUST003316,Mekhala Issac,Bengaluru,2026-01-21,N,Referral,UPI,Registered Only,0,,0.0
CUST003317,Darika Chadha,Bengaluru,2025-12-30,Y,Organic,Credit/Debit Card,Registered Only,0,,0.0
CUST003318,Ansh Pingle,Hyderabad,2024-04-17,N,Referral,Cash on Delivery,Registered Only,0,,0.0
CUST003319,Yutika Mallick,Delhi NCR,2025-09-09,N,Organic,Credit/Debit Card,Premium,15,2026-06-25,15642.17
CUST003320,Udant Andra,Chennai,2023-09-26,N,Organic,Credit/Debit Card,Premium,16,2026-06-20,10757.99
CUST003321,Inaya Vasa,Pune,2025-04-24,Y,Referral,Wallet,New,1,2026-05-28,0.0
CUST003322,Zayan Srivastava,Delhi NCR,2024-09-22,N,Organic,Wallet,Registered Only,0,,0.0
CUST003323,Jhalak Borde,Chennai,2023-06-01,N,Paid Search,Credit/Debit Card,New,1,2026-06-02,1845.44
CUST003324,Samuel Dalal,Mumbai,2024-12-14,N,Referral,UPI,Registered Only,0,,0.0
CUST003325,Ganga Ramaswamy,Delhi NCR,2025-10-24,Y,Paid Search,Wallet,Regular,5,2026-06-15,6292.34
CUST003326,Bhavani Raj,Bengaluru,2026-03-31,N,Social Media,UPI,New,1,2026-06-04,50.07
CUST003327,Edhitha Bawa,Mumbai,2025-10-24,Y,Social Media,UPI,Premium,25,2026-06-29,25200.22
CUST003328,Benjamin Kadakia,Bengaluru,2025-07-20,N,Paid Search,UPI,Premium,4,2026-06-23,8191.76
CUST003329,Rachana Nayak,Bengaluru,2024-12-10,N,Organic,UPI,Occasional,3,2026-06-29,3704.36
CUST003330,Aryan Butala,Delhi NCR,2023-10-02,Y,Paid Search,UPI,Regular,6,2026-06-09,4072.13
CUST003331,Nitara Manda,Delhi NCR,2023-11-04,N,Referral,UPI,Occasional,3,2026-06-12,3911.98
CUST003332,Pushti Goda,Hyderabad,2025-03-16,Y,Social Media,Cash on Delivery,Registered Only,0,,0.0
CUST003333,Bhavika Cheema,Chennai,2024-01-07,N,Organic,Cash on Delivery,New,1,2026-06-21,541.68
CUST003334,Yoshita Basu,Bengaluru,2023-12-16,N,Social Media,UPI,Occasional,3,2026-06-29,1208.56
CUST003335,Pallavi Ramaswamy,Delhi NCR,2025-12-27,Y,Social Media,Cash on Delivery,Occasional,2,2026-06-09,2095.75
CUST003336,Baljiwan Madan,Mumbai,2026-03-05,N,Organic,UPI,Registered Only,0,,0.0
CUST003337,Jagrati Raja,Bengaluru,2024-04-10,Y,Paid Search,Cash on Delivery,New,1,2026-04-30,1500.81
CUST003338,Amara Dave,Mumbai,2024-10-18,N,Paid Search,UPI,Registered Only,0,,0.0
CUST003339,Vihaan Khanna,Pune,2024-01-13,Y,Organic,Credit/Debit Card,Premium,6,2026-06-01,8849.25
CUST003340,Nakul Bajwa,Bengaluru,2023-12-04,Y,Organic,UPI,Registered Only,0,,0.0
CUST003341,Girish Dugal,Delhi NCR,2023-07-06,N,Organic,UPI,Registered Only,0,,0.0
CUST003342,Dhriti Sehgal,Hyderabad,2023-07-14,Y,Paid Search,Credit/Debit Card,Occasional,2,2026-06-06,1668.23
CUST003343,Frado Nayak,Mumbai,2023-05-03,N,Partner Campaign,UPI,New,1,2026-05-28,1300.31
CUST003344,Indali Trivedi,Mumbai,2025-02-20,N,Organic,Cash on Delivery,Registered Only,0,,0.0
CUST003345,Ekanta Pandey,Hyderabad,2026-03-13,N,Organic,Credit/Debit Card,New,1,2026-06-01,400.1
CUST003346,Maya Baral,Chennai,2023-08-06,Y,Partner Campaign,UPI,Premium,7,2026-06-28,8413.71
CUST003347,Meera Jhaveri,Bengaluru,2023-09-10,N,Paid Search,Credit/Debit Card,Registered Only,0,,0.0
CUST003348,Udant Mandal,Pune,2023-10-17,N,Organic,Credit/Debit Card,Occasional,3,2026-06-14,1602.63
CUST003349,Riya Dass,Bengaluru,2023-07-29,N,Referral,Credit/Debit Card,Registered Only,0,,0.0
CUST003350,Mitali Parekh,Hyderabad,2024-12-12,N,Referral,Wallet,Premium,7,2026-06-28,8182.6
CUST003351,Hemal Gandhi,Bengaluru,2025-03-09,N,Paid Search,UPI,New,1,2026-05-02,319.56
CUST003352,Fariq Chaudhary,Hyderabad,2025-05-02,N,Partner Campaign,Credit/Debit Card,Registered Only,0,,0.0
CUST003353,Sathvik Varghese,Bengaluru,2023-08-31,N,Social Media,UPI,Regular,7,2026-06-27,5028.01
CUST003354,Vasana Gokhale,Bengaluru,2023-06-11,N,Paid Search,UPI,New,1,2026-06-22,1081.58
CUST003355,Samesh Gandhi,Chennai,2023-06-05,Y,Organic,UPI,Occasional,2,2026-06-01,2845.79
CUST003356,Manthan Rama,Delhi NCR,2023-09-18,Y,Organic,UPI,Premium,21,2026-06-18,16126.23
CUST003357,Nimrat Tank,Delhi NCR,2024-11-19,N,Paid Search,Credit/Debit Card,Occasional,2,2026-06-25,2042.98
CUST003358,Janani Boase,Delhi NCR,2024-08-14,N,Referral,Cash on Delivery,Occasional,3,2026-06-29,1220.78
CUST003359,Triveni Guha,Delhi NCR,2026-02-10,Y,Partner Campaign,Cash on Delivery,Occasional,3,2026-06-27,1365.67
CUST003360,Rachana Yadav,Delhi NCR,2025-05-18,N,Referral,UPI,Occasional,3,2026-06-23,2044.12
CUST003361,Jagdish Bir,Bengaluru,2025-07-09,N,Referral,UPI,Regular,6,2026-05-21,7705.48
CUST003362,Parth Bakshi,Hyderabad,2025-04-18,N,Organic,Net Banking,Occasional,2,2026-06-01,1250.06
CUST003363,Yoshita Sandhu,Mumbai,2024-05-06,N,Social Media,Wallet,Regular,6,2026-05-27,2563.39
CUST003364,Idika Chaudhry,Mumbai,2023-09-26,N,Social Media,Net Banking,Regular,5,2026-06-15,7482.66
CUST003365,Tara Murty,Chennai,2026-02-12,N,Organic,UPI,Occasional,2,2026-06-13,6245.9
CUST003366,Libni Sachdeva,Delhi NCR,2023-05-10,N,Paid Search,UPI,Premium,7,2026-06-20,9955.71
CUST003367,Devansh Tata,Bengaluru,2023-11-26,Y,Social Media,UPI,New,1,2026-06-25,110.95
CUST003368,Abhiram Dube,Delhi NCR,2024-10-27,N,Paid Search,Cash on Delivery,New,1,2026-05-09,535.8
CUST003369,Bhanumati Pathak,Mumbai,2024-12-09,Y,Partner Campaign,UPI,Occasional,4,2026-04-24,4909.55
CUST003370,Urishilla Nagar,Mumbai,2024-06-04,N,Organic,Credit/Debit Card,Occasional,2,2026-06-28,3769.7
CUST003371,Kevin Pandey,Chennai,2025-05-01,Y,Referral,UPI,New,1,2026-06-20,522.76
CUST003372,Udarsh Lanka,Bengaluru,2025-07-23,N,Paid Search,UPI,New,1,2026-04-05,360.22
CUST003373,Baghyawati Gopal,Hyderabad,2025-09-13,N,Organic,UPI,Occasional,3,2026-06-03,1349.3
CUST003374,Vihaan Pandey,Pune,2023-06-06,N,Referral,UPI,Occasional,3,2026-05-16,2935.37
CUST003375,Madhavi Gara,Bengaluru,2023-04-18,Y,Social Media,Cash on Delivery,Premium,5,2026-06-10,8056.94
CUST003376,Aradhana Kamdar,Bengaluru,2024-11-01,N,Organic,UPI,Regular,7,2026-06-26,4636.4
CUST003377,Advaith Kapur,Delhi NCR,2025-04-10,N,Social Media,UPI,New,1,2026-04-19,609.17
CUST003378,Yashoda Jaggi,Delhi NCR,2024-01-17,Y,Referral,UPI,Premium,6,2026-06-28,9526.84
CUST003379,Nachiket Sachdev,Bengaluru,2024-10-14,Y,Organic,UPI,New,1,2026-05-07,1113.03
CUST003380,Ganga Jha,Mumbai,2023-06-05,Y,Paid Search,Credit/Debit Card,Regular,7,2026-06-14,6621.09
CUST003381,Sarthak Kalita,Mumbai,2024-07-11,N,Referral,Cash on Delivery,Registered Only,0,,0.0
CUST003382,Elijah Dhar,Chennai,2024-04-26,Y,Organic,Net Banking,Registered Only,0,,0.0
CUST003383,Nidhi Mitter,Bengaluru,2026-01-10,N,Referral,Cash on Delivery,Registered Only,0,,0.0
CUST003384,Hardik Muni,Bengaluru,2025-08-30,Y,Organic,Net Banking,New,1,2026-06-10,285.52
CUST003385,Yamini Bumb,Hyderabad,2023-04-25,N,Organic,Credit/Debit Card,Registered Only,0,,0.0
CUST003386,Gaurav Zacharia,Hyderabad,2024-11-24,Y,Paid Search,UPI,New,1,2026-04-22,2937.37
CUST003387,Indira Pall,Delhi NCR,2024-05-04,N,Social Media,UPI,Occasional,2,2026-06-06,2300.01
CUST003388,Damyanti Vyas,Chennai,2025-07-18,N,Social Media,Credit/Debit Card,Occasional,3,2026-05-27,2990.62
CUST003389,Saksham Solanki,Mumbai,2024-07-27,N,Organic,Credit/Debit Card,Registered Only,0,,0.0
CUST003390,Janya Buch,Bengaluru,2024-04-15,N,Paid Search,UPI,New,1,2026-05-03,880.14
CUST003391,Praneel Upadhyay,Delhi NCR,2023-08-05,Y,Paid Search,UPI,Occasional,2,2026-06-29,2780.05
CUST003392,Yahvi Anne,Hyderabad,2023-08-17,N,Paid Search,Credit/Debit Card,Registered Only,0,,0.0
CUST003393,Neel Yogi,Delhi NCR,2025-05-12,N,Referral,Wallet,Registered Only,0,,0.0
CUST003394,Deepa Deshpande,Bengaluru,2024-03-22,N,Organic,Net Banking,Occasional,3,2026-04-29,5064.21
CUST003395,Arin Khalsa,Chennai,2024-10-14,Y,Partner Campaign,UPI,Registered Only,0,,0.0
CUST003396,Anita Bora,Pune,2025-05-04,N,Social Media,UPI,Occasional,4,2026-06-29,4674.81
CUST003397,Samuel Kant,Bengaluru,2023-07-11,N,Social Media,UPI,Occasional,3,2026-05-31,2659.35
CUST003398,Sara Boase,Bengaluru,2025-05-25,N,Paid Search,Wallet,Regular,6,2026-06-26,2687.17
CUST003399,Libni Morar,Bengaluru,2025-08-15,Y,Organic,Credit/Debit Card,Occasional,3,2026-05-23,3214.22
CUST003400,Charita Pai,Pune,2025-06-09,N,Organic,UPI,New,1,2026-04-04,1886.95
CUST003401,Rachit Bala,Pune,2025-05-02,Y,Social Media,UPI,Registered Only,0,,0.0
CUST003402,Ekapad Goswami,Bengaluru,2024-10-25,N,Social Media,UPI,Occasional,2,2026-06-04,403.82
CUST003403,Arin Sharma,Bengaluru,2024-04-19,Y,Organic,Credit/Debit Card,New,1,2026-05-17,4631.64
CUST003404,Manya Dhar,Mumbai,2024-03-27,N,Social Media,UPI,Registered Only,0,,0.0
CUST003405,Eshana Parmar,Hyderabad,2023-12-18,N,Paid Search,Cash on Delivery,New,1,2026-05-05,520.43
CUST003406,Tejas Sunder,Mumbai,2023-06-16,Y,Social Media,UPI,Registered Only,0,,0.0
CUST003407,Girindra Kade,Hyderabad,2025-09-06,N,Paid Search,UPI,Occasional,4,2026-06-19,2984.59
CUST003408,Janya Upadhyay,Bengaluru,2023-05-27,N,Organic,Cash on Delivery,Premium,8,2026-06-26,10710.43
CUST003409,Kashvi Tank,Mumbai,2025-10-02,N,Referral,UPI,New,1,2026-06-07,1300.4
CUST003410,Vihaan Nori,Bengaluru,2024-07-10,N,Organic,UPI,New,1,2026-06-26,282.86
CUST003411,Nimrat Nath,Bengaluru,2024-07-25,N,Referral,UPI,Registered Only,0,,0.0
CUST003412,Radha Tara,Bengaluru,2025-09-19,N,Referral,UPI,New,1,2026-04-06,0.0
CUST003413,Gautam Nadig,Mumbai,2023-04-04,Y,Partner Campaign,UPI,Regular,5,2026-06-24,3317.82
CUST003414,Jasmit Shenoy,Mumbai,2024-03-20,N,Paid Search,Wallet,Registered Only,0,,0.0
CUST003415,Samar Biswas,Mumbai,2025-01-01,N,Social Media,UPI,Regular,6,2026-06-25,5641.19
CUST003416,Mugdha Gour,Bengaluru,2023-08-23,N,Organic,Wallet,Occasional,3,2026-05-07,1446.76
CUST003417,Abeer Oommen,Bengaluru,2024-06-19,N,Social Media,Cash on Delivery,New,1,2026-06-03,319.7
CUST003418,Indrajit Mallick,Hyderabad,2024-12-19,Y,Paid Search,UPI,Occasional,2,2026-06-29,3863.79
CUST003419,Chaaya Cherian,Bengaluru,2023-11-19,Y,Partner Campaign,UPI,Regular,5,2026-06-26,2478.53
CUST003420,Ekalinga Morar,Bengaluru,2025-10-20,N,Partner Campaign,UPI,Regular,8,2026-06-29,5580.23
CUST003421,Gauri Ganesan,Pune,2025-02-22,Y,Organic,Credit/Debit Card,Premium,22,2026-06-27,19522.52
CUST003422,Guneet Sankaran,Bengaluru,2024-08-24,N,Referral,UPI,Premium,8,2026-06-26,8599.89
CUST003423,Advik Chand,Bengaluru,2024-06-19,N,Paid Search,Cash on Delivery,New,1,2026-05-05,1299.7
CUST003424,Chandran Devi,Hyderabad,2024-06-12,Y,Referral,UPI,New,1,2026-04-21,947.05
CUST003425,Wyatt Kata,Mumbai,2025-06-04,Y,Partner Campaign,UPI,Occasional,2,2026-06-02,399.27
CUST003426,Ayushman Srivastava,Bengaluru,2026-02-12,N,Paid Search,UPI,New,1,2026-04-25,1457.43
CUST003427,Krish Mangat,Bengaluru,2024-02-24,N,Organic,Wallet,New,1,2026-06-29,1291.59
CUST003428,Tamanna Golla,Chennai,2024-09-06,N,Organic,UPI,Occasional,3,2026-05-13,4133.74
CUST003429,Nisha Dube,Hyderabad,2024-08-29,N,Organic,UPI,New,1,2026-06-22,0.0
CUST003430,Pushti Biswas,Bengaluru,2025-05-04,N,Social Media,Wallet,Registered Only,0,,0.0
CUST003431,Gayathri Sundaram,Bengaluru,2024-07-25,N,Referral,Credit/Debit Card,Registered Only,0,,0.0
CUST003432,Eshana Mohanty,Bengaluru,2024-05-23,N,Referral,Cash on Delivery,Registered Only,0,,0.0
CUST003433,Saumya Dayal,Mumbai,2023-05-18,N,Paid Search,UPI,Registered Only,0,,0.0
CUST003434,Ishani Sarkar,Mumbai,2023-10-31,N,Paid Search,Wallet,Registered Only,0,,0.0
CUST003435,Vyanjana Ghose,Pune,2024-09-30,Y,Social Media,UPI,Occasional,2,2026-05-23,3970.18
CUST003436,Anita Bajwa,Mumbai,2025-02-27,Y,Partner Campaign,Credit/Debit Card,Registered Only,0,,0.0
CUST003437,Victor Varughese,Pune,2023-04-11,N,Organic,UPI,Registered Only,0,,0.0
CUST003438,Liam Chakrabarti,Delhi NCR,2024-05-01,Y,Paid Search,Credit/Debit Card,Registered Only,0,,0.0
CUST003439,Quincy Natarajan,Bengaluru,2025-07-29,N,Organic,UPI,New,1,2026-06-27,1694.81
CUST003440,Sachi Ramachandran,Mumbai,2025-02-12,Y,Social Media,UPI,Registered Only,0,,0.0
CUST003441,Yug Morar,Hyderabad,2025-01-02,N,Social Media,Credit/Debit Card,Occasional,2,2026-05-23,1276.0
CUST003442,Bimala Gulati,Delhi NCR,2025-12-16,N,Organic,UPI,Regular,5,2026-06-29,6916.51
CUST003443,Laksh Khanna,Hyderabad,2023-08-17,N,Social Media,UPI,Registered Only,0,,0.0
CUST003444,Vidhi Koshy,Chennai,2024-09-05,N,Organic,UPI,Occasional,2,2026-05-20,4637.51
CUST003445,Zashil Khosla,Bengaluru,2025-07-20,N,Social Media,UPI,New,1,2026-06-17,479.31
CUST003446,Vihaan Keer,Delhi NCR,2024-11-10,N,Organic,Cash on Delivery,Premium,26,2026-06-25,38174.48
CUST003447,Gabriel Sankar,Hyderabad,2025-12-23,Y,Paid Search,Cash on Delivery,Registered Only,0,,0.0
CUST003448,Anvi Chakrabarti,Mumbai,2025-11-13,N,Referral,UPI,Premium,6,2026-05-30,14513.59
CUST003449,Sachi Panchal,Pune,2025-09-13,N,Paid Search,Credit/Debit Card,Registered Only,0,,0.0
CUST003450,Lakshmi Gole,Mumbai,2025-02-18,Y,Paid Search,Credit/Debit Card,Registered Only,0,,0.0
CUST003451,Qadim Narasimhan,Pune,2025-04-27,Y,Paid Search,Wallet,Occasional,3,2026-05-21,4014.24
CUST003452,Dayamai Mittal,Delhi NCR,2024-08-06,N,Referral,UPI,Regular,5,2026-06-21,5135.0
CUST003453,Bhavna Sarkar,Delhi NCR,2024-04-18,N,Social Media,Net Banking,New,1,2026-05-23,366.82
CUST003454,Vaishnavi Keer,Delhi NCR,2025-04-15,N,Social Media,Wallet,New,1,2026-06-08,1846.78
CUST003455,Gabriel Wali,Hyderabad,2024-01-31,Y,Organic,Cash on Delivery,Occasional,2,2026-06-07,2611.34
CUST003456,Udyati Shenoy,Bengaluru,2023-06-30,N,Paid Search,UPI,Occasional,3,2026-05-22,2578.77
CUST003457,Mohammed Sant,Bengaluru,2024-11-05,Y,Paid Search,Credit/Debit Card,Registered Only,0,,0.0
CUST003458,Hredhaan Chaudhry,Chennai,2026-02-22,Y,Paid Search,Credit/Debit Card,New,1,2026-05-23,0.0
CUST003459,Hitesh Ghose,Pune,2023-04-17,N,Partner Campaign,Credit/Debit Card,New,1,2026-05-05,2272.59
CUST003460,Onkar Baral,Bengaluru,2024-10-12,N,Organic,Credit/Debit Card,New,1,2026-05-02,1277.41
CUST003461,Max Narula,Delhi NCR,2026-02-28,N,Partner Campaign,UPI,Premium,13,2026-06-25,12878.63
CUST003462,Chanakya Bora,Delhi NCR,2024-12-29,N,Organic,Wallet,Occasional,3,2026-06-29,1709.91
CUST003463,Chanchal Nagar,Pune,2024-05-11,N,Organic,Cash on Delivery,New,1,2026-04-19,1060.09
CUST003464,Kashvi Jayaraman,Chennai,2026-02-11,Y,Partner Campaign,Credit/Debit Card,Premium,11,2026-06-22,13738.56
CUST003465,Shivani Patla,Bengaluru,2024-06-21,Y,Social Media,UPI,Occasional,2,2026-04-15,2793.64
CUST003466,Diya Dugar,Hyderabad,2024-08-29,Y,Social Media,UPI,Registered Only,0,,0.0
CUST003467,Anmol Dutt,Bengaluru,2025-10-30,N,Organic,UPI,Registered Only,0,,0.0
CUST003468,Vasudha Sodhi,Delhi NCR,2025-03-07,Y,Social Media,Cash on Delivery,New,1,2026-06-07,397.79
CUST003469,Osha Nagar,Pune,2023-04-01,Y,Paid Search,Cash on Delivery,Occasional,2,2026-05-10,2518.36
CUST003470,Ucchal Madan,Bengaluru,2023-12-26,N,Paid Search,Cash on Delivery,New,1,2026-06-28,2221.07
CUST003471,Falguni Sachdev,Chennai,2025-07-13,Y,Organic,Credit/Debit Card,Premium,17,2026-06-29,17106.44
CUST003472,Sai Badal,Bengaluru,2023-04-22,N,Social Media,UPI,Premium,6,2026-06-21,10714.27
CUST003473,Theodore Sarraf,Pune,2024-03-26,N,Paid Search,UPI,Occasional,2,2026-06-11,2134.23
CUST003474,Kai Prabhakar,Chennai,2025-05-01,Y,Social Media,UPI,Premium,3,2026-06-16,9422.12
CUST003475,Advika Char,Pune,2025-07-30,N,Organic,UPI,Occasional,2,2026-06-17,1194.36
CUST003476,Varsha Mitra,Chennai,2024-05-27,N,Organic,UPI,Registered Only,0,,0.0
CUST003477,Saumya Kohli,Hyderabad,2024-08-12,N,Referral,UPI,Occasional,4,2026-06-28,1986.86
CUST003478,Jeevika Anand,Hyderabad,2024-09-16,N,Referral,Net Banking,Registered Only,0,,0.0
CUST003479,Reva Kade,Mumbai,2024-02-15,Y,Partner Campaign,Credit/Debit Card,Regular,8,2026-06-03,5235.21
CUST003480,Ekbal Viswanathan,Hyderabad,2025-05-27,N,Paid Search,Net Banking,Registered Only,0,,0.0
CUST003481,Isha Rama,Delhi NCR,2023-11-04,N,Partner Campaign,Credit/Debit Card,Registered Only,0,,0.0
CUST003482,Kavya Madan,Mumbai,2025-02-25,Y,Referral,UPI,Registered Only,0,,0.0
CUST003483,Falan Kala,Mumbai,2024-12-10,N,Social Media,UPI,Registered Only,0,,0.0
CUST003484,Pallavi Talwar,Delhi NCR,2025-05-27,N,Partner Campaign,UPI,Regular,8,2026-06-18,6732.74
CUST003485,Tristan Salvi,Chennai,2026-02-01,N,Referral,UPI,Regular,6,2026-06-08,4284.77
CUST003486,Raghav Garg,Mumbai,2024-01-22,N,Paid Search,Credit/Debit Card,New,1,2026-06-19,1045.12
CUST003487,Faqid Oak,Hyderabad,2025-08-05,N,Organic,Credit/Debit Card,Occasional,2,2026-05-21,3769.0
CUST003488,Balendra Raju,Chennai,2026-02-04,N,Organic,Cash on Delivery,Occasional,2,2026-06-08,3983.08
CUST003489,Yochana Pai,Bengaluru,2025-01-23,N,Social Media,UPI,Premium,26,2026-06-27,16439.35
CUST003490,Darpan Mane,Bengaluru,2024-01-29,N,Paid Search,Credit/Debit Card,Registered Only,0,,0.0
CUST003491,Qarin Vohra,Mumbai,2023-11-25,N,Paid Search,Cash on Delivery,Occasional,3,2026-05-07,5707.17
CUST003492,Zayyan Kadakia,Hyderabad,2024-01-04,N,Referral,Credit/Debit Card,New,1,2026-04-25,645.79
CUST003493,Yatin Rastogi,Delhi NCR,2025-02-05,Y,Organic,Wallet,New,1,2026-06-10,1408.72
CUST003494,Omya Chaudry,Chennai,2026-02-11,Y,Social Media,UPI,Occasional,3,2026-06-21,2891.37
CUST003495,Chavvi Basu,Hyderabad,2023-08-17,Y,Referral,Wallet,Occasional,4,2026-06-20,5564.42
CUST003496,Bimala Balakrishnan,Chennai,2023-08-17,N,Organic,Wallet,Registered Only,0,,0.0
CUST003497,Ethan Gopal,Delhi NCR,2025-03-26,N,Partner Campaign,Cash on Delivery,Regular,5,2026-06-07,5552.91
CUST003498,Ekansh Dugar,Chennai,2025-11-06,Y,Organic,UPI,Premium,10,2026-06-23,13213.23
CUST003499,Ekavir Goda,Bengaluru,2025-03-19,Y,Social Media,Credit/Debit Card,New,1,2026-05-08,2338.93
CUST003500,Laban Arya,Delhi NCR,2023-08-04,Y,Social Media,UPI,Registered Only,0,,0.0
CUST003501,Gauri Pall,Bengaluru,2024-12-06,Y,Organic,Net Banking,Registered Only,0,,0.0
CUST003502,Manya Sahota,Pune,2026-03-10,N,Organic,Cash on Delivery,Registered Only,0,,0.0
CUST003503,Lucky Contractor,Delhi NCR,2024-02-26,N,Paid Search,UPI,Occasional,2,2026-06-22,2189.76
CUST003504,Karan De,Bengaluru,2025-06-27,N,Organic,UPI,Registered Only,0,,0.0
CUST003505,Meera Bose,Pune,2025-12-19,Y,Referral,Credit/Debit Card,Occasional,3,2026-06-16,2526.58
CUST003506,Libni Maharaj,Delhi NCR,2023-08-05,N,Organic,UPI,Regular,7,2026-06-23,5113.38
CUST003507,Chaitaly Borra,Bengaluru,2023-07-18,N,Partner Campaign,UPI,New,1,2026-06-18,2074.9
CUST003508,Lakshmi Morar,Chennai,2025-05-06,Y,Organic,Wallet,Occasional,3,2026-06-05,1381.32
CUST003509,Jagrati Pant,Bengaluru,2023-04-18,Y,Organic,UPI,Occasional,4,2026-06-19,5632.81
CUST003510,Bachittar Mukhopadhyay,Hyderabad,2023-12-18,N,Paid Search,UPI,New,1,2026-04-12,433.72
CUST003511,Januja Mital,Hyderabad,2024-05-30,N,Paid Search,Wallet,New,1,2026-04-30,1649.67
CUST003512,Yagnesh Mittal,Bengaluru,2023-06-11,N,Partner Campaign,Credit/Debit Card,Registered Only,0,,0.0
CUST003513,Balhaar Raj,Hyderabad,2023-06-07,Y,Social Media,UPI,New,1,2026-04-17,413.63
CUST003514,Shivani Sanghvi,Bengaluru,2024-08-02,N,Organic,Wallet,Occasional,2,2026-06-24,852.32
CUST003515,Dhruv Luthra,Bengaluru,2024-04-16,Y,Referral,Cash on Delivery,Regular,5,2026-06-28,4941.79
CUST003516,Agastya Kaul,Hyderabad,2024-06-14,Y,Referral,Credit/Debit Card,New,1,2026-04-21,564.12
CUST003517,Jatin Dugal,Hyderabad,2023-08-10,Y,Referral,UPI,New,1,2026-05-03,1135.98
CUST003518,Azad Shanker,Hyderabad,2024-09-24,N,Social Media,Wallet,Registered Only,0,,0.0
CUST003519,Jack Boase,Hyderabad,2023-12-07,N,Organic,UPI,New,1,2026-06-17,261.77
CUST003520,Simon Wagle,Bengaluru,2024-01-25,Y,Social Media,Credit/Debit Card,New,1,2026-04-21,821.8
CUST003521,Upma Munshi,Mumbai,2025-12-05,N,Paid Search,UPI,Registered Only,0,,0.0
CUST003522,Anay Tailor,Chennai,2024-09-16,N,Referral,UPI,New,1,2026-04-28,1649.11
CUST003523,Christopher Loyal,Mumbai,2024-01-02,N,Paid Search,Credit/Debit Card,Premium,13,2026-06-26,9071.84
CUST003524,Ayushman Varkey,Mumbai,2024-03-20,N,Organic,Credit/Debit Card,New,1,2026-05-03,155.02
CUST003525,Onkar Khare,Delhi NCR,2025-05-31,N,Referral,UPI,Occasional,2,2026-06-14,3317.79
CUST003526,Mekhala Shah,Delhi NCR,2023-04-24,N,Organic,UPI,Occasional,2,2026-06-02,1250.16
CUST003527,Yamini Shere,Hyderabad,2025-02-10,Y,Referral,Net Banking,Occasional,3,2026-06-14,5382.73
CUST003528,Tanmayi Dara,Hyderabad,2025-11-19,N,Organic,UPI,Premium,11,2026-06-26,9834.26
CUST003529,Nachiket Bal,Hyderabad,2025-09-06,N,Social Media,Credit/Debit Card,Registered Only,0,,0.0
CUST003530,Joshua Kaur,Hyderabad,2025-12-24,N,Referral,UPI,New,1,2026-04-05,1288.88
CUST003531,Leena Dutt,Mumbai,2025-07-04,N,Organic,Cash on Delivery,Occasional,2,2026-06-19,2640.25
CUST003532,Yochana Naidu,Mumbai,2023-09-17,N,Organic,UPI,New,1,2026-04-04,104.24
CUST003533,Patrick Prabhakar,Delhi NCR,2025-01-31,N,Paid Search,UPI,Occasional,4,2026-06-24,4151.45
CUST003534,Yauvani Bahl,Bengaluru,2024-09-05,N,Social Media,Credit/Debit Card,New,1,2026-04-06,426.62
CUST003535,Darika Kala,Mumbai,2025-10-31,Y,Organic,Cash on Delivery,Registered Only,0,,0.0
CUST003536,Yasti Basu,Chennai,2026-01-27,N,Organic,UPI,New,1,2026-05-19,1255.25
CUST003537,Jackson Varty,Mumbai,2024-07-14,N,Organic,Credit/Debit Card,Registered Only,0,,0.0
CUST003538,Ekalinga Ravi,Pune,2025-12-05,N,Partner Campaign,UPI,Occasional,2,2026-05-31,3206.11
CUST003539,Ranveer Madan,Bengaluru,2025-04-08,N,Referral,UPI,New,1,2026-04-13,1633.95
CUST003540,Lakshmi Kumar,Delhi NCR,2024-06-17,N,Organic,UPI,Occasional,2,2026-05-15,313.65
CUST003541,Bishakha Kala,Bengaluru,2025-02-17,Y,Referral,UPI,Occasional,3,2026-06-11,2433.22
CUST003542,Atharv Sarkar,Hyderabad,2024-02-27,Y,Paid Search,Net Banking,Occasional,2,2026-05-09,230.54
CUST003543,Zansi Tripathi,Bengaluru,2024-06-23,N,Social Media,UPI,Occasional,2,2026-06-14,737.58
CUST003544,Rachana Lad,Delhi NCR,2024-04-15,N,Organic,UPI,Occasional,2,2026-06-24,2167.41
CUST003545,Chandran Balan,Chennai,2024-04-14,N,Paid Search,UPI,Registered Only,0,,0.0
CUST003546,Yashawini Kurian,Pune,2023-11-24,N,Referral,Credit/Debit Card,Occasional,4,2026-06-26,3454.66
CUST003547,Urvashi Devi,Hyderabad,2024-01-31,N,Referral,UPI,Occasional,2,2026-06-04,1742.75
CUST003548,Madhav Subramanian,Chennai,2025-07-18,Y,Organic,UPI,Registered Only,0,,0.0
CUST003549,Peter Sagar,Mumbai,2026-02-07,Y,Paid Search,Net Banking,Registered Only,0,,0.0
CUST003550,Vrishti Karnik,Delhi NCR,2025-05-15,N,Paid Search,UPI,Occasional,2,2026-06-17,217.59
CUST003551,Dipta Bajaj,Bengaluru,2026-01-14,N,Social Media,UPI,Registered Only,0,,0.0
CUST003552,Kevin Ahluwalia,Hyderabad,2024-07-31,N,Organic,UPI,Regular,5,2026-06-03,6082.19
CUST003553,Abeer Balan,Chennai,2024-01-12,N,Paid Search,UPI,Occasional,2,2026-04-27,3461.74
CUST003554,Michael Devan,Pune,2025-05-23,N,Social Media,Credit/Debit Card,Premium,10,2026-06-21,17633.13
CUST003555,Yoshita Nigam,Bengaluru,2023-05-16,N,Partner Campaign,Credit/Debit Card,Regular,6,2026-06-22,6857.62
CUST003556,Anay Koshy,Mumbai,2025-01-12,N,Organic,Credit/Debit Card,Registered Only,0,,0.0
CUST003557,Kala Dave,Pune,2026-02-22,Y,Social Media,Net Banking,Occasional,3,2026-06-27,3753.13
CUST003558,Zaid Barad,Bengaluru,2024-04-10,N,Partner Campaign,Wallet,Registered Only,0,,0.0
CUST003559,Alexander Kothari,Hyderabad,2026-02-04,N,Paid Search,UPI,Registered Only,0,,0.0
CUST003560,Warda Parmar,Bengaluru,2025-06-26,Y,Partner Campaign,Cash on Delivery,Regular,6,2026-06-28,6220.49
CUST003561,Girindra Palla,Delhi NCR,2025-12-08,Y,Paid Search,UPI,Registered Only,0,,0.0
CUST003562,Indrajit Rege,Hyderabad,2024-06-06,N,Organic,UPI,Occasional,3,2026-04-30,2403.41
CUST003563,Ethan Gupta,Bengaluru,2023-07-06,N,Partner Campaign,Credit/Debit Card,Registered Only,0,,0.0
CUST003564,Laban Apte,Bengaluru,2026-01-10,N,Organic,UPI,Occasional,3,2026-05-31,1415.26
CUST003565,Brinda Andra,Hyderabad,2024-11-14,N,Organic,UPI,New,1,2026-04-17,634.9
CUST003566,Naveen Narasimhan,Mumbai,2023-05-11,N,Referral,Cash on Delivery,Occasional,2,2026-05-27,3812.22
CUST003567,Benjamin Bose,Bengaluru,2024-10-17,Y,Paid Search,UPI,Regular,5,2026-06-21,4950.16
CUST003568,Tanveer Murty,Delhi NCR,2024-09-20,N,Paid Search,UPI,New,1,2026-04-22,629.02
CUST003569,Yash Basu,Hyderabad,2025-01-10,N,Social Media,Cash on Delivery,New,1,2026-04-29,320.3
CUST003570,Jagvi Ben,Hyderabad,2024-06-01,N,Organic,Net Banking,Registered Only,0,,0.0
CUST003571,Reyansh Dhingra,Bengaluru,2025-08-17,N,Organic,Credit/Debit Card,Registered Only,0,,0.0
CUST003572,Dominic Krishnamurthy,Mumbai,2026-03-13,N,Referral,UPI,Premium,11,2026-06-21,10188.78
CUST003573,Nikita Atwal,Bengaluru,2025-10-11,Y,Paid Search,UPI,Occasional,2,2026-06-15,1117.49
CUST003574,Indali Sehgal,Hyderabad,2024-07-12,N,Referral,Credit/Debit Card,Occasional,3,2026-05-29,2857.79
CUST003575,Aahana Nadkarni,Chennai,2024-04-13,Y,Paid Search,Cash on Delivery,Registered Only,0,,0.0
CUST003576,Sai Sidhu,Hyderabad,2024-10-05,N,Organic,Cash on Delivery,Registered Only,0,,0.0
CUST003577,Amaira Aurora,Delhi NCR,2025-09-06,N,Organic,Credit/Debit Card,Occasional,3,2026-05-04,1743.93
CUST003578,Zayan Madan,Chennai,2023-04-21,N,Paid Search,Net Banking,Registered Only,0,,0.0
CUST003579,Adya Balasubramanian,Mumbai,2024-06-30,Y,Organic,UPI,Occasional,3,2026-06-23,1822.55
CUST003580,Timothy Sur,Pune,2024-02-18,N,Organic,Credit/Debit Card,New,1,2026-05-29,1156.53
CUST003581,Sara Mani,Hyderabad,2025-11-09,N,Paid Search,UPI,Registered Only,0,,0.0
CUST003582,Manya Mitter,Bengaluru,2024-09-24,N,Social Media,UPI,Occasional,4,2026-05-21,4977.25
CUST003583,Fariq Bora,Bengaluru,2025-12-06,N,Social Media,UPI,Registered Only,0,,0.0
CUST003584,Vasatika Raja,Bengaluru,2025-09-26,N,Paid Search,UPI,Occasional,3,2026-06-01,2007.77
CUST003585,Yoshita Verma,Pune,2025-12-23,Y,Partner Campaign,Credit/Debit Card,Occasional,2,2026-06-06,1313.91
CUST003586,Tanish Dey,Mumbai,2026-01-22,N,Paid Search,UPI,Premium,11,2026-06-26,12411.99
CUST003587,Kashvi Kannan,Delhi NCR,2024-05-27,N,Organic,UPI,Registered Only,0,,0.0
CUST003588,Chaitaly Golla,Chennai,2025-01-10,N,Partner Campaign,Net Banking,Regular,5,2026-06-22,3747.35
CUST003589,Ayaan Rout,Pune,2024-01-04,N,Organic,UPI,Registered Only,0,,0.0
CUST003590,Dalbir Grewal,Bengaluru,2023-11-12,N,Organic,UPI,Registered Only,0,,0.0
CUST003591,Kabir Natarajan,Bengaluru,2025-04-18,N,Social Media,Wallet,Occasional,2,2026-05-12,642.52
CUST003592,Chandani Hayer,Bengaluru,2025-07-04,Y,Social Media,UPI,Occasional,3,2026-06-17,1855.02
CUST003593,Arin Kala,Delhi NCR,2024-04-23,N,Referral,UPI,New,1,2026-05-24,0.0
CUST003594,Peter Sani,Chennai,2024-06-30,N,Partner Campaign,Credit/Debit Card,Premium,11,2026-06-28,10837.07
CUST003595,Teerth Ganesh,Delhi NCR,2025-02-08,Y,Referral,Wallet,Occasional,2,2026-06-11,1017.81
CUST003596,Kamya Hegde,Hyderabad,2023-10-23,N,Organic,UPI,Occasional,2,2026-05-26,753.98
CUST003597,Advika Lal,Mumbai,2023-10-11,N,Organic,Cash on Delivery,Registered Only,0,,0.0
CUST003598,Chasmum Ramakrishnan,Pune,2023-05-17,N,Referral,Credit/Debit Card,New,1,2026-05-07,416.12
CUST003599,Aradhana Narula,Delhi NCR,2025-07-13,N,Organic,UPI,Registered Only,0,,0.0
CUST003600,Isaiah Chad,Mumbai,2023-11-01,Y,Organic,Cash on Delivery,Occasional,4,2026-06-16,3032.64
CUST003601,Prisha Bedi,Hyderabad,2023-09-16,N,Organic,UPI,Registered Only,0,,0.0
CUST003602,Tanveer De,Hyderabad,2025-06-17,N,Organic,Credit/Debit Card,Occasional,3,2026-06-27,3046.97
CUST003603,Samarth Agate,Bengaluru,2025-07-21,N,Organic,Wallet,Occasional,2,2026-06-07,859.1
CUST003604,Daksha Warrior,Bengaluru,2023-06-10,N,Paid Search,UPI,Occasional,2,2026-04-21,1816.49
CUST003605,Bakhshi Dube,Chennai,2023-08-09,Y,Paid Search,Credit/Debit Card,Occasional,3,2026-06-18,4700.05
CUST003606,Xalak Vohra,Bengaluru,2023-11-13,N,Organic,Cash on Delivery,Registered Only,0,,0.0
CUST003607,Triya Ram,Hyderabad,2023-12-15,N,Organic,Credit/Debit Card,Registered Only,0,,0.0
CUST003608,Vedika Mannan,Delhi NCR,2025-12-07,Y,Paid Search,Cash on Delivery,Regular,5,2026-06-17,5453.95
CUST003609,Adweta Pai,Hyderabad,2023-12-11,N,Partner Campaign,Wallet,Occasional,2,2026-06-21,1313.54
CUST003610,Umang Rajagopal,Chennai,2023-05-30,Y,Paid Search,Cash on Delivery,New,1,2026-06-17,2159.26
CUST003611,Owen Khanna,Bengaluru,2024-08-29,N,Organic,UPI,Registered Only,0,,0.0
CUST003612,Ekaraj Deshpande,Bengaluru,2023-12-03,N,Paid Search,UPI,New,1,2026-05-06,1302.95
CUST003613,Sudiksha Comar,Bengaluru,2024-02-05,N,Social Media,UPI,Registered Only,0,,0.0
CUST003614,Nicholas Mitra,Mumbai,2024-05-06,N,Organic,UPI,New,1,2026-04-08,2536.0
CUST003615,Gayathri Ganguly,Hyderabad,2026-02-09,N,Organic,UPI,Registered Only,0,,0.0
CUST003616,Quincy Som,Pune,2024-08-12,N,Organic,Credit/Debit Card,Premium,7,2026-06-29,11672.32
CUST003617,Krish Sahota,Mumbai,2025-08-31,N,Referral,UPI,Occasional,2,2026-05-18,2943.17
CUST003618,Dhruv Deshmukh,Chennai,2024-10-09,N,Organic,UPI,Occasional,3,2026-06-23,1808.82
CUST003619,Mohini Brahmbhatt,Bengaluru,2025-06-04,N,Paid Search,UPI,New,1,2026-04-09,352.11
CUST003620,Xalak Natt,Chennai,2024-08-01,N,Organic,Credit/Debit Card,New,1,2026-05-05,441.69
CUST003621,Alexander Mitra,Chennai,2023-05-08,N,Paid Search,Credit/Debit Card,New,1,2026-04-26,633.92
CUST003622,Darika Prakash,Bengaluru,2023-10-10,N,Organic,UPI,New,1,2026-04-05,917.09
CUST003623,Abhimanyu Kant,Pune,2023-04-26,Y,Social Media,UPI,Registered Only,0,,0.0
CUST003624,Edhitha Bhakta,Mumbai,2023-09-22,N,Paid Search,UPI,Premium,7,2026-06-25,12176.5
CUST003625,Kavya Shere,Delhi NCR,2024-01-12,N,Referral,Wallet,Occasional,2,2026-06-04,475.26
CUST003626,Bhavika Dave,Delhi NCR,2024-12-24,N,Organic,UPI,New,1,2026-06-03,2201.47
CUST003627,Aarna Sule,Mumbai,2026-01-17,N,Referral,Cash on Delivery,Occasional,4,2026-05-31,6619.02
CUST003628,Nathaniel Oza,Bengaluru,2024-02-26,Y,Social Media,Net Banking,Occasional,2,2026-06-11,2255.77
CUST003629,Aryan Kulkarni,Mumbai,2025-03-07,N,Referral,UPI,New,1,2026-04-20,78.33
CUST003630,Eshana Raja,Chennai,2024-11-16,N,Organic,UPI,New,1,2026-06-28,202.69
CUST003631,Mitesh Sood,Delhi NCR,2025-03-24,Y,Paid Search,UPI,Occasional,4,2026-06-27,4727.41
CUST003632,Aryan Mani,Hyderabad,2025-03-31,N,Organic,UPI,Regular,8,2026-06-09,5228.24
CUST003633,Chandran Roy,Mumbai,2023-12-30,Y,Organic,Credit/Debit Card,New,1,2026-05-18,338.93
CUST003634,Adweta Sem,Mumbai,2026-03-22,Y,Partner Campaign,UPI,Registered Only,0,,0.0
CUST003635,Chanakya Dugar,Bengaluru,2024-07-08,N,Organic,Credit/Debit Card,New,1,2026-04-23,1645.96
CUST003636,Ekanta Rama,Chennai,2024-05-11,N,Referral,Cash on Delivery,New,1,2026-06-16,110.97
CUST003637,Kala Desai,Bengaluru,2026-01-12,Y,Referral,UPI,Premium,24,2026-06-27,27565.81
CUST003638,Vyanjana Date,Bengaluru,2024-12-27,Y,Referral,Credit/Debit Card,Occasional,3,2026-06-17,4883.84
CUST003639,Vamakshi Deo,Chennai,2025-04-01,N,Partner Campaign,Wallet,Registered Only,0,,0.0
CUST003640,Unni Kulkarni,Hyderabad,2025-05-14,N,Partner Campaign,UPI,Occasional,3,2026-06-07,2365.88
CUST003641,Zansi Sarkar,Hyderabad,2023-10-25,N,Social Media,UPI,New,1,2026-06-01,752.68
CUST003642,Kalpit Natarajan,Pune,2024-04-16,N,Partner Campaign,UPI,Regular,6,2026-06-22,5299.49
CUST003643,Yauvani Raj,Hyderabad,2023-05-21,Y,Organic,Credit/Debit Card,Occasional,3,2026-06-08,1813.79
CUST003644,Gauri Barad,Bengaluru,2025-09-30,N,Partner Campaign,UPI,Occasional,2,2026-06-21,292.49
CUST003645,Saanvi Wali,Mumbai,2025-06-22,N,Organic,Wallet,Registered Only,0,,0.0
CUST003646,Ishita Khanna,Delhi NCR,2023-10-19,N,Organic,UPI,Registered Only,0,,0.0
CUST003647,Abeer Tiwari,Hyderabad,2025-07-31,N,Organic,UPI,New,1,2026-04-03,3401.62
CUST003648,Watika Uppal,Hyderabad,2023-11-30,N,Paid Search,Net Banking,Occasional,2,2026-05-21,3100.66
CUST003649,Kashvi Goswami,Pune,2024-05-19,N,Referral,Credit/Debit Card,New,1,2026-05-21,1525.33
CUST003650,Elijah Pau,Bengaluru,2025-04-28,N,Organic,Credit/Debit Card,Registered Only,0,,0.0
CUST003651,Farhan Pandya,Pune,2024-09-12,Y,Organic,UPI,Registered Only,0,,0.0
CUST003652,Ayush Manda,Pune,2025-11-15,N,Paid Search,Wallet,New,1,2026-06-25,1296.94
CUST003653,Qushi Palan,Delhi NCR,2023-05-19,N,Referral,UPI,Premium,9,2026-06-06,19826.0
CUST003654,Ucchal Tara,Bengaluru,2024-07-07,Y,Organic,Cash on Delivery,Premium,27,2026-06-22,25053.58
CUST003655,Widisha Saini,Mumbai,2026-01-28,N,Organic,Wallet,New,1,2026-04-05,177.77
CUST003656,Sachi Nori,Delhi NCR,2023-11-28,N,Organic,Net Banking,Occasional,3,2026-05-16,3741.37
CUST003657,Aadi Dugar,Pune,2025-04-04,N,Paid Search,UPI,Regular,8,2026-06-07,6831.84
CUST003658,Waida Tandon,Hyderabad,2023-10-25,N,Organic,Credit/Debit Card,Occasional,4,2026-06-29,3799.79
CUST003659,Pranav Ganesan,Bengaluru,2025-01-18,Y,Paid Search,Wallet,Premium,6,2026-06-18,11100.28
CUST003660,Triveni Bali,Bengaluru,2023-12-03,N,Organic,UPI,Regular,5,2026-06-23,4337.94
CUST003661,Upadhriti Sahota,Hyderabad,2024-10-11,Y,Organic,Wallet,Registered Only,0,,0.0
CUST003662,Ikshita Ramakrishnan,Mumbai,2025-08-23,Y,Organic,Net Banking,New,1,2026-04-18,358.05
CUST003663,Urvi Raju,Pune,2024-04-16,N,Organic,Net Banking,Occasional,3,2026-05-06,1679.75
CUST003664,Lekha Agrawal,Hyderabad,2024-12-30,N,Referral,UPI,Registered Only,0,,0.0
CUST003665,Yashica Oommen,Bengaluru,2025-09-04,Y,Social Media,UPI,Registered Only,0,,0.0
CUST003666,Jairaj Deo,Mumbai,2025-05-09,N,Paid Search,UPI,Registered Only,0,,0.0
CUST003667,Brinda Bajwa,Mumbai,2023-05-19,N,Paid Search,UPI,Occasional,2,2026-06-13,880.96
CUST003668,Mahika Sastry,Hyderabad,2025-08-26,N,Paid Search,UPI,Regular,6,2026-06-20,4544.13
CUST003669,Vritti Mutti,Mumbai,2023-05-25,N,Referral,Cash on Delivery,Occasional,4,2026-06-11,1342.55
CUST003670,Neha Bera,Delhi NCR,2025-10-01,Y,Referral,Net Banking,Occasional,3,2026-06-20,4445.1
CUST003671,Arjun Kade,Mumbai,2024-01-16,N,Partner Campaign,Credit/Debit Card,Registered Only,0,,0.0
CUST003672,Bhanumati Ratta,Mumbai,2023-05-17,N,Organic,UPI,New,1,2026-05-12,2318.71
CUST003673,Panini Dube,Delhi NCR,2025-09-28,N,Paid Search,UPI,Occasional,2,2026-05-24,4515.07
CUST003674,Isaiah Gopal,Delhi NCR,2025-12-31,N,Organic,UPI,New,1,2026-04-08,1568.0
CUST003675,Amaira Walia,Bengaluru,2024-11-25,N,Referral,UPI,New,1,2026-06-09,1240.61
CUST003676,Fiyaz Cherian,Mumbai,2024-03-23,N,Referral,UPI,Occasional,4,2026-06-13,2683.36
CUST003677,Fiyaz Garg,Mumbai,2023-07-01,N,Referral,UPI,Premium,22,2026-06-27,20404.47
CUST003678,Leena Rau,Delhi NCR,2024-10-28,N,Paid Search,Wallet,Registered Only,0,,0.0
CUST003679,Om Badami,Hyderabad,2024-07-30,N,Organic,Credit/Debit Card,New,1,2026-06-20,156.18
CUST003680,Saumya Deep,Bengaluru,2023-05-29,N,Referral,Net Banking,New,1,2026-04-15,577.24
CUST003681,Krishna Bahl,Bengaluru,2024-12-02,Y,Paid Search,UPI,Registered Only,0,,0.0
CUST003682,Abdul Ramachandran,Delhi NCR,2024-04-12,Y,Organic,Wallet,Premium,8,2026-06-09,8179.17
CUST003683,Sathvik Hayer,Pune,2025-07-07,N,Paid Search,Credit/Debit Card,Regular,7,2026-06-26,5583.66
CUST003684,Advik Hayre,Chennai,2025-01-09,N,Referral,UPI,New,1,2026-04-03,1399.97
CUST003685,Megha Mitter,Hyderabad,2024-06-12,N,Partner Campaign,Cash on Delivery,New,1,2026-04-06,801.26
CUST003686,Omkaar Rai,Pune,2025-02-14,N,Social Media,Credit/Debit Card,Registered Only,0,,0.0
CUST003687,Bhavini Srivastava,Chennai,2023-11-17,N,Social Media,Cash on Delivery,New,1,2026-06-28,253.19
CUST003688,Ekapad Jain,Bengaluru,2026-01-17,N,Social Media,Cash on Delivery,Premium,7,2026-06-28,9207.66
CUST003689,Meera Ranganathan,Bengaluru,2024-10-27,N,Paid Search,UPI,Regular,8,2026-06-24,5754.66
CUST003690,Jeremiah Choudhury,Hyderabad,2024-03-19,N,Partner Campaign,UPI,Registered Only,0,,0.0
CUST003691,Nidra Bawa,Pune,2024-03-07,N,Referral,Net Banking,New,1,2026-05-15,1007.33
CUST003692,Gaurang Chada,Bengaluru,2025-09-22,N,Paid Search,UPI,Occasional,2,2026-05-26,1768.39
CUST003693,Abha Agarwal,Delhi NCR,2026-01-08,Y,Organic,Net Banking,Occasional,3,2026-04-25,2042.18
CUST003694,Manan Kannan,Hyderabad,2025-06-16,N,Paid Search,UPI,Registered Only,0,,0.0
CUST003695,Garima Basak,Mumbai,2024-02-21,N,Partner Campaign,Credit/Debit Card,Occasional,2,2026-04-06,2171.26
CUST003696,Lavanya Kothari,Hyderabad,2024-09-02,Y,Organic,Credit/Debit Card,New,1,2026-06-22,1221.3
CUST003697,Vasana Narasimhan,Hyderabad,2024-09-14,N,Referral,Credit/Debit Card,Premium,6,2026-06-11,10598.74
CUST003698,Udant Muni,Mumbai,2024-03-26,N,Organic,UPI,Regular,6,2026-06-26,4210.61
CUST003699,George Soni,Pune,2023-06-15,Y,Social Media,Credit/Debit Card,Regular,5,2026-06-27,4088.85
CUST003700,Ikbal Sarraf,Bengaluru,2025-07-18,Y,Organic,UPI,Occasional,2,2026-06-01,1334.27
CUST003701,Brijesh Minhas,Bengaluru,2023-08-24,N,Paid Search,UPI,Registered Only,0,,0.0
CUST003702,Jeet Vora,Chennai,2024-07-05,N,Organic,Credit/Debit Card,Occasional,2,2026-06-18,3341.02
CUST003703,Ekbal Karpe,Chennai,2025-03-28,N,Paid Search,UPI,Occasional,3,2026-06-12,1457.02
CUST003704,Zaid Jaggi,Mumbai,2025-10-18,N,Social Media,Credit/Debit Card,Regular,5,2026-05-25,6167.94
CUST003705,Wakeeta Kumar,Hyderabad,2024-11-26,N,Organic,UPI,Regular,6,2026-06-27,6500.06
CUST003706,Raagini Bala,Delhi NCR,2023-11-21,N,Social Media,Credit/Debit Card,Registered Only,0,,0.0
CUST003707,Gautam Kulkarni,Hyderabad,2025-11-03,N,Paid Search,Net Banking,Regular,6,2026-06-28,5098.42
CUST003708,Manya Issac,Delhi NCR,2023-12-12,N,Organic,Credit/Debit Card,Occasional,2,2026-06-26,911.35
CUST003709,Tarak Dar,Chennai,2023-04-18,N,Partner Campaign,UPI,Registered Only,0,,0.0
CUST003710,Advika Nori,Bengaluru,2024-09-12,N,Paid Search,Wallet,Registered Only,0,,0.0
CUST003711,Oscar Purohit,Mumbai,2025-04-28,N,Partner Campaign,Wallet,Registered Only,0,,0.0
CUST003712,Alka Sagar,Hyderabad,2026-03-15,Y,Referral,Wallet,Registered Only,0,,0.0
CUST003713,Naveen Patel,Hyderabad,2025-09-25,N,Organic,UPI,Occasional,2,2026-04-28,1551.71
CUST003714,Lucky Oommen,Delhi NCR,2025-12-13,N,Organic,UPI,Regular,8,2026-05-13,7992.44
CUST003715,Indali Basu,Mumbai,2024-01-18,N,Partner Campaign,Credit/Debit Card,Regular,8,2026-06-14,5409.26
CUST003716,Hemal Majumdar,Bengaluru,2023-08-25,N,Paid Search,UPI,Occasional,3,2026-06-27,1662.84
CUST003717,Vasana Dhar,Hyderabad,2023-10-09,Y,Partner Campaign,Credit/Debit Card,Registered Only,0,,0.0
CUST003718,Manbir Dasgupta,Delhi NCR,2024-01-12,N,Organic,Wallet,New,1,2026-04-23,202.77
CUST003719,Yagnesh Singhal,Mumbai,2025-10-30,N,Referral,Credit/Debit Card,New,1,2026-06-27,0.0
CUST003720,Eta Wason,Delhi NCR,2026-03-16,Y,Organic,Credit/Debit Card,New,1,2026-04-21,527.48
CUST003721,Ekani Srinivasan,Bengaluru,2025-12-20,N,Social Media,UPI,Registered Only,0,,0.0
CUST003722,Michael Narain,Pune,2025-05-06,N,Organic,Wallet,Occasional,2,2026-05-12,1399.74
CUST003723,Aditya Wagle,Delhi NCR,2026-01-09,Y,Paid Search,Cash on Delivery,Registered Only,0,,0.0
CUST003724,Advay Bora,Delhi NCR,2024-12-14,Y,Paid Search,UPI,Premium,3,2026-06-29,9694.9
CUST003725,Dhriti Vasa,Chennai,2026-03-03,N,Organic,Wallet,New,1,2026-06-16,3184.84
CUST003726,Chakrika Sawhney,Mumbai,2025-09-05,N,Social Media,Credit/Debit Card,New,1,2026-05-11,166.42
CUST003727,Balveer Pillai,Pune,2024-05-25,N,Paid Search,Cash on Delivery,Registered Only,0,,0.0
CUST003728,Varenya Mani,Chennai,2025-09-18,Y,Social Media,Cash on Delivery,Occasional,2,2026-05-26,1681.42
CUST003729,Garima Sarin,Pune,2024-09-27,N,Social Media,Cash on Delivery,Occasional,3,2026-05-20,1637.35
CUST003730,Suhani Saraf,Chennai,2025-10-22,N,Paid Search,Credit/Debit Card,New,1,2026-06-02,629.03
CUST003731,Oviya Borde,Hyderabad,2024-09-20,N,Social Media,UPI,Occasional,2,2026-06-05,1076.7
CUST003732,Priya Sandhu,Bengaluru,2025-05-19,N,Organic,Credit/Debit Card,New,1,2026-06-15,283.58
CUST003733,Tripti Viswanathan,Chennai,2023-11-25,N,Paid Search,Cash on Delivery,Occasional,4,2026-06-18,2445.21
CUST003734,Udarsh Sheth,Bengaluru,2023-11-09,N,Referral,UPI,Occasional,2,2026-06-06,2746.61
CUST003735,Gautami Gola,Chennai,2024-01-29,N,Paid Search,UPI,Registered Only,0,,0.0
CUST003736,Bhavika Majumdar,Delhi NCR,2024-04-11,N,Referral,Cash on Delivery,New,1,2026-06-09,1737.7
CUST003737,Bahadurjit Misra,Chennai,2025-02-10,Y,Partner Campaign,Credit/Debit Card,New,1,2026-04-27,294.61
CUST003738,Raghav Bakshi,Bengaluru,2025-11-01,Y,Referral,UPI,New,1,2026-05-01,492.67
CUST003739,Devika Bhasin,Chennai,2023-11-26,Y,Paid Search,Credit/Debit Card,Occasional,2,2026-06-22,4835.54
CUST003740,Netra Koshy,Bengaluru,2024-10-03,Y,Paid Search,Credit/Debit Card,Registered Only,0,,0.0
CUST003741,Anika More,Hyderabad,2023-07-03,N,Social Media,Credit/Debit Card,Occasional,2,2026-06-04,1431.8
CUST003742,Warjas Kurian,Hyderabad,2024-08-31,N,Social Media,UPI,Regular,5,2026-06-29,2958.45
CUST003743,Vasudha Lala,Delhi NCR,2024-12-16,N,Organic,Wallet,Regular,8,2026-06-28,5366.05
CUST003744,Lakshit Hora,Mumbai,2023-04-08,N,Organic,Credit/Debit Card,Occasional,4,2026-06-08,5981.42
CUST003745,Balhaar Salvi,Delhi NCR,2023-04-13,N,Referral,UPI,Occasional,3,2026-05-26,1638.25
CUST003746,Anay Choudhry,Bengaluru,2025-05-10,N,Organic,Credit/Debit Card,Occasional,3,2026-05-16,2797.05
CUST003747,Maanas Bumb,Bengaluru,2024-11-10,Y,Organic,UPI,Registered Only,0,,0.0
CUST003748,Indrajit Kala,Mumbai,2025-12-27,N,Partner Campaign,UPI,Premium,17,2026-06-26,15040.06
CUST003749,Madhav Doshi,Mumbai,2023-07-27,N,Organic,UPI,Registered Only,0,,0.0
CUST003750,Tamanna Sibal,Mumbai,2023-04-20,N,Organic,Credit/Debit Card,Occasional,4,2026-06-16,6102.8
CUST003751,Sathvik Wason,Hyderabad,2024-01-21,Y,Organic,UPI,Occasional,4,2026-06-15,2694.73
CUST003752,Vedika Dutta,Chennai,2025-04-25,Y,Organic,Net Banking,Occasional,2,2026-06-07,2316.9
CUST003753,Ekapad Mann,Bengaluru,2025-01-23,Y,Referral,Wallet,Premium,11,2026-06-12,6336.44
CUST003754,Bhavini Sood,Pune,2025-12-04,Y,Partner Campaign,UPI,Occasional,2,2026-06-15,2341.14
CUST003755,Vinaya Aggarwal,Mumbai,2025-08-12,Y,Referral,UPI,Registered Only,0,,0.0
CUST003756,Charan Bali,Bengaluru,2025-02-06,N,Organic,UPI,Registered Only,0,,0.0
CUST003757,Fiyaz Warrior,Mumbai,2026-02-20,Y,Paid Search,UPI,New,1,2026-04-12,92.0
CUST003758,Abhiram Nanda,Hyderabad,2023-08-20,N,Social Media,UPI,Premium,6,2026-06-23,8237.97
CUST003759,Ira Kurian,Chennai,2025-09-10,N,Social Media,UPI,New,1,2026-06-18,554.27
CUST003760,Ikshita Hans,Mumbai,2025-04-28,N,Organic,Net Banking,Occasional,3,2026-05-24,4282.53
CUST003761,Harita Sankar,Bengaluru,2023-05-10,N,Social Media,UPI,New,1,2026-05-26,2734.35
CUST003762,Jagdish Pandey,Pune,2023-09-24,N,Paid Search,Credit/Debit Card,New,1,2026-05-22,997.2
CUST003763,Unnati Bala,Mumbai,2023-04-30,N,Social Media,Cash on Delivery,Registered Only,0,,0.0
CUST003764,Jai Murty,Delhi NCR,2024-02-12,N,Paid Search,Credit/Debit Card,Regular,7,2026-06-26,3983.59
CUST003765,Nikita Ratti,Bengaluru,2024-07-01,Y,Referral,Net Banking,Occasional,2,2026-05-04,2993.45
CUST003766,Sathvik Nazareth,Hyderabad,2025-01-31,Y,Organic,Cash on Delivery,Premium,2,2026-06-23,8687.53
CUST003767,Jalsa Badal,Bengaluru,2024-12-13,N,Paid Search,UPI,Occasional,4,2026-06-21,5237.87
CUST003768,Anvi Lala,Bengaluru,2025-02-06,N,Organic,Wallet,Occasional,2,2026-05-22,856.82
CUST003769,Bimala Thaman,Bengaluru,2024-03-23,N,Partner Campaign,UPI,New,1,2026-04-03,1023.07
CUST003770,Aarini Chand,Hyderabad,2025-01-28,Y,Social Media,UPI,Registered Only,0,,0.0
CUST003771,Ishanvi Loke,Bengaluru,2023-05-15,N,Social Media,Wallet,Registered Only,0,,0.0
CUST003772,Manthan Bahl,Bengaluru,2023-04-24,Y,Paid Search,UPI,Registered Only,0,,0.0
CUST003773,Siya Rama,Bengaluru,2025-03-05,Y,Social Media,UPI,Occasional,2,2026-06-22,992.26
CUST003774,Nikita Balan,Mumbai,2025-08-25,N,Organic,Credit/Debit Card,Occasional,4,2026-04-25,6651.02
CUST003775,Jagdish Roy,Hyderabad,2024-07-21,N,Partner Campaign,Cash on Delivery,Occasional,4,2026-05-23,2165.03
CUST003776,Anjali Johal,Pune,2025-01-13,N,Organic,Credit/Debit Card,New,1,2026-06-06,3163.36
CUST003777,Bhanumati Bal,Bengaluru,2025-04-26,N,Paid Search,Wallet,Registered Only,0,,0.0
CUST003778,Chaitaly Kannan,Mumbai,2024-10-18,Y,Organic,Wallet,Registered Only,0,,0.0
CUST003779,Amol Mander,Hyderabad,2024-04-04,Y,Referral,UPI,Occasional,2,2026-06-05,1183.91
CUST003780,Tripti Dhawan,Hyderabad,2025-12-26,N,Paid Search,UPI,Regular,6,2026-05-30,6572.68
CUST003781,Dalaja Mammen,Pune,2024-03-24,N,Partner Campaign,UPI,Registered Only,0,,0.0
CUST003782,Ganga Bora,Bengaluru,2025-10-24,Y,Organic,Credit/Debit Card,Registered Only,0,,0.0
CUST003783,Utkarsh Kapoor,Hyderabad,2024-11-14,Y,Paid Search,UPI,Occasional,2,2026-06-14,3070.14
CUST003784,Gopal Bandi,Pune,2024-01-05,N,Organic,UPI,Occasional,3,2026-06-12,2259.77
CUST003785,Anmol Bobal,Bengaluru,2025-11-19,Y,Partner Campaign,UPI,Premium,12,2026-06-26,14680.8
CUST003786,Sarthak Kurian,Delhi NCR,2024-03-17,N,Partner Campaign,UPI,Occasional,2,2026-06-19,838.31
CUST003787,Gaurav Gour,Pune,2024-06-14,N,Organic,UPI,Registered Only,0,,0.0
CUST003788,Pratyush Balan,Chennai,2024-07-31,Y,Referral,Cash on Delivery,Occasional,3,2026-05-26,3650.38
CUST003789,Saumya Jayaraman,Delhi NCR,2024-03-30,Y,Paid Search,UPI,Occasional,2,2026-05-06,1544.34
CUST003790,Lopa Palla,Delhi NCR,2025-04-23,Y,Referral,Credit/Debit Card,New,1,2026-05-08,0.0
CUST003791,Ganga Bawa,Bengaluru,2024-05-05,N,Organic,Credit/Debit Card,New,1,2026-04-13,597.11
CUST003792,Anjali Sarna,Hyderabad,2024-05-24,N,Referral,UPI,Occasional,2,2026-06-02,2587.34
CUST003793,Upkaar Shankar,Pune,2026-02-18,N,Social Media,UPI,Premium,12,2026-06-12,11955.58
CUST003794,Yashoda Arya,Pune,2026-02-14,Y,Paid Search,Cash on Delivery,New,1,2026-04-29,417.94
CUST003795,Frado Maharaj,Hyderabad,2024-04-03,N,Paid Search,Wallet,New,1,2026-06-24,2252.11
CUST003796,Upkaar Saha,Chennai,2024-12-16,N,Organic,Wallet,Occasional,3,2026-06-29,6111.19
CUST003797,Darika Kanda,Hyderabad,2025-05-23,N,Organic,Credit/Debit Card,Premium,9,2026-06-16,11056.62
CUST003798,Xiti Balasubramanian,Mumbai,2025-01-09,Y,Referral,Wallet,Registered Only,0,,0.0
CUST003799,Oliver Sunder,Bengaluru,2023-07-26,Y,Social Media,Credit/Debit Card,Occasional,3,2026-05-15,5718.47
CUST003800,Dev Rastogi,Delhi NCR,2024-12-12,Y,Referral,UPI,Registered Only,0,,0.0
CUST003801,Mitali Tank,Delhi NCR,2025-09-28,N,Referral,Credit/Debit Card,Occasional,2,2026-05-20,686.37
CUST003802,Kavya Pandya,Delhi NCR,2026-02-07,Y,Paid Search,Credit/Debit Card,Occasional,3,2026-06-25,1082.44
CUST003803,Pavani Dave,Delhi NCR,2024-08-01,N,Paid Search,Credit/Debit Card,Occasional,3,2026-06-13,1974.08
CUST003804,Gayathri Lal,Chennai,2025-12-29,Y,Referral,Cash on Delivery,New,1,2026-06-20,1062.34
CUST003805,Arya Bhattacharyya,Delhi NCR,2024-02-15,Y,Social Media,UPI,New,1,2026-05-03,904.99
CUST003806,Mahika Dar,Pune,2025-05-14,N,Organic,UPI,Occasional,3,2026-06-23,3025.4
CUST003807,Rishi Kade,Bengaluru,2025-10-01,N,Organic,Cash on Delivery,Occasional,2,2026-06-25,3956.79
CUST003808,Indira Sarna,Bengaluru,2025-12-04,Y,Partner Campaign,UPI,New,1,2026-05-10,119.96
CUST003809,Xavier Pingle,Mumbai,2026-02-21,N,Social Media,UPI,New,1,2026-04-05,1305.89
CUST003810,Tripti Bava,Mumbai,2024-02-14,Y,Referral,UPI,Occasional,2,2026-06-14,1778.91
CUST003811,Faqid Arya,Pune,2025-06-27,N,Partner Campaign,Credit/Debit Card,Occasional,2,2026-05-16,2326.75
CUST003812,Raghav Loyal,Pune,2023-10-04,N,Referral,Net Banking,Occasional,2,2026-06-16,992.77
CUST003813,Suhani Jaggi,Chennai,2025-05-19,Y,Partner Campaign,UPI,Occasional,4,2026-06-08,3818.48
CUST003814,Banjeet Ramesh,Bengaluru,2023-04-18,N,Referral,UPI,New,1,2026-05-28,2540.19
CUST003815,Tamanna Palla,Delhi NCR,2024-06-22,N,Organic,Credit/Debit Card,Regular,5,2026-06-09,2460.73
CUST003816,Hema Shankar,Bengaluru,2025-11-12,Y,Paid Search,UPI,Occasional,2,2026-05-30,2493.3
CUST003817,Vyanjana Lad,Chennai,2023-10-09,Y,Paid Search,Net Banking,Occasional,4,2026-06-19,1196.34
CUST003818,Wridesh Kohli,Delhi NCR,2025-02-23,N,Organic,UPI,Premium,8,2026-06-27,10056.21
CUST003819,Janaki Konda,Bengaluru,2025-03-10,N,Referral,UPI,Registered Only,0,,0.0
CUST003820,Rajeshri Arora,Mumbai,2023-09-29,Y,Organic,UPI,Occasional,2,2026-04-11,1144.01
CUST003821,Keya Chakrabarti,Hyderabad,2023-05-18,N,Social Media,Wallet,Occasional,3,2026-05-01,1426.16
CUST003822,Gaurang Atwal,Bengaluru,2024-07-27,N,Social Media,UPI,Occasional,2,2026-06-08,1414.62
CUST003823,Leela Sarma,Delhi NCR,2025-04-09,N,Referral,UPI,New,1,2026-04-05,538.71
CUST003824,Saumya Uppal,Bengaluru,2025-06-09,N,Paid Search,UPI,New,1,2026-05-23,1273.29
CUST003825,Jonathan Bandi,Chennai,2023-05-10,N,Paid Search,Credit/Debit Card,Premium,14,2026-06-19,13753.09
CUST003826,Yahvi Dyal,Bengaluru,2025-11-30,Y,Organic,UPI,Occasional,3,2026-06-01,1392.98
CUST003827,Amol Sarkar,Hyderabad,2024-05-02,N,Paid Search,Wallet,Registered Only,0,,0.0
CUST003828,Yashoda Ghosh,Pune,2024-03-27,N,Referral,Cash on Delivery,New,1,2026-04-12,756.4
CUST003829,Ekanta Sharma,Hyderabad,2023-04-22,N,Referral,Wallet,Registered Only,0,,0.0
CUST003830,Jacob Tella,Chennai,2025-11-29,N,Organic,UPI,New,1,2026-04-09,777.92
CUST003831,Fiyaz Bhatia,Chennai,2025-03-25,N,Social Media,Wallet,Registered Only,0,,0.0
CUST003832,Daksha Rau,Pune,2024-09-26,N,Organic,UPI,New,1,2026-04-19,216.46
CUST003833,Daksha Dutt,Hyderabad,2023-10-16,Y,Social Media,UPI,New,1,2026-04-30,1726.19
CUST003834,Aarini Kapoor,Mumbai,2023-08-15,Y,Paid Search,UPI,New,1,2026-06-02,0.0
CUST003835,Thomas Issac,Bengaluru,2025-05-18,N,Social Media,UPI,New,1,2026-06-06,110.97
CUST003836,Advika Ramesh,Mumbai,2025-07-06,Y,Organic,UPI,Registered Only,0,,0.0
CUST003837,Shivansh Sabharwal,Mumbai,2024-10-28,Y,Paid Search,UPI,New,1,2026-04-06,387.05
CUST003838,Rachit Gupta,Bengaluru,2025-06-27,Y,Organic,UPI,Registered Only,0,,0.0
CUST003839,Baghyawati Dara,Hyderabad,2024-09-30,Y,Paid Search,UPI,New,1,2026-05-01,111.38
CUST003840,Meera Lal,Pune,2026-02-24,N,Paid Search,Cash on Delivery,Occasional,3,2026-06-29,1421.57
CUST003841,Kevin Shetty,Bengaluru,2024-06-15,N,Partner Campaign,Wallet,New,1,2026-06-05,1195.09
CUST003842,Luke Dani,Hyderabad,2025-02-23,N,Referral,Credit/Debit Card,Registered Only,0,,0.0
CUST003843,Arjun Nagi,Bengaluru,2023-08-24,N,Organic,Cash on Delivery,Premium,10,2026-06-14,9152.62
CUST003844,Jalsa Banerjee,Mumbai,2025-03-19,N,Social Media,Credit/Debit Card,New,1,2026-06-29,693.28
CUST003845,Harita Prabhu,Bengaluru,2024-06-04,N,Referral,UPI,Regular,8,2026-06-17,5130.79
CUST003846,Atharv Krishna,Hyderabad,2024-11-30,Y,Referral,UPI,New,1,2026-05-27,2294.43
CUST003847,Yatin Lala,Pune,2026-01-28,N,Partner Campaign,Credit/Debit Card,Occasional,4,2026-06-05,3690.62
CUST003848,Kamala Raj,Bengaluru,2024-07-28,N,Paid Search,Net Banking,New,1,2026-05-31,1855.42
CUST003849,Yashica Chadha,Pune,2024-06-05,N,Organic,UPI,Registered Only,0,,0.0
CUST003850,Jagat Anne,Chennai,2023-08-20,Y,Social Media,Cash on Delivery,Occasional,3,2026-05-30,3330.58
CUST003851,Forum Edwin,Mumbai,2023-11-02,Y,Referral,Credit/Debit Card,Occasional,2,2026-06-27,1946.63
CUST003852,Girindra Viswanathan,Delhi NCR,2023-11-14,N,Paid Search,Credit/Debit Card,Regular,7,2026-06-28,5346.77
CUST003853,Oliver Bava,Pune,2023-05-06,N,Referral,Credit/Debit Card,Premium,6,2026-05-25,8062.14
CUST003854,Janani Parekh,Hyderabad,2024-05-20,N,Organic,Cash on Delivery,Occasional,3,2026-06-09,5965.68
CUST003855,Lajita Krishnamurthy,Mumbai,2024-09-11,N,Social Media,Cash on Delivery,New,1,2026-04-20,1249.2
CUST003856,Aradhana Ramaswamy,Bengaluru,2025-04-19,N,Paid Search,UPI,Registered Only,0,,0.0
CUST003857,Chandresh Sodhi,Bengaluru,2025-03-11,Y,Paid Search,Credit/Debit Card,Registered Only,0,,0.0
CUST003858,Nathaniel Raval,Mumbai,2024-07-20,Y,Organic,UPI,Premium,17,2026-06-28,24467.56
CUST003859,Janaki Tripathi,Mumbai,2024-11-01,N,Partner Campaign,Cash on Delivery,New,1,2026-06-17,3482.1
CUST003860,Gaurang Sen,Chennai,2025-08-18,N,Partner Campaign,Credit/Debit Card,Registered Only,0,,0.0
CUST003861,Samesh Bassi,Hyderabad,2023-06-13,N,Organic,Net Banking,Registered Only,0,,0.0
CUST003862,Elijah Shenoy,Mumbai,2024-09-13,N,Organic,Credit/Debit Card,Premium,20,2026-06-27,16321.27
CUST003863,Januja Kapadia,Mumbai,2024-09-23,Y,Paid Search,Cash on Delivery,Registered Only,0,,0.0
CUST003864,Nitesh Brahmbhatt,Hyderabad,2023-08-14,N,Paid Search,Wallet,Registered Only,0,,0.0
CUST003865,Jacob Ravi,Hyderabad,2025-07-31,N,Partner Campaign,UPI,Registered Only,0,,0.0
CUST003866,Yatin Ratta,Delhi NCR,2024-12-05,Y,Partner Campaign,UPI,Occasional,2,2026-05-12,1056.4
CUST003867,Januja Shere,Bengaluru,2023-07-02,N,Referral,UPI,Occasional,4,2026-06-25,2392.84
CUST003868,Qadim Desai,Mumbai,2025-02-22,N,Paid Search,Wallet,Registered Only,0,,0.0
CUST003869,Devika Bath,Chennai,2025-01-28,N,Organic,UPI,Premium,19,2026-06-29,18134.19
CUST003870,Mohammed Shukla,Delhi NCR,2025-02-09,Y,Social Media,UPI,Occasional,2,2026-05-29,3024.79
CUST003871,Victor Atwal,Bengaluru,2026-01-12,N,Organic,UPI,New,1,2026-04-25,1588.16
CUST003872,Faraj Chhabra,Bengaluru,2023-10-28,N,Paid Search,UPI,New,1,2026-04-21,3812.48
CUST003873,Vihaan Luthra,Chennai,2025-04-17,Y,Social Media,UPI,New,1,2026-06-13,1746.23
CUST003874,Ira Malhotra,Chennai,2025-11-11,Y,Paid Search,UPI,New,1,2026-04-08,1324.98
CUST003875,Nihal Jha,Bengaluru,2024-01-07,Y,Social Media,Credit/Debit Card,Registered Only,0,,0.0
CUST003876,Reva Ramaswamy,Bengaluru,2025-09-04,N,Social Media,UPI,New,1,2026-05-29,894.99
CUST003877,Ria Warrior,Mumbai,2023-08-23,Y,Organic,Credit/Debit Card,New,1,2026-05-09,880.32
CUST003878,Edhitha Srinivas,Mumbai,2024-10-14,N,Social Media,UPI,New,1,2026-06-14,917.56
CUST003879,Aarna Seshadri,Chennai,2024-11-14,N,Social Media,Cash on Delivery,Registered Only,0,,0.0
CUST003880,Kabir Bansal,Pune,2024-11-25,Y,Paid Search,Cash on Delivery,Registered Only,0,,0.0
CUST003881,Ronith Chandran,Bengaluru,2023-10-26,Y,Organic,UPI,Premium,13,2026-06-26,10452.22
CUST003882,Rachita Bhatnagar,Delhi NCR,2024-06-18,Y,Paid Search,UPI,Regular,6,2026-06-28,6768.02
CUST003883,Neha Thaker,Bengaluru,2026-01-07,Y,Social Media,Wallet,Premium,11,2026-06-22,18943.54
CUST003884,Oeshi Sabharwal,Hyderabad,2025-05-21,Y,Organic,UPI,Registered Only,0,,0.0
CUST003885,Ishaan Shankar,Bengaluru,2024-01-22,Y,Paid Search,Credit/Debit Card,Occasional,4,2026-05-25,5966.79
CUST003886,Wazir Apte,Bengaluru,2024-05-23,N,Paid Search,Wallet,New,1,2026-05-04,1734.2
CUST003887,Vansha Hayer,Pune,2023-11-14,N,Referral,Credit/Debit Card,Registered Only,0,,0.0
CUST003888,Nirja Singhal,Bengaluru,2024-12-13,Y,Paid Search,Wallet,Occasional,4,2026-06-28,1448.71
CUST003889,Indira Bath,Hyderabad,2023-08-07,Y,Partner Campaign,UPI,Occasional,2,2026-05-10,1582.22
CUST003890,Banjeet Gopal,Chennai,2024-11-26,N,Social Media,Credit/Debit Card,Premium,25,2026-06-29,33408.71
CUST003891,Hiral Muni,Pune,2024-04-01,Y,Paid Search,Credit/Debit Card,Regular,9,2026-06-27,6658.62
CUST003892,Aarav Gara,Hyderabad,2025-03-10,Y,Paid Search,Net Banking,Premium,10,2026-06-09,11321.67
CUST003893,Damyanti Naik,Hyderabad,2024-08-03,N,Organic,Cash on Delivery,Registered Only,0,,0.0
CUST003894,Wishi Kaur,Bengaluru,2024-12-29,N,Organic,UPI,New,1,2026-05-22,272.02
CUST003895,Joshua Chopra,Hyderabad,2024-06-07,N,Organic,Net Banking,Occasional,3,2026-06-05,2902.23
CUST003896,Hitesh Loke,Delhi NCR,2023-05-25,Y,Organic,UPI,Regular,5,2026-06-16,7375.47
CUST003897,Indali Master,Delhi NCR,2025-03-19,Y,Organic,Cash on Delivery,Registered Only,0,,0.0
CUST003898,Krishna Soni,Bengaluru,2025-04-15,Y,Partner Campaign,UPI,Occasional,3,2026-06-28,4647.06
CUST003899,Agastya Kata,Bengaluru,2025-02-17,N,Organic,Credit/Debit Card,Registered Only,0,,0.0
CUST003900,Gunbir Banik,Bengaluru,2024-03-11,N,Referral,Cash on Delivery,Regular,5,2026-06-29,5730.38
CUST003901,Hredhaan Raghavan,Mumbai,2023-09-19,Y,Referral,UPI,Registered Only,0,,0.0
CUST003902,Zinal Bora,Mumbai,2023-06-24,N,Partner Campaign,UPI,Regular,8,2026-06-04,6574.93
CUST003903,Arunima Pandya,Mumbai,2024-01-01,N,Paid Search,Wallet,Registered Only,0,,0.0
CUST003904,Ucchal Johal,Pune,2025-01-22,N,Organic,UPI,Registered Only,0,,0.0
CUST003905,Chaitaly Chada,Mumbai,2023-07-22,N,Referral,Credit/Debit Card,Occasional,3,2026-06-07,2703.99
CUST003906,Wyatt Keer,Bengaluru,2024-02-03,N,Paid Search,UPI,New,1,2026-06-04,204.93
CUST003907,Baghyawati Balay,Bengaluru,2026-02-18,Y,Organic,UPI,Occasional,2,2026-04-28,2409.67
CUST003908,Triya Rattan,Bengaluru,2024-06-23,N,Paid Search,UPI,New,1,2026-05-10,2524.91
CUST003909,Ethan Kadakia,Hyderabad,2025-06-10,Y,Organic,UPI,Premium,18,2026-06-25,20453.29
CUST003910,Yadavi Prabhakar,Chennai,2025-07-01,N,Organic,UPI,Regular,7,2026-06-06,6246.36
CUST003911,Charvi Kant,Chennai,2026-01-04,N,Paid Search,Net Banking,Registered Only,0,,0.0
CUST003912,Kala Wali,Bengaluru,2024-03-21,N,Social Media,Credit/Debit Card,Registered Only,0,,0.0
CUST003913,Amara Sathe,Hyderabad,2025-09-11,N,Organic,UPI,Occasional,2,2026-04-13,2689.68
CUST003914,Qasim Chadha,Hyderabad,2023-05-09,N,Partner Campaign,UPI,Occasional,2,2026-05-13,1138.46
CUST003915,Matthew Nayak,Delhi NCR,2024-12-22,Y,Referral,UPI,Occasional,2,2026-05-10,1010.4
CUST003916,Harshil Saha,Bengaluru,2023-11-29,N,Referral,UPI,Premium,8,2026-06-13,11637.07
CUST003917,Madhav Bhagat,Bengaluru,2024-02-10,N,Referral,UPI,Registered Only,0,,0.0
CUST003918,Abdul Wagle,Bengaluru,2025-06-14,Y,Paid Search,Credit/Debit Card,New,1,2026-06-11,127.98
CUST003919,Urishilla Sachdeva,Hyderabad,2025-02-24,Y,Referral,UPI,Occasional,2,2026-05-31,1452.76
CUST003920,Darpan De,Delhi NCR,2024-04-01,N,Partner Campaign,UPI,New,1,2026-05-16,1053.07
CUST003921,Sanaya Mann,Bengaluru,2026-03-06,N,Referral,Cash on Delivery,Occasional,2,2026-04-22,3866.49
CUST003922,Ucchal Sethi,Hyderabad,2023-11-02,Y,Referral,Cash on Delivery,Occasional,2,2026-04-24,1743.64
CUST003923,Ganga Merchant,Bengaluru,2026-01-10,N,Referral,UPI,Registered Only,0,,0.0
CUST003924,Farhan Sen,Mumbai,2024-08-15,Y,Paid Search,UPI,Occasional,2,2026-04-20,1452.97
CUST003925,Ridhi Keer,Bengaluru,2023-05-30,Y,Paid Search,Wallet,Regular,8,2026-06-17,5342.95
CUST003926,Oviya Sha,Mumbai,2023-08-24,Y,Social Media,Net Banking,New,1,2026-06-17,185.19
CUST003927,Irya Prabhakar,Hyderabad,2024-04-26,N,Organic,Cash on Delivery,Occasional,4,2026-06-14,7900.86
CUST003928,Xalak Pandey,Mumbai,2025-09-24,Y,Paid Search,Net Banking,Registered Only,0,,0.0
CUST003929,Rajeshri Sandhu,Chennai,2023-11-10,N,Partner Campaign,Credit/Debit Card,New,1,2026-05-05,1218.81
CUST003930,Jairaj Kibe,Bengaluru,2023-06-19,N,Paid Search,Cash on Delivery,Occasional,4,2026-06-28,6267.91
CUST003931,Aishani Arya,Mumbai,2024-11-03,N,Referral,Wallet,Premium,10,2026-06-24,7209.96
CUST003932,Daksha Gill,Mumbai,2025-10-19,N,Paid Search,Wallet,New,1,2026-05-14,822.91
CUST003933,Qushi Sekhon,Hyderabad,2023-04-23,Y,Organic,Wallet,Regular,9,2026-06-10,6912.27
CUST003934,Laban Loke,Delhi NCR,2023-07-09,N,Social Media,UPI,Occasional,4,2026-06-14,6064.07
CUST003935,Devika Krishnamurthy,Bengaluru,2025-11-27,N,Social Media,UPI,Occasional,4,2026-06-27,4789.1
CUST003936,Ayushman Buch,Chennai,2025-10-26,N,Referral,Cash on Delivery,Registered Only,0,,0.0
CUST003937,Xiti Garde,Hyderabad,2026-01-29,N,Paid Search,Net Banking,Occasional,2,2026-05-11,893.87
CUST003938,Sudiksha Lad,Delhi NCR,2025-07-02,Y,Paid Search,Credit/Debit Card,New,1,2026-04-05,281.62
CUST003939,Luke Murthy,Delhi NCR,2026-02-11,N,Organic,Credit/Debit Card,Registered Only,0,,0.0
CUST003940,Hamsini Wadhwa,Bengaluru,2024-07-11,N,Social Media,Credit/Debit Card,Regular,7,2026-06-19,6525.16
CUST003941,Lakshit Chaudry,Delhi NCR,2023-09-30,N,Partner Campaign,UPI,Occasional,2,2026-06-19,4357.2
CUST003942,Oscar Dutt,Chennai,2023-07-01,Y,Paid Search,UPI,Occasional,2,2026-06-02,3419.4
CUST003943,Gaurang Garde,Delhi NCR,2023-11-28,N,Social Media,UPI,New,1,2026-04-28,4090.06
CUST003944,Vyanjana Malhotra,Bengaluru,2023-09-25,N,Referral,UPI,Regular,7,2026-06-25,5754.05
CUST003945,Siddharth Ahluwalia,Delhi NCR,2023-07-13,N,Referral,UPI,New,1,2026-05-01,0.0
CUST003946,Sudiksha Mahal,Hyderabad,2025-10-23,N,Social Media,UPI,New,1,2026-06-28,960.49
CUST003947,Aadi Seth,Mumbai,2025-04-05,N,Social Media,UPI,Registered Only,0,,0.0
CUST003948,Elijah Parekh,Bengaluru,2023-09-23,N,Organic,UPI,New,1,2026-06-28,412.48
CUST003949,Ayaan Arya,Delhi NCR,2024-09-28,N,Social Media,Cash on Delivery,Registered Only,0,,0.0
CUST003950,Xiti Mammen,Delhi NCR,2025-01-21,N,Social Media,UPI,Regular,6,2026-06-07,5509.71
CUST003951,Bina Pal,Mumbai,2025-11-09,Y,Paid Search,UPI,New,1,2026-04-30,793.24
CUST003952,Eta Zacharia,Delhi NCR,2023-10-03,N,Organic,Net Banking,New,1,2026-04-20,476.3
CUST003953,Wriddhish Master,Bengaluru,2023-11-25,Y,Organic,Credit/Debit Card,Occasional,2,2026-04-21,1852.61
CUST003954,Warinder Kashyap,Chennai,2024-03-12,Y,Social Media,Credit/Debit Card,Occasional,2,2026-04-22,717.85
CUST003955,Hredhaan Ramachandran,Chennai,2025-09-02,N,Referral,Credit/Debit Card,Regular,7,2026-06-18,6105.82
CUST003956,Chaman Loyal,Chennai,2024-12-08,Y,Referral,UPI,Occasional,4,2026-05-21,2526.28
CUST003957,Osha Gour,Chennai,2024-08-26,N,Organic,UPI,Registered Only,0,,0.0
CUST003958,Yutika Nagi,Delhi NCR,2023-08-26,N,Social Media,UPI,Regular,9,2026-06-13,7377.67
CUST003959,Kashish Lad,Delhi NCR,2024-07-27,N,Referral,Cash on Delivery,Registered Only,0,,0.0
CUST003960,Michael Sheth,Chennai,2025-08-28,Y,Paid Search,Wallet,Occasional,3,2026-06-15,5685.63
CUST003961,Banjeet Rout,Mumbai,2024-09-21,N,Paid Search,UPI,Premium,18,2026-06-25,12541.38
CUST003962,Noah Kumar,Bengaluru,2023-09-21,N,Referral,UPI,Occasional,3,2026-06-15,1592.34
CUST003963,Patrick Tailor,Delhi NCR,2026-01-05,Y,Referral,Credit/Debit Card,Regular,5,2026-06-13,4894.35
CUST003964,Rachita Ahluwalia,Mumbai,2024-05-29,N,Organic,Credit/Debit Card,Occasional,4,2026-05-29,2926.98
CUST003965,Oscar Sinha,Mumbai,2025-08-22,Y,Social Media,UPI,Premium,43,2026-06-28,46019.3
CUST003966,Chavvi Tella,Mumbai,2023-04-01,Y,Social Media,Net Banking,Occasional,2,2026-05-11,1812.49
CUST003967,Anthony Lad,Delhi NCR,2024-10-31,N,Paid Search,UPI,Premium,16,2026-06-27,15691.06
CUST003968,Jhalak Chauhan,Bengaluru,2025-02-08,Y,Paid Search,Credit/Debit Card,Registered Only,0,,0.0
CUST003969,Dominic Brahmbhatt,Mumbai,2025-09-01,Y,Partner Campaign,Net Banking,Premium,20,2026-06-27,30984.33
CUST003970,Robert Munshi,Mumbai,2025-08-05,Y,Organic,Net Banking,New,1,2026-05-22,15.0
CUST003971,Hemang Chaudhry,Chennai,2024-08-11,N,Organic,UPI,Registered Only,0,,0.0
CUST003972,Yash Balay,Chennai,2023-11-22,N,Paid Search,UPI,Occasional,2,2026-06-22,512.9
CUST003973,Ansh Chauhan,Bengaluru,2024-07-14,N,Organic,Wallet,Occasional,2,2026-05-25,1422.9
CUST003974,Arunima Thaker,Bengaluru,2025-09-13,N,Organic,UPI,New,1,2026-06-05,2776.81
CUST003975,Oliver Vig,Bengaluru,2025-09-12,Y,Organic,UPI,New,1,2026-04-23,649.1
CUST003976,Sarthak Rau,Pune,2025-02-14,N,Organic,UPI,Registered Only,0,,0.0
CUST003977,Abeer Bhargava,Pune,2024-08-28,N,Paid Search,Credit/Debit Card,New,1,2026-04-22,354.31
CUST003978,Indali Patel,Delhi NCR,2025-09-07,N,Social Media,Wallet,Registered Only,0,,0.0
CUST003979,Pavani Gade,Delhi NCR,2023-10-14,N,Referral,Net Banking,Premium,16,2026-06-24,15914.28
CUST003980,Deepa Tank,Bengaluru,2024-05-20,N,Organic,Wallet,Occasional,2,2026-06-29,4034.76
CUST003981,Inaya Chacko,Mumbai,2026-02-05,N,Organic,Credit/Debit Card,Registered Only,0,,0.0
CUST003982,Samaksh Mukherjee,Mumbai,2024-03-06,Y,Paid Search,Credit/Debit Card,Occasional,4,2026-05-03,3098.68
CUST003983,Hemangini Brahmbhatt,Bengaluru,2024-04-22,Y,Organic,Net Banking,Premium,12,2026-06-24,9090.33
CUST003984,Gaurav Ganesh,Bengaluru,2023-12-13,N,Partner Campaign,Cash on Delivery,New,1,2026-05-17,1086.3
CUST003985,Aradhana Bawa,Hyderabad,2025-03-19,N,Referral,UPI,Regular,7,2026-06-16,6549.01
CUST003986,Jai Karpe,Delhi NCR,2025-11-26,Y,Referral,Wallet,Registered Only,0,,0.0
CUST003987,Pahal Singh,Mumbai,2024-03-17,N,Referral,UPI,Registered Only,0,,0.0
CUST003988,Thomas Pradhan,Mumbai,2024-10-26,N,Social Media,Wallet,Occasional,3,2026-04-25,3619.02
CUST003989,Ekalinga Deshmukh,Chennai,2023-10-03,N,Social Media,UPI,Occasional,3,2026-06-17,1933.82
CUST003990,Lakshit Varty,Hyderabad,2024-01-06,N,Partner Campaign,Wallet,Registered Only,0,,0.0
CUST003991,Mohammed Keer,Bengaluru,2024-03-12,N,Organic,Credit/Debit Card,Occasional,3,2026-06-07,3930.35
CUST003992,Omkaar Dhar,Bengaluru,2026-01-19,N,Organic,UPI,Registered Only,0,,0.0
CUST003993,Suhani Sahota,Mumbai,2024-07-03,N,Organic,Wallet,Occasional,2,2026-06-11,4676.0
CUST003994,Yuvraj Golla,Chennai,2024-12-28,N,Paid Search,UPI,Occasional,4,2026-06-25,5276.41
CUST003995,Edhitha Tandon,Hyderabad,2023-07-12,N,Social Media,UPI,Occasional,2,2026-05-23,5264.16
CUST003996,Amara Kade,Delhi NCR,2024-07-22,Y,Referral,UPI,New,1,2026-05-25,517.61
CUST003997,Anjali Misra,Mumbai,2025-06-05,N,Organic,Credit/Debit Card,New,1,2026-04-13,2755.23
CUST003998,Nitesh Chad,Mumbai,2025-11-02,N,Paid Search,UPI,Occasional,3,2026-05-14,6334.9
CUST003999,Naksh Warrior,Hyderabad,2023-09-12,N,Organic,UPI,New,1,2026-04-20,48.74
CUST004000,Ekansh Subramanian,Mumbai,2024-11-28,N,Social Media,UPI,Registered Only,0,,0.0
CUST004001,Xavier Mittal,Bengaluru,2023-05-13,Y,Referral,UPI,Occasional,4,2026-06-27,4033.36
CUST004002,Aadi Munshi,Bengaluru,2024-10-12,N,Partner Campaign,Cash on Delivery,New,1,2026-04-10,161.72
CUST004003,Utkarsh Ganesan,Chennai,2025-04-09,N,Referral,UPI,Occasional,2,2026-05-24,314.85
CUST004004,Oscar Dhar,Bengaluru,2024-03-09,N,Organic,Credit/Debit Card,New,1,2026-04-07,771.76
CUST004005,Faqid Sheth,Hyderabad,2024-04-11,N,Organic,UPI,Occasional,2,2026-06-18,123.57
CUST004006,Yatan Bhargava,Chennai,2024-03-19,N,Referral,Net Banking,Occasional,4,2026-05-01,4498.49
CUST004007,Raksha Ranganathan,Delhi NCR,2023-08-12,N,Organic,UPI,Registered Only,0,,0.0
CUST004008,Wakeeta Krishna,Bengaluru,2023-12-07,Y,Partner Campaign,Credit/Debit Card,Occasional,2,2026-06-17,881.39
CUST004009,Harish Raval,Delhi NCR,2024-12-08,Y,Paid Search,Cash on Delivery,Occasional,3,2026-05-16,3514.06
CUST004010,Upma Badal,Pune,2025-04-04,Y,Paid Search,Wallet,New,1,2026-04-10,334.88
CUST004011,Zansi Patla,Bengaluru,2025-01-22,N,Paid Search,Net Banking,New,1,2026-06-10,393.26
CUST004012,Harshil Agrawal,Pune,2023-03-30,Y,Paid Search,Credit/Debit Card,Premium,9,2026-06-26,20013.48
CUST004013,Ekalinga Reddy,Hyderabad,2025-11-17,N,Social Media,Cash on Delivery,Registered Only,0,,0.0
CUST004014,Dalaja Kari,Hyderabad,2024-12-04,N,Partner Campaign,UPI,Registered Only,0,,0.0
CUST004015,Jackson Bora,Bengaluru,2024-05-19,Y,Organic,Net Banking,Occasional,2,2026-06-23,1543.45
CUST004016,Tanvi Dora,Bengaluru,2025-10-29,N,Organic,UPI,Premium,24,2026-06-27,28659.6
CUST004017,Ansh Dube,Chennai,2023-04-22,Y,Paid Search,UPI,Regular,5,2026-05-23,7087.17
CUST004018,Gagan Parmar,Mumbai,2024-09-02,N,Social Media,Cash on Delivery,Regular,7,2026-06-10,6477.12
CUST004019,Aradhana Sethi,Delhi NCR,2023-11-03,N,Paid Search,Wallet,Registered Only,0,,0.0
CUST004020,Anmol Merchant,Bengaluru,2023-10-14,N,Referral,Credit/Debit Card,Occasional,2,2026-04-16,496.93
CUST004021,Aarini Sachdeva,Bengaluru,2023-12-26,N,Paid Search,UPI,Registered Only,0,,0.0
CUST004022,Wazir Varkey,Chennai,2026-03-17,N,Organic,UPI,New,1,2026-06-03,367.0
CUST004023,Wazir Parmer,Hyderabad,2023-08-31,N,Paid Search,Credit/Debit Card,New,1,2026-06-20,1277.43
CUST004024,Naksh Walia,Hyderabad,2023-07-15,N,Social Media,UPI,Occasional,4,2026-06-29,7492.17
CUST004025,Pratyush Sankaran,Hyderabad,2024-05-07,N,Organic,Credit/Debit Card,Occasional,3,2026-06-27,5114.63
CUST004026,Triveni Dua,Delhi NCR,2025-07-15,N,Organic,Cash on Delivery,Registered Only,0,,0.0
CUST004027,Azad D’Alia,Bengaluru,2024-05-15,N,Paid Search,Cash on Delivery,Occasional,2,2026-05-26,2299.72
CUST004028,Radhika Hayer,Bengaluru,2025-05-22,N,Paid Search,UPI,New,1,2026-06-15,276.18
CUST004029,Ekapad Mall,Bengaluru,2024-04-15,N,Partner Campaign,Net Banking,Registered Only,0,,0.0
CUST004030,Faraj D’Alia,Bengaluru,2025-04-26,Y,Organic,UPI,Regular,7,2026-06-10,5290.62
CUST004031,Neelima Naik,Pune,2025-10-11,N,Referral,UPI,Occasional,2,2026-06-14,3208.85
CUST004032,Qarin Chadha,Bengaluru,2024-07-24,N,Organic,Wallet,Occasional,4,2026-05-27,3275.11
CUST004033,Warinder Barman,Bengaluru,2024-11-20,N,Organic,UPI,Registered Only,0,,0.0
CUST004034,Nathaniel Raj,Mumbai,2023-09-26,Y,Referral,Wallet,Occasional,2,2026-05-16,1165.58
CUST004035,Aishani Dara,Bengaluru,2025-09-13,N,Social Media,UPI,Registered Only,0,,0.0
CUST004036,Yachana Edwin,Hyderabad,2026-02-25,Y,Paid Search,Credit/Debit Card,Occasional,2,2026-05-01,1313.4
CUST004037,Devansh Sandal,Bengaluru,2023-05-07,N,Referral,UPI,New,1,2026-04-25,0.0
CUST004038,Adya Behl,Chennai,2024-02-12,N,Paid Search,Wallet,Occasional,4,2026-06-18,6243.05
CUST004039,Isha Subramaniam,Bengaluru,2023-08-24,Y,Organic,UPI,Regular,6,2026-06-14,7995.32
CUST004040,Kashvi Mital,Hyderabad,2023-06-28,N,Organic,Wallet,Occasional,2,2026-06-05,2245.98
CUST004041,Advay Kamdar,Bengaluru,2024-01-13,N,Paid Search,Net Banking,Occasional,4,2026-06-17,4022.17
CUST004042,Urvashi Bora,Hyderabad,2025-10-25,N,Paid Search,UPI,Regular,8,2026-06-05,5035.37
CUST004043,Wahab Kari,Delhi NCR,2025-12-11,N,Organic,Cash on Delivery,Registered Only,0,,0.0
CUST004044,Jhalak Wali,Hyderabad,2024-10-01,N,Social Media,Net Banking,Registered Only,0,,0.0
CUST004045,Jagat Palla,Delhi NCR,2023-07-03,N,Organic,Credit/Debit Card,Occasional,2,2026-06-23,4769.49
CUST004046,Megha Dada,Mumbai,2024-07-13,N,Social Media,UPI,Occasional,3,2026-06-28,3008.07
CUST004047,Fitan Muni,Mumbai,2023-04-03,N,Referral,Cash on Delivery,Registered Only,0,,0.0
CUST004048,Udyati Lata,Mumbai,2025-09-15,N,Paid Search,UPI,Registered Only,0,,0.0
CUST004049,Peter Das,Chennai,2024-08-14,Y,Partner Campaign,UPI,Occasional,3,2026-06-07,1922.89
CUST004050,Anjali Murty,Mumbai,2023-07-04,N,Paid Search,UPI,Registered Only,0,,0.0
CUST004051,Samaksh Dash,Chennai,2025-05-19,N,Paid Search,Credit/Debit Card,Registered Only,0,,0.0
CUST004052,Ekani Venkatesh,Bengaluru,2023-07-27,N,Organic,Net Banking,New,1,2026-05-30,269.74
CUST004053,Utkarsh Badami,Hyderabad,2026-02-28,N,Social Media,UPI,Registered Only,0,,0.0
CUST004054,Falak Kala,Bengaluru,2023-06-11,N,Paid Search,UPI,New,1,2026-05-29,97.97
CUST004055,Raagini Bath,Delhi NCR,2023-05-18,N,Partner Campaign,UPI,Occasional,2,2026-06-08,1569.95
CUST004056,Mohammed Sachdev,Delhi NCR,2025-12-10,N,Paid Search,Credit/Debit Card,Occasional,2,2026-06-29,3853.34
CUST004057,Zehaan Hans,Bengaluru,2025-10-18,N,Social Media,UPI,Premium,20,2026-06-28,29928.97
CUST004058,Isha Dave,Pune,2025-05-12,N,Organic,UPI,Regular,6,2026-06-18,6679.3
CUST004059,Sanya Kara,Bengaluru,2025-08-13,N,Paid Search,UPI,New,1,2026-04-25,79.92
CUST004060,Anay Baral,Bengaluru,2025-05-30,Y,Paid Search,Credit/Debit Card,Registered Only,0,,0.0
CUST004061,Lekha Sarkar,Pune,2024-06-27,N,Referral,UPI,Registered Only,0,,0.0
CUST004062,Harini Panchal,Mumbai,2025-07-04,N,Paid Search,UPI,New,1,2026-06-29,531.93
CUST004063,Balvan Kanda,Chennai,2026-03-18,N,Social Media,UPI,New,1,2026-05-18,363.74
CUST004064,Anmol Raj,Pune,2024-09-24,N,Paid Search,UPI,Regular,7,2026-06-20,6780.28
CUST004065,Girik Ramesh,Hyderabad,2023-05-19,N,Partner Campaign,UPI,New,1,2026-04-06,0.0
CUST004066,Shivansh Gara,Bengaluru,2025-11-19,Y,Partner Campaign,Cash on Delivery,Occasional,3,2026-06-16,5349.03
CUST004067,Siya Arora,Bengaluru,2025-07-05,N,Referral,Net Banking,New,1,2026-05-07,1755.02
CUST004068,Pahal Uppal,Hyderabad,2023-10-01,N,Social Media,UPI,Regular,7,2026-06-28,6047.89
CUST004069,Agastya Chakraborty,Hyderabad,2025-05-21,N,Organic,Wallet,New,1,2026-06-16,2821.92
CUST004070,Yasti Goyal,Hyderabad,2023-08-28,Y,Organic,UPI,Occasional,3,2026-06-25,3501.16
CUST004071,Fitan Sarraf,Mumbai,2024-05-03,Y,Paid Search,UPI,Registered Only,0,,0.0
CUST004072,George Dhar,Bengaluru,2026-03-11,N,Referral,UPI,Registered Only,0,,0.0
CUST004073,Quincy Prabhu,Delhi NCR,2025-10-12,N,Paid Search,UPI,Registered Only,0,,0.0
CUST004074,Ekiya Chanda,Mumbai,2023-08-07,N,Organic,UPI,Registered Only,0,,0.0
CUST004075,Anita Chana,Hyderabad,2023-11-06,N,Organic,Credit/Debit Card,Occasional,2,2026-06-07,866.63
CUST004076,Ojas Bahri,Pune,2026-02-20,Y,Referral,UPI,New,1,2026-06-09,3266.91
CUST004077,Yashica Verma,Bengaluru,2025-03-11,Y,Social Media,UPI,Registered Only,0,,0.0
CUST004078,Aahana Mand,Chennai,2025-04-30,N,Organic,Cash on Delivery,Occasional,3,2026-05-10,2515.11
CUST004079,Thomas Korpal,Delhi NCR,2023-09-15,N,Organic,Credit/Debit Card,Occasional,4,2026-06-25,3827.49
CUST004080,Ishwar Krishna,Chennai,2024-03-25,N,Paid Search,Credit/Debit Card,Registered Only,0,,0.0
CUST004081,Urishilla Rajan,Bengaluru,2025-08-10,Y,Referral,UPI,Registered Only,0,,0.0
CUST004082,Girindra Toor,Bengaluru,2024-09-29,N,Organic,UPI,Regular,5,2026-06-23,5438.29
CUST004083,Divya Vasa,Delhi NCR,2023-06-22,Y,Organic,UPI,New,1,2026-04-18,611.42
CUST004084,Samarth Dara,Bengaluru,2024-11-06,N,Social Media,Credit/Debit Card,Occasional,3,2026-06-13,464.91
CUST004085,Nandini Khosla,Hyderabad,2025-04-29,N,Organic,UPI,Occasional,2,2026-05-02,2046.2
CUST004086,Hritik Gaba,Pune,2025-04-17,N,Partner Campaign,Cash on Delivery,Occasional,2,2026-05-06,4252.05
CUST004087,Parth Agrawal,Hyderabad,2023-12-20,N,Paid Search,Cash on Delivery,New,1,2026-06-10,652.38
CUST004088,Hredhaan Chad,Bengaluru,2024-07-20,N,Organic,UPI,Registered Only,0,,0.0
CUST004089,Jhalak Deep,Mumbai,2023-05-13,N,Referral,Credit/Debit Card,Occasional,3,2026-06-01,1236.5
CUST004090,Rehaan Gulati,Bengaluru,2025-02-13,N,Paid Search,Cash on Delivery,Registered Only,0,,0.0
CUST004091,Riya Cheema,Delhi NCR,2023-09-28,N,Social Media,Credit/Debit Card,New,1,2026-06-12,562.52
CUST004092,Gaurangi Kara,Delhi NCR,2024-01-29,N,Partner Campaign,UPI,New,1,2026-06-27,160.79
CUST004093,Anirudh Sarna,Delhi NCR,2024-06-29,N,Referral,UPI,Premium,24,2026-06-24,24908.88
CUST004094,Saksham Krish,Bengaluru,2024-03-10,N,Referral,Wallet,Registered Only,0,,0.0
CUST004095,Balhaar Hari,Mumbai,2023-08-22,N,Partner Campaign,Net Banking,Registered Only,0,,0.0
CUST004096,Om Manne,Mumbai,2025-09-13,N,Paid Search,Cash on Delivery,New,1,2026-04-13,384.25
CUST004097,Chakrika Bir,Hyderabad,2023-09-16,N,Social Media,UPI,Regular,6,2026-06-24,3568.83
CUST004098,Adweta Raj,Mumbai,2023-11-13,Y,Paid Search,Cash on Delivery,Occasional,2,2026-05-16,882.43
CUST004099,Samaksh Ben,Delhi NCR,2024-06-18,Y,Organic,Wallet,New,1,2026-04-08,4510.77
CUST004100,Chakradhar Oza,Hyderabad,2025-08-17,N,Referral,Credit/Debit Card,Occasional,3,2026-06-06,2023.53
CUST004101,Krish Babu,Pune,2025-05-27,N,Social Media,UPI,Regular,6,2026-06-22,7716.56
CUST004102,Aahana Sunder,Mumbai,2025-05-30,N,Referral,UPI,Occasional,3,2026-06-09,4340.74
CUST004103,Yoshita Merchant,Mumbai,2024-04-11,N,Partner Campaign,UPI,Occasional,2,2026-05-27,7096.11
CUST004104,Mohini Lad,Chennai,2024-07-04,N,Social Media,UPI,Regular,5,2026-06-28,3991.03
CUST004105,Yochana Mandal,Bengaluru,2023-07-11,N,Referral,UPI,New,1,2026-05-02,530.9
CUST004106,Caleb Mital,Bengaluru,2024-04-13,Y,Organic,Cash on Delivery,New,1,2026-06-01,790.59
CUST004107,Ekantika Ghosh,Bengaluru,2026-03-27,N,Organic,UPI,Premium,10,2026-06-24,5919.83
CUST004108,Parth Mann,Chennai,2025-03-31,N,Paid Search,Wallet,Registered Only,0,,0.0
CUST004109,Jackson Kota,Chennai,2025-09-14,N,Social Media,UPI,Occasional,4,2026-06-21,2969.76
CUST004110,Aradhana Pingle,Mumbai,2026-03-03,N,Organic,Cash on Delivery,Occasional,3,2026-05-05,3476.77
CUST004111,Urvashi Subramaniam,Mumbai,2025-10-04,Y,Referral,Credit/Debit Card,New,1,2026-05-26,116.89
CUST004112,Christopher Goyal,Bengaluru,2025-12-25,N,Partner Campaign,UPI,New,1,2026-05-04,697.33
CUST004113,Neel Raja,Mumbai,2025-12-07,Y,Social Media,UPI,Occasional,3,2026-04-28,1734.07
CUST004114,Advay Sastry,Mumbai,2025-05-21,N,Social Media,Credit/Debit Card,Registered Only,0,,0.0
CUST004115,Ganga Nath,Hyderabad,2024-05-06,Y,Social Media,Wallet,Registered Only,0,,0.0
CUST004116,Balveer Bir,Bengaluru,2023-10-05,N,Paid Search,Credit/Debit Card,Registered Only,0,,0.0
CUST004117,Tripti Behl,Mumbai,2023-07-23,Y,Organic,UPI,Occasional,2,2026-06-04,2310.79
CUST004118,Keya Sagar,Mumbai,2024-07-13,N,Organic,Wallet,New,1,2026-04-11,275.27
CUST004119,Girindra Chana,Delhi NCR,2025-04-24,N,Social Media,Wallet,Registered Only,0,,0.0
CUST004120,Aditya Puri,Pune,2024-08-06,Y,Organic,UPI,Regular,7,2026-06-13,5607.89
CUST004121,Priya Dixit,Mumbai,2025-06-23,Y,Organic,Net Banking,Occasional,3,2026-05-19,3757.76
CUST004122,Saumya Sarin,Bengaluru,2024-01-30,N,Paid Search,UPI,New,1,2026-06-16,482.6
CUST004123,Jonathan Pillay,Hyderabad,2024-01-08,N,Organic,Wallet,Registered Only,0,,0.0
CUST004124,Kamya Natarajan,Pune,2024-09-04,N,Social Media,Credit/Debit Card,Occasional,2,2026-06-22,1958.16
CUST004125,Advaith Sarin,Hyderabad,2025-06-07,N,Organic,Net Banking,Registered Only,0,,0.0
CUST004126,Dakshesh Sunder,Pune,2026-01-15,N,Organic,UPI,New,1,2026-05-22,468.95
CUST004127,Jeet Zachariah,Pune,2023-10-06,N,Social Media,Credit/Debit Card,Occasional,3,2026-06-23,2948.67
CUST004128,Joshua Wagle,Bengaluru,2025-10-25,N,Partner Campaign,Wallet,Occasional,2,2026-05-25,4698.51
CUST004129,Azaan Sachar,Bengaluru,2024-06-07,N,Social Media,Credit/Debit Card,New,1,2026-05-03,1208.59
CUST004130,Lipika Shan,Chennai,2023-05-18,Y,Paid Search,UPI,Registered Only,0,,0.0
CUST004131,Zaitra Agarwal,Mumbai,2026-01-01,N,Partner Campaign,Wallet,Premium,5,2026-05-20,8566.28
CUST004132,Isaiah Kar,Pune,2025-07-16,N,Referral,Credit/Debit Card,Registered Only,0,,0.0
CUST004133,Damini Jayaraman,Hyderabad,2024-06-26,N,Social Media,Cash on Delivery,Occasional,3,2026-05-21,1519.24
CUST004134,Urishilla Warrior,Bengaluru,2023-05-16,N,Referral,UPI,Occasional,2,2026-05-21,1084.49
CUST004135,Widisha Brahmbhatt,Hyderabad,2025-04-18,N,Referral,UPI,Registered Only,0,,0.0
CUST004136,Vedika Kalla,Bengaluru,2025-02-18,N,Partner Campaign,UPI,Regular,7,2026-06-25,5628.28
CUST004137,Dayita Mallick,Mumbai,2024-01-15,N,Paid Search,Credit/Debit Card,Registered Only,0,,0.0
CUST004138,Divya Peri,Bengaluru,2024-10-28,N,Organic,UPI,Occasional,3,2026-06-29,5309.33
CUST004139,Vyanjana Srinivasan,Bengaluru,2023-09-30,Y,Organic,UPI,New,1,2026-05-04,1172.86
CUST004140,Ekavir Chacko,Delhi NCR,2025-09-12,N,Social Media,UPI,Premium,12,2026-06-23,7804.68
CUST004141,Pooja Joshi,Bengaluru,2024-07-21,N,Referral,UPI,New,1,2026-06-06,1780.76
CUST004142,Nikita Varty,Chennai,2026-03-29,N,Referral,UPI,Regular,8,2026-06-21,6851.83
CUST004143,Mohini Ramakrishnan,Bengaluru,2024-02-14,N,Organic,Credit/Debit Card,Registered Only,0,,0.0
CUST004144,Warda Aggarwal,Bengaluru,2024-12-31,N,Organic,UPI,Regular,5,2026-06-20,6300.56
CUST004145,Falan Kadakia,Pune,2024-10-15,N,Organic,Wallet,Occasional,4,2026-04-27,7675.71
CUST004146,Tripti Sodhi,Delhi NCR,2025-02-01,N,Partner Campaign,Cash on Delivery,Occasional,2,2026-05-20,648.35
CUST004147,Raksha Bhargava,Bengaluru,2024-06-19,N,Referral,Credit/Debit Card,Regular,5,2026-06-04,4456.38
CUST004148,Chanakya Pandey,Chennai,2024-04-27,N,Organic,Cash on Delivery,Registered Only,0,,0.0
CUST004149,Harish Sathe,Hyderabad,2024-01-03,N,Paid Search,Credit/Debit Card,Premium,9,2026-06-17,9539.89
CUST004150,Aadhya Parikh,Mumbai,2026-02-27,Y,Organic,UPI,Occasional,4,2026-06-22,5616.24
CUST004151,Ronith Tripathi,Chennai,2025-10-11,Y,Partner Campaign,Net Banking,New,1,2026-05-08,1241.78
CUST004152,Gauri Sethi,Mumbai,2023-05-23,N,Organic,UPI,Registered Only,0,,0.0
CUST004153,Guneet Kaur,Pune,2025-05-07,N,Partner Campaign,UPI,Premium,13,2026-06-23,10962.69
CUST004154,Devika Dyal,Bengaluru,2024-02-01,N,Social Media,Credit/Debit Card,Registered Only,0,,0.0
CUST004155,Vyanjana Jhaveri,Chennai,2024-06-13,N,Social Media,Credit/Debit Card,Registered Only,0,,0.0
CUST004156,Ojas Kothari,Bengaluru,2025-12-02,Y,Referral,Credit/Debit Card,Occasional,3,2026-06-08,4710.28
CUST004157,Abha Mistry,Mumbai,2024-10-08,N,Paid Search,Net Banking,Registered Only,0,,0.0
CUST004158,Pahal Khanna,Bengaluru,2023-08-21,N,Paid Search,UPI,Occasional,4,2026-06-18,4196.61
CUST004159,Frederick Dani,Hyderabad,2026-03-28,N,Paid Search,UPI,New,1,2026-04-07,770.82
CUST004160,Ayaan Bhardwaj,Pune,2023-09-03,Y,Organic,UPI,Regular,6,2026-06-19,4947.41
CUST004161,Tejas Bose,Chennai,2026-01-15,N,Partner Campaign,Credit/Debit Card,New,1,2026-04-08,6034.12
CUST004162,Hemangini Kala,Hyderabad,2026-01-31,N,Referral,Cash on Delivery,Occasional,2,2026-05-30,1105.22
CUST004163,Triveni Subramanian,Pune,2023-07-03,N,Organic,UPI,Occasional,2,2026-05-05,1179.92
CUST004164,Utkarsh Kapur,Delhi NCR,2025-11-03,N,Referral,UPI,New,1,2026-05-26,1079.97
CUST004165,Liam Majumdar,Mumbai,2025-11-04,N,Organic,UPI,Occasional,2,2026-06-22,5809.28
CUST004166,Yamini Goyal,Bengaluru,2025-09-15,Y,Referral,UPI,Registered Only,0,,0.0
CUST004167,Bhavani Parikh,Hyderabad,2024-08-12,N,Referral,UPI,New,1,2026-04-29,970.43
CUST004168,Zashil Kata,Mumbai,2023-10-18,N,Social Media,Credit/Debit Card,Registered Only,0,,0.0
CUST004169,Quincy Kalla,Pune,2024-04-20,N,Organic,UPI,New,1,2026-06-24,856.8
CUST004170,Wridesh Sura,Bengaluru,2023-09-02,N,Paid Search,UPI,Occasional,2,2026-06-16,1854.67
CUST004171,Madhavi Ahluwalia,Bengaluru,2024-06-13,N,Organic,Cash on Delivery,Occasional,4,2026-06-04,5310.83
CUST004172,Eshana Srivastava,Bengaluru,2026-03-14,Y,Organic,UPI,Occasional,4,2026-06-10,4603.75
CUST004173,Oscar Patla,Bengaluru,2024-03-31,N,Organic,Credit/Debit Card,Premium,10,2026-06-13,8547.25
CUST004174,Keya Ganesan,Delhi NCR,2024-01-10,N,Social Media,UPI,Occasional,2,2026-06-03,2339.63
CUST004175,Chakradhar Chada,Hyderabad,2024-09-13,Y,Social Media,UPI,Premium,10,2026-06-15,9491.18
CUST004176,Aadi Sule,Bengaluru,2024-06-09,N,Referral,Wallet,Occasional,2,2026-06-06,4301.0
CUST004177,Aradhana Khare,Delhi NCR,2024-09-23,Y,Social Media,Net Banking,Regular,8,2026-05-29,4996.78
CUST004178,Ekavir Dayal,Delhi NCR,2023-04-25,N,Organic,Cash on Delivery,New,1,2026-05-08,2975.6
CUST004179,Onkar Pall,Chennai,2026-01-18,N,Paid Search,UPI,Registered Only,0,,0.0
CUST004180,Samarth Bobal,Bengaluru,2024-11-04,N,Organic,Net Banking,New,1,2026-06-13,663.0
CUST004181,Janya Sheth,Hyderabad,2024-07-02,N,Paid Search,Cash on Delivery,Regular,5,2026-06-28,2901.14
CUST004182,Chakradev Mittal,Hyderabad,2023-07-21,N,Paid Search,UPI,Regular,6,2026-06-19,2507.66
CUST004183,Dhruv Sinha,Bengaluru,2025-02-26,N,Organic,Credit/Debit Card,Occasional,2,2026-06-23,451.38
CUST004184,Vedhika Atwal,Bengaluru,2024-02-20,Y,Social Media,UPI,Regular,8,2026-06-22,6551.34
CUST004185,Ryan Bansal,Delhi NCR,2023-09-19,Y,Organic,Credit/Debit Card,Occasional,3,2026-06-27,4189.6
CUST004186,Jatin Chakrabarti,Delhi NCR,2026-02-03,Y,Partner Campaign,Wallet,Occasional,2,2026-06-14,1218.1
CUST004187,Samarth Bhandari,Delhi NCR,2023-05-06,N,Organic,UPI,Occasional,3,2026-06-28,3946.4
CUST004188,Saksham Murthy,Bengaluru,2025-12-08,N,Organic,Cash on Delivery,Registered Only,0,,0.0
CUST004189,Pratyush Barad,Chennai,2024-09-21,N,Referral,UPI,Premium,5,2026-06-28,9439.19
CUST004190,Pratyush Bansal,Pune,2023-04-24,Y,Organic,Credit/Debit Card,Registered Only,0,,0.0
CUST004191,Fiyaz Saha,Chennai,2024-03-27,Y,Referral,Cash on Delivery,Registered Only,0,,0.0
CUST004192,Yuvraj Walia,Delhi NCR,2025-03-31,Y,Organic,UPI,Occasional,3,2026-06-03,1801.77
CUST004193,Yatan Vig,Pune,2025-01-19,N,Paid Search,Net Banking,Regular,6,2026-06-25,5141.24
CUST004194,Abhiram Chawla,Hyderabad,2024-10-30,N,Organic,Wallet,Occasional,3,2026-05-22,3461.2
CUST004195,Mason Saha,Pune,2025-04-30,Y,Referral,UPI,Occasional,2,2026-06-21,3701.66
CUST004196,Tripti Bhatti,Delhi NCR,2024-07-09,N,Referral,UPI,Registered Only,0,,0.0
CUST004197,Aarna Chauhan,Bengaluru,2025-09-04,N,Social Media,UPI,New,1,2026-05-24,251.8
CUST004198,Lekha Solanki,Hyderabad,2024-10-03,N,Organic,Credit/Debit Card,New,1,2026-04-03,0.0
CUST004199,Rajata Dhingra,Hyderabad,2023-07-12,N,Organic,Credit/Debit Card,Occasional,2,2026-06-26,6638.27
CUST004200,Unni Chada,Bengaluru,2025-10-10,Y,Referral,Cash on Delivery,New,1,2026-06-16,1288.78
CUST004201,Neel Raj,Delhi NCR,2024-10-09,N,Paid Search,Credit/Debit Card,New,1,2026-05-15,850.36
CUST004202,Jatin Patla,Hyderabad,2024-04-13,N,Organic,Credit/Debit Card,Premium,10,2026-06-28,10951.21
CUST004203,Pranit Barad,Pune,2024-10-25,Y,Organic,UPI,Occasional,2,2026-06-07,56.69
CUST004204,Ethan Rastogi,Bengaluru,2025-05-16,N,Paid Search,Wallet,Occasional,4,2026-06-29,3485.23
CUST004205,Amaira Nayar,Delhi NCR,2023-12-13,Y,Paid Search,UPI,Registered Only,0,,0.0
CUST004206,Yatin Dave,Hyderabad,2024-02-17,Y,Social Media,UPI,Premium,7,2026-06-28,9158.11
CUST004207,Fariq Barman,Delhi NCR,2023-11-25,Y,Referral,Credit/Debit Card,Regular,5,2026-06-12,2767.85
CUST004208,Irya Jani,Delhi NCR,2024-11-02,N,Social Media,Credit/Debit Card,Regular,8,2026-05-19,4739.11
CUST004209,Eiravati Sethi,Hyderabad,2026-03-22,N,Social Media,UPI,Registered Only,0,,0.0
CUST004210,Christopher Borah,Bengaluru,2024-10-31,Y,Organic,UPI,New,1,2026-05-21,732.88
CUST004211,Gabriel Hayer,Hyderabad,2025-10-15,Y,Organic,UPI,Occasional,3,2026-06-05,1636.87
CUST004212,Anita Chaudhari,Pune,2025-05-01,N,Organic,UPI,Occasional,2,2026-04-15,2790.82
CUST004213,Gavin Kala,Mumbai,2025-12-02,N,Organic,UPI,New,1,2026-06-16,2377.75
CUST004214,Hema Bawa,Bengaluru,2025-11-21,N,Referral,UPI,Occasional,4,2026-06-12,5081.05
CUST004215,Harita Jayaraman,Bengaluru,2025-05-06,N,Referral,UPI,Occasional,2,2026-05-11,1428.75
CUST004216,Odika Kapoor,Bengaluru,2024-06-07,N,Organic,UPI,New,1,2026-06-19,261.92
CUST004217,Warda Chawla,Mumbai,2023-07-24,N,Paid Search,UPI,Occasional,2,2026-04-08,5187.2
CUST004218,Zinal Saran,Bengaluru,2023-09-11,N,Organic,UPI,New,1,2026-06-18,568.4
CUST004219,Sanaya Arora,Hyderabad,2026-02-14,N,Referral,UPI,Regular,5,2026-06-24,5468.91
CUST004220,Kamala Sethi,Hyderabad,2024-02-12,Y,Organic,Cash on Delivery,Occasional,3,2026-06-11,1759.67
CUST004221,Chaman Chaudhari,Bengaluru,2023-04-30,Y,Social Media,UPI,Premium,8,2026-06-28,10161.61
CUST004222,Chakradev Rao,Delhi NCR,2024-12-11,N,Social Media,Wallet,Regular,5,2026-06-05,4410.33
CUST004223,Yutika Sankaran,Hyderabad,2024-02-10,N,Social Media,UPI,Regular,8,2026-06-15,7945.87
CUST004224,Aadi Amble,Mumbai,2024-03-11,N,Paid Search,UPI,New,1,2026-04-21,71.26
CUST004225,Jyoti Pillay,Bengaluru,2025-12-02,N,Paid Search,Cash on Delivery,Registered Only,0,,0.0
CUST004226,Bhanumati Patla,Bengaluru,2023-12-04,N,Organic,Wallet,Registered Only,0,,0.0
CUST004227,Bhavya Tripathi,Delhi NCR,2024-08-09,N,Referral,Wallet,Registered Only,0,,0.0
CUST004228,Yashvi Solanki,Mumbai,2024-12-09,N,Organic,UPI,Occasional,2,2026-05-16,978.3
CUST004229,Nikita Padmanabhan,Hyderabad,2024-02-20,N,Organic,Wallet,Registered Only,0,,0.0
CUST004230,Yahvi Gupta,Bengaluru,2024-08-27,N,Organic,UPI,Registered Only,0,,0.0
CUST004231,Parth Kota,Mumbai,2024-08-23,N,Organic,UPI,Premium,3,2026-06-27,11221.23
CUST004232,Onveer Jhaveri,Delhi NCR,2023-07-25,N,Paid Search,UPI,Registered Only,0,,0.0
CUST004233,Bishakha Dugar,Chennai,2024-03-25,N,Social Media,Net Banking,Registered Only,0,,0.0
CUST004234,Rachita Brar,Hyderabad,2025-12-12,Y,Paid Search,UPI,Registered Only,0,,0.0
CUST004235,Jeremiah Mani,Bengaluru,2025-08-29,N,Paid Search,UPI,Registered Only,0,,0.0
CUST004236,Alka Sastry,Bengaluru,2023-11-23,Y,Referral,Net Banking,Registered Only,0,,0.0
CUST004237,Jagat Varkey,Hyderabad,2023-05-29,N,Paid Search,UPI,New,1,2026-06-23,2950.4
CUST004238,Bhavika Kalita,Delhi NCR,2024-04-05,N,Social Media,Credit/Debit Card,Occasional,2,2026-04-19,1997.81
CUST004239,Odika Raja,Pune,2023-10-27,N,Organic,UPI,Regular,6,2026-06-18,5188.55
CUST004240,Utkarsh Mohan,Hyderabad,2025-07-07,N,Referral,UPI,Occasional,3,2026-05-30,3180.19
CUST004241,Nandini Shah,Delhi NCR,2023-09-17,N,Organic,UPI,Occasional,4,2026-05-29,5502.69
CUST004242,Warhi Rana,Bengaluru,2023-08-14,Y,Organic,Credit/Debit Card,Occasional,2,2026-06-27,1666.94
CUST004243,Amrita Kunda,Mumbai,2024-07-01,N,Partner Campaign,UPI,Premium,56,2026-06-29,49168.08
CUST004244,Samar Dyal,Hyderabad,2023-07-05,N,Organic,UPI,Occasional,2,2026-05-09,876.71
CUST004245,Kai Tara,Pune,2025-10-26,N,Organic,UPI,Registered Only,0,,0.0
CUST004246,Avni Thakur,Mumbai,2024-05-10,N,Referral,UPI,Occasional,2,2026-06-22,3860.22
CUST004247,Tanvi Raju,Bengaluru,2025-07-20,N,Social Media,Cash on Delivery,Premium,9,2026-06-20,11018.77
CUST004248,Vrinda Balasubramanian,Pune,2025-05-12,N,Referral,Cash on Delivery,Registered Only,0,,0.0
CUST004249,Jason Chakrabarti,Bengaluru,2023-08-23,N,Paid Search,UPI,Occasional,2,2026-05-27,673.09
CUST004250,Sai Buch,Bengaluru,2025-04-27,N,Partner Campaign,UPI,Occasional,2,2026-04-26,496.97
CUST004251,George Tiwari,Mumbai,2025-06-11,Y,Social Media,Credit/Debit Card,New,1,2026-06-19,0.0
CUST004252,Jyoti Sehgal,Bengaluru,2023-04-30,N,Referral,Credit/Debit Card,Registered Only,0,,0.0
CUST004253,Rehaan Hari,Delhi NCR,2024-07-29,N,Organic,UPI,Registered Only,0,,0.0
CUST004254,Vanya Singhal,Bengaluru,2025-06-19,Y,Organic,Cash on Delivery,Registered Only,0,,0.0
CUST004255,Nikita Prakash,Bengaluru,2024-10-16,Y,Referral,UPI,Occasional,2,2026-05-04,1141.73
CUST004256,Omkaar Shenoy,Pune,2024-01-15,N,Referral,UPI,New,1,2026-05-30,2453.19
CUST004257,Anamika Taneja,Bengaluru,2024-11-26,N,Referral,UPI,Registered Only,0,,0.0
CUST004258,Shravya Jaggi,Chennai,2024-05-29,N,Social Media,UPI,New,1,2026-05-02,171.82
CUST004259,Ekbal Walia,Bengaluru,2026-03-04,N,Partner Campaign,UPI,Occasional,3,2026-06-23,4397.6
CUST004260,Arjun Maharaj,Bengaluru,2025-03-24,N,Referral,UPI,Registered Only,0,,0.0
CUST004261,Chakradhar Mann,Hyderabad,2026-01-26,Y,Paid Search,UPI,New,1,2026-05-06,1328.91
CUST004262,Zansi Parikh,Mumbai,2025-04-30,N,Organic,Credit/Debit Card,Registered Only,0,,0.0
CUST004263,George Kumer,Mumbai,2025-09-20,N,Organic,UPI,Occasional,3,2026-06-28,6265.72
CUST004264,Maanav Andra,Hyderabad,2023-11-15,N,Referral,Net Banking,New,1,2026-05-03,485.34
CUST004265,Sanaya Sehgal,Chennai,2024-12-24,N,Organic,UPI,Registered Only,0,,0.0
CUST004266,Amruta Bains,Mumbai,2023-11-22,Y,Social Media,Cash on Delivery,Occasional,3,2026-06-08,2418.49
CUST004267,Anthony Sachdev,Pune,2024-09-04,N,Organic,Wallet,Premium,8,2026-06-13,8023.79
CUST004268,Pooja Mander,Hyderabad,2025-02-25,Y,Organic,UPI,Registered Only,0,,0.0
CUST004269,Geetika Sahni,Hyderabad,2025-08-31,N,Social Media,Credit/Debit Card,Premium,9,2026-06-22,15313.99
CUST004270,Nihal Sur,Chennai,2025-05-07,N,Social Media,UPI,Registered Only,0,,0.0
CUST004271,Qadim Vig,Chennai,2023-04-22,Y,Organic,Cash on Delivery,Occasional,3,2026-06-11,631.23
CUST004272,Kashish Thakkar,Pune,2024-01-30,N,Referral,UPI,New,1,2026-04-28,894.18
CUST004273,Hiral Joshi,Pune,2025-08-31,Y,Paid Search,Cash on Delivery,Occasional,4,2026-05-21,2892.03
CUST004274,Aarnav Om,Bengaluru,2024-04-01,Y,Organic,Cash on Delivery,Regular,8,2026-06-10,7765.76
CUST004275,Nandini Buch,Chennai,2025-03-02,Y,Organic,Net Banking,New,1,2026-06-18,617.71
CUST004276,Yatan Sur,Hyderabad,2025-12-03,N,Partner Campaign,UPI,Occasional,2,2026-05-15,5289.68
CUST004277,Fariq Cheema,Bengaluru,2024-12-23,Y,Organic,UPI,Occasional,4,2026-06-12,5335.09
CUST004278,Mitesh Pathak,Mumbai,2024-09-20,N,Paid Search,Cash on Delivery,Regular,6,2026-06-25,5647.85
CUST004279,Ishita Lad,Bengaluru,2026-02-27,N,Referral,Wallet,Occasional,2,2026-05-11,6278.3
CUST004280,Timothy Rau,Bengaluru,2024-01-17,Y,Partner Campaign,Credit/Debit Card,New,1,2026-04-24,255.17
CUST004281,Yashodhara Bail,Delhi NCR,2024-11-23,N,Paid Search,UPI,Occasional,2,2026-06-27,2785.75
CUST004282,Atharv Radhakrishnan,Pune,2023-12-29,N,Paid Search,Cash on Delivery,New,1,2026-04-30,1501.41
CUST004283,Xiti Bora,Bengaluru,2025-04-20,N,Organic,UPI,Registered Only,0,,0.0
CUST004284,Advay Ranganathan,Mumbai,2025-08-29,N,Referral,Credit/Debit Card,Premium,6,2026-06-26,11491.86
CUST004285,Ikshita Sandhu,Hyderabad,2024-09-08,N,Social Media,UPI,Occasional,2,2026-05-09,2000.86
CUST004286,Dalaja Din,Bengaluru,2023-07-11,N,Organic,UPI,Premium,13,2026-06-29,14762.65
CUST004287,Vasudha Upadhyay,Delhi NCR,2023-05-10,N,Social Media,UPI,New,1,2026-06-08,1341.29
CUST004288,Harini Dalal,Hyderabad,2024-09-23,N,Organic,UPI,Occasional,3,2026-06-03,1578.28
CUST004289,Varsha Kapoor,Chennai,2025-06-12,N,Paid Search,UPI,Registered Only,0,,0.0
CUST004290,Rajeshri Walia,Hyderabad,2024-07-14,Y,Referral,Cash on Delivery,New,1,2026-05-20,958.28
CUST004291,Vrinda Bora,Pune,2023-05-10,N,Partner Campaign,Wallet,New,1,2026-06-28,188.48
CUST004292,Pranit Choudhary,Bengaluru,2024-02-16,N,Referral,Wallet,New,1,2026-05-25,419.76
CUST004293,Arjun Sandhu,Hyderabad,2024-02-02,N,Organic,Credit/Debit Card,New,1,2026-05-02,1203.42
CUST004294,Zansi Nagarajan,Mumbai,2025-07-22,N,Social Media,Credit/Debit Card,Occasional,4,2026-06-29,5822.13
CUST004295,Parth Brar,Pune,2024-12-18,N,Referral,UPI,Premium,9,2026-06-15,13519.3
CUST004296,Gayathri Ramachandran,Mumbai,2025-02-14,Y,Paid Search,Wallet,Registered Only,0,,0.0
CUST004297,Maanas Butala,Delhi NCR,2025-01-17,Y,Social Media,UPI,New,1,2026-05-24,672.52
CUST004298,Harinakshi Babu,Delhi NCR,2024-11-08,Y,Organic,UPI,Occasional,2,2026-05-24,3994.64
CUST004299,Zarna Basu,Delhi NCR,2025-10-16,N,Organic,Wallet,Occasional,4,2026-05-25,3502.77
CUST004300,Warda Maharaj,Mumbai,2024-10-13,Y,Referral,UPI,New,1,2026-05-03,0.0
CUST004301,Shivansh Jaggi,Hyderabad,2026-01-31,N,Referral,UPI,New,1,2026-04-08,1792.01
CUST004302,Azaan Narain,Mumbai,2024-03-19,N,Paid Search,UPI,Registered Only,0,,0.0
CUST004303,Chatura Mallick,Hyderabad,2025-12-22,N,Paid Search,UPI,Registered Only,0,,0.0
CUST004304,Manya Nori,Delhi NCR,2025-04-09,Y,Social Media,Credit/Debit Card,New,1,2026-05-13,163.63
CUST004305,Upasna Ahuja,Mumbai,2023-07-17,N,Organic,Credit/Debit Card,Occasional,4,2026-06-26,4481.97
CUST004306,Anay Rama,Mumbai,2025-03-23,N,Partner Campaign,Credit/Debit Card,Registered Only,0,,0.0
CUST004307,Varenya Choudhry,Bengaluru,2026-03-07,N,Partner Campaign,UPI,New,1,2026-04-13,1250.02
CUST004308,Prisha Bhagat,Delhi NCR,2024-12-07,N,Referral,UPI,Occasional,2,2026-05-24,1012.43
CUST004309,Xiti Khatri,Mumbai,2023-10-16,N,Referral,UPI,New,1,2026-05-21,909.55
CUST004310,Reyansh Iyengar,Mumbai,2024-06-20,N,Paid Search,UPI,Occasional,3,2026-06-28,3024.74
CUST004311,Caleb Khalsa,Hyderabad,2025-06-27,N,Social Media,UPI,New,1,2026-04-16,422.77
CUST004312,Neha Narasimhan,Hyderabad,2024-05-27,N,Paid Search,Wallet,New,1,2026-06-01,1081.03
CUST004313,Manan Bumb,Bengaluru,2025-05-29,N,Social Media,Credit/Debit Card,Registered Only,0,,0.0
CUST004314,Wyatt Pant,Hyderabad,2023-08-09,N,Organic,UPI,Occasional,3,2026-06-20,1717.11
CUST004315,Radha Rattan,Mumbai,2024-08-13,N,Paid Search,UPI,Occasional,2,2026-05-01,1358.94
CUST004316,Dalbir Mahal,Mumbai,2024-10-01,N,Social Media,Wallet,New,1,2026-06-05,1882.72
CUST004317,Lekha Palla,Delhi NCR,2023-04-26,N,Organic,Cash on Delivery,Regular,5,2026-05-27,7116.57
CUST004318,Yatin Deshpande,Bengaluru,2024-10-09,N,Social Media,Wallet,Registered Only,0,,0.0
CUST004319,Oni Shere,Pune,2024-12-19,N,Organic,UPI,Occasional,3,2026-06-01,2280.06
CUST004320,Hema Pal,Bengaluru,2025-03-07,N,Partner Campaign,UPI,Registered Only,0,,0.0
CUST004321,Riya Chandra,Delhi NCR,2024-03-29,Y,Paid Search,UPI,Occasional,3,2026-06-23,2177.48
CUST004322,Omisha Basak,Hyderabad,2024-11-03,Y,Partner Campaign,Credit/Debit Card,Registered Only,0,,0.0
CUST004323,Ishita Mannan,Bengaluru,2025-07-27,N,Organic,UPI,New,1,2026-05-07,1679.68
CUST004324,Qasim Tak,Hyderabad,2023-08-17,Y,Organic,UPI,New,1,2026-04-03,1303.57
CUST004325,Ekbal Kanda,Bengaluru,2025-02-22,N,Partner Campaign,UPI,Registered Only,0,,0.0
CUST004326,Idika Bal,Bengaluru,2025-03-18,N,Paid Search,Net Banking,Registered Only,0,,0.0
CUST004327,Nihal Sachar,Mumbai,2024-01-06,N,Organic,UPI,New,1,2026-04-27,551.81
CUST004328,Damini Lanka,Mumbai,2025-05-06,Y,Social Media,Credit/Debit Card,Registered Only,0,,0.0
CUST004329,Tarak Virk,Bengaluru,2025-01-12,Y,Referral,UPI,New,1,2026-04-07,484.35
CUST004330,Zansi Sibal,Mumbai,2023-11-29,Y,Referral,UPI,Registered Only,0,,0.0
CUST004331,Onkar Goyal,Bengaluru,2024-12-27,N,Referral,UPI,New,1,2026-04-16,514.96
CUST004332,Abhiram Gandhi,Mumbai,2024-10-14,Y,Organic,Net Banking,Premium,4,2026-05-20,9135.59
CUST004333,Avi Chahal,Hyderabad,2025-11-11,N,Paid Search,Wallet,Occasional,2,2026-06-27,457.23
CUST004334,Bhanumati Edwin,Mumbai,2024-09-30,N,Paid Search,Credit/Debit Card,Registered Only,0,,0.0
CUST004335,Charita Agrawal,Chennai,2025-04-17,N,Organic,Credit/Debit Card,Occasional,4,2026-06-19,3799.18
CUST004336,Pooja Ganguly,Mumbai,2025-09-29,Y,Social Media,Cash on Delivery,Premium,11,2026-06-27,8276.11
CUST004337,Dominic Radhakrishnan,Delhi NCR,2024-01-27,Y,Organic,Credit/Debit Card,Premium,7,2026-06-25,9348.73
CUST004338,Lipika Desai,Delhi NCR,2025-01-07,Y,Organic,UPI,Occasional,2,2026-06-08,1541.86
CUST004339,Vamakshi Dara,Mumbai,2025-11-24,Y,Referral,Wallet,Premium,6,2026-06-24,8518.65
CUST004340,Upasna Madan,Pune,2023-09-01,Y,Partner Campaign,UPI,Registered Only,0,,0.0
CUST004341,Gautami Grewal,Chennai,2023-11-22,N,Organic,Wallet,Premium,9,2026-06-29,9920.67
CUST004342,Neel Gulati,Chennai,2025-10-05,N,Social Media,Cash on Delivery,Occasional,3,2026-06-20,2764.49
CUST004343,Advik Boase,Delhi NCR,2024-08-03,N,Partner Campaign,Wallet,Occasional,4,2026-06-29,2118.33
CUST004344,Widisha Butala,Pune,2024-08-04,Y,Organic,UPI,Registered Only,0,,0.0
CUST004345,Wazir Varty,Pune,2025-04-06,N,Partner Campaign,UPI,Occasional,2,2026-04-21,2011.23
CUST004346,Upasna Dutt,Chennai,2025-09-29,N,Social Media,Credit/Debit Card,Occasional,4,2026-06-02,1234.81
CUST004347,Chaitanya Ahluwalia,Bengaluru,2025-10-18,Y,Organic,Credit/Debit Card,New,1,2026-05-26,148.08
CUST004348,Turvi Srivastava,Delhi NCR,2023-12-15,Y,Organic,Cash on Delivery,Occasional,3,2026-06-07,1430.69
CUST004349,Pranav Palla,Bengaluru,2023-05-28,N,Organic,Credit/Debit Card,Occasional,2,2026-05-22,3510.04
CUST004350,Wyatt Tak,Mumbai,2025-05-01,N,Organic,UPI,Occasional,4,2026-06-29,4053.19
CUST004351,Varenya Bakshi,Bengaluru,2025-03-12,N,Social Media,Cash on Delivery,Occasional,4,2026-06-23,2455.78
CUST004352,Gaurav Mane,Bengaluru,2025-02-14,N,Referral,UPI,New,1,2026-05-17,6397.7
CUST004353,Lakshit Dara,Delhi NCR,2024-06-04,Y,Referral,Wallet,Occasional,2,2026-04-16,2883.23
CUST004354,Wahab Raju,Bengaluru,2024-05-14,N,Partner Campaign,UPI,Occasional,3,2026-06-16,3037.24
CUST004355,Dayamai Sarkar,Pune,2026-02-23,N,Organic,Credit/Debit Card,Registered Only,0,,0.0
CUST004356,Oviya Choudhary,Delhi NCR,2023-11-06,N,Social Media,Cash on Delivery,Registered Only,0,,0.0
CUST004357,Indira Rau,Bengaluru,2024-07-13,Y,Paid Search,UPI,Registered Only,0,,0.0
CUST004358,Lipika Subramaniam,Chennai,2024-05-27,Y,Paid Search,Wallet,New,1,2026-05-27,1217.25
CUST004359,Nathaniel Buch,Bengaluru,2025-01-15,N,Social Media,UPI,Occasional,2,2026-06-15,218.92
CUST004360,Panini Kade,Mumbai,2023-05-05,N,Referral,Wallet,Registered Only,0,,0.0
CUST004361,Ganga Boase,Chennai,2026-03-06,N,Referral,Cash on Delivery,New,1,2026-05-25,458.2
CUST004362,Aarna Tailor,Hyderabad,2024-10-30,Y,Referral,Wallet,Occasional,3,2026-05-31,1216.51
CUST004363,Kevin Keer,Delhi NCR,2024-10-24,N,Referral,Credit/Debit Card,Occasional,2,2026-05-23,1215.76
CUST004364,Bhavika Basak,Pune,2023-04-23,N,Social Media,UPI,Registered Only,0,,0.0
CUST004365,Ekalinga Natt,Hyderabad,2025-04-02,Y,Partner Campaign,Credit/Debit Card,Registered Only,0,,0.0
CUST004366,Mitesh Viswanathan,Bengaluru,2024-10-07,N,Partner Campaign,Cash on Delivery,Premium,9,2026-06-18,8028.76
CUST004367,Bhanumati Goyal,Delhi NCR,2023-08-17,N,Social Media,Credit/Debit Card,Occasional,4,2026-06-23,1843.17
CUST004368,Aryan Sen,Hyderabad,2023-04-08,N,Referral,UPI,Premium,10,2026-06-27,10736.49
CUST004369,Odika Agate,Chennai,2023-09-16,N,Social Media,Credit/Debit Card,Occasional,4,2026-06-15,2354.05
CUST004370,Tanmayi Barad,Pune,2023-06-05,N,Referral,Wallet,New,1,2026-06-29,551.67
CUST004371,Fiyaz Munshi,Bengaluru,2024-08-01,N,Referral,Credit/Debit Card,Premium,13,2026-06-26,9689.71
CUST004372,Ati Dar,Chennai,2025-06-03,Y,Organic,UPI,Regular,7,2026-06-15,4016.52
CUST004373,Ryan Krishnamurthy,Bengaluru,2023-04-01,Y,Partner Campaign,UPI,Registered Only,0,,0.0
CUST004374,Karan De,Delhi NCR,2024-08-17,N,Organic,UPI,New,1,2026-06-25,238.83
CUST004375,Irya Dhaliwal,Mumbai,2025-03-27,Y,Social Media,UPI,New,1,2026-06-26,372.46
CUST004376,Yochana Parikh,Chennai,2025-06-21,N,Social Media,UPI,Registered Only,0,,0.0
CUST004377,Qarin Kothari,Mumbai,2023-09-07,Y,Paid Search,Credit/Debit Card,Occasional,4,2026-06-14,4176.13
CUST004378,Jeet Vala,Mumbai,2024-10-27,N,Organic,Cash on Delivery,New,1,2026-06-29,313.65
CUST004379,Falak Iyer,Delhi NCR,2025-03-16,N,Social Media,Credit/Debit Card,Regular,5,2026-06-25,5999.1
CUST004380,Balvan Sandhu,Delhi NCR,2024-12-24,N,Organic,UPI,New,1,2026-06-16,2012.88
CUST004381,Anamika Gola,Mumbai,2025-07-06,N,Social Media,Wallet,New,1,2026-05-28,388.92
CUST004382,Ekta Tella,Delhi NCR,2025-10-28,N,Referral,UPI,New,1,2026-06-20,435.51
CUST004383,Noah Raju,Chennai,2024-02-13,N,Paid Search,Wallet,Occasional,2,2026-05-05,5786.28
CUST004384,Charles Bedi,Pune,2023-08-09,Y,Social Media,Cash on Delivery,Occasional,4,2026-06-21,4530.13
CUST004385,Brijesh Kamdar,Delhi NCR,2023-04-24,N,Social Media,UPI,Premium,22,2026-06-28,22200.64
CUST004386,Hiral Pall,Bengaluru,2024-11-05,N,Organic,Wallet,Premium,8,2026-06-23,8287.19
CUST004387,Abha Apte,Chennai,2023-06-19,N,Social Media,Credit/Debit Card,Regular,6,2026-05-28,5360.81
CUST004388,Jhalak Setty,Hyderabad,2025-02-21,N,Paid Search,UPI,Registered Only,0,,0.0
CUST004389,Rishi Raman,Hyderabad,2023-06-03,N,Paid Search,UPI,Occasional,2,2026-04-27,2966.48
CUST004390,Onkar Sawhney,Mumbai,2023-10-31,Y,Referral,Cash on Delivery,New,1,2026-05-10,1633.4
CUST004391,Shivansh Venkataraman,Mumbai,2024-07-02,Y,Paid Search,Credit/Debit Card,Occasional,4,2026-06-14,7224.07
CUST004392,Osha Date,Bengaluru,2024-11-03,N,Organic,UPI,Occasional,2,2026-05-25,4738.21
CUST004393,Varsha Tripathi,Mumbai,2024-01-10,N,Organic,UPI,Occasional,2,2026-05-03,1917.47
CUST004394,Pahal Ravi,Pune,2026-01-11,N,Partner Campaign,Wallet,Premium,15,2026-06-09,20707.56
CUST004395,Abeer Anne,Mumbai,2025-03-12,N,Paid Search,Net Banking,Occasional,4,2026-06-13,3549.35
CUST004396,Xalak Goel,Bengaluru,2023-09-10,N,Organic,UPI,Regular,5,2026-06-22,2786.15
CUST004397,Balvan Kadakia,Bengaluru,2025-11-15,N,Referral,UPI,Occasional,2,2026-05-16,1116.08
CUST004398,Pratyush Singhal,Pune,2024-03-27,Y,Referral,Wallet,Occasional,4,2026-06-17,3237.59
CUST004399,Amruta Kara,Chennai,2023-06-20,N,Organic,UPI,Occasional,3,2026-06-06,4147.16
CUST004400,Zehaan Lalla,Bengaluru,2025-12-06,Y,Organic,UPI,Occasional,3,2026-06-29,4360.57
CUST004401,Faras Mittal,Delhi NCR,2024-09-12,N,Social Media,UPI,Occasional,3,2026-06-23,2190.66
CUST004402,Aryan Tandon,Hyderabad,2025-01-24,N,Social Media,Credit/Debit Card,Registered Only,0,,0.0
CUST004403,Niharika Dayal,Chennai,2025-11-18,N,Paid Search,UPI,Registered Only,0,,0.0
CUST004404,Hredhaan Goda,Bengaluru,2024-10-05,Y,Organic,Cash on Delivery,Occasional,2,2026-06-23,3027.65
CUST004405,Yauvani Walia,Hyderabad,2025-06-24,Y,Social Media,Wallet,Occasional,3,2026-06-18,4566.64
CUST004406,Veda Chadha,Chennai,2024-12-02,N,Organic,Credit/Debit Card,Occasional,3,2026-06-09,2691.82
CUST004407,Siddharth Lata,Delhi NCR,2024-12-02,N,Organic,Credit/Debit Card,Occasional,2,2026-06-02,1872.54
CUST004408,Charita Mitter,Pune,2023-09-13,Y,Paid Search,Credit/Debit Card,Premium,17,2026-06-29,22418.91
CUST004409,Noah Karan,Mumbai,2023-03-29,Y,Organic,Wallet,New,1,2026-05-09,1458.66
CUST004410,Qasim Lal,Pune,2025-06-11,N,Referral,UPI,Occasional,2,2026-05-19,951.89
CUST004411,Sathvik Jhaveri,Hyderabad,2025-07-23,N,Referral,Credit/Debit Card,Registered Only,0,,0.0
CUST004412,Aahana Gill,Chennai,2024-03-28,Y,Referral,UPI,New,1,2026-04-29,830.12
CUST004413,Amol Mody,Pune,2023-10-03,N,Organic,UPI,New,1,2026-06-16,771.31
CUST004414,Aarini Morar,Chennai,2023-04-19,N,Social Media,Wallet,Registered Only,0,,0.0
CUST004415,Jatin Rattan,Hyderabad,2025-09-27,N,Social Media,UPI,Occasional,4,2026-05-28,5180.84
CUST004416,Saksham Kannan,Hyderabad,2023-04-08,Y,Organic,Wallet,New,1,2026-04-10,1528.29
CUST004417,Mason Verma,Mumbai,2024-08-06,N,Referral,Cash on Delivery,Registered Only,0,,0.0
CUST004418,Brijesh Chawla,Chennai,2024-06-01,Y,Social Media,Credit/Debit Card,Occasional,2,2026-06-14,282.97
CUST004419,Patrick Banerjee,Mumbai,2023-11-23,Y,Paid Search,UPI,New,1,2026-04-26,549.66
CUST004420,Damini Lalla,Mumbai,2025-05-01,N,Social Media,Credit/Debit Card,Occasional,4,2026-06-17,4298.08
CUST004421,Siddharth Tripathi,Bengaluru,2023-07-15,N,Paid Search,Cash on Delivery,Occasional,2,2026-06-14,2652.3
CUST004422,Pooja Hans,Hyderabad,2023-10-05,N,Referral,Credit/Debit Card,Registered Only,0,,0.0
CUST004423,Harsh Master,Delhi NCR,2025-04-20,Y,Organic,UPI,Occasional,4,2026-05-26,2287.75
CUST004424,Bahadurjit Viswanathan,Chennai,2025-07-13,N,Referral,UPI,Regular,7,2026-06-28,7079.23
CUST004425,Ekalinga Gulati,Chennai,2025-05-17,N,Organic,Cash on Delivery,Premium,15,2026-06-22,13234.09
CUST004426,Kalpit Divan,Pune,2025-07-02,N,Organic,Credit/Debit Card,Registered Only,0,,0.0
CUST004427,Samesh Srivastava,Bengaluru,2025-10-21,N,Organic,UPI,New,1,2026-04-14,1814.51
CUST004428,Kala Vaidya,Delhi NCR,2026-03-14,N,Paid Search,Wallet,Occasional,2,2026-05-06,1072.61
CUST004429,Edhitha Nadkarni,Bengaluru,2025-07-26,Y,Organic,Wallet,New,1,2026-05-29,192.65
CUST004430,Thomas Majumdar,Delhi NCR,2026-03-01,N,Referral,Wallet,New,1,2026-05-23,0.0
CUST004431,Hema Pall,Hyderabad,2025-05-26,N,Organic,UPI,New,1,2026-05-17,956.85
CUST004432,Aahana Sha,Chennai,2023-10-23,N,Partner Campaign,Credit/Debit Card,Occasional,3,2026-06-28,1523.67
CUST004433,Bhavika Pant,Hyderabad,2025-12-10,N,Referral,UPI,Regular,5,2026-06-14,3477.15
CUST004434,Wriddhish Bera,Chennai,2024-11-16,N,Social Media,Credit/Debit Card,Registered Only,0,,0.0
CUST004435,Ekansh Brahmbhatt,Delhi NCR,2025-08-29,N,Referral,Credit/Debit Card,Occasional,2,2026-05-02,530.68
CUST004436,Thomas Sachdev,Pune,2025-01-18,N,Social Media,Credit/Debit Card,New,1,2026-05-31,455.51
CUST004437,Gaurangi Mitter,Chennai,2024-12-13,N,Organic,UPI,New,1,2026-05-28,112.26
CUST004438,Vinaya Kade,Delhi NCR,2025-08-11,N,Paid Search,Cash on Delivery,Occasional,2,2026-06-29,1385.53
CUST004439,Bhanumati Sachar,Bengaluru,2023-11-05,N,Organic,Net Banking,Regular,5,2026-06-29,3360.59
CUST004440,Vivaan Iyer,Bengaluru,2025-02-20,Y,Paid Search,Wallet,New,1,2026-04-26,547.21
CUST004441,Gabriel Khare,Mumbai,2024-03-27,N,Social Media,Net Banking,Occasional,2,2026-05-07,723.11
CUST004442,Kiaan Pau,Mumbai,2026-02-20,Y,Organic,UPI,Occasional,2,2026-05-14,2231.95
CUST004443,Wakeeta Sandal,Mumbai,2024-05-15,N,Organic,Credit/Debit Card,New,1,2026-04-06,1899.8
CUST004444,Naksh Sama,Chennai,2025-01-23,N,Organic,UPI,Regular,5,2026-06-17,1852.19
CUST004445,Jeet Din,Bengaluru,2025-08-23,N,Social Media,Net Banking,New,1,2026-04-15,509.28
CUST004446,Chatura Lanka,Mumbai,2023-10-28,Y,Social Media,Credit/Debit Card,Registered Only,0,,0.0
CUST004447,Samarth Sen,Bengaluru,2025-02-26,N,Social Media,UPI,Occasional,3,2026-06-17,3706.99
CUST004448,Ayaan Chaudhary,Bengaluru,2025-01-30,N,Referral,UPI,Occasional,4,2026-05-26,3551.09
CUST004449,Shivansh Saran,Bengaluru,2025-10-06,N,Referral,UPI,Registered Only,0,,0.0
CUST004450,Lakshmi Dara,Delhi NCR,2025-07-11,N,Partner Campaign,UPI,Regular,7,2026-06-03,7476.53
CUST004451,Pushti Ravi,Delhi NCR,2025-10-30,N,Social Media,UPI,New,1,2026-06-21,496.81
CUST004452,Ira Wali,Bengaluru,2025-07-14,Y,Organic,UPI,New,1,2026-04-27,988.33
CUST004453,Wriddhish Patla,Delhi NCR,2024-04-13,Y,Organic,UPI,Occasional,2,2026-05-25,2590.4
CUST004454,Hritik Lad,Bengaluru,2024-11-02,N,Organic,UPI,Registered Only,0,,0.0
CUST004455,Aahana Behl,Delhi NCR,2026-01-05,Y,Referral,UPI,Registered Only,0,,0.0
CUST004456,Nitara Swamy,Mumbai,2023-10-03,N,Organic,UPI,New,1,2026-04-25,482.58
CUST004457,Yasti Ghosh,Pune,2025-04-08,N,Organic,UPI,Registered Only,0,,0.0
CUST004458,Lucky Khare,Bengaluru,2024-03-21,N,Referral,Cash on Delivery,Registered Only,0,,0.0
CUST004459,Widisha Deshmukh,Mumbai,2023-08-23,N,Referral,UPI,Occasional,2,2026-04-15,704.62
CUST004460,Omisha Chacko,Mumbai,2024-03-04,N,Organic,Cash on Delivery,Regular,6,2026-06-28,7521.71
CUST004461,Arin Borah,Mumbai,2025-01-04,N,Paid Search,Credit/Debit Card,Registered Only,0,,0.0
CUST004462,Samaksh Mani,Bengaluru,2024-06-14,N,Organic,Wallet,Premium,3,2026-06-08,8438.59
CUST004463,Janaki Dave,Delhi NCR,2024-02-03,N,Social Media,UPI,New,1,2026-06-29,335.58
CUST004464,Charan Gala,Bengaluru,2025-05-28,Y,Social Media,UPI,Regular,5,2026-05-26,6432.04
CUST004465,Saanvi Dara,Bengaluru,2025-02-12,N,Partner Campaign,UPI,Registered Only,0,,0.0
CUST004466,Tarak Upadhyay,Bengaluru,2023-10-12,Y,Social Media,UPI,Occasional,4,2026-05-26,4477.74
CUST004467,Onkar Mann,Mumbai,2023-07-17,N,Organic,UPI,Regular,5,2026-06-18,5646.47
CUST004468,Madhavi Singh,Bengaluru,2023-09-25,N,Partner Campaign,Wallet,Regular,5,2026-06-20,7439.05
CUST004469,Ayush Shere,Chennai,2023-11-27,Y,Partner Campaign,Cash on Delivery,Premium,10,2026-06-26,10402.15
CUST004470,Vrishti Sachdev,Mumbai,2025-08-14,N,Social Media,Cash on Delivery,Registered Only,0,,0.0
CUST004471,Ranveer Bhardwaj,Bengaluru,2023-07-31,N,Organic,UPI,New,1,2026-05-27,1349.68
CUST004472,Balhaar Hora,Chennai,2023-12-18,N,Partner Campaign,UPI,Registered Only,0,,0.0
CUST004473,Janani Chaudhari,Delhi NCR,2023-12-29,Y,Partner Campaign,UPI,Occasional,3,2026-06-03,1087.53
CUST004474,Raghav Vyas,Hyderabad,2026-02-06,N,Partner Campaign,UPI,Premium,10,2026-06-28,7855.79
CUST004475,Reyansh Bobal,Hyderabad,2023-08-07,N,Partner Campaign,Credit/Debit Card,Premium,10,2026-05-25,19374.97
CUST004476,Yahvi Raju,Bengaluru,2025-03-04,N,Paid Search,Cash on Delivery,Occasional,3,2026-06-21,6527.84
CUST004477,Jackson Oza,Mumbai,2024-02-01,N,Organic,UPI,Premium,14,2026-06-21,16559.69
CUST004478,Vincent Nagi,Pune,2025-01-11,Y,Organic,Cash on Delivery,Registered Only,0,,0.0
CUST004479,Pallavi Joshi,Bengaluru,2024-10-23,Y,Referral,Credit/Debit Card,Premium,9,2026-06-22,9802.51
CUST004480,Manthan Pai,Chennai,2025-11-10,Y,Organic,UPI,Occasional,2,2026-06-21,609.46
CUST004481,Rushil Basak,Chennai,2023-10-18,N,Referral,Credit/Debit Card,Registered Only,0,,0.0
CUST004482,Megha Rai,Hyderabad,2024-01-08,Y,Organic,Net Banking,Occasional,4,2026-06-23,1527.22
CUST004483,Warda Iyengar,Delhi NCR,2026-01-07,Y,Organic,UPI,Occasional,3,2026-06-21,4334.38
CUST004484,Patrick Bala,Bengaluru,2025-06-20,N,Paid Search,UPI,Regular,6,2026-05-09,7964.82
CUST004485,Irya Randhawa,Bengaluru,2025-07-02,Y,Social Media,UPI,New,1,2026-06-23,398.9
CUST004486,Sanaya Luthra,Hyderabad,2023-11-06,N,Organic,Credit/Debit Card,Registered Only,0,,0.0
CUST004487,Dalbir Reddy,Pune,2023-11-13,N,Organic,UPI,Regular,7,2026-06-21,4875.55
CUST004488,Victor Halder,Chennai,2023-08-26,N,Referral,UPI,Registered Only,0,,0.0
CUST004489,Bhavika Ramaswamy,Delhi NCR,2026-03-24,N,Organic,Credit/Debit Card,New,1,2026-05-07,278.43
CUST004490,Nidra Varty,Bengaluru,2025-06-09,N,Paid Search,Cash on Delivery,Registered Only,0,,0.0
CUST004491,Quincy Gade,Hyderabad,2023-06-20,N,Organic,UPI,New,1,2026-05-30,539.9
CUST004492,Mitesh Brar,Bengaluru,2024-11-06,N,Organic,Credit/Debit Card,Registered Only,0,,0.0
CUST004493,Kai Bail,Hyderabad,2023-08-17,N,Paid Search,UPI,New,1,2026-05-30,524.73
CUST004494,Ojas Sibal,Delhi NCR,2024-01-08,Y,Paid Search,UPI,Occasional,2,2026-05-23,3493.42
CUST004495,Onkar Kunda,Bengaluru,2024-08-28,N,Paid Search,UPI,Occasional,2,2026-06-05,4647.51
CUST004496,Wazir Sankaran,Chennai,2025-10-15,N,Organic,Credit/Debit Card,Registered Only,0,,0.0
CUST004497,Shravya Lad,Chennai,2024-10-19,Y,Paid Search,Net Banking,Regular,5,2026-06-23,5742.15
CUST004498,Anmol Balasubramanian,Chennai,2025-08-08,Y,Referral,UPI,Occasional,3,2026-05-06,3067.94
CUST004499,Nicholas Naidu,Hyderabad,2026-02-19,Y,Paid Search,UPI,Occasional,2,2026-06-18,657.88
CUST004500,Ria Varkey,Mumbai,2025-12-20,N,Social Media,Cash on Delivery,New,1,2026-05-22,601.84
CUST004501,Hritik Deshmukh,Pune,2025-02-05,N,Paid Search,UPI,Occasional,3,2026-06-10,3627.76
CUST004502,Farhan Vora,Pune,2023-07-09,N,Organic,Cash on Delivery,Occasional,3,2026-06-29,3076.2
CUST004503,Vanya Sani,Bengaluru,2026-03-16,Y,Paid Search,Cash on Delivery,Occasional,2,2026-05-19,448.66
CUST004504,Baljiwan Vala,Mumbai,2025-10-14,N,Referral,Credit/Debit Card,New,1,2026-06-03,637.29
CUST004505,Sudiksha Sane,Bengaluru,2023-07-31,N,Paid Search,UPI,Premium,53,2026-06-28,65399.45
CUST004506,Ishita Sodhi,Bengaluru,2024-10-03,Y,Social Media,UPI,New,1,2026-05-06,1758.4
CUST004507,Utkarsh Narayan,Hyderabad,2024-06-29,N,Partner Campaign,Wallet,Occasional,3,2026-06-12,6677.28
CUST004508,Radha Soni,Mumbai,2025-11-13,N,Social Media,UPI,Registered Only,0,,0.0
CUST004509,Ishani Soni,Mumbai,2024-03-27,N,Social Media,Cash on Delivery,New,1,2026-05-22,690.69
CUST004510,Amol Sha,Hyderabad,2025-03-19,N,Organic,UPI,New,1,2026-06-25,2548.34
CUST004511,Nilima Ranganathan,Mumbai,2025-04-10,N,Organic,UPI,Occasional,4,2026-06-16,5333.18
CUST004512,Vyanjana Varma,Pune,2024-12-19,N,Social Media,Cash on Delivery,Occasional,4,2026-05-15,4074.98
CUST004513,Alka Ahuja,Hyderabad,2025-03-02,Y,Organic,UPI,Occasional,4,2026-06-29,2351.25
CUST004514,Theodore Prabhu,Chennai,2025-09-02,N,Partner Campaign,UPI,New,1,2026-06-24,1145.1
CUST004515,Deepa Bumb,Delhi NCR,2023-08-01,Y,Referral,Credit/Debit Card,Registered Only,0,,0.0
CUST004516,Praneel Agate,Chennai,2026-03-07,N,Paid Search,Cash on Delivery,Regular,8,2026-06-27,7338.16
CUST004517,Ati Nagi,Delhi NCR,2024-05-24,N,Organic,UPI,Regular,5,2026-06-07,5305.77
CUST004518,Saanvi Taneja,Pune,2025-09-10,N,Partner Campaign,UPI,Premium,15,2026-06-21,24115.49
CUST004519,Forum Manne,Bengaluru,2023-07-31,N,Paid Search,Credit/Debit Card,New,1,2026-04-10,1857.86
CUST004520,Girindra Karpe,Pune,2025-06-24,N,Social Media,UPI,Occasional,3,2026-05-15,1706.7
CUST004521,Azaan Kulkarni,Chennai,2025-08-04,Y,Referral,UPI,Occasional,4,2026-06-27,4188.13
CUST004522,Xiti Arora,Mumbai,2023-11-23,N,Organic,Net Banking,Registered Only,0,,0.0
CUST004523,Aarav Ahuja,Bengaluru,2024-12-20,N,Referral,UPI,New,1,2026-05-10,3644.24
CUST004524,Avni Oza,Delhi NCR,2023-11-16,Y,Social Media,UPI,New,1,2026-06-26,1183.11
CUST004525,Banjeet Sani,Hyderabad,2025-06-21,Y,Partner Campaign,Wallet,Registered Only,0,,0.0
CUST004526,Aarna De,Chennai,2025-02-28,Y,Referral,Credit/Debit Card,Occasional,2,2026-04-07,1326.15
CUST004527,Anika Purohit,Pune,2023-11-28,N,Organic,UPI,New,1,2026-06-26,3206.3
CUST004528,Ekta Banik,Pune,2024-10-25,N,Organic,Cash on Delivery,Premium,11,2026-06-27,10361.29
CUST004529,Eshana Cheema,Bengaluru,2024-03-20,N,Organic,UPI,Registered Only,0,,0.0
CUST004530,Maya Bains,Bengaluru,2023-03-30,Y,Social Media,UPI,New,1,2026-05-03,338.92
CUST004531,Veda Kala,Bengaluru,2026-03-07,N,Organic,Credit/Debit Card,Premium,13,2026-06-25,10055.83
CUST004532,Michael Memon,Delhi NCR,2024-07-24,N,Organic,UPI,Occasional,2,2026-06-24,5306.92
CUST004533,Alka Doshi,Hyderabad,2023-05-30,N,Referral,Net Banking,Registered Only,0,,0.0
CUST004534,Vinaya Karan,Hyderabad,2024-05-13,N,Referral,Wallet,New,1,2026-05-10,143.19
CUST004535,Fitan Uppal,Hyderabad,2023-06-21,N,Social Media,UPI,Regular,6,2026-05-31,2850.97
CUST004536,Ikbal Gole,Pune,2024-01-31,N,Social Media,Credit/Debit Card,New,1,2026-05-16,2219.77
CUST004537,Siya Chadha,Mumbai,2023-12-04,Y,Social Media,UPI,Occasional,2,2026-06-11,2048.35
CUST004538,Alexander Rastogi,Delhi NCR,2024-12-03,Y,Social Media,Cash on Delivery,Occasional,2,2026-06-23,897.18
CUST004539,Wridesh Basu,Chennai,2025-01-11,N,Paid Search,Wallet,New,1,2026-04-20,494.56
CUST004540,Yachana Narain,Mumbai,2024-06-03,Y,Organic,Credit/Debit Card,Occasional,2,2026-06-09,1059.65
CUST004541,Daniel Dutta,Bengaluru,2023-04-30,N,Social Media,UPI,Registered Only,0,,0.0
CUST004542,Wahab Agrawal,Pune,2024-04-28,N,Social Media,UPI,Occasional,3,2026-06-29,2356.03
CUST004543,Zaitra Halder,Delhi NCR,2023-10-17,N,Paid Search,Wallet,Occasional,2,2026-06-12,1532.26
CUST004544,Yoshita Tara,Chennai,2025-02-27,N,Organic,Cash on Delivery,New,1,2026-05-16,846.62
CUST004545,Harrison Jain,Pune,2024-10-26,N,Organic,Credit/Debit Card,Occasional,2,2026-06-22,2173.9
CUST004546,Henry Bora,Delhi NCR,2023-12-11,N,Organic,UPI,Occasional,4,2026-05-22,2074.72
CUST004547,Udyati Suri,Hyderabad,2023-04-19,N,Social Media,Credit/Debit Card,Occasional,2,2026-06-04,3503.17
CUST004548,Praneel Andra,Bengaluru,2024-03-21,N,Organic,Credit/Debit Card,Occasional,4,2026-06-21,5642.67
CUST004549,Jackson Mandal,Bengaluru,2023-05-17,N,Partner Campaign,UPI,Registered Only,0,,0.0
CUST004550,Harish Prashad,Mumbai,2025-09-15,N,Social Media,UPI,Occasional,2,2026-05-07,3786.2
CUST004551,Udarsh Lala,Bengaluru,2026-03-27,N,Paid Search,UPI,New,1,2026-05-03,1638.3
CUST004552,Xiti Dara,Pune,2025-04-22,N,Organic,Credit/Debit Card,Occasional,2,2026-04-26,2112.11
CUST004553,Daniel Narang,Bengaluru,2023-04-03,N,Social Media,Wallet,Registered Only,0,,0.0
CUST004554,Udant Balasubramanian,Bengaluru,2025-01-06,N,Organic,UPI,Registered Only,0,,0.0
CUST004555,Ayush Chaudhry,Chennai,2023-05-08,N,Social Media,UPI,Regular,5,2026-06-24,1594.33
CUST004556,Bina Bala,Pune,2023-03-30,N,Referral,Cash on Delivery,Occasional,2,2026-06-10,3521.44
CUST004557,Darsh Sharaf,Bengaluru,2023-10-01,N,Paid Search,UPI,New,1,2026-05-26,1636.76
CUST004558,Udarsh Gara,Hyderabad,2023-04-27,N,Paid Search,UPI,Occasional,3,2026-06-07,3125.36
CUST004559,Chanchal Gupta,Mumbai,2025-07-19,N,Organic,Cash on Delivery,Registered Only,0,,0.0
CUST004560,Bina Narain,Hyderabad,2023-06-22,Y,Referral,UPI,Registered Only,0,,0.0
CUST004561,Triveni Das,Hyderabad,2023-07-27,N,Referral,Credit/Debit Card,Registered Only,0,,0.0
CUST004562,Arya Bajwa,Chennai,2024-03-17,Y,Referral,UPI,Occasional,3,2026-05-12,3229.27
CUST004563,Nachiket Kakar,Pune,2023-12-13,N,Paid Search,UPI,Occasional,4,2026-05-29,3418.89
CUST004564,Ijaya Sama,Mumbai,2024-04-17,N,Paid Search,Credit/Debit Card,Occasional,4,2026-06-21,6249.57
CUST004565,Dalaja Seth,Mumbai,2024-07-22,N,Partner Campaign,Credit/Debit Card,New,1,2026-05-09,2141.65
CUST004566,Indira Divan,Pune,2023-07-24,N,Referral,UPI,New,1,2026-04-07,270.14
CUST004567,Yahvi Mahajan,Delhi NCR,2025-10-08,N,Organic,UPI,Occasional,2,2026-04-25,1357.3
CUST004568,Jason Khatri,Bengaluru,2023-06-24,Y,Organic,Wallet,Occasional,3,2026-05-23,2742.62
CUST004569,Tanvi Sur,Chennai,2023-04-16,N,Organic,Wallet,Premium,10,2026-06-26,6307.1
CUST004570,Triya Kulkarni,Bengaluru,2024-01-20,Y,Social Media,UPI,Registered Only,0,,0.0
CUST004571,Sudiksha Naidu,Bengaluru,2025-09-28,N,Organic,UPI,Registered Only,0,,0.0
CUST004572,Naksh Kaur,Delhi NCR,2023-07-03,N,Organic,UPI,New,1,2026-04-20,2589.55
CUST004573,Daksha Banik,Chennai,2024-07-20,Y,Partner Campaign,Wallet,Registered Only,0,,0.0
CUST004574,Dalbir Sarma,Delhi NCR,2024-02-25,N,Social Media,Credit/Debit Card,Regular,6,2026-06-04,6747.96
CUST004575,Yashvi Bail,Mumbai,2026-01-31,Y,Organic,Wallet,Registered Only,0,,0.0
CUST004576,Anmol Mutti,Hyderabad,2025-10-14,N,Social Media,Credit/Debit Card,Premium,6,2026-06-04,9199.0
CUST004577,Chaaya Kumer,Pune,2025-09-23,Y,Paid Search,UPI,Registered Only,0,,0.0
CUST004578,Qarin Balan,Mumbai,2025-07-27,Y,Paid Search,Credit/Debit Card,Occasional,3,2026-05-11,7624.95
CUST004579,Maanav Nigam,Bengaluru,2024-04-03,N,Partner Campaign,UPI,Registered Only,0,,0.0
CUST004580,Ekavir Nanda,Chennai,2025-10-11,Y,Partner Campaign,UPI,New,1,2026-04-05,706.07
CUST004581,Ekaja Oommen,Mumbai,2024-07-26,N,Referral,Cash on Delivery,Premium,16,2026-06-12,13194.13
CUST004582,Utkarsh Pathak,Bengaluru,2023-04-27,N,Referral,Credit/Debit Card,Registered Only,0,,0.0
CUST004583,Hemangini Parekh,Pune,2024-11-16,N,Social Media,Cash on Delivery,New,1,2026-04-18,1208.34
CUST004584,Adweta Sibal,Hyderabad,2025-01-17,N,Paid Search,UPI,Registered Only,0,,0.0
CUST004585,Deepa Borra,Hyderabad,2025-06-03,Y,Referral,Wallet,Registered Only,0,,0.0
CUST004586,Atharv Dave,Mumbai,2023-11-17,N,Organic,UPI,Premium,8,2026-06-29,11063.6
CUST004587,Frederick Pingle,Chennai,2023-07-19,Y,Paid Search,Credit/Debit Card,Occasional,3,2026-06-13,3869.76
CUST004588,Urmi Wadhwa,Chennai,2023-12-25,N,Organic,Wallet,Registered Only,0,,0.0
CUST004589,Harini Banerjee,Hyderabad,2024-12-21,Y,Referral,Cash on Delivery,Occasional,4,2026-06-26,2343.37
CUST004590,Damyanti Andra,Hyderabad,2025-09-17,Y,Organic,UPI,Premium,5,2026-06-04,8246.92
CUST004591,Omisha Koshy,Mumbai,2026-01-30,N,Referral,Net Banking,Occasional,4,2026-06-21,7817.48
CUST004592,Madhavi Bahri,Bengaluru,2024-04-21,Y,Referral,UPI,Occasional,3,2026-06-16,1273.85
CUST004593,Oliver Sekhon,Bengaluru,2023-05-07,Y,Paid Search,UPI,Regular,7,2026-06-18,7113.39
CUST004594,Leena Din,Bengaluru,2025-06-29,N,Paid Search,UPI,Occasional,2,2026-06-28,1752.04
CUST004595,Samaksh Deol,Pune,2023-04-22,Y,Referral,Credit/Debit Card,Registered Only,0,,0.0
CUST004596,Bakhshi Seshadri,Mumbai,2024-09-08,N,Organic,UPI,Occasional,2,2026-04-09,1251.32
CUST004597,Ucchal Kala,Hyderabad,2023-04-26,N,Organic,UPI,Occasional,3,2026-05-19,2466.49
CUST004598,Jai Cherian,Hyderabad,2024-10-18,N,Organic,UPI,Registered Only,0,,0.0
CUST004599,Hemani Shroff,Delhi NCR,2025-09-26,Y,Paid Search,UPI,Registered Only,0,,0.0
CUST004600,Bina Modi,Mumbai,2024-08-15,N,Paid Search,UPI,Registered Only,0,,0.0
CUST004601,Megha Sha,Mumbai,2026-01-13,N,Organic,UPI,Premium,5,2026-04-11,8150.4
CUST004602,Karan Jha,Chennai,2024-12-03,Y,Organic,Credit/Debit Card,Registered Only,0,,0.0
CUST004603,Azaan Virk,Hyderabad,2023-04-03,N,Paid Search,Credit/Debit Card,Premium,5,2026-05-31,9042.59
CUST004604,Charvi Korpal,Pune,2023-08-12,N,Organic,Wallet,New,1,2026-04-04,515.93
CUST004605,Widisha Sundaram,Delhi NCR,2023-09-17,N,Social Media,Credit/Debit Card,Premium,14,2026-06-09,9156.37
CUST004606,Aashi Sani,Hyderabad,2023-06-16,Y,Organic,Cash on Delivery,Registered Only,0,,0.0
CUST004607,Omkaar Oza,Delhi NCR,2024-07-08,Y,Organic,UPI,Occasional,2,2026-06-21,1656.02
CUST004608,Janani Bala,Mumbai,2026-03-01,N,Partner Campaign,Credit/Debit Card,Occasional,2,2026-06-20,2043.63
CUST004609,Christopher Rajan,Delhi NCR,2023-10-26,Y,Social Media,Credit/Debit Card,Occasional,4,2026-06-28,6229.75
CUST004610,Onveer Jain,Delhi NCR,2025-12-28,N,Paid Search,Net Banking,New,1,2026-04-15,412.93
CUST004611,Dhruv Sharaf,Mumbai,2024-03-18,N,Referral,UPI,Premium,3,2026-06-29,9320.91
CUST004612,Omaja Garde,Mumbai,2023-11-28,Y,Partner Campaign,Cash on Delivery,Occasional,4,2026-06-15,3066.48
CUST004613,Fariq Ahluwalia,Bengaluru,2024-05-31,N,Paid Search,UPI,Registered Only,0,,0.0
CUST004614,Madhavi Grewal,Delhi NCR,2023-11-25,Y,Paid Search,Wallet,Occasional,3,2026-05-04,5213.07
CUST004615,Girik Kohli,Hyderabad,2026-03-27,N,Organic,UPI,Occasional,3,2026-05-22,3261.81
CUST004616,Frado Narasimhan,Bengaluru,2026-02-03,Y,Organic,UPI,New,1,2026-04-21,2267.69
CUST004617,Ira Gala,Mumbai,2025-09-17,N,Organic,Wallet,New,1,2026-05-22,2406.68
CUST004618,Wridesh Mani,Delhi NCR,2024-01-10,Y,Social Media,UPI,New,1,2026-05-02,1355.55
CUST004619,Zaid Swamy,Chennai,2025-03-18,N,Referral,UPI,Occasional,3,2026-06-08,4528.82
CUST004620,Bimala Sundaram,Bengaluru,2023-07-31,N,Referral,UPI,New,1,2026-06-14,1954.28
CUST004621,Ekani Sachar,Hyderabad,2023-11-01,N,Organic,Wallet,Occasional,2,2026-05-24,1270.55
CUST004622,Rehaan Kale,Pune,2023-10-23,N,Paid Search,Wallet,Registered Only,0,,0.0
CUST004623,Kai Chauhan,Bengaluru,2024-03-13,N,Partner Campaign,UPI,Occasional,2,2026-06-20,4064.78
CUST004624,Hardik Chaudry,Hyderabad,2024-02-11,N,Referral,Cash on Delivery,New,1,2026-05-21,512.83
CUST004625,Meera Thaman,Delhi NCR,2025-06-01,N,Organic,UPI,Occasional,4,2026-06-15,901.36
CUST004626,Balhaar Bhatnagar,Hyderabad,2023-04-12,Y,Paid Search,Wallet,Occasional,3,2026-05-28,4086.04
CUST004627,Chatresh Nadkarni,Mumbai,2025-05-29,Y,Social Media,Credit/Debit Card,Registered Only,0,,0.0
CUST004628,Jackson Wason,Bengaluru,2023-12-28,Y,Social Media,Cash on Delivery,Regular,9,2026-06-17,7919.74
CUST004629,Anamika Krish,Delhi NCR,2025-04-07,N,Organic,Wallet,Occasional,4,2026-05-28,3853.03
CUST004630,Harrison Ahluwalia,Bengaluru,2023-08-03,N,Organic,UPI,Occasional,2,2026-05-28,1944.03
CUST004631,Ethan Vohra,Bengaluru,2024-09-07,N,Referral,UPI,Registered Only,0,,0.0
CUST004632,Azad Nigam,Chennai,2024-06-01,N,Organic,Credit/Debit Card,Occasional,2,2026-06-03,2041.55
CUST004633,Maanas Golla,Mumbai,2023-07-31,N,Paid Search,UPI,Premium,9,2026-06-20,11411.98
CUST004634,Vrinda Lad,Hyderabad,2024-09-27,Y,Social Media,Cash on Delivery,Premium,14,2026-06-27,12419.0
CUST004635,Chanchal Korpal,Hyderabad,2024-06-15,N,Organic,UPI,Occasional,2,2026-04-05,1988.57
CUST004636,Yashvi Ganesh,Chennai,2023-07-01,N,Paid Search,Cash on Delivery,Registered Only,0,,0.0
CUST004637,Hemal Devi,Chennai,2025-03-10,N,Paid Search,Net Banking,Registered Only,0,,0.0
CUST004638,Siddharth Sankaran,Bengaluru,2026-02-28,N,Partner Campaign,Credit/Debit Card,Occasional,2,2026-05-30,2894.47
CUST004639,Radha Varghese,Mumbai,2025-04-05,N,Social Media,Credit/Debit Card,New,1,2026-06-23,290.42
CUST004640,Maanas Johal,Mumbai,2025-08-06,N,Social Media,UPI,New,1,2026-04-06,462.84
CUST004641,Hemang Padmanabhan,Chennai,2026-03-22,N,Social Media,Credit/Debit Card,Registered Only,0,,0.0
CUST004642,Hamsini Kalla,Bengaluru,2024-12-27,Y,Partner Campaign,UPI,Registered Only,0,,0.0
CUST004643,Aarna Randhawa,Pune,2025-07-24,N,Paid Search,Cash on Delivery,Premium,10,2026-06-27,6106.6
CUST004644,Irya Bawa,Bengaluru,2026-03-10,N,Paid Search,UPI,Occasional,2,2026-06-14,2873.85
CUST004645,Urvi Ramakrishnan,Bengaluru,2026-02-05,N,Organic,UPI,Occasional,3,2026-05-29,1969.82
CUST004646,Yashica Buch,Mumbai,2024-08-17,N,Paid Search,UPI,Occasional,2,2026-05-26,1366.37
CUST004647,Jairaj Goswami,Mumbai,2024-11-03,N,Referral,UPI,Regular,6,2026-06-19,4763.98
CUST004648,Zayan Ravi,Chennai,2024-04-12,N,Organic,Credit/Debit Card,Occasional,2,2026-06-28,2138.41
CUST004649,Vasudha Sabharwal,Chennai,2024-02-26,N,Paid Search,UPI,New,1,2026-05-27,1065.3
CUST004650,Anya Amble,Chennai,2024-04-29,N,Referral,UPI,Regular,5,2026-06-14,4808.8
CUST004651,Pranit Korpal,Delhi NCR,2025-08-30,N,Organic,UPI,Premium,7,2026-06-25,14590.49
CUST004652,Harinakshi Kalita,Pune,2025-02-07,Y,Paid Search,UPI,New,1,2026-05-06,634.24
CUST004653,Ekiya Ahluwalia,Bengaluru,2026-01-23,Y,Paid Search,Wallet,Occasional,2,2026-06-03,930.72
CUST004654,Tanveer Arora,Chennai,2025-05-14,N,Paid Search,Cash on Delivery,New,1,2026-06-25,2104.94
CUST004655,Harshil Desai,Delhi NCR,2024-12-25,N,Organic,UPI,Occasional,3,2026-05-31,1828.48
CUST004656,Pooja Choudhary,Mumbai,2025-09-11,N,Social Media,Credit/Debit Card,Occasional,3,2026-06-03,2096.29
CUST004657,Hritik Varkey,Hyderabad,2024-02-13,N,Referral,UPI,Premium,8,2026-06-28,10644.39
CUST004658,Gaurang Peri,Bengaluru,2023-09-01,N,Social Media,UPI,Registered Only,0,,0.0
CUST004659,Azad Yogi,Pune,2024-04-28,Y,Referral,Credit/Debit Card,Occasional,2,2026-06-20,1263.45
CUST004660,Faras Madan,Delhi NCR,2024-11-20,N,Social Media,UPI,New,1,2026-04-21,507.05
CUST004661,Rudra Mutti,Mumbai,2024-09-04,Y,Partner Campaign,Wallet,Premium,7,2026-06-27,11175.18
CUST004662,Zehaan Iyengar,Pune,2023-11-29,N,Social Media,UPI,New,1,2026-04-20,955.42
CUST004663,Hemangini Menon,Delhi NCR,2023-05-16,Y,Organic,UPI,Occasional,2,2026-06-18,2190.1
CUST004664,Charita Bhardwaj,Bengaluru,2025-09-02,Y,Organic,UPI,Occasional,3,2026-06-15,6745.95
CUST004665,Peter Seth,Mumbai,2024-09-05,N,Organic,Net Banking,New,1,2026-04-21,1901.05
CUST004666,Ekani Zacharia,Chennai,2024-04-23,Y,Organic,Cash on Delivery,New,1,2026-04-16,1154.89
CUST004667,Om Mani,Pune,2023-06-03,N,Social Media,Cash on Delivery,Occasional,2,2026-06-08,1446.63
CUST004668,Sara Kamdar,Hyderabad,2024-04-21,N,Organic,Credit/Debit Card,New,1,2026-04-28,331.56
CUST004669,Ria Rao,Mumbai,2024-10-12,N,Organic,UPI,New,1,2026-05-18,444.2
CUST004670,Chanakya Chandran,Bengaluru,2025-10-16,N,Referral,Credit/Debit Card,Registered Only,0,,0.0
CUST004671,Zinal Dey,Bengaluru,2025-03-14,N,Referral,Wallet,Registered Only,0,,0.0
CUST004672,Vanya Johal,Bengaluru,2024-12-11,Y,Referral,UPI,Regular,7,2026-06-25,7535.97
CUST004673,Bhanumati Bhagat,Bengaluru,2025-02-20,N,Organic,Credit/Debit Card,Occasional,2,2026-06-29,220.73
CUST004674,Dayamai Dar,Delhi NCR,2024-08-07,N,Paid Search,UPI,Registered Only,0,,0.0
CUST004675,Krishna Jain,Delhi NCR,2025-10-23,N,Organic,Net Banking,Occasional,3,2026-06-20,4781.4
CUST004676,Jagdish Bumb,Chennai,2025-04-29,N,Referral,UPI,Registered Only,0,,0.0
CUST004677,Jacob Dara,Bengaluru,2023-06-03,Y,Social Media,Credit/Debit Card,Registered Only,0,,0.0
CUST004678,Gavin Kaul,Bengaluru,2025-12-02,N,Organic,UPI,Registered Only,0,,0.0
CUST004679,Anvi Palla,Mumbai,2023-05-20,N,Paid Search,Cash on Delivery,Occasional,4,2026-06-21,6005.8
CUST004680,Andrew Venkataraman,Hyderabad,2023-05-09,Y,Organic,Net Banking,Registered Only,0,,0.0
CUST004681,Mitesh Varughese,Chennai,2024-12-17,N,Organic,Wallet,Regular,6,2026-06-17,5740.78
CUST004682,Ayush Ramanathan,Mumbai,2026-02-16,N,Organic,UPI,New,1,2026-04-28,662.48
CUST004683,Avni Sura,Bengaluru,2025-02-04,Y,Paid Search,Net Banking,Occasional,3,2026-06-28,4498.12
CUST004684,Simon Grover,Bengaluru,2024-04-16,N,Organic,UPI,Regular,5,2026-06-18,4721.06
CUST004685,Vansha Murty,Bengaluru,2025-05-20,Y,Organic,UPI,New,1,2026-06-18,521.08
CUST004686,Rajata Ahluwalia,Bengaluru,2024-07-04,N,Organic,Wallet,New,1,2026-05-30,0.0
CUST004687,Jagvi Pathak,Hyderabad,2024-01-13,N,Referral,Credit/Debit Card,Occasional,3,2026-05-12,2316.52
CUST004688,Mekhala Mane,Chennai,2023-06-27,N,Social Media,UPI,Registered Only,0,,0.0
CUST004689,Balveer Gill,Mumbai,2023-06-05,Y,Referral,Credit/Debit Card,New,1,2026-04-01,685.89
CUST004690,Inaya Kaul,Mumbai,2025-08-13,N,Partner Campaign,Wallet,Occasional,4,2026-06-21,3709.57
CUST004691,Xavier Sur,Bengaluru,2025-05-16,N,Partner Campaign,Wallet,Registered Only,0,,0.0
CUST004692,Ijaya Lad,Pune,2023-12-20,Y,Referral,Credit/Debit Card,Occasional,2,2026-06-26,3637.73
CUST004693,Harish Dixit,Mumbai,2025-02-22,N,Referral,Wallet,Occasional,4,2026-05-17,7251.03
CUST004694,Yashoda Maharaj,Bengaluru,2024-02-10,N,Social Media,UPI,Occasional,3,2026-06-27,7535.96
CUST004695,Netra Tripathi,Hyderabad,2024-10-30,N,Paid Search,UPI,Registered Only,0,,0.0
CUST004696,Karan Raja,Chennai,2024-09-09,N,Paid Search,Credit/Debit Card,Occasional,4,2026-06-15,5944.89
CUST004697,Laksh Sarna,Bengaluru,2026-01-28,N,Social Media,Net Banking,Occasional,3,2026-04-05,924.05
CUST004698,Aarnav Amble,Mumbai,2025-04-23,N,Paid Search,Credit/Debit Card,Registered Only,0,,0.0
CUST004699,Yatin Barman,Delhi NCR,2024-01-02,Y,Social Media,Credit/Debit Card,Regular,5,2026-06-10,3268.26
CUST004700,Sudiksha Kari,Pune,2023-06-28,N,Partner Campaign,Net Banking,Occasional,3,2026-06-28,4690.87
CUST004701,Girik Tandon,Bengaluru,2023-07-25,Y,Social Media,UPI,Premium,21,2026-06-27,23334.47
CUST004702,Daksh Karnik,Bengaluru,2024-11-06,Y,Referral,Wallet,Registered Only,0,,0.0
CUST004703,Oscar Rajan,Mumbai,2023-12-12,N,Paid Search,UPI,Registered Only,0,,0.0
CUST004704,Onkar Bhavsar,Delhi NCR,2025-06-26,N,Organic,Net Banking,New,1,2026-06-16,1137.25
CUST004705,Zilmil Choudhury,Bengaluru,2025-04-01,N,Organic,UPI,New,1,2026-06-20,767.84
CUST004706,Gauri Kala,Mumbai,2024-08-10,N,Organic,UPI,Registered Only,0,,0.0
CUST004707,Ladli Narain,Bengaluru,2026-01-02,N,Partner Campaign,UPI,Registered Only,0,,0.0
CUST004708,Vasatika Patla,Pune,2023-08-16,N,Paid Search,Cash on Delivery,Premium,11,2026-06-26,16558.47
CUST004709,Udyati Sawhney,Bengaluru,2025-10-03,N,Social Media,Net Banking,Registered Only,0,,0.0
CUST004710,Vasudha Mukhopadhyay,Mumbai,2025-03-10,N,Partner Campaign,UPI,Occasional,2,2026-04-17,674.34
CUST004711,Priya Nair,Bengaluru,2025-08-25,N,Referral,UPI,Registered Only,0,,0.0
CUST004712,Frederick Koshy,Mumbai,2024-09-13,N,Paid Search,Cash on Delivery,Registered Only,0,,0.0
CUST004713,Balveer Raval,Chennai,2023-10-26,Y,Partner Campaign,Credit/Debit Card,Premium,5,2026-05-31,8741.01
CUST004714,Kavya Narasimhan,Hyderabad,2024-12-18,Y,Social Media,Credit/Debit Card,Registered Only,0,,0.0
CUST004715,Wahab Bail,Mumbai,2025-01-19,N,Partner Campaign,UPI,New,1,2026-04-05,1237.2
CUST004716,Aditya Bahl,Mumbai,2024-01-02,Y,Social Media,Wallet,New,1,2026-05-25,1326.7
CUST004717,Christopher Hans,Bengaluru,2026-02-14,N,Partner Campaign,Credit/Debit Card,Occasional,2,2026-06-18,3439.97
CUST004718,Hardik Batta,Bengaluru,2025-11-09,N,Referral,UPI,New,1,2026-04-11,313.91
CUST004719,Zinal Saha,Bengaluru,2025-07-03,Y,Social Media,UPI,Regular,6,2026-06-16,3912.54
CUST004720,Rachita Oak,Bengaluru,2023-12-29,N,Referral,Net Banking,New,1,2026-05-26,1143.6
CUST004721,Jagrati Sant,Bengaluru,2023-09-08,N,Social Media,Credit/Debit Card,Registered Only,0,,0.0
CUST004722,Anika Agarwal,Delhi NCR,2025-10-05,Y,Social Media,Credit/Debit Card,Premium,6,2026-06-11,8523.81
CUST004723,Kiaan Ganesh,Delhi NCR,2023-10-01,N,Organic,UPI,Registered Only,0,,0.0
CUST004724,Pooja Patla,Mumbai,2025-11-10,N,Organic,UPI,Registered Only,0,,0.0
CUST004725,Alexander Sanghvi,Pune,2025-07-03,N,Referral,Credit/Debit Card,New,1,2026-04-15,2321.64
CUST004726,Mekhala Patla,Mumbai,2024-10-24,N,Organic,UPI,Occasional,2,2026-06-12,817.59
CUST004727,Tanveer Raman,Pune,2024-09-11,Y,Partner Campaign,UPI,Registered Only,0,,0.0
CUST004728,Janya Kuruvilla,Bengaluru,2024-08-19,N,Paid Search,Cash on Delivery,New,1,2026-05-12,389.43
CUST004729,Netra Sandhu,Delhi NCR,2025-07-08,Y,Partner Campaign,Cash on Delivery,Registered Only,0,,0.0
CUST004730,Tanveer Shukla,Chennai,2024-04-30,N,Organic,UPI,Occasional,2,2026-06-29,643.18
CUST004731,Ishwar Gandhi,Bengaluru,2025-02-18,N,Paid Search,UPI,Regular,6,2026-06-22,3717.79
CUST004732,Praneel Biswas,Delhi NCR,2023-05-06,Y,Referral,Net Banking,New,1,2026-06-15,1702.72
CUST004733,Nihal Hora,Chennai,2024-04-07,N,Partner Campaign,UPI,Registered Only,0,,0.0
CUST004734,Jagrati Kurian,Chennai,2025-06-15,Y,Partner Campaign,UPI,Occasional,2,2026-06-18,1262.96
CUST004735,Faras Rege,Pune,2023-04-26,N,Social Media,Credit/Debit Card,Registered Only,0,,0.0
CUST004736,Geetika Tripathi,Delhi NCR,2024-01-06,N,Referral,Wallet,Premium,20,2026-06-28,30460.06
CUST004737,Vedhika Soman,Hyderabad,2025-12-10,N,Social Media,UPI,Occasional,3,2026-05-29,7394.42
CUST004738,Ladli Chaudhuri,Delhi NCR,2024-04-13,Y,Social Media,Credit/Debit Card,Regular,6,2026-06-21,3883.35
CUST004739,Inaya Khalsa,Mumbai,2024-08-23,N,Social Media,UPI,Registered Only,0,,0.0
CUST004740,Nihal Hayer,Bengaluru,2025-09-21,N,Organic,UPI,Registered Only,0,,0.0
CUST004741,Sanaya Gole,Bengaluru,2023-12-24,Y,Organic,UPI,Registered Only,0,,0.0
CUST004742,Ishita Chowdhury,Pune,2023-06-28,N,Organic,Wallet,Registered Only,0,,0.0
CUST004743,Bhavna Bobal,Chennai,2024-12-21,N,Organic,UPI,Occasional,2,2026-06-18,430.47
CUST004744,Mitali Gour,Mumbai,2023-09-19,Y,Organic,Net Banking,Occasional,2,2026-04-20,6083.37
CUST004745,Ekantika Kala,Delhi NCR,2024-08-30,N,Organic,UPI,Premium,13,2026-06-28,14907.41
CUST004746,Meera Lad,Hyderabad,2024-11-27,N,Paid Search,Credit/Debit Card,Premium,13,2026-06-21,14507.53
CUST004747,Nachiket Mane,Hyderabad,2023-04-20,Y,Partner Campaign,Wallet,Occasional,2,2026-06-06,690.57
CUST004748,Chandran Thakkar,Hyderabad,2023-08-16,N,Social Media,UPI,New,1,2026-04-20,912.8
CUST004749,Bhavika Gupta,Chennai,2024-10-30,N,Organic,UPI,Registered Only,0,,0.0
CUST004750,Mason Raj,Bengaluru,2024-12-09,Y,Paid Search,Credit/Debit Card,Occasional,2,2026-04-22,1432.02
CUST004751,Ubika Mitra,Chennai,2025-04-18,Y,Organic,UPI,Occasional,3,2026-06-15,1968.71
CUST004752,Chaman Cherian,Hyderabad,2023-07-19,N,Organic,UPI,Premium,7,2026-06-12,12095.25
CUST004753,Om Saini,Bengaluru,2024-06-09,N,Paid Search,UPI,Occasional,2,2026-05-03,1548.22
CUST004754,Alka Sundaram,Bengaluru,2024-05-06,N,Organic,Credit/Debit Card,New,1,2026-05-05,263.48
CUST004755,Brinda Bakshi,Mumbai,2025-12-28,N,Paid Search,Credit/Debit Card,New,1,2026-04-11,1996.24
CUST004756,Shravya Som,Delhi NCR,2024-11-07,N,Paid Search,Credit/Debit Card,Registered Only,0,,0.0
CUST004757,Advik Mall,Pune,2025-08-10,N,Social Media,Credit/Debit Card,Occasional,2,2026-05-03,841.3
CUST004758,Hema Jain,Pune,2025-04-05,Y,Social Media,UPI,Occasional,3,2026-06-25,3264.31
CUST004759,Akshay Chaudry,Hyderabad,2025-03-25,Y,Organic,Net Banking,Registered Only,0,,0.0
CUST004760,Kabir Hora,Hyderabad,2024-07-14,Y,Referral,UPI,Occasional,2,2026-06-14,1440.2
CUST004761,Rushil Chawla,Hyderabad,2024-04-21,N,Social Media,UPI,Occasional,3,2026-06-11,603.08
CUST004762,Raksha Ravel,Chennai,2026-03-17,N,Organic,Net Banking,Registered Only,0,,0.0
CUST004763,Anthony Thaman,Chennai,2024-09-30,N,Referral,Credit/Debit Card,Occasional,2,2026-04-15,4063.23
CUST004764,Vasana Chopra,Bengaluru,2023-03-30,N,Organic,Credit/Debit Card,Regular,9,2026-06-12,6408.15
CUST004765,Pranav Deol,Pune,2025-07-06,Y,Partner Campaign,UPI,Premium,25,2026-06-29,27850.14
CUST004766,Warjas Mann,Pune,2024-03-03,Y,Referral,Credit/Debit Card,Premium,11,2026-06-28,8125.49
CUST004767,Sachi Vasa,Hyderabad,2025-07-15,N,Organic,Wallet,Registered Only,0,,0.0
CUST004768,Devika Pillay,Hyderabad,2026-03-28,N,Paid Search,Credit/Debit Card,Premium,6,2026-06-16,10306.25
CUST004769,Imaran Gola,Chennai,2025-03-31,N,Partner Campaign,Net Banking,New,1,2026-05-17,912.31
CUST004770,Lavanya Menon,Hyderabad,2024-02-08,N,Organic,Net Banking,New,1,2026-05-06,594.12
CUST004771,Chameli Bora,Hyderabad,2023-07-24,N,Social Media,Cash on Delivery,New,1,2026-05-02,1521.47
CUST004772,Rachana Shankar,Bengaluru,2026-01-29,N,Paid Search,Wallet,Registered Only,0,,0.0
CUST004773,Janya Bajaj,Bengaluru,2024-11-04,N,Social Media,Net Banking,New,1,2026-06-10,1403.85
CUST004774,Advay Dara,Bengaluru,2025-08-26,Y,Paid Search,UPI,Premium,7,2026-06-26,10868.93
CUST004775,Rachita Natarajan,Delhi NCR,2025-01-11,N,Social Media,Credit/Debit Card,Registered Only,0,,0.0
CUST004776,Kritika Mall,Mumbai,2023-10-06,N,Organic,Wallet,New,1,2026-04-12,429.3
CUST004777,Yuvraj Bora,Mumbai,2026-03-10,N,Paid Search,Credit/Debit Card,New,1,2026-05-18,0.0
CUST004778,Nidra Iyer,Chennai,2024-12-29,Y,Social Media,UPI,Premium,11,2026-06-25,8435.25
CUST004779,Karan Baral,Delhi NCR,2025-01-09,N,Organic,Cash on Delivery,Regular,5,2026-05-31,4244.28
CUST004780,Yachana Koshy,Pune,2025-05-12,N,Social Media,UPI,Premium,4,2026-06-20,8022.9
CUST004781,Omkaar Bora,Chennai,2024-03-06,N,Social Media,Wallet,Occasional,2,2026-06-13,3412.25
CUST004782,Timothy Pingle,Bengaluru,2023-10-26,N,Organic,Credit/Debit Card,Occasional,3,2026-06-06,1392.03
CUST004783,Michael Pai,Hyderabad,2024-05-15,Y,Paid Search,Credit/Debit Card,Registered Only,0,,0.0
CUST004784,Faris Dutta,Bengaluru,2025-04-29,Y,Organic,UPI,Occasional,3,2026-05-11,4727.8
CUST004785,Indira Chanda,Bengaluru,2025-09-08,N,Organic,Net Banking,Regular,6,2026-06-26,4091.18
CUST004786,Ubika Bobal,Delhi NCR,2025-12-02,Y,Paid Search,Wallet,Occasional,4,2026-06-22,3028.12
CUST004787,Veda Sharma,Chennai,2025-07-16,N,Organic,UPI,New,1,2026-05-16,0.0
CUST004788,Tristan Nair,Bengaluru,2024-12-01,Y,Organic,UPI,New,1,2026-04-18,1091.74
CUST004789,Sai Loke,Bengaluru,2023-11-16,Y,Organic,UPI,Occasional,2,2026-06-19,1987.66
CUST004790,Thomas Dalal,Hyderabad,2025-09-27,N,Referral,Credit/Debit Card,Occasional,3,2026-06-16,625.33
CUST004791,Waida Shan,Delhi NCR,2024-01-21,Y,Social Media,Cash on Delivery,Regular,9,2026-06-26,7394.26
CUST004792,Jeremiah Jha,Hyderabad,2023-04-17,N,Social Media,Credit/Debit Card,Occasional,2,2026-06-14,685.98
CUST004793,Watika Kakar,Chennai,2024-11-08,N,Organic,UPI,Premium,20,2026-06-28,22367.82
CUST004794,Samesh Mander,Hyderabad,2023-06-08,N,Organic,Credit/Debit Card,Registered Only,0,,0.0
CUST004795,Chandran Rao,Mumbai,2023-11-10,N,Social Media,Credit/Debit Card,New,1,2026-05-16,476.19
CUST004796,Benjamin Kant,Bengaluru,2026-03-09,N,Paid Search,Credit/Debit Card,Registered Only,0,,0.0
CUST004797,Dhruv Mand,Delhi NCR,2025-05-18,Y,Partner Campaign,Wallet,Regular,6,2026-06-22,5145.5
CUST004798,Darika Sarkar,Pune,2023-07-21,N,Referral,UPI,New,1,2026-05-08,0.0
CUST004799,Radha Nadig,Bengaluru,2023-05-27,N,Organic,UPI,Regular,6,2026-06-22,4268.56
CUST004800,Naksh Chopra,Delhi NCR,2024-10-04,N,Referral,Credit/Debit Card,Premium,11,2026-06-25,18875.89
CUST004801,Vaishnavi Contractor,Hyderabad,2024-07-19,N,Paid Search,UPI,Occasional,2,2026-05-25,2977.6
CUST004802,Onkar Balan,Chennai,2025-10-09,N,Organic,Cash on Delivery,Registered Only,0,,0.0
CUST004803,Faris Dey,Pune,2025-12-24,N,Organic,Cash on Delivery,Registered Only,0,,0.0
CUST004804,Yahvi Gola,Delhi NCR,2025-11-07,N,Referral,Wallet,Registered Only,0,,0.0
CUST004805,Samuel Goswami,Bengaluru,2024-01-03,N,Partner Campaign,UPI,Occasional,4,2026-06-25,2252.29
CUST004806,Falan Brahmbhatt,Hyderabad,2024-06-16,N,Partner Campaign,UPI,Occasional,2,2026-06-03,1604.44
CUST004807,Yadavi Rau,Mumbai,2023-10-23,N,Referral,Wallet,Regular,5,2026-06-18,1954.54
CUST004808,Jagdish Choudhury,Hyderabad,2026-02-09,N,Referral,Wallet,New,1,2026-04-24,519.68
CUST004809,Gagan Warrior,Bengaluru,2023-11-28,N,Referral,Cash on Delivery,New,1,2026-04-26,870.76
CUST004810,Janaki Bhakta,Pune,2024-03-18,Y,Organic,Wallet,New,1,2026-05-25,1062.45
CUST004811,Radha Iyengar,Mumbai,2025-10-08,N,Paid Search,Wallet,Registered Only,0,,0.0
CUST004812,Chatresh Deshmukh,Hyderabad,2025-11-08,Y,Partner Campaign,UPI,New,1,2026-05-03,394.85
CUST004813,Yashvi Ravi,Hyderabad,2023-06-29,N,Organic,UPI,New,1,2026-06-13,226.0
CUST004814,Chameli Shere,Hyderabad,2023-03-29,N,Social Media,UPI,Occasional,2,2026-04-19,2844.31
CUST004815,Naksh Basu,Pune,2025-11-09,N,Organic,UPI,Occasional,3,2026-06-27,2459.47
CUST004816,Amol Shenoy,Bengaluru,2024-11-19,N,Referral,Credit/Debit Card,Premium,10,2026-06-17,8162.84
CUST004817,Abeer Nazareth,Hyderabad,2024-12-04,N,Organic,UPI,Occasional,3,2026-05-22,1479.77
CUST004818,Laban Dash,Mumbai,2026-03-20,N,Partner Campaign,Credit/Debit Card,New,1,2026-04-02,232.87
CUST004819,Gaurav Ramakrishnan,Mumbai,2023-11-15,N,Social Media,UPI,Premium,9,2026-06-19,15179.7
CUST004820,Chatresh Behl,Bengaluru,2023-12-31,N,Organic,Credit/Debit Card,Registered Only,0,,0.0
CUST004821,Yashodhara Pathak,Bengaluru,2024-06-07,N,Organic,UPI,Occasional,2,2026-06-15,636.9
CUST004822,Yachana Mahajan,Hyderabad,2024-10-05,N,Organic,UPI,New,1,2026-05-08,1245.77
CUST004823,Neel Kala,Bengaluru,2023-05-24,N,Paid Search,UPI,Registered Only,0,,0.0
CUST004824,Turvi Shenoy,Mumbai,2023-05-27,N,Organic,Credit/Debit Card,Occasional,3,2026-06-02,4671.97
CUST004825,Manan Varkey,Mumbai,2023-08-29,N,Paid Search,UPI,Occasional,2,2026-06-29,3243.74
CUST004826,Upadhriti Jani,Pune,2023-12-02,N,Paid Search,Credit/Debit Card,Occasional,2,2026-05-18,559.99
CUST004827,Siya Wagle,Bengaluru,2025-02-02,N,Organic,UPI,Registered Only,0,,0.0
CUST004828,Victor Mutti,Bengaluru,2025-08-04,N,Paid Search,UPI,Occasional,2,2026-06-16,535.45
CUST004829,Shravya Rastogi,Bengaluru,2025-10-31,N,Organic,Cash on Delivery,Occasional,3,2026-06-08,1453.41
CUST004830,Liam Mishra,Bengaluru,2026-03-01,Y,Social Media,UPI,Occasional,2,2026-06-29,1794.65
CUST004831,Jonathan Kothari,Bengaluru,2024-09-30,N,Social Media,Wallet,New,1,2026-04-18,2159.91
CUST004832,Radhika Hans,Delhi NCR,2024-02-06,N,Organic,Net Banking,New,1,2026-06-05,2387.18
CUST004833,Varenya Malhotra,Mumbai,2025-08-30,N,Social Media,Credit/Debit Card,New,1,2026-05-11,633.54
CUST004834,Rudra Bobal,Hyderabad,2023-07-11,Y,Social Media,Credit/Debit Card,New,1,2026-04-17,452.96
CUST004835,Hamsini Goda,Mumbai,2024-04-22,N,Organic,Cash on Delivery,Occasional,2,2026-06-12,3690.85
CUST004836,Advay Wagle,Chennai,2026-01-20,N,Organic,Credit/Debit Card,Occasional,3,2026-06-26,1024.33
CUST004837,Advik Seth,Delhi NCR,2024-05-29,N,Social Media,UPI,Occasional,3,2026-06-27,4759.72
CUST004838,Devika Prasad,Bengaluru,2025-05-20,N,Referral,UPI,Occasional,3,2026-06-18,4721.2
CUST004839,Kavya Devi,Pune,2024-05-25,N,Social Media,Cash on Delivery,New,1,2026-05-31,1144.2
CUST004840,Vrinda Guha,Chennai,2024-01-06,N,Paid Search,UPI,Occasional,2,2026-05-13,2546.37
CUST004841,Yagnesh Desai,Hyderabad,2023-12-06,N,Referral,Wallet,Occasional,2,2026-06-03,3332.75
CUST004842,Amara Wali,Bengaluru,2025-01-04,N,Paid Search,UPI,New,1,2026-04-15,490.14
CUST004843,Bimala Banerjee,Bengaluru,2024-12-29,Y,Organic,Cash on Delivery,Premium,10,2026-06-18,6817.21
CUST004844,Leena Dalal,Hyderabad,2024-03-01,Y,Referral,UPI,Registered Only,0,,0.0
CUST004845,Chandani Saini,Pune,2023-12-21,N,Organic,UPI,Occasional,2,2026-05-17,2464.94
CUST004846,Gayathri Chana,Delhi NCR,2023-06-12,N,Partner Campaign,UPI,Regular,6,2026-06-14,6015.16
CUST004847,Kevin Hayre,Bengaluru,2025-01-07,N,Organic,Cash on Delivery,Occasional,4,2026-06-21,1317.18
CUST004848,Noah Upadhyay,Bengaluru,2023-04-07,N,Paid Search,Wallet,New,1,2026-04-20,178.19
CUST004849,Gabriel Narain,Bengaluru,2023-04-28,N,Organic,Wallet,Registered Only,0,,0.0
CUST004850,Gaurika Bhatti,Bengaluru,2024-04-12,N,Organic,UPI,Regular,6,2026-06-12,4906.33
CUST004851,Lohit Mitra,Mumbai,2024-03-05,N,Social Media,Wallet,Premium,5,2026-06-23,8686.39
CUST004852,Andrew Morar,Bengaluru,2024-03-29,N,Organic,UPI,New,1,2026-05-02,1449.32
CUST004853,Sara Mangat,Chennai,2024-02-17,N,Referral,Net Banking,New,1,2026-05-04,1547.62
CUST004854,Owen Salvi,Mumbai,2025-08-04,N,Organic,Credit/Debit Card,Registered Only,0,,0.0
CUST004855,Brinda Chauhan,Hyderabad,2025-01-17,Y,Referral,UPI,Occasional,2,2026-05-26,760.09
CUST004856,Krishna Roy,Pune,2026-02-19,N,Social Media,Wallet,New,1,2026-04-04,2932.16
CUST004857,Neelima Das,Bengaluru,2025-08-12,N,Organic,UPI,Registered Only,0,,0.0
CUST004858,Champak Jayaraman,Mumbai,2025-09-28,N,Social Media,UPI,Occasional,2,2026-05-28,1081.8
CUST004859,Hitesh Mannan,Bengaluru,2024-11-21,N,Referral,Cash on Delivery,Regular,8,2026-06-28,6214.1
CUST004860,Madhav Chaudhary,Bengaluru,2025-02-19,N,Partner Campaign,Credit/Debit Card,New,1,2026-06-18,674.07
CUST004861,Damini Swaminathan,Mumbai,2025-03-12,N,Organic,Net Banking,Occasional,2,2026-05-25,1293.55
CUST004862,Dalaja Jain,Chennai,2024-04-19,Y,Organic,Cash on Delivery,New,1,2026-05-28,1518.47
CUST004863,Nidra Krish,Pune,2023-12-14,N,Social Media,Wallet,Registered Only,0,,0.0
CUST004864,Chaaya Barman,Bengaluru,2025-11-23,N,Referral,Credit/Debit Card,Occasional,2,2026-05-31,2585.56
CUST004865,Pavani Sura,Delhi NCR,2023-10-02,N,Paid Search,UPI,New,1,2026-05-17,978.47
CUST004866,Jasmit Kala,Hyderabad,2025-11-10,N,Partner Campaign,Cash on Delivery,Premium,12,2026-06-29,13704.25
CUST004867,Devika Chaudhuri,Mumbai,2025-04-04,Y,Organic,UPI,Occasional,2,2026-04-22,1472.23
CUST004868,Bakhshi Chaudhry,Bengaluru,2025-10-12,N,Social Media,Credit/Debit Card,Premium,8,2026-06-13,8877.14
CUST004869,Chatura Agarwal,Mumbai,2025-05-28,N,Referral,Cash on Delivery,Occasional,2,2026-06-22,3611.25
CUST004870,Ayush Rattan,Pune,2023-08-20,N,Organic,Credit/Debit Card,Registered Only,0,,0.0
CUST004871,Saumya More,Chennai,2025-06-20,N,Paid Search,UPI,Occasional,4,2026-06-24,3311.15
CUST004872,Advika Bahl,Pune,2024-04-11,N,Paid Search,Wallet,Occasional,2,2026-06-10,2328.63
CUST004873,Pavani Yogi,Pune,2025-08-14,N,Social Media,UPI,Registered Only,0,,0.0
CUST004874,Wridesh Kala,Bengaluru,2026-03-24,Y,Organic,UPI,New,1,2026-05-12,1186.84
CUST004875,Darika Kannan,Bengaluru,2024-12-26,Y,Partner Campaign,Cash on Delivery,Occasional,2,2026-06-08,7437.16
CUST004876,Mason Naik,Bengaluru,2025-10-12,N,Partner Campaign,UPI,New,1,2026-05-12,439.92
CUST004877,Barkha Pal,Chennai,2025-04-26,N,Social Media,Wallet,Occasional,3,2026-05-28,2660.86
CUST004878,Zilmil Bal,Bengaluru,2024-09-07,N,Social Media,UPI,Premium,12,2026-06-18,12060.17
CUST004879,Gaurav Saran,Mumbai,2025-06-02,N,Referral,UPI,Premium,12,2026-06-29,11881.95
CUST004880,Tanish Sama,Delhi NCR,2024-03-21,N,Referral,Cash on Delivery,Registered Only,0,,0.0
CUST004881,Madhavi Subramaniam,Delhi NCR,2025-01-27,N,Referral,UPI,Regular,8,2026-06-21,6012.68
CUST004882,Vyanjana Kar,Delhi NCR,2024-01-08,N,Partner Campaign,Cash on Delivery,Occasional,3,2026-06-25,3516.25
CUST004883,Samesh Kadakia,Mumbai,2025-10-01,Y,Organic,Net Banking,New,1,2026-04-24,1128.61
CUST004884,Hemang Divan,Delhi NCR,2025-03-01,N,Referral,Credit/Debit Card,Occasional,3,2026-06-15,4012.5
CUST004885,Leena Badal,Chennai,2023-04-02,N,Social Media,Credit/Debit Card,Premium,11,2026-06-23,8651.88
CUST004886,Oviya Bhalla,Delhi NCR,2023-06-01,N,Paid Search,UPI,New,1,2026-04-01,334.29
CUST004887,Meghana Cheema,Chennai,2024-12-12,Y,Social Media,UPI,New,1,2026-06-25,1198.65
CUST004888,Girindra Mannan,Bengaluru,2025-03-07,N,Referral,Wallet,Registered Only,0,,0.0
CUST004889,Lucky Karnik,Chennai,2023-11-05,N,Social Media,UPI,Occasional,3,2026-06-26,2795.63
CUST004890,Anya Mane,Bengaluru,2023-09-14,N,Organic,Wallet,New,1,2026-04-17,421.79
CUST004891,Falguni Lalla,Hyderabad,2023-11-22,Y,Social Media,UPI,Regular,7,2026-06-27,4330.69
CUST004892,Alexander Zachariah,Mumbai,2023-12-26,N,Social Media,Net Banking,New,1,2026-06-16,292.63
CUST004893,Aarush Lala,Pune,2025-11-09,N,Referral,Wallet,Occasional,2,2026-05-16,2532.07
CUST004894,Frederick Chander,Hyderabad,2025-05-01,N,Social Media,UPI,Registered Only,0,,0.0
CUST004895,Bhavika Bhatnagar,Bengaluru,2024-02-27,N,Partner Campaign,Wallet,Occasional,2,2026-06-08,3507.1
CUST004896,Inaya Biswas,Bengaluru,2024-06-14,Y,Paid Search,Cash on Delivery,Regular,8,2026-06-27,7349.26
CUST004897,Maya Lala,Mumbai,2023-12-22,N,Paid Search,Wallet,Occasional,2,2026-05-11,2311.75
CUST004898,Pallavi Dhillon,Pune,2026-01-08,N,Organic,Cash on Delivery,Occasional,2,2026-04-22,472.94
CUST004899,Shivani Mallick,Hyderabad,2024-01-04,Y,Social Media,Cash on Delivery,Regular,5,2026-06-21,6676.87
CUST004900,Vinaya Majumdar,Pune,2025-03-14,N,Social Media,UPI,Regular,6,2026-06-19,3587.79
CUST004901,Osha Venkatesh,Hyderabad,2024-02-16,N,Organic,Net Banking,New,1,2026-04-24,348.04
CUST004902,Mohini Madan,Mumbai,2025-12-06,N,Paid Search,Wallet,Occasional,2,2026-06-10,952.18
CUST004903,Ryan Rao,Delhi NCR,2024-08-25,N,Organic,Wallet,Occasional,4,2026-06-02,1409.61
CUST004904,Indali Bhalla,Hyderabad,2024-03-26,N,Organic,UPI,Occasional,2,2026-05-13,3128.17
CUST004905,Ubika Ganesan,Chennai,2026-02-04,N,Referral,UPI,Occasional,3,2026-05-22,4016.69
CUST004906,Panini Dua,Mumbai,2025-06-07,N,Paid Search,Net Banking,Registered Only,0,,0.0
CUST004907,Suhani Devi,Hyderabad,2026-03-17,N,Organic,Cash on Delivery,Regular,5,2026-06-15,5799.05
CUST004908,Pooja Mahajan,Bengaluru,2025-09-25,Y,Social Media,UPI,Registered Only,0,,0.0
CUST004909,Upadhriti Rajan,Hyderabad,2024-11-08,N,Social Media,Credit/Debit Card,Registered Only,0,,0.0
CUST004910,Manan Sridhar,Mumbai,2025-09-28,N,Social Media,Net Banking,New,1,2026-06-23,96.91
CUST004911,Onveer Date,Hyderabad,2024-02-12,N,Organic,UPI,Registered Only,0,,0.0
CUST004912,Oni Natarajan,Hyderabad,2025-04-17,N,Social Media,Net Banking,New,1,2026-06-02,1212.16
CUST004913,Reva Parekh,Bengaluru,2024-09-07,N,Referral,UPI,Registered Only,0,,0.0
CUST004914,Xiti Joshi,Chennai,2025-04-28,N,Referral,UPI,Registered Only,0,,0.0
CUST004915,Kiaan Kapadia,Hyderabad,2023-12-23,Y,Organic,UPI,Occasional,3,2026-06-13,1773.18
CUST004916,Bachittar Kapadia,Pune,2024-08-28,Y,Organic,Net Banking,Registered Only,0,,0.0
CUST004917,Manthan Nori,Bengaluru,2023-09-28,Y,Social Media,Credit/Debit Card,Occasional,3,2026-05-20,4898.06
CUST004918,Gaurav Mani,Mumbai,2023-04-08,N,Social Media,Wallet,Occasional,2,2026-05-07,2007.71
CUST004919,Baljiwan Salvi,Chennai,2024-08-18,N,Organic,Net Banking,Occasional,2,2026-05-18,2784.58
CUST004920,Sarthak Sahni,Bengaluru,2025-09-20,Y,Referral,UPI,Occasional,4,2026-06-27,4904.37
CUST004921,Advik Dasgupta,Bengaluru,2023-08-21,N,Organic,Credit/Debit Card,Regular,6,2026-05-06,7050.39
CUST004922,Logan Panchal,Bengaluru,2023-05-10,N,Organic,Net Banking,Registered Only,0,,0.0
CUST004923,Idika Hayre,Hyderabad,2023-10-26,N,Paid Search,UPI,Registered Only,0,,0.0
CUST004924,Abhiram Rajagopalan,Pune,2025-01-05,N,Paid Search,UPI,Registered Only,0,,0.0
CUST004925,Thomas Narasimhan,Hyderabad,2025-08-26,N,Organic,UPI,Premium,16,2026-06-27,17819.89
CUST004926,Simon Jaggi,Hyderabad,2023-06-15,N,Social Media,UPI,Registered Only,0,,0.0
CUST004927,Ganga Bhavsar,Hyderabad,2024-02-12,N,Organic,Credit/Debit Card,Registered Only,0,,0.0
CUST004928,Vasana Raval,Bengaluru,2025-09-09,N,Paid Search,UPI,New,1,2026-04-02,324.57
CUST004929,Qabil Khalsa,Mumbai,2023-12-22,N,Social Media,Credit/Debit Card,New,1,2026-05-31,528.45
CUST004930,Dakshesh Ramaswamy,Hyderabad,2024-01-12,N,Organic,Wallet,Occasional,2,2026-05-16,5301.18
CUST004931,Rishi Bains,Chennai,2024-01-22,Y,Paid Search,UPI,Registered Only,0,,0.0
CUST004932,Waida Ramesh,Delhi NCR,2024-12-18,N,Social Media,UPI,Registered Only,0,,0.0
CUST004933,Avni Mitra,Chennai,2024-07-29,Y,Paid Search,UPI,New,1,2026-04-14,1278.91
CUST004934,Bina Narayan,Pune,2024-11-11,N,Organic,Cash on Delivery,New,1,2026-06-04,0.0
CUST004935,Anvi Mall,Bengaluru,2024-10-17,N,Organic,Wallet,Registered Only,0,,0.0
CUST004936,Bimala Chaudry,Delhi NCR,2026-01-09,N,Organic,Wallet,New,1,2026-04-04,886.39
CUST004937,Charan Chakraborty,Bengaluru,2023-12-08,Y,Organic,Wallet,Occasional,3,2026-06-21,3747.41
CUST004938,Radha Keer,Bengaluru,2025-11-24,N,Organic,UPI,New,1,2026-04-29,3552.51
CUST004939,Suhani Varkey,Delhi NCR,2024-08-30,N,Organic,UPI,Registered Only,0,,0.0
CUST004940,Shivansh Ghose,Bengaluru,2025-05-08,N,Referral,UPI,Occasional,2,2026-06-10,2504.97
CUST004941,Yagnesh Nath,Delhi NCR,2024-07-16,N,Referral,Credit/Debit Card,New,1,2026-04-29,520.43
CUST004942,Osha D’Alia,Mumbai,2024-11-06,Y,Referral,Wallet,Occasional,4,2026-06-18,7269.98
CUST004943,Turvi Narain,Delhi NCR,2025-03-07,N,Organic,UPI,Registered Only,0,,0.0
CUST004944,Harini Gokhale,Bengaluru,2025-11-24,N,Partner Campaign,UPI,Occasional,2,2026-06-04,1492.54
CUST004945,Warda Dalal,Hyderabad,2024-12-22,N,Organic,UPI,Registered Only,0,,0.0
CUST004946,Eta Lad,Bengaluru,2025-11-22,Y,Organic,UPI,Registered Only,0,,0.0
CUST004947,Chakradhar Lalla,Bengaluru,2024-02-12,N,Organic,UPI,Regular,7,2026-06-29,3858.54
CUST004948,Dalaja Bawa,Mumbai,2023-08-07,N,Organic,Credit/Debit Card,Premium,28,2026-06-29,27240.33
CUST004949,Gaurangi Sachdeva,Delhi NCR,2023-08-14,N,Organic,UPI,New,1,2026-06-24,417.33
CUST004950,Harini Sarin,Bengaluru,2024-06-08,N,Referral,UPI,New,1,2026-06-04,188.68
CUST004951,Logan Chopra,Bengaluru,2025-11-04,N,Social Media,Cash on Delivery,Occasional,2,2026-05-09,2377.09
CUST004952,Thomas Kamdar,Pune,2023-05-22,Y,Referral,Cash on Delivery,New,1,2026-06-28,1372.72
CUST004953,Ria Ganesan,Mumbai,2025-03-22,N,Partner Campaign,Cash on Delivery,New,1,2026-04-11,961.76
CUST004954,Viraj Chokshi,Mumbai,2024-02-10,N,Referral,UPI,Occasional,2,2026-05-31,1611.12
CUST004955,Theodore Bora,Bengaluru,2025-10-11,N,Referral,UPI,New,1,2026-05-14,605.98
CUST004956,Jeremiah Menon,Bengaluru,2024-05-26,N,Paid Search,Cash on Delivery,Occasional,3,2026-06-27,2232.55
CUST004957,Leena Panchal,Bengaluru,2023-11-26,N,Paid Search,UPI,Registered Only,0,,0.0
CUST004958,Chanakya Guha,Bengaluru,2023-06-30,N,Referral,UPI,Occasional,3,2026-05-14,4574.25
CUST004959,Yadavi Lalla,Mumbai,2023-07-22,Y,Partner Campaign,UPI,New,1,2026-04-22,522.4
CUST004960,Lajita Mohan,Mumbai,2026-02-21,N,Social Media,UPI,New,1,2026-04-17,3176.67
CUST004961,Anamika Gopal,Mumbai,2023-06-24,Y,Social Media,Net Banking,New,1,2026-04-18,644.45
CUST004962,Nisha Tailor,Mumbai,2023-04-26,N,Paid Search,UPI,Regular,6,2026-06-18,6959.09
CUST004963,Kamya Solanki,Hyderabad,2024-05-14,N,Organic,Credit/Debit Card,Registered Only,0,,0.0
CUST004964,Nimrat Hegde,Delhi NCR,2024-06-07,N,Organic,UPI,Regular,8,2026-06-17,7083.92
CUST004965,Chasmum Dara,Hyderabad,2023-04-29,Y,Social Media,Credit/Debit Card,New,1,2026-06-25,252.33
CUST004966,Samar Manda,Mumbai,2024-04-19,N,Paid Search,UPI,Registered Only,0,,0.0
CUST004967,Ojasvi Panchal,Bengaluru,2025-03-27,N,Partner Campaign,UPI,Occasional,4,2026-06-29,5954.64
CUST004968,Megha Sethi,Hyderabad,2023-12-25,N,Paid Search,UPI,Occasional,3,2026-06-26,2267.96
CUST004969,Jagvi Subramaniam,Bengaluru,2025-09-20,N,Organic,Credit/Debit Card,New,1,2026-06-19,1499.86
CUST004970,Shaurya Bhavsar,Bengaluru,2026-02-17,N,Paid Search,UPI,Premium,9,2026-06-21,10965.0
CUST004971,Omisha Pandit,Hyderabad,2024-06-05,N,Organic,UPI,Registered Only,0,,0.0
CUST004972,Janani Ramakrishnan,Delhi NCR,2024-12-17,N,Partner Campaign,UPI,New,1,2026-06-17,221.77
CUST004973,Idika Natt,Mumbai,2024-08-30,N,Referral,Credit/Debit Card,Regular,5,2026-05-20,5033.36
CUST004974,Vanya Vohra,Hyderabad,2024-08-18,Y,Organic,Credit/Debit Card,New,1,2026-05-19,1214.88
CUST004975,Mohammed Tailor,Delhi NCR,2025-12-05,Y,Partner Campaign,UPI,New,1,2026-06-03,1613.9
CUST004976,Zarna Bhatnagar,Bengaluru,2023-09-08,Y,Organic,Net Banking,Premium,10,2026-06-23,10804.46
CUST004977,Gauri Pandey,Mumbai,2026-03-21,N,Social Media,UPI,Occasional,4,2026-04-28,2440.57
CUST004978,Vivaan Subramaniam,Delhi NCR,2025-02-15,Y,Social Media,UPI,Registered Only,0,,0.0
CUST004979,Turvi Seth,Delhi NCR,2025-07-29,N,Referral,UPI,Occasional,2,2026-05-06,1975.06
CUST004980,Balvan Aurora,Bengaluru,2025-02-19,Y,Organic,UPI,Registered Only,0,,0.0
CUST004981,Hredhaan Mukhopadhyay,Delhi NCR,2024-07-22,Y,Referral,UPI,Regular,6,2026-06-09,6648.73
CUST004982,Tanvi Tandon,Delhi NCR,2025-10-10,N,Organic,Cash on Delivery,Occasional,2,2026-06-27,1135.44
CUST004983,Kevin Dani,Bengaluru,2025-09-10,N,Organic,Cash on Delivery,Registered Only,0,,0.0
CUST004984,Upkaar Deo,Hyderabad,2023-07-22,N,Organic,UPI,New,1,2026-06-19,437.13
CUST004985,Ryan Dayal,Chennai,2023-06-10,N,Paid Search,UPI,New,1,2026-05-21,1278.03
CUST004986,Aishani Ahuja,Hyderabad,2023-05-15,Y,Partner Campaign,UPI,Occasional,4,2026-06-24,7071.06
CUST004987,Tripti Pandey,Mumbai,2023-11-28,N,Referral,UPI,Premium,12,2026-06-27,7925.34
CUST004988,Megha Reddy,Pune,2024-01-24,N,Organic,Wallet,Registered Only,0,,0.0
CUST004989,Jalsa Pant,Delhi NCR,2026-01-28,N,Referral,Cash on Delivery,Occasional,3,2026-04-07,2441.87
CUST004990,Chandani Dora,Mumbai,2026-01-12,N,Organic,Credit/Debit Card,Premium,20,2026-06-28,23649.39
CUST004991,Zansi Chana,Bengaluru,2023-06-27,N,Organic,UPI,Registered Only,0,,0.0
CUST004992,Saksham Luthra,Delhi NCR,2023-05-28,N,Organic,UPI,Premium,7,2026-06-09,10959.34
CUST004993,Madhavi Nigam,Delhi NCR,2026-03-13,N,Organic,UPI,Registered Only,0,,0.0
CUST004994,Joshua Bansal,Pune,2025-11-14,Y,Paid Search,Credit/Debit Card,Registered Only,0,,0.0
CUST004995,Ryan Pau,Hyderabad,2025-11-03,N,Partner Campaign,Wallet,Registered Only,0,,0.0
CUST004996,Jairaj Balasubramanian,Bengaluru,2024-12-09,N,Social Media,Credit/Debit Card,Occasional,3,2026-06-29,1193.21
CUST004997,Wyatt Malhotra,Bengaluru,2024-09-05,Y,Organic,UPI,New,1,2026-06-29,1166.55
CUST004998,Mitali Sani,Delhi NCR,2025-12-31,N,Paid Search,UPI,New,1,2026-04-22,302.74
CUST004999,Nihal Oza,Mumbai,2023-06-03,Y,Organic,Wallet,Occasional,2,2026-05-16,809.61
CUST005000,Faqid Bose,Bengaluru,2023-11-10,N,Social Media,UPI,New,1,2026-04-30,498.04
CUST005001,Advaith Arora,Bengaluru,2026-01-15,N,Social Media,UPI,Registered Only,0,,0.0
CUST005002,Zaid Sami,Delhi NCR,2025-12-04,N,Paid Search,UPI,Occasional,2,2026-06-19,552.08
CUST005003,Umang Thaman,Chennai,2024-05-23,N,Organic,Cash on Delivery,Occasional,3,2026-05-27,7341.88
CUST005004,Osha Jani,Bengaluru,2026-01-27,N,Referral,Cash on Delivery,Occasional,3,2026-06-28,1891.68
CUST005005,Krisha Magar,Delhi NCR,2025-06-24,N,Referral,UPI,Premium,6,2026-06-15,9596.7
CUST005006,Rayaan Keer,Mumbai,2025-08-06,Y,Organic,Net Banking,Occasional,3,2026-06-29,3270.38
CUST005007,Ekanta Shroff,Bengaluru,2025-02-04,N,Paid Search,UPI,Occasional,4,2026-06-25,5994.28
CUST005008,Falguni Toor,Bengaluru,2025-02-07,N,Partner Campaign,Credit/Debit Card,Occasional,4,2026-06-04,1855.03
CUST005009,Vaishnavi Mall,Hyderabad,2024-08-24,N,Organic,UPI,Registered Only,0,,0.0
CUST005010,Vidhi Kurian,Mumbai,2025-09-16,Y,Organic,UPI,Occasional,2,2026-04-22,1500.88
CUST005011,Ekiya Pall,Pune,2023-12-03,N,Organic,Net Banking,Occasional,3,2026-05-25,2921.0
CUST005012,Upma Sarraf,Mumbai,2024-12-14,Y,Organic,UPI,Regular,5,2026-06-24,4307.57
CUST005013,Balvan Pai,Chennai,2024-10-30,N,Paid Search,UPI,Premium,11,2026-06-21,7207.84
CUST005014,Anirudh Keer,Hyderabad,2024-06-14,N,Organic,UPI,Registered Only,0,,0.0
CUST005015,Raghav Varty,Hyderabad,2024-06-03,N,Paid Search,Cash on Delivery,Registered Only,0,,0.0
CUST005016,Aayush Ray,Pune,2023-04-21,Y,Paid Search,Cash on Delivery,New,1,2026-04-16,641.37
CUST005017,Faras Goswami,Mumbai,2025-10-22,N,Referral,UPI,Occasional,3,2026-05-10,2771.79
CUST005018,Varsha Kothari,Hyderabad,2025-04-21,N,Organic,UPI,Regular,5,2026-06-24,7306.37
CUST005019,Amrita Dua,Bengaluru,2025-11-27,Y,Paid Search,Credit/Debit Card,New,1,2026-04-05,2255.65
CUST005020,Jagrati Shukla,Pune,2024-03-30,N,Referral,Credit/Debit Card,Occasional,3,2026-05-31,3121.99
CUST005021,Mugdha Natarajan,Pune,2025-08-25,N,Organic,UPI,Regular,5,2026-06-05,2869.04
CUST005022,Meghana Devan,Bengaluru,2023-05-08,Y,Paid Search,Credit/Debit Card,Registered Only,0,,0.0
CUST005023,Oscar Tata,Mumbai,2023-09-09,Y,Organic,Wallet,Occasional,3,2026-06-08,3021.63
CUST005024,Vedika Pall,Pune,2026-03-02,N,Social Media,UPI,New,1,2026-04-10,1835.42
CUST005025,Edhitha Singh,Pune,2025-06-08,N,Paid Search,Cash on Delivery,Regular,8,2026-06-24,5340.25
CUST005026,Vihaan Bumb,Chennai,2023-09-03,N,Social Media,UPI,Regular,6,2026-06-20,6803.03
CUST005027,Varsha Karpe,Bengaluru,2024-01-22,N,Paid Search,Net Banking,New,1,2026-06-27,2154.28
CUST005028,Jackson Salvi,Hyderabad,2025-03-25,N,Social Media,Credit/Debit Card,Regular,6,2026-06-29,6590.28
CUST005029,Aradhana Choudhary,Bengaluru,2025-12-29,N,Partner Campaign,UPI,New,1,2026-04-11,1429.2
CUST005030,Isha Shenoy,Hyderabad,2024-04-18,N,Referral,UPI,Occasional,2,2026-06-12,2146.01
CUST005031,Siddharth Batta,Mumbai,2023-07-27,N,Organic,Wallet,Regular,5,2026-06-24,3497.53
CUST005032,Dipta Ganguly,Delhi NCR,2026-03-16,N,Paid Search,UPI,New,1,2026-06-15,2354.47
CUST005033,Ethan Prakash,Delhi NCR,2023-10-11,N,Referral,Wallet,Occasional,2,2026-04-18,2163.23
CUST005034,Yashodhara Dara,Bengaluru,2024-10-05,Y,Organic,Cash on Delivery,Regular,5,2026-06-28,7002.57
CUST005035,Nathan Zacharia,Mumbai,2025-06-23,N,Partner Campaign,UPI,New,1,2026-06-26,1581.62
CUST005036,Radha Singhal,Mumbai,2024-01-26,N,Social Media,Net Banking,Registered Only,0,,0.0
CUST005037,Balveer Narula,Mumbai,2023-05-27,N,Referral,UPI,Occasional,2,2026-06-21,3738.58
CUST005038,William Loke,Hyderabad,2025-03-07,Y,Paid Search,Wallet,Occasional,2,2026-06-16,586.89
CUST005039,Hitesh Bawa,Bengaluru,2023-04-03,N,Organic,UPI,Registered Only,0,,0.0
CUST005040,Azaan Dasgupta,Bengaluru,2025-09-15,N,Paid Search,Wallet,Occasional,2,2026-06-10,2587.58
CUST005041,Yash Mutti,Hyderabad,2024-04-20,N,Organic,UPI,Registered Only,0,,0.0
CUST005042,Nisha Kata,Pune,2024-05-29,N,Organic,UPI,Occasional,4,2026-05-29,3804.83
CUST005043,Arya Ahluwalia,Chennai,2025-11-01,N,Organic,UPI,Occasional,3,2026-05-23,2838.57
CUST005044,Yochana Bahl,Delhi NCR,2025-08-24,Y,Partner Campaign,Net Banking,Regular,6,2026-06-07,5678.56
CUST005045,Faris Dash,Hyderabad,2023-07-15,N,Social Media,Wallet,Registered Only,0,,0.0
CUST005046,Samarth Koshy,Hyderabad,2023-06-28,Y,Organic,UPI,Occasional,3,2026-06-07,1603.73
CUST005047,Owen Wagle,Hyderabad,2025-01-01,N,Social Media,UPI,Registered Only,0,,0.0
CUST005048,Baghyawati Pall,Delhi NCR,2025-03-06,Y,Organic,Cash on Delivery,Occasional,4,2026-06-08,4503.57
CUST005049,Fariq Desai,Hyderabad,2023-04-11,N,Paid Search,Cash on Delivery,Registered Only,0,,0.0
CUST005050,Aradhana Sarna,Mumbai,2025-01-27,N,Partner Campaign,UPI,Occasional,4,2026-06-06,3205.28
CUST005051,Manbir Walla,Bengaluru,2025-09-30,N,Referral,Credit/Debit Card,New,1,2026-06-16,513.8
CUST005052,Tamanna Minhas,Pune,2025-10-23,Y,Social Media,UPI,Occasional,4,2026-05-27,3082.64
CUST005053,Benjamin Vig,Bengaluru,2025-05-10,N,Organic,UPI,Registered Only,0,,0.0
CUST005054,Lucky Barman,Bengaluru,2025-11-10,Y,Referral,UPI,New,1,2026-05-14,1597.4
CUST005055,Harish Mahajan,Bengaluru,2025-10-24,N,Referral,Credit/Debit Card,Premium,9,2026-06-19,8090.51
CUST005056,Yagnesh Wagle,Chennai,2023-05-12,N,Paid Search,Wallet,Registered Only,0,,0.0
CUST005057,Leena Natarajan,Mumbai,2024-09-10,N,Organic,Credit/Debit Card,Registered Only,0,,0.0
CUST005058,Chatura Mukherjee,Chennai,2025-03-15,N,Social Media,Credit/Debit Card,Occasional,2,2026-05-21,504.24
CUST005059,Ojas Bora,Bengaluru,2025-03-28,N,Referral,UPI,Occasional,2,2026-05-11,698.04
CUST005060,Ekani Ray,Hyderabad,2024-09-16,N,Social Media,UPI,New,1,2026-06-23,1605.86
CUST005061,Sathvik Sani,Chennai,2025-04-28,Y,Organic,UPI,Registered Only,0,,0.0
CUST005062,Balveer Brar,Bengaluru,2025-03-30,Y,Organic,UPI,Registered Only,0,,0.0
CUST005063,Patrick Din,Bengaluru,2025-11-16,Y,Referral,UPI,Registered Only,0,,0.0
CUST005064,Maanav Pathak,Bengaluru,2024-07-04,N,Referral,UPI,New,1,2026-05-27,1200.23
CUST005065,Ekavir Dewan,Bengaluru,2025-11-09,Y,Partner Campaign,Net Banking,Occasional,2,2026-06-08,4196.93
CUST005066,Lohit Chaudhuri,Hyderabad,2024-10-20,Y,Referral,UPI,Registered Only,0,,0.0
CUST005067,Dev Konda,Bengaluru,2025-01-03,Y,Paid Search,Credit/Debit Card,Occasional,2,2026-06-19,1073.59
CUST005068,Amaira Gara,Bengaluru,2024-05-29,Y,Paid Search,Credit/Debit Card,New,1,2026-05-15,887.3
CUST005069,Chatresh Mandal,Bengaluru,2024-04-07,N,Social Media,Wallet,Occasional,4,2026-06-29,2832.28
CUST005070,Orinder Dutt,Chennai,2024-12-13,N,Organic,Wallet,Regular,6,2026-05-31,4396.12
CUST005071,Tanveer Naik,Bengaluru,2024-01-23,Y,Organic,Wallet,New,1,2026-04-26,902.9
CUST005072,Dalaja Sur,Pune,2024-03-15,N,Organic,UPI,Regular,7,2026-06-22,4695.99
CUST005073,Krish Nazareth,Hyderabad,2023-07-03,Y,Organic,Credit/Debit Card,Regular,5,2026-06-29,1242.39
CUST005074,Yagnesh Sur,Mumbai,2026-02-17,N,Social Media,Cash on Delivery,Regular,8,2026-06-23,6109.02
CUST005075,Zarna Aurora,Chennai,2024-11-14,N,Organic,UPI,New,1,2026-06-01,1311.68
CUST005076,Pallavi Ramaswamy,Hyderabad,2023-09-09,N,Referral,UPI,Registered Only,0,,0.0
CUST005077,Girindra Hari,Mumbai,2023-04-29,N,Organic,UPI,Registered Only,0,,0.0
CUST005078,Avi Sankaran,Mumbai,2024-09-21,N,Partner Campaign,Credit/Debit Card,Registered Only,0,,0.0
CUST005079,Zehaan Memon,Bengaluru,2024-10-18,Y,Partner Campaign,UPI,New,1,2026-05-30,656.83
CUST005080,Aarush Kumar,Bengaluru,2025-10-01,N,Referral,UPI,Premium,6,2026-06-29,9235.56
CUST005081,Hiral Char,Mumbai,2024-03-18,N,Referral,Credit/Debit Card,Regular,7,2026-06-09,4627.42
CUST005082,Kamya Maharaj,Delhi NCR,2024-08-12,N,Organic,Wallet,Premium,11,2026-06-19,11931.85
CUST005083,Ubika Kapadia,Mumbai,2023-08-25,Y,Referral,Cash on Delivery,Registered Only,0,,0.0
CUST005084,Riya Saraf,Hyderabad,2024-03-01,N,Referral,UPI,New,1,2026-06-17,4627.15
CUST005085,Pratyush Malhotra,Mumbai,2024-09-21,Y,Referral,UPI,Premium,37,2026-06-28,41799.04
CUST005086,Joshua Dass,Pune,2025-08-16,N,Organic,Credit/Debit Card,Occasional,3,2026-06-16,5781.52
CUST005087,Jagrati Bhatti,Mumbai,2023-10-23,N,Social Media,Credit/Debit Card,Premium,5,2026-06-26,12491.77
CUST005088,Vasatika Wadhwa,Delhi NCR,2024-11-08,N,Paid Search,Wallet,Registered Only,0,,0.0
CUST005089,Lohit Jaggi,Delhi NCR,2024-12-26,Y,Partner Campaign,UPI,Occasional,2,2026-06-12,2996.53
CUST005090,Nidhi Rajagopal,Mumbai,2023-09-10,N,Organic,Cash on Delivery,New,1,2026-05-16,1771.59
CUST005091,Luke Singh,Delhi NCR,2023-10-08,Y,Organic,UPI,Occasional,2,2026-06-04,4012.94
CUST005092,Keya Contractor,Hyderabad,2025-11-24,N,Organic,Cash on Delivery,Occasional,3,2026-06-03,4045.23
CUST005093,Yoshita Ram,Mumbai,2024-07-06,Y,Organic,Credit/Debit Card,New,1,2026-06-08,975.07
CUST005094,Veda Sibal,Chennai,2023-12-12,N,Referral,Wallet,New,1,2026-05-15,759.63
CUST005095,Aradhana Thakur,Delhi NCR,2023-09-12,N,Paid Search,UPI,New,1,2026-05-03,245.83
CUST005096,Vanya Deshmukh,Mumbai,2025-03-19,Y,Social Media,Cash on Delivery,Registered Only,0,,0.0
CUST005097,Lakshit Kalla,Chennai,2025-04-24,Y,Organic,UPI,New,1,2026-04-01,761.01
CUST005098,Pushti Dixit,Hyderabad,2023-04-25,N,Referral,UPI,New,1,2026-04-02,43.58
CUST005099,Aahana Sathe,Hyderabad,2025-10-04,Y,Paid Search,UPI,Registered Only,0,,0.0
CUST005100,Agastya Swamy,Delhi NCR,2024-07-19,N,Organic,UPI,Occasional,2,2026-06-09,1404.47
CUST005101,Oeshi Sachdev,Hyderabad,2026-01-01,Y,Organic,UPI,Registered Only,0,,0.0
CUST005102,Yashoda Mangal,Hyderabad,2024-01-12,N,Organic,UPI,New,1,2026-06-02,0.0
CUST005103,Shaurya Dugar,Mumbai,2024-06-09,N,Paid Search,Cash on Delivery,Premium,16,2026-06-20,18114.42
CUST005104,Ikshita Kaul,Bengaluru,2023-06-29,Y,Social Media,Wallet,New,1,2026-06-06,119.64
CUST005105,Forum Jayaraman,Bengaluru,2024-03-26,N,Organic,UPI,Regular,6,2026-05-30,5116.71
CUST005106,Vansha Kashyap,Chennai,2024-12-31,Y,Organic,UPI,Premium,22,2026-06-22,28919.3
CUST005107,Zarna Bhattacharyya,Bengaluru,2025-09-12,N,Social Media,UPI,New,1,2026-05-22,1030.75
CUST005108,Amaira Sibal,Delhi NCR,2024-12-05,N,Organic,Net Banking,Regular,5,2026-06-11,4837.65
CUST005109,Advik Bera,Chennai,2023-04-14,N,Partner Campaign,Cash on Delivery,Regular,7,2026-06-15,7793.41
CUST005110,Rohan Lala,Mumbai,2024-01-14,N,Organic,UPI,New,1,2026-05-17,106.16
CUST005111,Ekaja Bhasin,Hyderabad,2024-07-21,Y,Organic,Net Banking,Registered Only,0,,0.0
CUST005112,Yadavi Srinivas,Mumbai,2023-09-26,Y,Paid Search,Credit/Debit Card,Registered Only,0,,0.0
CUST005113,Anay Narang,Mumbai,2023-09-29,Y,Paid Search,UPI,New,1,2026-04-02,1395.73
CUST005114,Vedant Lanka,Delhi NCR,2025-12-23,N,Social Media,UPI,Registered Only,0,,0.0
CUST005115,Gaurav Nanda,Hyderabad,2023-08-19,Y,Paid Search,UPI,Occasional,2,2026-06-01,870.69
CUST005116,Siddharth Mahal,Bengaluru,2026-03-30,N,Organic,UPI,Registered Only,0,,0.0
CUST005117,Lucky Mane,Bengaluru,2024-07-03,N,Organic,UPI,Occasional,2,2026-05-19,2848.49
CUST005118,Ekaraj Manne,Bengaluru,2025-01-10,N,Paid Search,Cash on Delivery,Premium,10,2026-06-29,21293.1
CUST005119,Pranav Bhargava,Mumbai,2025-12-18,N,Organic,UPI,Occasional,4,2026-05-27,2412.96
CUST005120,Sanaya Balay,Delhi NCR,2023-06-10,N,Social Media,UPI,Premium,10,2026-06-28,8673.97
CUST005121,Pavani Pai,Bengaluru,2025-10-23,Y,Social Media,Net Banking,Regular,5,2026-06-29,6844.62
CUST005122,Gaurang Deshpande,Hyderabad,2023-09-23,Y,Paid Search,Wallet,Occasional,3,2026-05-16,2403.62
CUST005123,Harsh Behl,Bengaluru,2023-04-18,Y,Paid Search,UPI,Occasional,2,2026-06-26,1823.87
CUST005124,Gabriel Bahri,Mumbai,2026-01-05,N,Organic,Wallet,Occasional,3,2026-06-07,2759.01
CUST005125,Vansha Samra,Bengaluru,2024-08-04,N,Referral,Cash on Delivery,Premium,7,2026-06-18,8566.17
CUST005126,Hredhaan Varma,Mumbai,2024-12-16,N,Paid Search,Credit/Debit Card,New,1,2026-05-06,2151.99
CUST005127,Pahal Soman,Pune,2025-12-28,Y,Organic,Wallet,Regular,9,2026-06-29,7634.12
CUST005128,Yug Tata,Chennai,2025-11-03,N,Referral,Credit/Debit Card,Registered Only,0,,0.0
CUST005129,Maya Narasimhan,Delhi NCR,2024-03-19,N,Paid Search,Credit/Debit Card,New,1,2026-05-17,1717.34
CUST005130,Kashvi Konda,Delhi NCR,2024-12-27,N,Social Media,UPI,Registered Only,0,,0.0
CUST005131,Nilima Gade,Hyderabad,2025-07-26,N,Paid Search,UPI,Regular,5,2026-06-21,7887.39
CUST005132,Nitara Kaul,Delhi NCR,2025-05-29,N,Paid Search,UPI,New,1,2026-05-28,308.68
CUST005133,Ronith Majumdar,Hyderabad,2025-10-11,N,Referral,Net Banking,Registered Only,0,,0.0
CUST005134,Vedika Chopra,Bengaluru,2024-04-22,N,Organic,Credit/Debit Card,Registered Only,0,,0.0
CUST005135,Yashasvi Sahni,Pune,2025-01-24,N,Organic,Net Banking,Premium,6,2026-06-24,9438.62
CUST005136,Niharika Bhattacharyya,Mumbai,2024-06-14,N,Organic,Wallet,Regular,6,2026-06-28,5367.19
CUST005137,Balveer Dhawan,Delhi NCR,2024-06-20,Y,Referral,UPI,Registered Only,0,,0.0
CUST005138,Ladli Agrawal,Chennai,2023-04-24,N,Social Media,UPI,Premium,6,2026-06-24,8433.71
CUST005139,Chameli Deshpande,Chennai,2023-09-04,N,Paid Search,UPI,Occasional,2,2026-06-05,847.39
CUST005140,Mohini Parmar,Bengaluru,2023-04-17,N,Organic,UPI,Registered Only,0,,0.0
CUST005141,Jagat Karan,Hyderabad,2024-07-10,N,Organic,UPI,New,1,2026-04-08,292.61
CUST005142,Kabir Walia,Delhi NCR,2023-05-20,N,Organic,Wallet,New,1,2026-06-20,1137.65
CUST005143,Wridesh Sangha,Mumbai,2025-12-24,N,Organic,UPI,New,1,2026-04-01,485.92
CUST005144,Harrison Murthy,Pune,2023-07-23,N,Paid Search,UPI,Occasional,3,2026-06-08,2601.37
CUST005145,Sarthak Pradhan,Bengaluru,2024-11-22,N,Referral,Wallet,Occasional,4,2026-06-12,3766.93
CUST005146,Radhika Lata,Hyderabad,2024-05-08,N,Organic,UPI,New,1,2026-05-16,1968.93
CUST005147,Omkaar Cheema,Pune,2025-08-06,N,Social Media,UPI,Registered Only,0,,0.0
CUST005148,Yoshita Tailor,Bengaluru,2024-09-04,N,Referral,Credit/Debit Card,New,1,2026-04-04,1773.51
CUST005149,Benjamin Nath,Hyderabad,2023-10-11,Y,Partner Campaign,Wallet,Registered Only,0,,0.0
CUST005150,Ekavir Char,Hyderabad,2024-09-04,N,Organic,Wallet,Registered Only,0,,0.0
CUST005151,Pushti Tiwari,Pune,2024-04-10,N,Organic,UPI,Regular,9,2026-06-28,6051.52
CUST005152,Jack Wali,Hyderabad,2024-08-09,N,Partner Campaign,UPI,Occasional,2,2026-06-19,3614.68
CUST005153,Januja Cherian,Hyderabad,2025-03-01,N,Organic,Cash on Delivery,New,1,2026-06-07,230.24
CUST005154,Vihaan Devan,Pune,2023-05-27,Y,Organic,Cash on Delivery,Registered Only,0,,0.0
CUST005155,Neelima Desai,Delhi NCR,2024-12-18,N,Social Media,Net Banking,Occasional,2,2026-06-12,564.63
CUST005156,Arunima Golla,Pune,2024-03-28,N,Referral,Cash on Delivery,New,1,2026-04-19,78.08
CUST005157,Xiti Chana,Chennai,2026-01-21,N,Paid Search,UPI,Occasional,2,2026-04-27,2447.05
CUST005158,Alka Mohanty,Mumbai,2024-11-17,Y,Organic,UPI,Occasional,2,2026-05-09,1332.83
CUST005159,Upadhriti Shukla,Bengaluru,2024-10-07,Y,Referral,Cash on Delivery,Registered Only,0,,0.0
CUST005160,Nachiket Mohanty,Mumbai,2025-12-05,N,Organic,UPI,New,1,2026-06-13,1004.79
CUST005161,Ayaan Pillai,Delhi NCR,2023-09-17,N,Social Media,Credit/Debit Card,Occasional,2,2026-06-24,4218.14
CUST005162,Max Rege,Chennai,2024-06-01,N,Social Media,UPI,New,1,2026-05-14,1825.68
CUST005163,Joshua Viswanathan,Bengaluru,2025-03-22,N,Referral,UPI,Registered Only,0,,0.0
CUST005164,Dakshesh Deep,Bengaluru,2026-02-24,N,Social Media,Credit/Debit Card,Occasional,2,2026-06-19,951.65
CUST005165,Arya Shukla,Hyderabad,2024-01-16,N,Partner Campaign,UPI,Occasional,2,2026-05-03,1454.41
CUST005166,Joshua Gulati,Bengaluru,2024-05-06,N,Referral,Credit/Debit Card,Occasional,2,2026-05-02,3280.1
CUST005167,Geetika Gandhi,Hyderabad,2025-08-23,N,Referral,Credit/Debit Card,Regular,5,2026-06-17,5275.39
CUST005168,Forum Rastogi,Mumbai,2025-09-17,N,Organic,UPI,Premium,4,2026-05-26,8527.65
CUST005169,Ganga Dyal,Chennai,2025-10-07,N,Social Media,UPI,Registered Only,0,,0.0
CUST005170,Raagini Sathe,Mumbai,2025-10-09,N,Social Media,UPI,New,1,2026-04-30,820.48
CUST005171,Xalak Chada,Chennai,2026-02-28,N,Organic,UPI,Occasional,2,2026-06-19,1485.18
CUST005172,Chatura Narula,Hyderabad,2024-07-08,N,Paid Search,UPI,Registered Only,0,,0.0
CUST005173,Zehaan Handa,Delhi NCR,2025-02-28,N,Referral,UPI,Registered Only,0,,0.0
CUST005174,Madhav Grover,Hyderabad,2023-10-28,N,Referral,Wallet,Registered Only,0,,0.0
CUST005175,Divya Parekh,Pune,2024-11-17,N,Social Media,Wallet,Occasional,2,2026-05-10,2610.21
CUST005176,Aditya Chander,Mumbai,2023-05-03,N,Organic,Credit/Debit Card,New,1,2026-04-05,1021.21
CUST005177,Rehaan Sibal,Bengaluru,2025-06-29,N,Paid Search,UPI,Registered Only,0,,0.0
CUST005178,Arunima Kibe,Delhi NCR,2025-10-06,Y,Social Media,Wallet,Occasional,2,2026-06-20,2101.61
CUST005179,Girish Doctor,Delhi NCR,2026-02-21,N,Referral,UPI,Registered Only,0,,0.0
CUST005180,Eiravati Sha,Pune,2023-10-08,N,Paid Search,UPI,Occasional,2,2026-04-19,2429.64
CUST005181,Meera Natt,Chennai,2024-01-16,N,Social Media,UPI,Registered Only,0,,0.0
CUST005182,Tanmayi Chahal,Mumbai,2023-09-04,N,Organic,UPI,Regular,8,2026-06-24,2897.27
CUST005183,Vansha Issac,Chennai,2026-03-16,Y,Organic,Credit/Debit Card,Regular,5,2026-06-27,5360.0
CUST005184,Girik Mutti,Pune,2024-06-20,N,Partner Campaign,UPI,Occasional,2,2026-05-15,4063.29
CUST005185,Naveen Issac,Delhi NCR,2025-04-05,N,Partner Campaign,Wallet,Occasional,2,2026-06-29,362.84
CUST005186,Indira Sule,Bengaluru,2025-01-01,N,Organic,UPI,Occasional,4,2026-06-08,5176.9
CUST005187,Sathvik Shere,Bengaluru,2023-12-15,Y,Organic,UPI,New,1,2026-06-27,524.17
CUST005188,Vrinda Parikh,Bengaluru,2025-09-02,N,Partner Campaign,Credit/Debit Card,Occasional,4,2026-06-27,5362.5
CUST005189,Jackson Manne,Hyderabad,2023-03-31,N,Organic,Net Banking,New,1,2026-05-10,881.27
CUST005190,Maanav Din,Pune,2025-09-27,Y,Referral,Wallet,New,1,2026-05-09,951.78
CUST005191,Netra Samra,Bengaluru,2023-04-06,Y,Referral,Wallet,New,1,2026-06-03,2030.97
CUST005192,Faris Ben,Bengaluru,2025-07-02,Y,Paid Search,UPI,Registered Only,0,,0.0
CUST005193,Rudra Wagle,Bengaluru,2025-07-26,N,Organic,UPI,Registered Only,0,,0.0
CUST005194,Deepa Seshadri,Bengaluru,2024-12-10,N,Social Media,Credit/Debit Card,Occasional,3,2026-04-19,2497.28
CUST005195,Hema Bedi,Delhi NCR,2024-06-02,N,Organic,Net Banking,Registered Only,0,,0.0
CUST005196,Vihaan Ganguly,Delhi NCR,2024-02-03,N,Organic,UPI,New,1,2026-05-17,132.66
CUST005197,Upasna Krish,Pune,2025-07-05,N,Partner Campaign,UPI,Occasional,2,2026-06-27,1899.07
CUST005198,Bhanumati Bora,Chennai,2024-10-19,N,Social Media,UPI,Occasional,2,2026-05-13,1173.8
CUST005199,Charles Bhasin,Delhi NCR,2024-06-25,N,Referral,UPI,Occasional,2,2026-06-26,6724.45
CUST005200,Jai Mahal,Pune,2024-09-15,Y,Social Media,UPI,Premium,10,2026-06-19,11819.01
CUST005201,Urvashi Sane,Bengaluru,2024-12-01,N,Referral,Net Banking,Registered Only,0,,0.0
CUST005202,Jackson Sheth,Hyderabad,2024-11-13,N,Organic,Cash on Delivery,Occasional,3,2026-05-23,5196.24
CUST005203,Vanya Chatterjee,Hyderabad,2025-09-24,N,Organic,Net Banking,Registered Only,0,,0.0
CUST005204,Laksh Acharya,Bengaluru,2025-06-28,Y,Paid Search,UPI,Registered Only,0,,0.0
CUST005205,Karan Tata,Bengaluru,2023-12-11,Y,Organic,Credit/Debit Card,Registered Only,0,,0.0
CUST005206,Harshil Maharaj,Mumbai,2024-02-03,N,Paid Search,Net Banking,Occasional,3,2026-05-26,4541.63
CUST005207,Abdul Pandit,Hyderabad,2025-10-17,N,Organic,UPI,New,1,2026-05-17,366.95
CUST005208,Urmi Iyengar,Hyderabad,2024-11-12,N,Social Media,Credit/Debit Card,Occasional,2,2026-05-16,1533.45
CUST005209,Luke Suresh,Mumbai,2025-01-11,Y,Referral,Wallet,Occasional,3,2026-06-22,1623.58
CUST005210,Harsh Datta,Bengaluru,2025-08-09,N,Partner Campaign,UPI,New,1,2026-06-16,120.56
CUST005211,Kavya D’Alia,Delhi NCR,2025-07-29,N,Organic,Net Banking,Occasional,3,2026-05-20,3770.06
CUST005212,Gaurav Date,Chennai,2025-04-30,N,Referral,Credit/Debit Card,Occasional,2,2026-05-26,878.58
CUST005213,Aarna Parmer,Delhi NCR,2025-03-23,Y,Organic,UPI,Occasional,3,2026-06-21,4107.91
CUST005214,Logan Shetty,Bengaluru,2024-08-24,N,Social Media,UPI,Registered Only,0,,0.0
CUST005215,Jatin Acharya,Bengaluru,2024-08-17,N,Partner Campaign,Wallet,Registered Only,0,,0.0
CUST005216,Lekha Prakash,Delhi NCR,2023-11-01,N,Organic,Wallet,Registered Only,0,,0.0
CUST005217,Zilmil Char,Delhi NCR,2025-02-23,Y,Referral,UPI,Occasional,2,2026-06-02,3840.57
CUST005218,Warjas Sharaf,Delhi NCR,2024-01-04,N,Partner Campaign,Wallet,Registered Only,0,,0.0
CUST005219,Guneet Chaudhary,Chennai,2023-06-18,Y,Referral,Cash on Delivery,Occasional,2,2026-06-13,2100.63
CUST005220,Victor Gala,Mumbai,2025-02-21,N,Paid Search,Credit/Debit Card,Registered Only,0,,0.0
CUST005221,Anya Viswanathan,Mumbai,2023-05-08,N,Partner Campaign,Net Banking,Registered Only,0,,0.0
CUST005222,Abhiram Pandey,Chennai,2024-09-02,Y,Referral,Cash on Delivery,Occasional,2,2026-06-11,752.02
CUST005223,Anjali Ramaswamy,Bengaluru,2023-09-19,Y,Referral,Cash on Delivery,Registered Only,0,,0.0
CUST005224,Fariq Jani,Bengaluru,2023-05-14,Y,Organic,UPI,Occasional,2,2026-06-13,1771.17
CUST005225,Pavani Subramaniam,Hyderabad,2023-12-30,N,Organic,UPI,New,1,2026-04-06,339.98
CUST005226,Eiravati Palan,Delhi NCR,2024-05-21,N,Referral,UPI,Occasional,3,2026-06-23,3544.16
CUST005227,Banjeet Sinha,Pune,2025-11-04,Y,Partner Campaign,UPI,Regular,9,2026-06-05,7630.87
CUST005228,Manya Raval,Delhi NCR,2023-05-01,Y,Organic,UPI,New,1,2026-04-29,308.2
CUST005229,Maanas Kata,Mumbai,2023-07-07,N,Organic,UPI,Occasional,2,2026-05-07,1049.95
CUST005230,Abhiram Yadav,Delhi NCR,2024-01-08,Y,Organic,UPI,New,1,2026-04-13,2269.02
CUST005231,Yatin Agrawal,Pune,2025-11-13,N,Referral,Net Banking,Regular,5,2026-06-14,4588.59
CUST005232,Darpan Kalla,Bengaluru,2025-06-18,N,Social Media,Wallet,New,1,2026-05-02,521.96
CUST005233,Chaitanya Mital,Delhi NCR,2023-06-20,N,Paid Search,UPI,Regular,5,2026-06-28,5012.2
CUST005234,Triya Pall,Hyderabad,2024-09-24,N,Organic,UPI,Occasional,3,2026-06-27,2770.23
CUST005235,Ladli Acharya,Delhi NCR,2024-12-09,N,Organic,Credit/Debit Card,Occasional,2,2026-06-27,1385.08
CUST005236,Eta Khanna,Pune,2024-12-18,N,Partner Campaign,UPI,Occasional,3,2026-06-15,2418.68
CUST005237,Varenya Rajan,Delhi NCR,2026-02-21,N,Referral,UPI,New,1,2026-06-15,170.22
CUST005238,Vritti Sanghvi,Delhi NCR,2025-07-28,N,Social Media,Wallet,New,1,2026-04-24,306.85
CUST005239,Chasmum Samra,Bengaluru,2025-12-23,N,Partner Campaign,Credit/Debit Card,Regular,7,2026-06-16,5754.0
CUST005240,Widisha Sha,Bengaluru,2023-04-17,Y,Social Media,UPI,Premium,27,2026-06-28,21576.73
CUST005241,Michael Kohli,Bengaluru,2025-08-06,Y,Social Media,UPI,Regular,6,2026-06-21,5723.98
CUST005242,Tanvi Venkatesh,Bengaluru,2025-06-09,Y,Organic,Credit/Debit Card,Occasional,4,2026-06-02,5140.67
CUST005243,Mitesh Trivedi,Mumbai,2025-08-30,Y,Organic,Cash on Delivery,Registered Only,0,,0.0
CUST005244,Anjali Khatri,Mumbai,2024-10-29,N,Organic,Credit/Debit Card,Registered Only,0,,0.0
CUST005245,Vedant Kale,Delhi NCR,2024-04-06,N,Organic,Credit/Debit Card,Occasional,2,2026-06-28,1613.63
CUST005246,Edhitha Goswami,Pune,2024-02-16,N,Referral,UPI,Regular,5,2026-06-23,4036.58
CUST005247,Jack Jayaraman,Bengaluru,2024-09-21,N,Organic,Credit/Debit Card,Occasional,3,2026-06-11,7952.36
CUST005248,Onkar Murthy,Bengaluru,2026-03-23,N,Referral,UPI,Occasional,2,2026-06-26,1541.79
CUST005249,Farhan Lata,Bengaluru,2024-04-19,Y,Partner Campaign,UPI,Registered Only,0,,0.0
CUST005250,Sneha Modi,Bengaluru,2023-04-27,N,Organic,UPI,Registered Only,0,,0.0
CUST005251,Frado Dixit,Bengaluru,2024-08-25,N,Organic,Net Banking,Registered Only,0,,0.0
CUST005252,Hamsini Buch,Mumbai,2023-11-29,N,Referral,UPI,Registered Only,0,,0.0
CUST005253,Patrick Yogi,Bengaluru,2023-07-25,Y,Referral,UPI,Registered Only,0,,0.0
CUST005254,Hritik Lal,Pune,2025-07-31,N,Referral,Wallet,Premium,12,2026-06-26,11376.1
CUST005255,Upadhriti Pandit,Bengaluru,2025-01-28,N,Organic,Credit/Debit Card,Occasional,2,2026-05-02,1411.6
CUST005256,Abdul Kulkarni,Mumbai,2026-02-22,N,Organic,Credit/Debit Card,Occasional,3,2026-06-01,2537.93
CUST005257,Aashi Gala,Delhi NCR,2024-05-02,N,Organic,Credit/Debit Card,Occasional,2,2026-06-12,2813.48
CUST005258,Anirudh Ahuja,Hyderabad,2026-03-18,N,Paid Search,UPI,Occasional,2,2026-04-05,1566.41
CUST005259,Anamika Basak,Mumbai,2023-06-09,N,Paid Search,Wallet,Regular,5,2026-06-06,5817.76
CUST005260,Rushil Sarkar,Bengaluru,2025-12-13,Y,Organic,UPI,Regular,6,2026-06-22,4091.84
CUST005261,Aryan Narasimhan,Chennai,2023-07-26,N,Partner Campaign,UPI,Regular,7,2026-06-01,3223.01
CUST005262,Jairaj Goswami,Mumbai,2025-11-28,Y,Paid Search,UPI,New,1,2026-05-12,1337.08
CUST005263,Upasna Char,Bengaluru,2024-07-25,N,Paid Search,UPI,Premium,35,2026-06-29,34704.99
CUST005264,Chanakya Bhatia,Bengaluru,2024-11-04,Y,Paid Search,UPI,Occasional,3,2026-06-29,1871.95
CUST005265,Gautami Chadha,Bengaluru,2025-12-18,Y,Organic,UPI,Registered Only,0,,0.0
CUST005266,Isaac Mishra,Delhi NCR,2024-05-21,Y,Partner Campaign,UPI,New,1,2026-06-04,846.98
CUST005267,Rushil Dhar,Delhi NCR,2024-02-03,N,Paid Search,Wallet,Occasional,3,2026-05-21,2768.42
CUST005268,Andrew Venkataraman,Chennai,2026-01-11,N,Social Media,Wallet,New,1,2026-05-31,2033.94
CUST005269,Jeet Saxena,Bengaluru,2024-06-26,N,Organic,UPI,Premium,13,2026-06-18,11944.4
CUST005270,Qushi Shan,Delhi NCR,2023-06-09,N,Referral,Cash on Delivery,Registered Only,0,,0.0
CUST005271,Dalbir Barad,Bengaluru,2024-08-28,N,Organic,UPI,Registered Only,0,,0.0
CUST005272,Nitara Puri,Delhi NCR,2023-08-12,N,Social Media,UPI,Occasional,2,2026-05-21,3095.61
CUST005273,Hardik Kari,Mumbai,2023-11-27,N,Paid Search,Wallet,New,1,2026-05-21,2018.4
CUST005274,Advik Bose,Delhi NCR,2024-12-27,N,Paid Search,UPI,Occasional,3,2026-06-13,894.2
CUST005275,Faraj Mohanty,Bengaluru,2024-06-09,N,Organic,UPI,Registered Only,0,,0.0
CUST005276,Chakradhar Lata,Mumbai,2024-05-20,N,Organic,Credit/Debit Card,New,1,2026-05-24,427.82
CUST005277,Samaksh Sarin,Bengaluru,2025-07-14,N,Partner Campaign,Cash on Delivery,New,1,2026-04-14,1072.94
CUST005278,Charan Chanda,Chennai,2025-08-01,N,Social Media,UPI,New,1,2026-06-07,217.59
CUST005279,Ojasvi Sarma,Chennai,2025-06-12,Y,Referral,UPI,Registered Only,0,,0.0
CUST005280,Orinder Vig,Bengaluru,2026-03-16,N,Paid Search,Cash on Delivery,New,1,2026-05-06,2817.21
CUST005281,Champak Goswami,Bengaluru,2024-06-28,N,Paid Search,UPI,Registered Only,0,,0.0
CUST005282,Darika Atwal,Bengaluru,2024-05-07,N,Paid Search,Credit/Debit Card,New,1,2026-05-15,335.62
CUST005283,Rachita Kale,Hyderabad,2025-02-21,N,Paid Search,Credit/Debit Card,Premium,12,2026-06-20,18142.19
CUST005284,Bhanumati Zachariah,Delhi NCR,2023-12-03,N,Paid Search,UPI,Registered Only,0,,0.0
CUST005285,Qabil Mishra,Bengaluru,2025-02-20,N,Referral,UPI,New,1,2026-04-19,383.19
CUST005286,Lakshmi Nayar,Delhi NCR,2023-04-04,N,Paid Search,UPI,New,1,2026-05-25,2761.19
CUST005287,Sai Choudhry,Delhi NCR,2023-07-01,N,Social Media,Credit/Debit Card,Premium,15,2026-06-29,14842.58
CUST005288,Shaurya Pillay,Hyderabad,2024-06-28,N,Referral,UPI,Occasional,2,2026-04-23,1634.29
CUST005289,Aarav Chaudhuri,Hyderabad,2025-05-18,Y,Partner Campaign,UPI,Occasional,3,2026-06-10,4238.94
CUST005290,Ekiya Chhabra,Mumbai,2024-02-22,N,Social Media,UPI,Registered Only,0,,0.0
CUST005291,Riya Batra,Mumbai,2025-08-08,N,Organic,Net Banking,Registered Only,0,,0.0
CUST005292,Samuel Shetty,Delhi NCR,2025-08-13,N,Paid Search,Credit/Debit Card,Premium,10,2026-06-21,13927.18
CUST005293,Nisha Tandon,Bengaluru,2024-10-23,N,Organic,Net Banking,New,1,2026-06-21,734.66
CUST005294,Yahvi Raman,Delhi NCR,2024-09-22,N,Referral,Cash on Delivery,Registered Only,0,,0.0
CUST005295,Megha Dhaliwal,Bengaluru,2024-04-17,Y,Social Media,UPI,Premium,9,2026-06-29,10902.52
CUST005296,Balvan Bhalla,Delhi NCR,2023-10-26,Y,Organic,UPI,New,1,2026-05-11,335.1
CUST005297,Omaja Nadig,Mumbai,2024-09-15,Y,Referral,Credit/Debit Card,Occasional,3,2026-05-21,2068.51
CUST005298,Dominic Wagle,Pune,2025-06-03,N,Referral,Cash on Delivery,Occasional,2,2026-06-07,3334.67
CUST005299,Fariq Sethi,Mumbai,2025-08-24,Y,Paid Search,Credit/Debit Card,Occasional,2,2026-06-27,1427.7
CUST005300,Anthony Bava,Bengaluru,2024-03-14,N,Paid Search,UPI,Occasional,2,2026-05-23,1180.64
CUST005301,Radhika Sanghvi,Pune,2024-09-14,N,Paid Search,Credit/Debit Card,Regular,5,2026-06-22,3795.63
CUST005302,Aishani Yadav,Hyderabad,2024-01-19,N,Organic,UPI,Registered Only,0,,0.0
CUST005303,Rishi Vala,Bengaluru,2023-04-05,N,Partner Campaign,UPI,Regular,5,2026-06-09,6915.89
CUST005304,Falak Gulati,Delhi NCR,2024-07-21,N,Organic,Credit/Debit Card,Registered Only,0,,0.0
CUST005305,Andrew Setty,Mumbai,2023-12-29,N,Organic,UPI,Occasional,2,2026-06-29,1056.5
CUST005306,Saanvi Bhalla,Bengaluru,2024-03-17,Y,Social Media,Credit/Debit Card,New,1,2026-05-26,1255.94
CUST005307,Vihaan Sawhney,Pune,2023-10-12,N,Partner Campaign,Cash on Delivery,New,1,2026-06-27,326.48
CUST005308,Champak Lad,Hyderabad,2025-04-04,N,Paid Search,Wallet,New,1,2026-06-20,1246.82
CUST005309,Dev Ganesh,Hyderabad,2026-01-21,N,Paid Search,UPI,Occasional,2,2026-06-09,2427.38
CUST005310,Zayan Peri,Pune,2024-05-20,Y,Paid Search,UPI,Registered Only,0,,0.0
CUST005311,Anamika Sem,Mumbai,2023-10-16,Y,Paid Search,Cash on Delivery,Occasional,2,2026-05-03,613.98
CUST005312,Akshay Kumar,Delhi NCR,2024-11-16,N,Organic,UPI,New,1,2026-04-16,84.81
CUST005313,Ganga Swaminathan,Delhi NCR,2023-11-23,N,Referral,Net Banking,Occasional,3,2026-06-23,3935.91
CUST005314,Avni Yogi,Delhi NCR,2023-11-10,N,Referral,Credit/Debit Card,Occasional,2,2026-05-29,3217.43
CUST005315,Ekantika Mall,Hyderabad,2026-01-02,N,Organic,Wallet,Occasional,2,2026-04-29,613.55
CUST005316,Urishilla Sankar,Mumbai,2025-11-04,N,Organic,Cash on Delivery,Occasional,2,2026-06-21,2330.01
CUST005317,Yatan Narayan,Mumbai,2023-10-31,Y,Organic,UPI,Registered Only,0,,0.0
CUST005318,Pooja Biswas,Chennai,2025-03-18,N,Partner Campaign,UPI,Occasional,2,2026-06-29,2053.32
CUST005319,Vivaan Soman,Hyderabad,2025-04-22,N,Organic,UPI,New,1,2026-06-19,360.26
CUST005320,Zehaan Narayan,Pune,2024-03-24,N,Organic,UPI,Premium,10,2026-06-16,7998.69
CUST005321,Udarsh Rajan,Pune,2024-03-06,N,Organic,UPI,Registered Only,0,,0.0
CUST005322,Anjali Sachdeva,Hyderabad,2024-04-04,N,Organic,UPI,New,1,2026-06-27,1283.59
CUST005323,Ishanvi Virk,Pune,2023-04-29,Y,Organic,Wallet,Occasional,2,2026-06-17,2586.25
CUST005324,Aarnav Dar,Mumbai,2026-03-11,N,Referral,UPI,Registered Only,0,,0.0
CUST005325,Dayamai Bhalla,Delhi NCR,2023-08-14,N,Organic,UPI,Premium,2,2026-06-08,8743.27
CUST005326,Nimrat Chacko,Mumbai,2024-08-08,N,Paid Search,Net Banking,Regular,8,2026-05-27,7090.63
CUST005327,Ansh Vora,Bengaluru,2025-03-20,N,Paid Search,UPI,Registered Only,0,,0.0
CUST005328,Jalsa Chaudhuri,Delhi NCR,2025-02-12,N,Paid Search,UPI,New,1,2026-05-05,1435.18
CUST005329,Tara Yogi,Delhi NCR,2026-03-22,Y,Partner Campaign,UPI,Registered Only,0,,0.0
CUST005330,Manbir Puri,Bengaluru,2026-03-04,Y,Paid Search,UPI,Registered Only,0,,0.0
CUST005331,Yashodhara Bajaj,Bengaluru,2023-11-27,N,Organic,Credit/Debit Card,Occasional,2,2026-06-09,2377.64
CUST005332,Onveer Pall,Delhi NCR,2023-08-30,N,Organic,UPI,Occasional,2,2026-05-30,1587.14
CUST005333,Abdul Chad,Hyderabad,2024-11-15,N,Social Media,UPI,New,1,2026-05-03,1126.13
CUST005334,Riya Kuruvilla,Mumbai,2025-10-10,Y,Referral,Cash on Delivery,Occasional,3,2026-05-10,1689.97
CUST005335,Yasti Seshadri,Hyderabad,2026-01-18,N,Referral,Credit/Debit Card,Occasional,2,2026-05-10,4749.47
CUST005336,Zayyan Kumar,Mumbai,2023-11-04,N,Organic,Credit/Debit Card,Regular,6,2026-06-28,4365.55
CUST005337,Alka Ratta,Delhi NCR,2025-04-14,N,Organic,UPI,Occasional,3,2026-04-18,2014.32
CUST005338,Bachittar Soni,Hyderabad,2024-01-06,Y,Organic,Wallet,Registered Only,0,,0.0
CUST005339,Faras Bandi,Bengaluru,2023-09-29,N,Referral,Credit/Debit Card,Occasional,3,2026-06-19,2967.55
CUST005340,Isha Raju,Mumbai,2024-08-20,N,Organic,Wallet,Occasional,3,2026-06-08,4086.95
CUST005341,Yoshita Loyal,Delhi NCR,2024-05-13,N,Organic,Wallet,Registered Only,0,,0.0
CUST005342,Lakshmi Grewal,Mumbai,2024-12-26,N,Organic,Wallet,New,1,2026-04-04,1510.93
CUST005343,Nikita Bera,Chennai,2023-08-02,Y,Referral,Cash on Delivery,Occasional,2,2026-06-09,793.1
CUST005344,Divya Wason,Bengaluru,2024-05-06,Y,Paid Search,Credit/Debit Card,Regular,6,2026-06-20,7244.36
CUST005345,Oliver Majumdar,Delhi NCR,2026-01-08,Y,Organic,Cash on Delivery,Premium,7,2026-06-18,10561.07
CUST005346,Veer Patel,Chennai,2024-02-04,N,Organic,Wallet,Registered Only,0,,0.0
CUST005347,Ayush Kota,Hyderabad,2024-01-19,N,Partner Campaign,UPI,Occasional,3,2026-06-27,4183.27
CUST005348,Mason Samra,Bengaluru,2023-04-20,N,Social Media,UPI,Occasional,3,2026-06-17,2962.95
CUST005349,Jason Madan,Hyderabad,2026-01-25,N,Organic,Cash on Delivery,Occasional,3,2026-06-19,6508.16
CUST005350,Tara Muni,Mumbai,2023-12-06,Y,Organic,Wallet,Registered Only,0,,0.0
CUST005351,Nidra Bajwa,Bengaluru,2026-03-09,Y,Organic,Credit/Debit Card,Regular,7,2026-06-10,7511.01
CUST005352,Sai Bawa,Hyderabad,2024-09-22,N,Organic,Cash on Delivery,New,1,2026-06-10,1831.92
CUST005353,Triya Parmar,Bengaluru,2023-06-12,Y,Social Media,UPI,Registered Only,0,,0.0
CUST005354,Libni Mody,Hyderabad,2025-08-31,Y,Paid Search,Cash on Delivery,New,1,2026-06-14,192.76
CUST005355,Utkarsh Karpe,Bengaluru,2023-08-25,N,Referral,UPI,Occasional,3,2026-06-05,4210.61
CUST005356,Yagnesh Dhingra,Bengaluru,2024-10-24,N,Social Media,UPI,Regular,5,2026-06-28,4333.93
CUST005357,Dhruv Bahl,Hyderabad,2024-09-14,N,Referral,Cash on Delivery,New,1,2026-06-15,1210.7
CUST005358,Dhriti Khosla,Hyderabad,2024-02-21,N,Organic,Cash on Delivery,Occasional,4,2026-06-27,3390.66
CUST005359,Isaac Gaba,Bengaluru,2024-03-09,N,Referral,Net Banking,Premium,7,2026-06-18,9143.21
CUST005360,Damyanti Mukherjee,Bengaluru,2026-02-07,N,Paid Search,UPI,Registered Only,0,,0.0
CUST005361,Yamini Om,Delhi NCR,2025-01-26,N,Referral,UPI,Regular,5,2026-06-25,1912.06
CUST005362,Aarav Oommen,Pune,2024-01-10,N,Organic,UPI,Registered Only,0,,0.0
CUST005363,Idika Pant,Bengaluru,2023-09-27,N,Paid Search,Cash on Delivery,Occasional,2,2026-05-22,1884.52
CUST005364,Zansi Borra,Pune,2024-11-09,N,Partner Campaign,Credit/Debit Card,Regular,6,2026-05-30,4436.21
CUST005365,Faris Bahl,Mumbai,2025-02-20,N,Paid Search,Net Banking,Premium,6,2026-06-16,11073.13
CUST005366,Harshil Saran,Mumbai,2025-09-18,N,Partner Campaign,UPI,Occasional,2,2026-05-31,1600.67
CUST005367,Fariq Sandal,Bengaluru,2025-04-07,N,Social Media,Credit/Debit Card,Occasional,2,2026-06-22,1491.83
CUST005368,Advik Sunder,Bengaluru,2025-12-27,Y,Organic,Cash on Delivery,New,1,2026-04-19,791.43
CUST005369,Henry Arya,Bengaluru,2025-09-09,N,Paid Search,Credit/Debit Card,Occasional,2,2026-06-28,3272.43
CUST005370,Wakeeta Raghavan,Delhi NCR,2025-05-15,N,Organic,UPI,New,1,2026-04-02,1091.2
CUST005371,Dalbir Modi,Bengaluru,2023-08-28,Y,Paid Search,UPI,New,1,2026-04-27,219.84
CUST005372,Jagdish Mangat,Mumbai,2025-04-10,N,Referral,UPI,Premium,8,2026-06-28,9232.21
CUST005373,Girik Dave,Chennai,2023-11-14,N,Paid Search,Cash on Delivery,New,1,2026-06-17,2374.01
CUST005374,Warhi Taneja,Chennai,2025-07-11,Y,Organic,Net Banking,Premium,12,2026-06-22,7431.63
CUST005375,Xavier Srinivasan,Delhi NCR,2023-10-15,N,Organic,UPI,Registered Only,0,,0.0
CUST005376,Aayush Bhatt,Pune,2026-01-26,Y,Social Media,Wallet,Registered Only,0,,0.0
CUST005377,Guneet Pall,Chennai,2026-01-10,N,Organic,UPI,New,1,2026-04-03,380.74
CUST005378,Bimala Bal,Pune,2025-11-15,Y,Social Media,UPI,Premium,12,2026-06-13,13295.13
CUST005379,Jonathan Kulkarni,Bengaluru,2024-01-04,N,Organic,UPI,Premium,6,2026-06-26,16570.07
CUST005380,Odika Sastry,Chennai,2023-06-22,Y,Social Media,Cash on Delivery,Registered Only,0,,0.0
CUST005381,Ishita Tata,Chennai,2024-10-02,N,Referral,Cash on Delivery,Occasional,2,2026-06-22,2386.42
CUST005382,Abha Bhatia,Hyderabad,2025-02-12,N,Social Media,Net Banking,Regular,8,2026-06-27,6592.95
CUST005383,Tanmayi Bose,Bengaluru,2025-10-17,Y,Social Media,UPI,Premium,11,2026-06-20,17951.7
CUST005384,Ishita Kadakia,Bengaluru,2023-05-29,N,Paid Search,Wallet,Occasional,4,2026-05-07,1960.19
CUST005385,Amrita Srinivas,Mumbai,2024-12-23,N,Referral,UPI,Occasional,4,2026-06-20,4313.22
CUST005386,Pratyush Walla,Bengaluru,2024-02-20,N,Organic,UPI,New,1,2026-06-04,909.53
CUST005387,Rohan Deshmukh,Hyderabad,2024-02-02,Y,Referral,UPI,Regular,7,2026-06-20,5661.3
CUST005388,Lekha Garde,Mumbai,2025-11-15,N,Paid Search,Wallet,Occasional,3,2026-06-17,3714.39
CUST005389,Frado Chandra,Bengaluru,2025-07-30,N,Referral,Credit/Debit Card,Registered Only,0,,0.0
CUST005390,Leena Bala,Bengaluru,2023-04-10,N,Paid Search,UPI,Registered Only,0,,0.0
CUST005391,Aarush Bala,Bengaluru,2025-02-07,Y,Paid Search,UPI,Registered Only,0,,0.0
CUST005392,Vansha Nadkarni,Bengaluru,2023-04-19,N,Organic,UPI,Occasional,2,2026-06-25,942.08
CUST005393,Bhavya Devi,Hyderabad,2025-12-18,N,Referral,UPI,Premium,10,2026-06-24,8722.83
CUST005394,Simon Sengupta,Delhi NCR,2024-12-29,Y,Paid Search,UPI,Occasional,2,2026-04-15,1752.17
CUST005395,Samar Chander,Delhi NCR,2023-08-22,N,Referral,UPI,Occasional,2,2026-06-24,692.2
CUST005396,Pavani Sahota,Hyderabad,2024-06-03,Y,Organic,Wallet,Registered Only,0,,0.0
CUST005397,Ojasvi Sekhon,Hyderabad,2024-07-07,N,Organic,UPI,Regular,5,2026-05-29,4529.63
CUST005398,Rachita Agate,Chennai,2024-02-22,N,Social Media,UPI,Regular,5,2026-06-27,4040.24
CUST005399,Lohit Bobal,Bengaluru,2025-02-07,N,Organic,UPI,Occasional,4,2026-06-23,3071.34
CUST005400,Wakeeta Parekh,Bengaluru,2025-01-20,N,Organic,Cash on Delivery,Regular,6,2026-06-15,6342.12
CUST005401,Priya Rege,Mumbai,2025-05-26,Y,Partner Campaign,UPI,Occasional,3,2026-06-28,1029.11
CUST005402,Yutika Munshi,Pune,2023-12-11,N,Referral,UPI,New,1,2026-04-23,1117.23
CUST005403,Utkarsh Palan,Chennai,2025-10-22,N,Partner Campaign,Credit/Debit Card,Occasional,3,2026-06-09,4863.86
CUST005404,Sai Dugar,Hyderabad,2025-08-07,N,Organic,UPI,Premium,7,2026-06-27,8179.64
CUST005405,Hitesh Kunda,Mumbai,2026-02-22,N,Organic,UPI,New,1,2026-05-26,48.18
CUST005406,Mugdha Kaur,Bengaluru,2023-09-20,N,Social Media,UPI,Occasional,2,2026-05-13,674.38
CUST005407,Devansh Natt,Delhi NCR,2023-08-13,N,Referral,Wallet,Premium,18,2026-06-16,21376.08
CUST005408,Panini Oak,Bengaluru,2023-11-30,Y,Referral,UPI,New,1,2026-04-18,791.16
CUST005409,Abhiram Kaur,Hyderabad,2024-11-20,N,Social Media,Cash on Delivery,Occasional,2,2026-05-22,4712.09
CUST005410,Vritti Naik,Delhi NCR,2024-03-26,N,Referral,Cash on Delivery,New,1,2026-05-22,493.07
CUST005411,Chandani Chaudhuri,Chennai,2023-07-06,N,Social Media,UPI,Occasional,2,2026-06-11,1770.4
CUST005412,Aradhana Sule,Mumbai,2024-06-03,Y,Referral,UPI,Occasional,2,2026-05-05,1281.78
CUST005413,Chaitanya Kakar,Chennai,2026-01-26,N,Referral,UPI,Occasional,4,2026-05-15,5408.67
CUST005414,Sanya Sankar,Pune,2025-11-11,Y,Partner Campaign,UPI,Occasional,4,2026-05-31,5928.85
CUST005415,Amara Balay,Chennai,2025-12-19,N,Social Media,Net Banking,Registered Only,0,,0.0
CUST005416,Reyansh Gour,Bengaluru,2023-08-01,Y,Paid Search,Credit/Debit Card,New,1,2026-04-28,110.8
CUST005417,Lila Om,Bengaluru,2026-01-11,N,Social Media,Credit/Debit Card,Occasional,4,2026-06-24,4870.76
CUST005418,Raghav Pal,Bengaluru,2025-01-29,N,Social Media,UPI,Occasional,3,2026-05-27,1508.73
CUST005419,Nathan Saxena,Bengaluru,2026-01-13,N,Paid Search,Wallet,Registered Only,0,,0.0
CUST005420,Pallavi Gala,Mumbai,2023-09-08,Y,Partner Campaign,UPI,Occasional,3,2026-06-05,1588.1
CUST005421,Arunima Pai,Mumbai,2024-10-03,N,Partner Campaign,UPI,Occasional,2,2026-05-16,46.26
CUST005422,Vedhika Kurian,Hyderabad,2025-03-21,N,Referral,Cash on Delivery,Registered Only,0,,0.0
CUST005423,Reva Loyal,Mumbai,2024-11-26,N,Partner Campaign,Credit/Debit Card,New,1,2026-04-29,1026.82
CUST005424,Noah Gupta,Mumbai,2023-06-11,Y,Referral,Credit/Debit Card,Regular,7,2026-06-08,4275.44
CUST005425,Zehaan Mitra,Hyderabad,2024-06-03,N,Organic,Net Banking,Premium,3,2026-06-05,8012.4
CUST005426,Arjun Narain,Hyderabad,2024-09-14,N,Referral,Credit/Debit Card,Occasional,3,2026-05-31,2348.98
CUST005427,Azaan Bora,Pune,2024-02-07,N,Organic,Credit/Debit Card,Occasional,3,2026-06-10,5639.25
CUST005428,Simon Divan,Hyderabad,2024-03-23,Y,Referral,UPI,Occasional,3,2026-06-13,5010.46
CUST005429,Hamsini Kade,Mumbai,2025-10-22,Y,Referral,Credit/Debit Card,Registered Only,0,,0.0
CUST005430,Harinakshi Lanka,Bengaluru,2024-09-12,N,Paid Search,Credit/Debit Card,New,1,2026-05-10,906.32
CUST005431,Ishani Mishra,Bengaluru,2024-11-26,Y,Paid Search,UPI,Registered Only,0,,0.0
CUST005432,Hema Borde,Pune,2025-12-01,N,Organic,Wallet,Registered Only,0,,0.0
CUST005433,Manya Dutta,Hyderabad,2024-09-22,N,Referral,Cash on Delivery,Occasional,2,2026-06-28,1644.84
CUST005434,Ikbal Memon,Bengaluru,2024-10-27,N,Organic,Cash on Delivery,Regular,5,2026-05-27,6313.14
CUST005435,Balendra Mukhopadhyay,Delhi NCR,2023-11-19,Y,Referral,Wallet,Occasional,3,2026-05-29,1829.35
CUST005436,Zilmil Verma,Pune,2024-03-22,N,Organic,UPI,Premium,9,2026-06-26,15256.66
CUST005437,Ethan Luthra,Bengaluru,2025-02-08,N,Organic,Credit/Debit Card,Registered Only,0,,0.0
CUST005438,Eiravati Rajagopalan,Hyderabad,2024-07-08,N,Referral,UPI,Registered Only,0,,0.0
CUST005439,Falguni Sule,Delhi NCR,2024-01-28,N,Social Media,UPI,Regular,5,2026-06-21,7083.69
CUST005440,Leena Tank,Delhi NCR,2023-11-28,N,Organic,Net Banking,Registered Only,0,,0.0
CUST005441,Gunbir Chandran,Bengaluru,2025-06-17,N,Referral,Wallet,New,1,2026-06-13,1033.56
CUST005442,Radha Mohan,Hyderabad,2023-06-04,N,Organic,Credit/Debit Card,Registered Only,0,,0.0
CUST005443,Yashica Kohli,Delhi NCR,2025-08-19,N,Referral,Cash on Delivery,Occasional,2,2026-06-28,1802.41
CUST005444,Ganga Hari,Bengaluru,2024-01-29,N,Paid Search,Credit/Debit Card,Occasional,2,2026-05-24,699.3
CUST005445,Ati Natt,Hyderabad,2025-10-02,N,Organic,Credit/Debit Card,Regular,6,2026-06-02,7926.48
CUST005446,Yutika Dar,Hyderabad,2023-05-31,Y,Organic,Credit/Debit Card,New,1,2026-04-20,233.33
CUST005447,Balveer Ramakrishnan,Delhi NCR,2023-11-06,N,Organic,UPI,Regular,6,2026-06-28,7342.19
CUST005448,Gagan Doshi,Mumbai,2025-04-05,N,Referral,Credit/Debit Card,Regular,6,2026-06-12,3904.96
CUST005449,Owen Solanki,Pune,2025-05-30,N,Organic,UPI,New,1,2026-06-08,5824.14
CUST005450,Dev Chadha,Chennai,2025-03-13,N,Social Media,UPI,New,1,2026-05-24,1950.21
CUST005451,Lajita Luthra,Delhi NCR,2025-08-12,Y,Paid Search,UPI,Occasional,2,2026-06-28,1268.44
CUST005452,Qasim Oak,Pune,2023-12-12,N,Organic,UPI,New,1,2026-05-09,659.65
CUST005453,Qabil Devan,Hyderabad,2026-01-18,N,Social Media,UPI,New,1,2026-04-24,364.22
CUST005454,Chatura Kumar,Hyderabad,2023-07-01,Y,Referral,UPI,Registered Only,0,,0.0
CUST005455,Zaitra Sahota,Bengaluru,2024-01-05,Y,Organic,UPI,Occasional,2,2026-04-09,805.85
CUST005456,Janya Bassi,Chennai,2024-08-23,N,Organic,Cash on Delivery,Registered Only,0,,0.0
CUST005457,Noah Wali,Hyderabad,2024-08-03,Y,Paid Search,UPI,Premium,7,2026-06-16,11221.99
CUST005458,Raksha Bahri,Delhi NCR,2023-10-16,Y,Paid Search,Net Banking,New,1,2026-04-20,130.18
CUST005459,Zayyan Magar,Pune,2024-08-07,N,Organic,UPI,Premium,48,2026-06-27,47779.45
CUST005460,Rudra Sharaf,Pune,2024-11-25,N,Social Media,UPI,New,1,2026-05-28,1737.91
CUST005461,Nachiket Cherian,Bengaluru,2024-12-23,N,Referral,Net Banking,Registered Only,0,,0.0
CUST005462,Jasmit Ghose,Hyderabad,2024-10-25,N,Organic,Credit/Debit Card,Registered Only,0,,0.0
CUST005463,Xavier Nanda,Chennai,2023-11-17,N,Paid Search,UPI,Regular,5,2026-06-19,3532.97
CUST005464,Oeshi Singh,Hyderabad,2026-02-10,N,Referral,Credit/Debit Card,New,1,2026-06-13,689.66
CUST005465,Leena Lanka,Bengaluru,2023-04-16,N,Paid Search,UPI,Registered Only,0,,0.0
CUST005466,Ekavir Nagi,Delhi NCR,2024-12-23,Y,Social Media,Credit/Debit Card,New,1,2026-04-01,1305.0
CUST005467,Naveen Cherian,Bengaluru,2026-01-26,Y,Organic,UPI,New,1,2026-05-25,558.88
CUST005468,Aayush Kadakia,Pune,2023-11-17,N,Paid Search,Cash on Delivery,Occasional,4,2026-05-28,5824.03
CUST005469,Neelima Patil,Mumbai,2023-09-20,N,Organic,UPI,Occasional,3,2026-06-10,4261.4
CUST005470,Tristan Madan,Bengaluru,2024-09-24,Y,Referral,UPI,Premium,16,2026-06-28,12117.98
CUST005471,Nirja Iyer,Mumbai,2024-10-01,N,Organic,Wallet,New,1,2026-06-14,1165.54
CUST005472,Upasna Iyer,Bengaluru,2025-05-20,N,Social Media,Credit/Debit Card,New,1,2026-05-17,2003.35
CUST005473,Lajita Narayanan,Bengaluru,2025-10-12,N,Paid Search,Credit/Debit Card,Premium,32,2026-06-27,37632.11
CUST005474,Zinal Nair,Mumbai,2025-12-08,N,Organic,UPI,Occasional,3,2026-06-12,2548.45
CUST005475,Jagat Menon,Delhi NCR,2025-11-13,N,Referral,Credit/Debit Card,Registered Only,0,,0.0
CUST005476,Rishi Hari,Mumbai,2025-05-16,Y,Referral,UPI,Registered Only,0,,0.0
CUST005477,Benjamin Basak,Mumbai,2025-08-10,Y,Social Media,UPI,Occasional,4,2026-06-23,4711.02
CUST005478,Lopa Oommen,Delhi NCR,2025-10-13,N,Social Media,UPI,Occasional,2,2026-06-19,150.39
CUST005479,Amara Korpal,Delhi NCR,2023-06-27,N,Referral,Credit/Debit Card,Occasional,4,2026-06-22,3066.2
CUST005480,Chanchal Madan,Mumbai,2024-07-23,N,Paid Search,Credit/Debit Card,New,1,2026-06-24,1371.41
CUST005481,Gauri Kurian,Hyderabad,2024-05-08,N,Referral,Cash on Delivery,Registered Only,0,,0.0
CUST005482,Adya Zachariah,Bengaluru,2025-08-05,Y,Organic,Cash on Delivery,Registered Only,0,,0.0
CUST005483,Keya Khalsa,Chennai,2023-07-03,Y,Organic,Cash on Delivery,Occasional,2,2026-04-22,3499.45
CUST005484,Udarsh Sani,Hyderabad,2025-12-23,N,Organic,UPI,Occasional,3,2026-06-25,1156.72
CUST005485,Hritik Parikh,Delhi NCR,2026-01-20,N,Social Media,UPI,New,1,2026-06-06,3154.47
CUST005486,Geetika Pandey,Chennai,2024-07-29,Y,Organic,Credit/Debit Card,Occasional,4,2026-06-29,3322.27
CUST005487,Harsh Lala,Hyderabad,2023-04-13,N,Organic,Wallet,Regular,7,2026-06-26,3932.74
CUST005488,William Dhillon,Chennai,2024-01-02,N,Organic,UPI,Premium,13,2026-06-29,13471.34
CUST005489,Charles Golla,Bengaluru,2024-08-27,Y,Organic,UPI,Occasional,3,2026-06-23,1044.72
CUST005490,Guneet Raj,Pune,2023-08-02,N,Social Media,UPI,Premium,13,2026-06-24,11487.03
CUST005491,Kavya Kothari,Bengaluru,2024-01-26,N,Referral,UPI,Occasional,3,2026-06-29,1376.16
CUST005492,Januja Rege,Bengaluru,2024-03-03,Y,Paid Search,UPI,Premium,10,2026-06-26,9113.45
CUST005493,Sai Kakar,Delhi NCR,2024-01-17,N,Social Media,Credit/Debit Card,Occasional,4,2026-06-29,4129.95
CUST005494,Radha Vaidya,Delhi NCR,2024-02-12,N,Organic,Wallet,Regular,5,2026-06-10,3886.76
CUST005495,Advik Peri,Chennai,2024-12-22,Y,Organic,UPI,Registered Only,0,,0.0
CUST005496,Onkar Kala,Mumbai,2024-04-23,N,Organic,Credit/Debit Card,New,1,2026-06-07,727.55
CUST005497,Zaitra Trivedi,Delhi NCR,2025-04-09,N,Referral,Credit/Debit Card,Occasional,4,2026-06-25,3434.6
CUST005498,Viraj Bhat,Hyderabad,2023-07-07,N,Partner Campaign,UPI,New,1,2026-05-07,2130.63
CUST005499,Ronith Malhotra,Bengaluru,2024-08-11,Y,Paid Search,Wallet,New,1,2026-06-09,411.62
CUST005500,Ishaan Bedi,Mumbai,2024-02-07,Y,Organic,Credit/Debit Card,Occasional,2,2026-06-19,722.54
CUST005501,Jack Dhingra,Bengaluru,2023-05-21,N,Referral,UPI,Occasional,3,2026-05-14,778.43
CUST005502,Nitara Sankaran,Bengaluru,2026-03-11,N,Organic,Credit/Debit Card,Registered Only,0,,0.0
CUST005503,Nachiket Dyal,Bengaluru,2025-10-27,N,Social Media,Wallet,Regular,5,2026-06-20,4606.32
CUST005504,Reva Rama,Mumbai,2025-07-14,N,Partner Campaign,UPI,New,1,2026-05-05,632.02
CUST005505,Aadi Suri,Chennai,2025-08-26,N,Social Media,UPI,New,1,2026-05-03,42.29
CUST005506,Amaira Karpe,Bengaluru,2025-09-21,N,Referral,UPI,Occasional,3,2026-05-05,1441.19
CUST005507,Dayita Sanghvi,Hyderabad,2024-12-27,N,Referral,Wallet,Occasional,4,2026-06-23,5082.32
CUST005508,Neha Chatterjee,Chennai,2023-09-10,N,Organic,Credit/Debit Card,Occasional,3,2026-06-06,2424.68
CUST005509,Ethan Sami,Delhi NCR,2025-11-15,N,Referral,UPI,New,1,2026-04-30,0.0
CUST005510,Rayaan Mukhopadhyay,Mumbai,2024-03-08,N,Organic,UPI,Registered Only,0,,0.0
CUST005511,Harsh Roy,Bengaluru,2025-11-09,Y,Paid Search,Credit/Debit Card,Regular,8,2026-06-14,6425.96
CUST005512,Ekani Lall,Bengaluru,2025-06-12,N,Referral,UPI,Occasional,2,2026-05-24,763.12
CUST005513,Odika Rattan,Bengaluru,2026-01-23,Y,Organic,UPI,Occasional,4,2026-06-19,4123.38
CUST005514,Advika Kulkarni,Bengaluru,2024-06-23,N,Organic,UPI,Occasional,3,2026-06-19,1973.25
CUST005515,Bhavani Lata,Hyderabad,2025-12-28,Y,Social Media,UPI,New,1,2026-04-09,481.82
CUST005516,Praneel Chawla,Mumbai,2024-08-09,Y,Organic,Cash on Delivery,New,1,2026-05-08,1887.72
CUST005517,Nidra Sachdev,Bengaluru,2024-08-01,Y,Organic,UPI,Occasional,2,2026-06-29,4744.81
CUST005518,Eshana Behl,Bengaluru,2023-12-18,Y,Paid Search,Wallet,Registered Only,0,,0.0
CUST005519,Tarak Deol,Hyderabad,2023-08-09,N,Paid Search,Credit/Debit Card,Regular,5,2026-06-27,3994.4
CUST005520,Niharika Sarna,Mumbai,2026-02-13,N,Organic,UPI,Occasional,3,2026-05-10,1121.39
CUST005521,Jeevika Gokhale,Bengaluru,2025-08-04,Y,Organic,UPI,Premium,10,2026-06-13,10660.09
CUST005522,Odika Tailor,Mumbai,2024-03-20,Y,Partner Campaign,UPI,Registered Only,0,,0.0
CUST005523,Tristan Muni,Mumbai,2023-08-15,Y,Paid Search,Credit/Debit Card,Premium,10,2026-06-14,6758.6
CUST005524,Tamanna Bakshi,Mumbai,2024-11-17,Y,Paid Search,Wallet,Registered Only,0,,0.0
CUST005525,Udarsh Dube,Hyderabad,2023-11-23,N,Organic,Credit/Debit Card,Premium,16,2026-06-21,20559.28
CUST005526,Aarna Seshadri,Bengaluru,2025-12-04,N,Paid Search,Wallet,Occasional,3,2026-06-06,2994.62
CUST005527,Rohan Maharaj,Bengaluru,2023-06-06,Y,Referral,Net Banking,New,1,2026-04-12,2131.13
CUST005528,Amrita Nanda,Chennai,2024-08-24,N,Paid Search,UPI,New,1,2026-06-05,710.51
CUST005529,Mitesh Deol,Chennai,2023-06-20,Y,Organic,Credit/Debit Card,Occasional,4,2026-06-24,4658.84
CUST005530,Faqid Kant,Bengaluru,2024-03-03,N,Partner Campaign,UPI,New,1,2026-06-04,1687.23
CUST005531,Wyatt Mistry,Bengaluru,2023-06-10,N,Organic,Net Banking,Regular,5,2026-06-22,4926.84
CUST005532,Brinda Kala,Delhi NCR,2026-03-09,N,Referral,UPI,Occasional,3,2026-06-04,1691.55
CUST005533,Nihal Nazareth,Delhi NCR,2023-06-18,Y,Partner Campaign,Wallet,New,1,2026-05-21,763.0
CUST005534,Nihal Babu,Bengaluru,2023-10-23,N,Organic,UPI,New,1,2026-05-05,1241.26
CUST005535,Chanakya Dora,Delhi NCR,2025-04-12,Y,Organic,UPI,Registered Only,0,,0.0
CUST005536,Ronith Hayer,Mumbai,2025-07-24,N,Social Media,UPI,Premium,27,2026-06-28,32956.83
CUST005537,Christopher Sura,Delhi NCR,2026-01-07,N,Paid Search,Credit/Debit Card,New,1,2026-05-25,1414.6
CUST005538,Ijaya Amble,Chennai,2023-10-01,Y,Social Media,UPI,Premium,22,2026-06-29,16978.59
CUST005539,Zayan Thakkar,Delhi NCR,2023-11-02,N,Social Media,Cash on Delivery,New,1,2026-04-30,2084.64
CUST005540,Sarthak Hans,Pune,2025-11-07,N,Paid Search,Wallet,New,1,2026-05-04,155.12
CUST005541,Rudra Narang,Bengaluru,2024-11-12,N,Paid Search,Credit/Debit Card,New,1,2026-05-27,1071.91
CUST005542,Madhav Pant,Bengaluru,2025-08-14,Y,Organic,Credit/Debit Card,Regular,9,2026-06-29,4066.05
CUST005543,Warjas Bassi,Hyderabad,2024-11-29,N,Social Media,UPI,Occasional,2,2026-04-17,4704.58
CUST005544,Lipika Arora,Bengaluru,2025-12-07,Y,Paid Search,UPI,Premium,8,2026-06-20,15911.37
CUST005545,Yamini Kashyap,Bengaluru,2024-10-13,N,Paid Search,Credit/Debit Card,Occasional,3,2026-05-11,1580.84
CUST005546,Ekanta Tripathi,Bengaluru,2025-08-14,Y,Social Media,UPI,Registered Only,0,,0.0
CUST005547,Chaman Manda,Chennai,2023-05-31,N,Partner Campaign,Credit/Debit Card,New,1,2026-04-29,407.83
CUST005548,Maya Minhas,Delhi NCR,2023-11-28,N,Social Media,UPI,Premium,6,2026-06-24,17143.11
CUST005549,Bina Sachar,Mumbai,2026-03-06,N,Referral,UPI,Occasional,2,2026-06-23,1212.82
CUST005550,Hardik Gupta,Chennai,2026-02-16,N,Partner Campaign,UPI,New,1,2026-05-21,561.25
CUST005551,Samesh Edwin,Chennai,2023-10-18,Y,Organic,Cash on Delivery,Regular,7,2026-06-28,7088.4
CUST005552,Chakrika Chaudhuri,Bengaluru,2025-09-30,N,Referral,Credit/Debit Card,Occasional,3,2026-06-16,2726.13
CUST005553,Gautam Golla,Mumbai,2024-04-16,Y,Paid Search,Credit/Debit Card,New,1,2026-05-01,515.45
CUST005554,Gunbir Wagle,Hyderabad,2024-08-27,Y,Social Media,UPI,Occasional,4,2026-06-02,2159.93
CUST005555,Adya Dey,Hyderabad,2023-12-04,N,Social Media,UPI,Occasional,2,2026-05-25,544.1
CUST005556,Omya Sawhney,Bengaluru,2025-11-07,Y,Paid Search,UPI,Registered Only,0,,0.0
CUST005557,Isaac Dewan,Delhi NCR,2023-07-03,N,Social Media,Cash on Delivery,New,1,2026-04-25,1328.33
CUST005558,Vihaan Sagar,Hyderabad,2024-05-19,Y,Organic,UPI,Regular,5,2026-06-12,6448.68
CUST005559,Nitesh Pathak,Bengaluru,2025-06-21,N,Referral,UPI,Regular,5,2026-06-03,2774.87
CUST005560,Lopa Brar,Pune,2023-09-28,Y,Partner Campaign,Net Banking,Regular,6,2026-04-25,5512.93
CUST005561,Rishi Dixit,Hyderabad,2023-08-09,N,Referral,UPI,Registered Only,0,,0.0
CUST005562,Ganga Johal,Bengaluru,2023-04-19,N,Referral,Cash on Delivery,New,1,2026-05-23,1234.38
CUST005563,Faras Manda,Delhi NCR,2024-10-01,N,Organic,Cash on Delivery,Premium,14,2026-06-28,23240.28
CUST005564,Ranveer Behl,Mumbai,2024-08-06,N,Referral,Net Banking,New,1,2026-06-22,1245.09
CUST005565,Wazir Suri,Hyderabad,2023-07-09,Y,Social Media,Credit/Debit Card,Occasional,2,2026-06-01,4558.47
CUST005566,Henry Bahri,Bengaluru,2026-02-02,Y,Partner Campaign,Credit/Debit Card,New,1,2026-05-09,0.0
CUST005567,Rohan Venkataraman,Delhi NCR,2024-01-09,N,Referral,UPI,Occasional,3,2026-06-28,1886.8
CUST005568,Chandran Bansal,Bengaluru,2025-10-31,Y,Paid Search,UPI,Regular,7,2026-06-06,6981.54
CUST005569,Lohit Shan,Bengaluru,2023-11-16,Y,Social Media,UPI,Occasional,2,2026-06-02,206.1
CUST005570,Ayaan Raman,Bengaluru,2026-01-27,Y,Social Media,Cash on Delivery,Occasional,3,2026-06-11,4992.15
CUST005571,Lopa Mistry,Bengaluru,2025-10-26,N,Partner Campaign,UPI,Occasional,3,2026-05-10,1836.48
CUST005572,Yochana Rajagopalan,Bengaluru,2025-01-28,N,Referral,Cash on Delivery,Premium,9,2026-06-26,10573.97
CUST005573,Tanvi Parikh,Bengaluru,2024-06-30,N,Social Media,UPI,New,1,2026-04-05,724.0
CUST005574,Qadim Srinivasan,Bengaluru,2025-03-24,N,Organic,Credit/Debit Card,Premium,7,2026-06-06,8687.57
CUST005575,Balveer Jayaraman,Hyderabad,2023-11-04,N,Social Media,UPI,New,1,2026-04-10,127.24
CUST005576,Jairaj Krishna,Pune,2026-01-17,N,Referral,UPI,Occasional,3,2026-05-22,1246.86
CUST005577,Tanay Grewal,Delhi NCR,2025-08-20,Y,Organic,UPI,Occasional,3,2026-06-03,2713.05
CUST005578,Jacob Aurora,Hyderabad,2024-11-03,Y,Organic,UPI,Registered Only,0,,0.0
CUST005579,Oni Bava,Chennai,2024-01-01,N,Referral,UPI,New,1,2026-06-27,712.03
CUST005580,Nidra Kapadia,Delhi NCR,2024-07-09,N,Organic,Credit/Debit Card,Registered Only,0,,0.0
CUST005581,Alka Gala,Mumbai,2026-02-13,N,Paid Search,Cash on Delivery,Occasional,4,2026-06-27,3754.9
CUST005582,Adya Amble,Bengaluru,2026-02-15,N,Referral,Wallet,Registered Only,0,,0.0
CUST005583,Michael Bhagat,Delhi NCR,2023-06-10,Y,Referral,UPI,Premium,10,2026-06-23,10620.21
CUST005584,Caleb Pathak,Chennai,2025-11-10,Y,Partner Campaign,UPI,Registered Only,0,,0.0
CUST005585,Nikita Kara,Chennai,2025-03-06,N,Organic,Wallet,Registered Only,0,,0.0
CUST005586,Shravya Chaudhari,Mumbai,2024-09-27,Y,Partner Campaign,UPI,New,1,2026-05-28,89.39
CUST005587,Indrajit Saraf,Chennai,2026-01-20,N,Organic,Cash on Delivery,New,1,2026-06-11,1202.11
CUST005588,Anthony Das,Pune,2023-11-09,N,Paid Search,Wallet,Occasional,3,2026-06-22,2017.21
CUST005589,Jatin Rajagopal,Delhi NCR,2024-03-01,N,Social Media,UPI,Regular,5,2026-06-27,7518.4
CUST005590,Anirudh Batta,Bengaluru,2025-12-08,Y,Paid Search,Cash on Delivery,New,1,2026-06-19,1117.01
CUST005591,Rohan Bahri,Bengaluru,2024-12-17,N,Referral,Credit/Debit Card,Regular,7,2026-06-20,6927.51
CUST005592,Urmi Mani,Pune,2025-04-09,N,Paid Search,UPI,Occasional,2,2026-06-28,4492.13
CUST005593,Samarth Char,Hyderabad,2023-06-26,N,Paid Search,Wallet,New,1,2026-05-15,1113.23
CUST005594,Frederick Tandon,Delhi NCR,2026-03-15,N,Organic,UPI,Registered Only,0,,0.0
CUST005595,Ekanta Mani,Delhi NCR,2023-09-07,Y,Organic,UPI,Registered Only,0,,0.0
CUST005596,Yash Kar,Bengaluru,2024-10-28,N,Partner Campaign,UPI,Occasional,3,2026-06-25,5016.96
CUST005597,Advaith Goel,Bengaluru,2025-03-20,N,Social Media,UPI,Registered Only,0,,0.0
CUST005598,Qasim Lad,Hyderabad,2025-09-20,N,Paid Search,Credit/Debit Card,Premium,7,2026-06-23,11051.59
CUST005599,Damini Radhakrishnan,Bengaluru,2023-10-05,Y,Paid Search,UPI,Registered Only,0,,0.0
CUST005600,Kashvi Dixit,Hyderabad,2025-04-13,N,Organic,Cash on Delivery,Occasional,2,2026-04-13,946.88
CUST005601,Hemani Chandran,Delhi NCR,2025-05-29,N,Social Media,UPI,Registered Only,0,,0.0
CUST005602,Zashil Kakar,Delhi NCR,2025-10-16,N,Organic,Net Banking,Occasional,4,2026-06-28,6039.96
CUST005603,Dakshesh Bali,Chennai,2024-10-01,N,Paid Search,Net Banking,New,1,2026-04-19,1832.59
CUST005604,Devika Contractor,Mumbai,2025-03-30,N,Organic,Cash on Delivery,Premium,8,2026-06-28,16498.57
CUST005605,Charvi Bhagat,Chennai,2025-12-06,N,Paid Search,Cash on Delivery,Premium,11,2026-06-14,12306.94
CUST005606,Aishani Khare,Mumbai,2023-04-27,N,Social Media,UPI,Registered Only,0,,0.0
CUST005607,Aditya Wadhwa,Hyderabad,2025-02-09,N,Partner Campaign,UPI,Occasional,2,2026-05-10,1657.12
CUST005608,Shaurya Apte,Mumbai,2023-09-09,N,Organic,UPI,Occasional,2,2026-06-06,1680.18
CUST005609,Hitesh Samra,Pune,2024-08-15,N,Partner Campaign,UPI,Premium,12,2026-06-23,12913.21
CUST005610,Laban Dhar,Chennai,2025-12-05,N,Organic,Cash on Delivery,Premium,4,2026-05-31,8651.47
CUST005611,Nisha Borde,Pune,2025-07-10,N,Referral,UPI,Occasional,2,2026-06-27,1375.42
CUST005612,Ojas Ramanathan,Delhi NCR,2025-06-05,Y,Paid Search,UPI,New,1,2026-04-21,2004.67
CUST005613,George Mani,Bengaluru,2024-12-08,N,Organic,Net Banking,New,1,2026-06-23,100.14
CUST005614,Charan Mand,Chennai,2023-06-09,Y,Paid Search,UPI,Registered Only,0,,0.0
CUST005615,Jhalak Rege,Bengaluru,2025-06-23,N,Organic,Credit/Debit Card,Regular,6,2026-06-13,6065.96
CUST005616,Eiravati Behl,Bengaluru,2023-06-11,N,Partner Campaign,UPI,Registered Only,0,,0.0
CUST005617,Samar Tella,Chennai,2023-07-19,N,Partner Campaign,UPI,Registered Only,0,,0.0
CUST005618,Widisha Kanda,Hyderabad,2024-01-06,N,Referral,Credit/Debit Card,Occasional,3,2026-06-17,3617.75
CUST005619,Riya Nagi,Bengaluru,2024-02-12,Y,Social Media,UPI,New,1,2026-05-07,1766.18
CUST005620,Sanaya Sengupta,Mumbai,2024-03-28,N,Social Media,UPI,Registered Only,0,,0.0
CUST005621,Kavya Sarma,Mumbai,2024-01-29,N,Organic,Credit/Debit Card,Occasional,3,2026-05-28,2537.37
CUST005622,Janaki Prasad,Bengaluru,2024-01-28,Y,Referral,Credit/Debit Card,Registered Only,0,,0.0
CUST005623,Waida Gupta,Bengaluru,2025-05-20,Y,Paid Search,Wallet,Occasional,2,2026-05-21,1492.23
CUST005624,Waida Divan,Pune,2025-02-19,N,Referral,Wallet,Occasional,4,2026-06-20,840.98
CUST005625,Rohan Choudhury,Mumbai,2024-01-31,N,Organic,Cash on Delivery,New,1,2026-05-24,315.75
CUST005626,Pallavi Mane,Mumbai,2025-06-14,Y,Organic,Credit/Debit Card,Registered Only,0,,0.0
CUST005627,Devika Munshi,Chennai,2025-08-05,Y,Referral,Wallet,Registered Only,0,,0.0
CUST005628,Pavani Rege,Bengaluru,2026-03-09,N,Referral,Net Banking,Registered Only,0,,0.0
CUST005629,Vivaan Varghese,Mumbai,2025-12-22,N,Referral,UPI,Premium,27,2026-06-29,28881.92
CUST005630,Ladli Merchant,Chennai,2024-04-19,N,Organic,UPI,Registered Only,0,,0.0
CUST005631,Finn Mishra,Chennai,2025-11-19,N,Paid Search,Cash on Delivery,New,1,2026-05-06,50.81
CUST005632,David Zacharia,Bengaluru,2023-10-26,N,Organic,Credit/Debit Card,New,1,2026-06-19,3148.74
CUST005633,Yagnesh Dhingra,Hyderabad,2025-12-18,N,Organic,Cash on Delivery,New,1,2026-06-01,1667.14
CUST005634,Yoshita Hegde,Bengaluru,2025-09-27,Y,Social Media,Credit/Debit Card,Registered Only,0,,0.0
CUST005635,Janaki Banik,Hyderabad,2025-06-16,N,Referral,UPI,Regular,5,2026-06-27,1679.24
CUST005636,Tamanna Chad,Mumbai,2025-01-10,N,Organic,UPI,Occasional,3,2026-06-01,3694.6
CUST005637,Bhavya Issac,Bengaluru,2024-04-22,N,Organic,UPI,Occasional,2,2026-04-30,973.69
CUST005638,Jai Iyer,Hyderabad,2026-02-04,N,Referral,Cash on Delivery,Occasional,2,2026-05-26,3610.78
CUST005639,Wazir Bhavsar,Delhi NCR,2024-06-25,N,Paid Search,Net Banking,New,1,2026-04-17,2429.99
CUST005640,Ekaraj Yohannan,Mumbai,2026-01-03,N,Paid Search,UPI,Occasional,2,2026-06-24,345.06
CUST005641,Viraj Bera,Bengaluru,2025-03-30,N,Organic,Credit/Debit Card,New,1,2026-06-24,225.07
CUST005642,Peter Madan,Mumbai,2026-01-25,N,Partner Campaign,UPI,Registered Only,0,,0.0
CUST005643,Rajeshri Chandran,Bengaluru,2023-06-17,Y,Paid Search,Credit/Debit Card,Occasional,2,2026-05-19,1159.1
CUST005644,Akshay Aurora,Mumbai,2023-12-01,N,Social Media,Cash on Delivery,Occasional,4,2026-05-29,2103.74
CUST005645,Tripti Sankar,Mumbai,2024-04-27,Y,Organic,UPI,Premium,15,2026-06-04,13502.16
CUST005646,Nisha Mand,Mumbai,2025-01-20,Y,Organic,Wallet,Registered Only,0,,0.0
CUST005647,Yasti Sachdev,Pune,2026-01-17,Y,Paid Search,Wallet,Registered Only,0,,0.0
CUST005648,Triya Bail,Delhi NCR,2025-04-30,N,Paid Search,UPI,New,1,2026-04-03,1823.46
CUST005649,Reva Doctor,Chennai,2023-05-04,Y,Organic,UPI,Registered Only,0,,0.0
CUST005650,Upasna Loke,Mumbai,2024-09-15,N,Social Media,Credit/Debit Card,Occasional,3,2026-06-04,1935.71
CUST005651,Janaki Srinivas,Delhi NCR,2025-03-20,N,Organic,UPI,Registered Only,0,,0.0
CUST005652,Siya Malhotra,Chennai,2024-05-15,Y,Referral,Wallet,Occasional,3,2026-06-28,1256.02
CUST005653,Anamika Prabhakar,Bengaluru,2023-07-29,N,Organic,Credit/Debit Card,Registered Only,0,,0.0
CUST005654,Eiravati Chaudhry,Delhi NCR,2026-02-17,N,Organic,UPI,Registered Only,0,,0.0
CUST005655,Brinda Iyengar,Hyderabad,2025-03-01,Y,Organic,UPI,Occasional,2,2026-06-26,527.43
CUST005656,Darika Rout,Bengaluru,2024-04-19,N,Referral,UPI,Occasional,2,2026-05-13,1561.27
CUST005657,Ojas Mannan,Hyderabad,2024-07-13,N,Organic,Credit/Debit Card,New,1,2026-06-15,101.97
CUST005658,Arjun Srivastava,Hyderabad,2026-02-27,N,Social Media,UPI,Regular,7,2026-06-18,6781.6
CUST005659,Kalpit Bal,Bengaluru,2024-04-04,N,Social Media,Cash on Delivery,Occasional,4,2026-06-27,4988.21
CUST005660,Liam Pandya,Bengaluru,2025-06-22,N,Social Media,UPI,Occasional,2,2026-06-20,911.87
CUST005661,Kashvi Das,Bengaluru,2025-09-13,N,Partner Campaign,Credit/Debit Card,Registered Only,0,,0.0
CUST005662,Ishaan Sachdev,Bengaluru,2026-02-02,N,Organic,Credit/Debit Card,Registered Only,0,,0.0
CUST005663,Alka Deep,Hyderabad,2026-01-03,Y,Paid Search,Cash on Delivery,Occasional,4,2026-06-05,2558.73
CUST005664,Wahab Rau,Mumbai,2025-04-21,Y,Social Media,UPI,Occasional,2,2026-05-07,519.9
CUST005665,Falak Naidu,Pune,2024-09-13,N,Paid Search,Credit/Debit Card,Premium,8,2026-06-26,12606.84
CUST005666,Chasmum Desai,Chennai,2023-11-10,N,Social Media,Credit/Debit Card,Occasional,4,2026-06-07,2865.8
CUST005667,Ekanta Tandon,Pune,2024-10-21,N,Paid Search,Credit/Debit Card,Registered Only,0,,0.0
CUST005668,Reyansh Rai,Bengaluru,2024-03-29,N,Organic,UPI,Regular,5,2026-06-12,3530.7
CUST005669,Patrick Bali,Bengaluru,2025-11-28,N,Organic,UPI,New,1,2026-04-18,668.17
CUST005670,Zashil Nayar,Mumbai,2025-07-12,N,Social Media,UPI,Registered Only,0,,0.0
CUST005671,Jonathan Nanda,Mumbai,2025-12-09,N,Referral,UPI,Occasional,3,2026-06-21,3266.39
CUST005672,Abhiram Sarin,Hyderabad,2023-04-24,N,Organic,Cash on Delivery,Registered Only,0,,0.0
CUST005673,Rajeshri Mammen,Hyderabad,2025-01-03,N,Social Media,UPI,Registered Only,0,,0.0
CUST005674,Aarav Devan,Bengaluru,2024-02-14,Y,Partner Campaign,Cash on Delivery,Premium,8,2026-06-14,9882.5
CUST005675,Gaurang Ray,Chennai,2025-06-26,N,Social Media,Credit/Debit Card,Premium,9,2026-06-28,9390.97
CUST005676,Vaishnavi Chana,Bengaluru,2024-05-25,Y,Organic,UPI,Occasional,4,2026-06-13,2342.45
CUST005677,Bhavya Sahota,Mumbai,2024-09-15,Y,Paid Search,Wallet,Occasional,2,2026-05-13,5068.35
CUST005678,Ekantika Bumb,Delhi NCR,2023-07-24,N,Organic,Wallet,Occasional,3,2026-04-25,4054.74
CUST005679,Faraj Joshi,Hyderabad,2024-02-25,N,Paid Search,Cash on Delivery,Occasional,4,2026-06-16,7262.09
CUST005680,Leela Bawa,Hyderabad,2024-09-19,N,Organic,UPI,Registered Only,0,,0.0
CUST005681,Azad Dave,Bengaluru,2024-05-15,N,Social Media,Wallet,Registered Only,0,,0.0
CUST005682,Lakshmi Kumar,Mumbai,2025-09-21,N,Referral,UPI,Premium,5,2026-06-29,12454.12
CUST005683,Aarush Ramakrishnan,Mumbai,2024-03-19,N,Organic,Net Banking,New,1,2026-04-18,931.06
CUST005684,Nimrat Bobal,Bengaluru,2023-07-15,N,Paid Search,UPI,Occasional,2,2026-06-15,4744.26
CUST005685,Devika Pant,Bengaluru,2025-05-06,N,Social Media,Credit/Debit Card,Occasional,2,2026-06-27,1480.43
CUST005686,Tanmayi Deshmukh,Chennai,2024-07-03,Y,Organic,Credit/Debit Card,New,1,2026-05-08,1094.2
CUST005687,Tarak Anand,Bengaluru,2024-12-26,Y,Social Media,Credit/Debit Card,Premium,4,2026-05-09,10814.29
CUST005688,Kashish Dara,Chennai,2024-08-31,N,Partner Campaign,UPI,Occasional,3,2026-06-21,4777.39
CUST005689,Zaid Gokhale,Hyderabad,2024-04-13,N,Organic,UPI,Registered Only,0,,0.0
CUST005690,Yashica Dutt,Pune,2024-10-02,N,Organic,Credit/Debit Card,Regular,5,2026-06-18,3810.9
CUST005691,Upadhriti Dhingra,Chennai,2024-02-19,N,Paid Search,Credit/Debit Card,Occasional,4,2026-05-15,3422.71
CUST005692,Kavya Agrawal,Mumbai,2023-05-16,N,Partner Campaign,UPI,Occasional,2,2026-05-03,2196.46
CUST005693,Raksha Radhakrishnan,Chennai,2025-11-29,N,Organic,Wallet,Occasional,3,2026-05-09,1468.66
CUST005694,Anthony Comar,Hyderabad,2024-09-15,N,Partner Campaign,Cash on Delivery,New,1,2026-06-09,613.63
CUST005695,Aradhana Sachar,Chennai,2025-01-20,N,Organic,UPI,New,1,2026-05-28,139.5
CUST005696,Azaan Chakrabarti,Mumbai,2024-12-09,N,Referral,Cash on Delivery,Regular,5,2026-06-18,2688.38
CUST005697,Gautam Sani,Bengaluru,2025-04-10,N,Organic,UPI,Registered Only,0,,0.0
CUST005698,Amara Sura,Chennai,2024-05-07,Y,Social Media,UPI,Premium,9,2026-06-22,11036.03
CUST005699,Jalsa Mand,Pune,2023-10-31,Y,Referral,UPI,Occasional,2,2026-04-28,2951.55
CUST005700,Gagan Dhawan,Delhi NCR,2025-08-04,N,Referral,Wallet,Occasional,2,2026-04-21,2660.92
CUST005701,Aarna Sule,Chennai,2024-06-01,N,Social Media,UPI,New,1,2026-06-23,167.66
CUST005702,Tristan Singh,Bengaluru,2025-06-20,Y,Paid Search,Credit/Debit Card,Registered Only,0,,0.0
CUST005703,Dhruv Datta,Bengaluru,2025-12-27,N,Organic,Credit/Debit Card,Occasional,3,2026-06-28,2336.9
CUST005704,Laksh Shah,Pune,2025-08-30,N,Paid Search,UPI,Regular,6,2026-06-29,5254.41
CUST005705,Panini Vora,Mumbai,2023-09-21,N,Paid Search,UPI,Premium,10,2026-06-21,7784.57
CUST005706,Riya Bahl,Pune,2026-02-15,N,Partner Campaign,Credit/Debit Card,Regular,6,2026-06-25,4273.28
CUST005707,Avni Dhingra,Delhi NCR,2024-10-14,Y,Referral,UPI,Registered Only,0,,0.0
CUST005708,Zaid Prabhu,Delhi NCR,2025-04-27,N,Social Media,Cash on Delivery,Registered Only,0,,0.0
CUST005709,Saanvi Pandey,Hyderabad,2023-04-10,N,Partner Campaign,Cash on Delivery,Registered Only,0,,0.0
CUST005710,Sara Ravi,Hyderabad,2023-06-19,N,Paid Search,Net Banking,Registered Only,0,,0.0
CUST005711,Krishna Borra,Pune,2023-04-26,N,Organic,Cash on Delivery,Registered Only,0,,0.0
CUST005712,Ishaan Sarna,Bengaluru,2023-12-16,N,Organic,Net Banking,Occasional,4,2026-06-03,2005.62
CUST005713,Madhavi Kaul,Chennai,2023-11-18,N,Paid Search,Wallet,Registered Only,0,,0.0
CUST005714,Zashil Bera,Mumbai,2024-10-12,N,Paid Search,UPI,Occasional,4,2026-06-27,3432.39
CUST005715,Veer Mutti,Bengaluru,2024-09-04,N,Referral,UPI,Registered Only,0,,0.0
CUST005716,Chasmum Lalla,Mumbai,2023-11-04,Y,Organic,UPI,Registered Only,0,,0.0
CUST005717,Charvi Chand,Hyderabad,2026-02-07,N,Partner Campaign,Wallet,Occasional,3,2026-06-22,3276.02
CUST005718,Kalpit Dugar,Hyderabad,2026-02-15,N,Organic,UPI,New,1,2026-04-22,624.11
CUST005719,Harsh Balay,Mumbai,2023-10-02,Y,Organic,UPI,Occasional,2,2026-05-26,1516.83
CUST005720,Tanmayi Chawla,Delhi NCR,2023-12-15,N,Organic,Wallet,Premium,10,2026-06-14,9123.36
CUST005721,Chandran Upadhyay,Delhi NCR,2025-11-13,Y,Referral,UPI,New,1,2026-05-06,269.96
CUST005722,Sachi Ramachandran,Mumbai,2024-02-14,Y,Social Media,UPI,Occasional,2,2026-05-03,2337.29
CUST005723,Chasmum Balakrishnan,Delhi NCR,2023-04-12,Y,Referral,UPI,Occasional,2,2026-04-24,3008.13
CUST005724,Gabriel Naik,Delhi NCR,2026-03-21,N,Paid Search,UPI,New,1,2026-06-26,263.4
CUST005725,Praneel Thaker,Delhi NCR,2026-03-15,Y,Paid Search,Wallet,Occasional,2,2026-06-17,2167.23
CUST005726,Panini Kibe,Delhi NCR,2023-11-09,N,Social Media,UPI,Occasional,4,2026-06-10,7789.72
CUST005727,Aryan Thaman,Bengaluru,2025-03-18,N,Referral,Credit/Debit Card,Registered Only,0,,0.0
CUST005728,Ekaja Kaur,Hyderabad,2023-09-25,N,Referral,UPI,Registered Only,0,,0.0
CUST005729,Radha Prabhu,Bengaluru,2023-06-02,Y,Organic,Credit/Debit Card,Occasional,3,2026-06-04,1536.2
CUST005730,Eta Venkataraman,Delhi NCR,2024-01-18,N,Organic,UPI,Registered Only,0,,0.0
CUST005731,Raksha Dash,Bengaluru,2025-10-17,Y,Organic,UPI,Registered Only,0,,0.0
CUST005732,Wridesh Varughese,Mumbai,2024-07-04,Y,Paid Search,Credit/Debit Card,New,1,2026-06-27,1083.27
CUST005733,Hemangini Banerjee,Mumbai,2026-02-11,N,Organic,Credit/Debit Card,Premium,24,2026-06-29,26011.31
CUST005734,Finn Raju,Chennai,2025-09-20,N,Social Media,Cash on Delivery,Registered Only,0,,0.0
CUST005735,Matthew Ramesh,Bengaluru,2024-07-24,N,Partner Campaign,UPI,New,1,2026-04-09,789.64
CUST005736,Ria Nagy,Mumbai,2024-02-24,N,Referral,UPI,Premium,4,2026-06-21,8506.73
CUST005737,Elijah Agate,Pune,2024-02-25,Y,Referral,UPI,Registered Only,0,,0.0
CUST005738,Jeevika Ghosh,Mumbai,2025-09-20,N,Social Media,Credit/Debit Card,New,1,2026-06-26,2240.4
CUST005739,Ira Vyas,Mumbai,2024-08-17,Y,Paid Search,Wallet,New,1,2026-05-04,1365.37
CUST005740,Yashawini Som,Delhi NCR,2025-10-19,Y,Organic,UPI,Occasional,4,2026-06-13,2269.8
CUST005741,Anirudh Bera,Delhi NCR,2026-01-12,N,Social Media,Wallet,Premium,18,2026-06-23,24067.66
CUST005742,Udant Kuruvilla,Bengaluru,2023-10-19,N,Paid Search,Credit/Debit Card,Registered Only,0,,0.0
CUST005743,Charita Tata,Mumbai,2026-02-24,N,Partner Campaign,UPI,Registered Only,0,,0.0
CUST005744,Vidhi Nadkarni,Pune,2023-06-03,Y,Referral,UPI,Occasional,2,2026-05-28,623.38
CUST005745,Qushi Kota,Delhi NCR,2024-10-06,N,Organic,Net Banking,Regular,5,2026-06-28,5696.75
CUST005746,Frederick Majumdar,Pune,2023-06-25,N,Organic,Wallet,New,1,2026-06-18,198.63
CUST005747,Upasna Konda,Bengaluru,2024-12-24,N,Organic,Wallet,Occasional,3,2026-06-19,1442.4
CUST005748,Girik Dutta,Bengaluru,2023-12-24,N,Referral,Wallet,Occasional,2,2026-05-30,1790.55
CUST005749,Vedhika Dayal,Hyderabad,2024-08-20,N,Paid Search,UPI,New,1,2026-06-02,450.49
CUST005750,Anjali Deshpande,Delhi NCR,2024-10-06,Y,Organic,UPI,Registered Only,0,,0.0
CUST005751,Dhruv Panchal,Bengaluru,2023-09-05,Y,Organic,UPI,Occasional,2,2026-06-26,1504.36
CUST005752,Idika Jain,Pune,2024-01-29,N,Paid Search,Wallet,Premium,18,2026-06-26,18174.76
CUST005753,Advaith Tata,Mumbai,2023-06-16,N,Organic,Credit/Debit Card,Registered Only,0,,0.0
CUST005754,Avi Viswanathan,Delhi NCR,2023-10-15,N,Referral,Cash on Delivery,New,1,2026-05-01,1141.81
CUST005755,Aashi Memon,Mumbai,2024-07-21,N,Paid Search,UPI,Registered Only,0,,0.0
CUST005756,Chatresh Vaidya,Bengaluru,2024-08-06,Y,Partner Campaign,Credit/Debit Card,Registered Only,0,,0.0
CUST005757,Girish Jain,Delhi NCR,2023-04-12,N,Social Media,Cash on Delivery,New,1,2026-04-04,418.24
CUST005758,David Chacko,Chennai,2026-03-20,N,Paid Search,UPI,New,1,2026-05-02,1440.54
CUST005759,Tara Grover,Bengaluru,2025-05-16,N,Paid Search,Credit/Debit Card,Occasional,2,2026-05-20,1244.4
CUST005760,Yashica Sawhney,Hyderabad,2023-07-29,Y,Organic,UPI,Regular,8,2026-06-22,7514.38
CUST005761,Keya Raja,Hyderabad,2025-04-09,N,Paid Search,UPI,Premium,12,2026-06-23,19540.48
CUST005762,Januja Palan,Hyderabad,2024-04-02,N,Social Media,UPI,Regular,5,2026-06-25,3175.93
CUST005763,Kavya Parsa,Mumbai,2025-02-17,Y,Referral,Wallet,Occasional,2,2026-05-28,3150.93
CUST005764,Eta Pillai,Mumbai,2024-12-15,N,Paid Search,UPI,New,1,2026-05-13,2572.83
CUST005765,Panini Natt,Bengaluru,2024-02-25,Y,Organic,Wallet,Registered Only,0,,0.0
CUST005766,Vasana Mitra,Mumbai,2024-03-27,N,Social Media,Cash on Delivery,Occasional,2,2026-06-20,2533.89
CUST005767,Vedika Palla,Delhi NCR,2026-03-25,N,Organic,UPI,Premium,15,2026-06-24,16004.94
CUST005768,Kala Johal,Bengaluru,2026-03-16,N,Social Media,Wallet,Occasional,3,2026-06-22,2143.77
CUST005769,Oliver Narula,Mumbai,2025-08-16,N,Social Media,UPI,New,1,2026-06-28,1015.16
CUST005770,Warinder Sharma,Hyderabad,2024-12-13,Y,Organic,UPI,Occasional,4,2026-06-20,2126.91
CUST005771,Jeevika Raman,Pune,2024-08-19,N,Social Media,Credit/Debit Card,Occasional,4,2026-06-05,7611.72
CUST005772,Naksh Dugar,Hyderabad,2024-02-26,N,Paid Search,UPI,Regular,5,2026-06-08,2506.05
CUST005773,Eshana Khalsa,Delhi NCR,2025-08-27,N,Paid Search,UPI,Occasional,2,2026-04-23,3616.18
CUST005774,Megha Chatterjee,Hyderabad,2024-12-25,N,Paid Search,Credit/Debit Card,Occasional,3,2026-06-01,4890.12
CUST005775,Yasti Rajagopalan,Bengaluru,2024-05-16,N,Referral,UPI,Registered Only,0,,0.0
CUST005776,Anusha Ravi,Bengaluru,2023-06-23,N,Organic,Wallet,New,1,2026-05-24,23.57
CUST005777,Kai Garg,Mumbai,2025-05-18,N,Social Media,UPI,Occasional,2,2026-06-07,1239.94
CUST005778,Chandani Sathe,Delhi NCR,2024-10-17,Y,Organic,UPI,Registered Only,0,,0.0
CUST005779,Yashasvi Nigam,Chennai,2025-10-10,N,Organic,UPI,Occasional,3,2026-06-28,2611.69
CUST005780,Vincent Nair,Bengaluru,2023-10-14,N,Referral,UPI,Registered Only,0,,0.0
CUST005781,Siya Verma,Chennai,2025-06-26,N,Organic,UPI,Occasional,4,2026-06-21,1304.21
CUST005782,Riya Soni,Mumbai,2025-09-26,N,Organic,UPI,Registered Only,0,,0.0
CUST005783,Hiral Seth,Chennai,2024-01-30,N,Social Media,Wallet,Registered Only,0,,0.0
CUST005784,Vasatika Rai,Delhi NCR,2024-03-31,N,Social Media,UPI,New,1,2026-05-29,1753.81
CUST005785,Nirja Kumer,Mumbai,2023-08-27,N,Organic,Wallet,Occasional,2,2026-06-05,1942.04
CUST005786,Hitesh Gera,Bengaluru,2023-06-09,N,Referral,UPI,Occasional,3,2026-06-23,4864.1
CUST005787,Xavier Chawla,Hyderabad,2025-05-23,N,Paid Search,Wallet,New,1,2026-04-14,525.32
CUST005788,Ethan Edwin,Bengaluru,2025-09-09,Y,Organic,Net Banking,Regular,5,2026-06-12,4969.51
CUST005789,Fiyaz Sandal,Bengaluru,2024-10-25,N,Paid Search,Cash on Delivery,New,1,2026-05-02,808.22
CUST005790,Samarth Gole,Pune,2024-11-18,N,Referral,Credit/Debit Card,Regular,7,2026-06-25,5071.88
CUST005791,Manbir Ramachandran,Hyderabad,2024-03-01,N,Organic,Cash on Delivery,Occasional,3,2026-06-17,3499.48
CUST005792,Bhavya Dass,Bengaluru,2025-05-06,N,Organic,UPI,Occasional,3,2026-06-07,1304.22
CUST005793,Zehaan Sampath,Delhi NCR,2024-12-28,N,Paid Search,UPI,Occasional,2,2026-05-16,4248.86
CUST005794,Daksh Goyal,Bengaluru,2023-05-25,N,Organic,Cash on Delivery,Regular,5,2026-06-25,3874.9
CUST005795,Amruta Mangat,Chennai,2023-11-11,N,Referral,UPI,New,1,2026-05-16,491.32
CUST005796,Shravya Kibe,Bengaluru,2023-04-18,Y,Organic,UPI,New,1,2026-06-23,255.14
CUST005797,Aarav Mangat,Bengaluru,2024-08-16,N,Social Media,UPI,New,1,2026-06-15,2511.88
CUST005798,Ryan Din,Bengaluru,2025-08-02,N,Referral,Net Banking,Occasional,2,2026-06-20,4963.24
CUST005799,Lajita Gour,Mumbai,2025-11-22,N,Organic,Cash on Delivery,Registered Only,0,,0.0
CUST005800,Pranav Yohannan,Bengaluru,2023-10-08,Y,Referral,Net Banking,Registered Only,0,,0.0
CUST005801,Osha Sibal,Bengaluru,2024-02-16,N,Social Media,Wallet,Occasional,3,2026-06-21,4384.27
CUST005802,Manbir Deol,Bengaluru,2024-07-18,N,Organic,Cash on Delivery,Occasional,2,2026-04-14,2459.26
CUST005803,Hredhaan Sarraf,Bengaluru,2025-05-19,N,Referral,Cash on Delivery,Premium,10,2026-06-19,9079.55
CUST005804,Pavani Lall,Chennai,2024-09-26,N,Referral,Wallet,Regular,5,2026-06-22,2909.64
CUST005805,Rachana Tripathi,Mumbai,2023-09-03,N,Organic,Credit/Debit Card,Registered Only,0,,0.0
CUST005806,Shaurya Sawhney,Bengaluru,2023-07-15,N,Referral,Cash on Delivery,New,1,2026-05-18,2572.21
CUST005807,Imaran Rama,Mumbai,2023-05-04,N,Organic,Credit/Debit Card,Premium,17,2026-06-27,20085.64
CUST005808,Anika Mukhopadhyay,Pune,2025-02-17,N,Paid Search,Net Banking,Occasional,2,2026-06-17,1752.0
CUST005809,Hamsini Chaudhari,Hyderabad,2025-04-24,N,Partner Campaign,Net Banking,Registered Only,0,,0.0
CUST005810,Ubika Aurora,Pune,2025-06-06,Y,Social Media,UPI,New,1,2026-04-18,376.7
CUST005811,Priya Tripathi,Chennai,2025-04-30,N,Social Media,Credit/Debit Card,Regular,7,2026-06-07,7728.19
CUST005812,Rajeshri Bora,Hyderabad,2024-09-07,Y,Social Media,Credit/Debit Card,Registered Only,0,,0.0
CUST005813,Maya Aggarwal,Bengaluru,2024-02-01,N,Organic,UPI,Regular,5,2026-06-21,5000.14
CUST005814,Nikita Barman,Mumbai,2023-10-16,N,Organic,Wallet,Occasional,4,2026-06-17,2834.68
CUST005815,Vihaan Gade,Hyderabad,2023-06-04,N,Organic,UPI,Occasional,4,2026-06-09,4460.85
CUST005816,Dipta Madan,Hyderabad,2025-06-18,N,Social Media,Credit/Debit Card,Registered Only,0,,0.0
CUST005817,Baljiwan Samra,Hyderabad,2026-01-03,N,Social Media,UPI,Regular,6,2026-06-28,3839.03
CUST005818,Upasna Chhabra,Bengaluru,2025-07-12,Y,Organic,UPI,Occasional,3,2026-06-08,2604.8
CUST005819,Ladli Pal,Mumbai,2024-06-29,N,Paid Search,UPI,Regular,6,2026-06-24,4758.93
CUST005820,Hemani Bath,Chennai,2024-10-17,N,Organic,Wallet,Premium,8,2026-06-23,9957.81
CUST005821,Krisha Patla,Bengaluru,2023-08-25,Y,Social Media,Wallet,Occasional,3,2026-06-10,2927.43
CUST005822,Upkaar Shan,Delhi NCR,2024-01-01,Y,Paid Search,UPI,Regular,5,2026-06-25,5027.84
CUST005823,Diya Tak,Hyderabad,2023-04-09,Y,Social Media,Credit/Debit Card,Premium,14,2026-06-29,11655.32
CUST005824,Meghana Sant,Bengaluru,2023-08-01,N,Paid Search,UPI,Registered Only,0,,0.0
CUST005825,Zilmil Oza,Delhi NCR,2025-11-01,N,Organic,Credit/Debit Card,Regular,6,2026-06-26,5059.18
CUST005826,Deepa Sridhar,Mumbai,2024-02-10,Y,Social Media,Credit/Debit Card,Occasional,3,2026-05-28,3240.62
CUST005827,Anita Kumar,Mumbai,2023-07-08,N,Social Media,Net Banking,Occasional,3,2026-06-19,2696.02
CUST005828,Aachal Ghose,Bengaluru,2025-12-20,N,Partner Campaign,UPI,Premium,31,2026-06-25,27693.57
CUST005829,Hemal Ben,Hyderabad,2025-05-04,N,Referral,Wallet,Premium,7,2026-06-25,8674.45
CUST005830,Simon Natt,Delhi NCR,2026-01-30,N,Social Media,Cash on Delivery,Regular,5,2026-06-10,6270.19
CUST005831,Zinal Garde,Bengaluru,2024-03-13,N,Organic,UPI,Occasional,2,2026-06-07,1210.97
CUST005832,Garima Dhar,Delhi NCR,2026-01-11,N,Referral,UPI,Regular,5,2026-06-05,6916.1
CUST005833,Victor Mody,Delhi NCR,2023-07-19,N,Referral,UPI,Registered Only,0,,0.0
CUST005834,Zaid Sarraf,Pune,2024-10-11,N,Social Media,UPI,Regular,7,2026-06-20,5842.08
CUST005835,Bakhshi Kara,Bengaluru,2025-01-05,Y,Social Media,Credit/Debit Card,New,1,2026-04-25,810.07
CUST005836,Siya Viswanathan,Pune,2023-11-15,Y,Social Media,UPI,Regular,6,2026-06-28,6933.91
CUST005837,Anamika Ramachandran,Mumbai,2025-04-18,N,Referral,UPI,Occasional,2,2026-06-28,2498.81
CUST005838,Akshay Dutta,Delhi NCR,2024-05-22,N,Paid Search,Wallet,Registered Only,0,,0.0
CUST005839,Anay Murthy,Hyderabad,2025-12-08,Y,Referral,UPI,Registered Only,0,,0.0
CUST005840,Rehaan Chakrabarti,Hyderabad,2024-09-08,N,Paid Search,Cash on Delivery,Occasional,2,2026-05-15,1864.27
CUST005841,Girish Sankar,Chennai,2025-11-21,N,Referral,Wallet,Registered Only,0,,0.0
CUST005842,Hritik Lall,Chennai,2024-03-25,Y,Social Media,Cash on Delivery,Occasional,2,2026-06-24,1874.95
CUST005843,Ishanvi Panchal,Bengaluru,2025-04-07,N,Partner Campaign,UPI,New,1,2026-04-13,352.43
CUST005844,Oeshi Ramakrishnan,Delhi NCR,2025-08-16,Y,Referral,Credit/Debit Card,Occasional,2,2026-06-21,1037.32
CUST005845,Anay Choudhary,Bengaluru,2024-01-05,N,Organic,Cash on Delivery,Occasional,4,2026-06-01,3860.43
CUST005846,Shaurya Bhakta,Mumbai,2023-09-22,N,Partner Campaign,Wallet,Occasional,2,2026-06-14,2110.99
CUST005847,Vinaya Vohra,Bengaluru,2026-01-13,N,Partner Campaign,UPI,Registered Only,0,,0.0
CUST005848,Gayathri Varghese,Chennai,2026-01-06,N,Paid Search,UPI,Regular,6,2026-06-07,2752.47
CUST005849,Bakhshi Thaman,Mumbai,2024-11-16,N,Partner Campaign,Wallet,New,1,2026-06-27,393.76
CUST005850,Bimala Bhatti,Mumbai,2024-02-12,N,Organic,Credit/Debit Card,New,1,2026-04-12,332.49
CUST005851,Mohammed Bhattacharyya,Bengaluru,2026-01-07,Y,Organic,Credit/Debit Card,Occasional,4,2026-06-10,3934.71
CUST005852,Simon Kamdar,Delhi NCR,2023-04-23,Y,Organic,Credit/Debit Card,Registered Only,0,,0.0
CUST005853,Geetika Dash,Mumbai,2025-06-28,N,Partner Campaign,Cash on Delivery,New,1,2026-04-03,0.0
CUST005854,Anay Sundaram,Delhi NCR,2024-03-07,N,Partner Campaign,Wallet,Regular,7,2026-05-23,4559.94
CUST005855,Yug Shetty,Delhi NCR,2023-07-17,N,Paid Search,UPI,Occasional,2,2026-06-16,1276.27
CUST005856,Lakshmi Sem,Delhi NCR,2025-03-29,N,Social Media,Wallet,Occasional,4,2026-06-18,5031.58
CUST005857,Girik Mukherjee,Mumbai,2025-04-14,Y,Partner Campaign,UPI,New,1,2026-05-02,856.32
CUST005858,Bhavya Krishnan,Hyderabad,2023-05-16,Y,Organic,UPI,Registered Only,0,,0.0
CUST005859,Vincent Patel,Bengaluru,2026-02-09,N,Partner Campaign,Credit/Debit Card,Registered Only,0,,0.0
CUST005860,Chandani Agarwal,Hyderabad,2023-09-13,N,Organic,Credit/Debit Card,New,1,2026-05-29,1882.21
CUST005861,Omya Bobal,Chennai,2024-09-27,N,Organic,Wallet,New,1,2026-04-13,692.99
CUST005862,Sara Raval,Mumbai,2025-11-17,Y,Partner Campaign,UPI,Occasional,4,2026-05-08,6734.15
CUST005863,Udant Deshmukh,Hyderabad,2025-08-05,N,Referral,UPI,New,1,2026-05-02,1768.78
CUST005864,Manbir Goda,Bengaluru,2025-04-15,N,Referral,Net Banking,Occasional,2,2026-05-07,2447.45
CUST005865,Maanav Master,Pune,2024-12-30,Y,Organic,UPI,Occasional,2,2026-04-23,1456.43
CUST005866,Meera Halder,Delhi NCR,2023-06-22,N,Organic,UPI,Occasional,4,2026-05-28,3193.42
CUST005867,Falak Pillai,Delhi NCR,2023-09-24,N,Organic,Net Banking,Premium,21,2026-06-28,15824.79
CUST005868,Gaurav Bala,Mumbai,2024-06-17,N,Organic,UPI,Registered Only,0,,0.0
CUST005869,Oni Bhat,Bengaluru,2023-08-14,Y,Social Media,Wallet,New,1,2026-05-09,390.94
CUST005870,Zilmil Chopra,Bengaluru,2024-08-12,Y,Social Media,Wallet,Occasional,2,2026-06-18,1936.31
CUST005871,Urmi Chawla,Delhi NCR,2023-12-06,Y,Referral,Credit/Debit Card,New,1,2026-04-21,1520.71
CUST005872,Sarthak Bhargava,Bengaluru,2025-04-27,N,Partner Campaign,Net Banking,Registered Only,0,,0.0
CUST005873,Meera Shukla,Mumbai,2023-09-25,N,Paid Search,UPI,Registered Only,0,,0.0
CUST005874,Keya Hayer,Hyderabad,2025-09-24,N,Partner Campaign,UPI,Registered Only,0,,0.0
CUST005875,Teerth Deol,Delhi NCR,2026-01-03,Y,Paid Search,UPI,Registered Only,0,,0.0
CUST005876,Abhiram Lall,Delhi NCR,2025-11-06,N,Organic,UPI,Occasional,3,2026-06-27,7827.07
CUST005877,Aayush Kota,Delhi NCR,2025-12-17,N,Organic,UPI,Registered Only,0,,0.0
CUST005878,Samaksh Sarraf,Bengaluru,2025-06-06,N,Organic,Wallet,Registered Only,0,,0.0
CUST005879,Sathvik Bhat,Delhi NCR,2024-08-29,Y,Referral,UPI,Regular,5,2026-06-19,3403.14
CUST005880,Pahal Setty,Bengaluru,2025-05-04,N,Organic,Cash on Delivery,Occasional,4,2026-06-24,2124.08
CUST005881,Frederick Doshi,Delhi NCR,2025-05-10,Y,Organic,Credit/Debit Card,New,1,2026-05-07,2464.08
CUST005882,Siya Vig,Chennai,2023-11-09,N,Social Media,UPI,Occasional,3,2026-05-26,3297.05
CUST005883,Vincent Devan,Pune,2024-08-11,N,Organic,UPI,New,1,2026-06-21,593.65
CUST005884,Yug Gokhale,Hyderabad,2024-09-24,N,Referral,Credit/Debit Card,Occasional,3,2026-06-11,2255.64
CUST005885,Charvi Sekhon,Mumbai,2026-03-10,N,Organic,UPI,Occasional,2,2026-06-27,6833.78
CUST005886,Utkarsh Badami,Pune,2026-03-09,N,Referral,Cash on Delivery,New,1,2026-05-27,2728.05
CUST005887,Onkar Sengupta,Delhi NCR,2024-12-09,N,Organic,Wallet,Regular,5,2026-06-21,4027.75
CUST005888,Zinal Manne,Chennai,2025-06-17,N,Organic,UPI,Occasional,2,2026-06-16,4254.99
CUST005889,Om Kibe,Hyderabad,2024-04-15,Y,Referral,Net Banking,New,1,2026-05-06,619.04
CUST005890,Nidra Doctor,Bengaluru,2024-07-31,Y,Referral,Wallet,New,1,2026-05-11,921.23
CUST005891,Rehaan Sarraf,Bengaluru,2024-07-17,N,Social Media,UPI,New,1,2026-06-27,1131.67
CUST005892,Yash Basu,Bengaluru,2023-12-17,Y,Referral,Credit/Debit Card,New,1,2026-04-29,592.57
CUST005893,Zarna Om,Chennai,2025-03-25,N,Referral,UPI,Registered Only,0,,0.0
CUST005894,Kai Bhasin,Mumbai,2026-03-05,Y,Social Media,Wallet,Premium,142,2026-06-29,151983.76
CUST005895,Warjas Kothari,Pune,2025-12-13,N,Paid Search,UPI,Registered Only,0,,0.0
CUST005896,Fitan Mahajan,Delhi NCR,2025-11-02,N,Referral,UPI,Occasional,2,2026-04-21,1255.95
CUST005897,Sai Peri,Pune,2026-02-03,N,Organic,UPI,Occasional,4,2026-06-05,2172.96
CUST005898,Krishna Karpe,Delhi NCR,2025-10-06,Y,Paid Search,UPI,Occasional,2,2026-05-06,2333.37
CUST005899,Ishani Saha,Pune,2026-03-20,N,Partner Campaign,UPI,Regular,6,2026-06-19,3090.59
CUST005900,Triveni Panchal,Chennai,2024-09-18,N,Paid Search,Credit/Debit Card,Occasional,2,2026-06-01,1683.42
CUST005901,Azad Boase,Mumbai,2023-11-25,N,Referral,Credit/Debit Card,Regular,5,2026-06-24,3522.12
CUST005902,Nirja Rege,Delhi NCR,2024-02-05,N,Organic,Net Banking,New,1,2026-05-10,511.31
CUST005903,Vansha Mitra,Delhi NCR,2024-02-15,Y,Social Media,Wallet,Premium,9,2026-06-28,8302.65
CUST005904,Kabir Kata,Mumbai,2025-05-13,N,Paid Search,Credit/Debit Card,New,1,2026-04-18,3270.82
CUST005905,Omaja Pai,Bengaluru,2025-09-16,N,Organic,UPI,New,1,2026-04-11,254.57
CUST005906,Ekantika Nayak,Hyderabad,2026-01-23,Y,Organic,Credit/Debit Card,New,1,2026-05-12,1369.26
CUST005907,Pranav Sant,Mumbai,2024-07-19,N,Organic,UPI,Registered Only,0,,0.0
CUST005908,Atharv Arora,Chennai,2024-03-09,N,Social Media,Credit/Debit Card,Registered Only,0,,0.0
CUST005909,Ayush Narang,Delhi NCR,2024-08-14,Y,Paid Search,UPI,Registered Only,0,,0.0
CUST005910,Varenya Mitter,Delhi NCR,2025-07-23,N,Social Media,UPI,New,1,2026-05-27,1797.85
CUST005911,Harini Warrior,Bengaluru,2023-09-28,Y,Organic,Cash on Delivery,Registered Only,0,,0.0
CUST005912,Vyanjana Raja,Mumbai,2024-09-24,Y,Organic,UPI,Registered Only,0,,0.0
CUST005913,Yauvani Prashad,Pune,2023-05-28,Y,Referral,Cash on Delivery,Occasional,3,2026-06-13,2592.71
CUST005914,Eshana Aurora,Pune,2025-10-09,N,Organic,Wallet,Occasional,2,2026-06-09,2474.87
CUST005915,Jeet Shankar,Mumbai,2024-10-19,Y,Paid Search,UPI,Occasional,2,2026-04-15,1224.72
CUST005916,Barkha Mann,Pune,2023-04-24,N,Social Media,UPI,Premium,11,2026-06-27,11848.08
CUST005917,Farhan Mann,Delhi NCR,2024-08-04,N,Organic,UPI,New,1,2026-05-03,231.54
CUST005918,Ethan Wable,Delhi NCR,2023-10-21,Y,Referral,UPI,Occasional,3,2026-06-21,2990.77
CUST005919,Patrick Babu,Bengaluru,2025-05-26,N,Social Media,UPI,Premium,8,2026-06-15,12773.0
CUST005920,Tripti Mukherjee,Bengaluru,2023-07-01,N,Organic,Wallet,New,1,2026-04-07,583.36
CUST005921,Madhavi Vaidya,Chennai,2023-11-20,Y,Referral,UPI,Occasional,2,2026-06-29,892.75
CUST005922,Upkaar Raghavan,Pune,2023-11-28,Y,Organic,UPI,New,1,2026-06-21,213.05
CUST005923,Rushil Pandey,Mumbai,2024-08-23,Y,Organic,Credit/Debit Card,Premium,10,2026-06-27,14639.06
CUST005924,Hardik Bava,Bengaluru,2024-04-04,N,Referral,Credit/Debit Card,Registered Only,0,,0.0
CUST005925,Jalsa Bedi,Mumbai,2024-01-30,Y,Paid Search,Credit/Debit Card,Occasional,2,2026-05-21,3251.73
CUST005926,Zinal Pandit,Hyderabad,2024-01-14,N,Organic,Credit/Debit Card,Occasional,2,2026-05-29,1470.59
CUST005927,Wakeeta Dhar,Bengaluru,2024-01-26,N,Referral,Credit/Debit Card,Occasional,4,2026-06-20,1982.09
CUST005928,Qushi Ravel,Bengaluru,2024-06-01,Y,Organic,Credit/Debit Card,New,1,2026-06-07,1005.57
CUST005929,Omkaar Dayal,Mumbai,2025-02-28,N,Partner Campaign,UPI,New,1,2026-04-25,1960.37
CUST005930,Nimrat Choudhary,Bengaluru,2024-05-26,N,Partner Campaign,Cash on Delivery,Occasional,4,2026-06-15,5280.7
CUST005931,George Krishna,Bengaluru,2024-10-17,N,Paid Search,UPI,New,1,2026-05-09,370.08
CUST005932,Ira Date,Hyderabad,2024-05-11,N,Organic,Net Banking,Regular,5,2026-06-13,3922.12
CUST005933,Ganga Deo,Bengaluru,2024-01-03,N,Paid Search,Credit/Debit Card,Registered Only,0,,0.0
CUST005934,Omya Sandhu,Delhi NCR,2023-10-28,N,Organic,Credit/Debit Card,Registered Only,0,,0.0
CUST005935,Zashil Sahota,Chennai,2024-06-23,Y,Social Media,Cash on Delivery,Premium,26,2026-06-28,25559.62
CUST005936,Meghana Munshi,Pune,2023-04-28,N,Organic,UPI,New,1,2026-06-21,946.93
CUST005937,Eesha Jain,Delhi NCR,2024-06-04,Y,Partner Campaign,UPI,New,1,2026-06-07,457.82
CUST005938,Yashodhara Shetty,Mumbai,2023-06-03,N,Referral,UPI,Occasional,2,2026-06-25,2263.48
CUST005939,Mahika Butala,Mumbai,2024-05-14,N,Paid Search,Cash on Delivery,Regular,8,2026-06-28,7396.48
CUST005940,Alka Tiwari,Hyderabad,2025-03-31,Y,Organic,Wallet,Occasional,3,2026-06-11,1524.63
CUST005941,Vrinda Sodhi,Bengaluru,2026-03-28,Y,Social Media,Credit/Debit Card,Regular,5,2026-05-12,3846.28
CUST005942,Ishwar Golla,Chennai,2026-01-02,Y,Organic,UPI,Premium,16,2026-06-21,14171.72
CUST005943,Isaiah Nori,Hyderabad,2023-09-26,N,Organic,UPI,Occasional,2,2026-06-07,2307.34
CUST005944,Kevin Bandi,Hyderabad,2025-01-29,N,Social Media,Net Banking,Registered Only,0,,0.0
CUST005945,Orinder Ganguly,Mumbai,2023-04-27,Y,Social Media,UPI,Occasional,4,2026-06-19,6741.18
CUST005946,Janya Khatri,Pune,2024-12-10,N,Referral,UPI,Regular,6,2026-06-25,4948.97
CUST005947,Jeremiah Tiwari,Mumbai,2024-10-31,Y,Organic,Wallet,Occasional,2,2026-06-13,944.08
CUST005948,Unni Trivedi,Bengaluru,2023-12-02,N,Social Media,UPI,Occasional,3,2026-06-06,3661.48
CUST005949,Vinaya Sabharwal,Bengaluru,2025-11-19,Y,Paid Search,UPI,Registered Only,0,,0.0
CUST005950,Peter Palla,Chennai,2024-02-26,Y,Organic,UPI,Registered Only,0,,0.0
CUST005951,Yauvani Mammen,Pune,2025-10-28,N,Organic,Credit/Debit Card,Occasional,2,2026-06-26,1023.87
CUST005952,Diya Deol,Bengaluru,2026-02-21,Y,Social Media,UPI,New,1,2026-04-09,35.66
CUST005953,Gagan Kaul,Mumbai,2024-08-21,Y,Organic,Credit/Debit Card,Occasional,2,2026-06-10,1319.37
CUST005954,Hema Bajwa,Bengaluru,2024-12-07,N,Organic,Wallet,New,1,2026-06-15,1514.94
CUST005955,Peter Kumar,Delhi NCR,2024-11-22,N,Organic,Cash on Delivery,New,1,2026-06-22,1448.82
CUST005956,Mohini Goda,Bengaluru,2024-01-14,N,Referral,Cash on Delivery,New,1,2026-04-07,267.73
CUST005957,Ganga Agate,Delhi NCR,2025-04-02,Y,Partner Campaign,UPI,New,1,2026-05-24,805.8
CUST005958,Abeer Kapoor,Bengaluru,2023-05-02,N,Referral,Credit/Debit Card,New,1,2026-04-04,0.0
CUST005959,Balendra Wali,Bengaluru,2025-04-04,N,Organic,UPI,Occasional,3,2026-06-27,2106.75
CUST005960,Oni Bawa,Hyderabad,2026-03-04,N,Organic,Credit/Debit Card,Registered Only,0,,0.0
CUST005961,Karan Mani,Pune,2026-01-10,N,Organic,Credit/Debit Card,New,1,2026-05-16,596.81
CUST005962,Udarsh Majumdar,Pune,2023-07-27,Y,Partner Campaign,UPI,New,1,2026-06-04,515.93
CUST005963,Unni Ravel,Hyderabad,2024-12-23,N,Organic,Net Banking,Regular,5,2026-06-24,2849.44
CUST005964,Qadim Kuruvilla,Delhi NCR,2024-08-08,Y,Paid Search,UPI,Occasional,2,2026-05-11,2486.88
CUST005965,Charita Borde,Delhi NCR,2023-07-31,N,Paid Search,Wallet,Premium,4,2026-05-19,8688.58
CUST005966,Ikbal Dhawan,Mumbai,2025-01-09,N,Paid Search,Cash on Delivery,Occasional,2,2026-06-07,1783.35
CUST005967,Yug Luthra,Hyderabad,2024-02-13,Y,Organic,Wallet,New,1,2026-05-11,0.0
CUST005968,Viraj Solanki,Delhi NCR,2024-10-26,Y,Social Media,UPI,Occasional,2,2026-06-02,2967.27
CUST005969,Pranav Anne,Hyderabad,2024-02-16,N,Partner Campaign,UPI,Registered Only,0,,0.0
CUST005970,Gaurika Ramachandran,Delhi NCR,2025-06-28,Y,Paid Search,Cash on Delivery,Premium,6,2026-06-28,8098.82
CUST005971,Lekha Chandran,Delhi NCR,2024-10-21,Y,Paid Search,Credit/Debit Card,Registered Only,0,,0.0
CUST005972,Lucky Kadakia,Bengaluru,2026-01-29,N,Referral,Credit/Debit Card,Occasional,2,2026-05-28,2044.73
CUST005973,Mohammed Pradhan,Bengaluru,2023-08-25,N,Social Media,Credit/Debit Card,New,1,2026-06-06,1047.36
CUST005974,Zinal Edwin,Hyderabad,2024-02-10,N,Partner Campaign,Wallet,New,1,2026-06-24,632.23
CUST005975,Christopher Mandal,Hyderabad,2024-11-25,Y,Organic,UPI,New,1,2026-04-23,213.76
CUST005976,Nakul Goda,Bengaluru,2023-08-12,Y,Paid Search,UPI,New,1,2026-06-22,225.84
CUST005977,Bakhshi Mallick,Delhi NCR,2025-09-27,N,Referral,UPI,Registered Only,0,,0.0
CUST005978,Udant Rattan,Pune,2025-02-03,N,Referral,UPI,Occasional,2,2026-04-26,1944.57
CUST005979,Panini Pillay,Bengaluru,2026-02-04,Y,Social Media,Credit/Debit Card,Registered Only,0,,0.0
CUST005980,Naveen Shukla,Pune,2026-01-04,Y,Paid Search,Wallet,Premium,11,2026-06-23,10881.86
CUST005981,Diya Dixit,Delhi NCR,2025-12-02,N,Organic,UPI,Registered Only,0,,0.0
CUST005982,William Pant,Bengaluru,2024-05-19,N,Paid Search,Cash on Delivery,Occasional,2,2026-04-27,1071.67
CUST005983,Naveen Sampath,Hyderabad,2026-03-10,Y,Referral,Cash on Delivery,Registered Only,0,,0.0
CUST005984,Eta Upadhyay,Bengaluru,2024-12-08,N,Paid Search,Cash on Delivery,Registered Only,0,,0.0
CUST005985,Aachal Dani,Bengaluru,2023-10-12,Y,Referral,UPI,Registered Only,0,,0.0
CUST005986,Vritti Dada,Bengaluru,2024-04-30,N,Organic,Cash on Delivery,Registered Only,0,,0.0
CUST005987,Yashica Dixit,Pune,2023-09-22,N,Referral,UPI,Regular,5,2026-06-12,3026.83
CUST005988,Fiyaz Vala,Pune,2025-02-05,N,Referral,UPI,New,1,2026-05-07,44.76
CUST005989,Priya Murty,Bengaluru,2023-05-24,N,Referral,UPI,New,1,2026-05-29,1305.5
CUST005990,Abdul Jani,Delhi NCR,2024-08-20,Y,Social Media,Wallet,Occasional,3,2026-05-10,3497.99
CUST005991,Qasim Halder,Bengaluru,2023-09-28,N,Paid Search,UPI,Registered Only,0,,0.0
CUST005992,Umang Babu,Chennai,2024-06-09,N,Referral,UPI,Regular,9,2026-06-18,7961.22
CUST005993,Ira Lal,Chennai,2023-09-14,Y,Social Media,Wallet,Occasional,4,2026-06-18,3915.73
CUST005994,Lopa Zachariah,Delhi NCR,2024-03-16,Y,Social Media,UPI,Registered Only,0,,0.0
CUST005995,Meera Bhardwaj,Pune,2023-09-23,N,Referral,UPI,New,1,2026-04-03,1986.71
CUST005996,Jack Tandon,Bengaluru,2025-01-04,N,Paid Search,UPI,New,1,2026-05-21,3361.17
CUST005997,Chakradhar Srivastava,Bengaluru,2023-04-27,N,Organic,UPI,New,1,2026-06-24,431.08
CUST005998,Sachi D’Alia,Bengaluru,2024-08-13,Y,Organic,UPI,Registered Only,0,,0.0
CUST005999,Prisha Yohannan,Delhi NCR,2023-05-26,Y,Partner Campaign,Credit/Debit Card,New,1,2026-06-15,758.8
CUST006000,Prisha Dani,Chennai,2025-05-04,N,Organic,UPI,Occasional,3,2026-06-07,6572.31
CUST006001,Dalbir Sundaram,Hyderabad,2023-09-09,N,Organic,Credit/Debit Card,New,1,2026-04-27,772.8
CUST006002,Samarth Gaba,Chennai,2024-08-25,N,Organic,Credit/Debit Card,Premium,12,2026-06-18,11066.55
CUST006003,Michael Goel,Hyderabad,2024-02-05,N,Referral,Credit/Debit Card,New,1,2026-05-22,1601.35
CUST006004,Vedika Dalal,Delhi NCR,2023-12-06,N,Social Media,Cash on Delivery,Occasional,2,2026-06-17,1270.17
CUST006005,Gopal Goswami,Mumbai,2024-04-25,Y,Paid Search,Wallet,New,1,2026-05-03,591.49
CUST006006,Ekalinga Uppal,Hyderabad,2024-12-16,N,Partner Campaign,UPI,Registered Only,0,,0.0
CUST006007,Mahika Sarkar,Chennai,2024-12-25,N,Social Media,Net Banking,Occasional,4,2026-06-21,4822.46
CUST006008,Charles Tiwari,Mumbai,2025-07-23,Y,Partner Campaign,Cash on Delivery,Occasional,2,2026-06-21,2225.35
CUST006009,Krishna Bhatti,Chennai,2025-08-19,N,Social Media,Credit/Debit Card,New,1,2026-06-19,1104.27
CUST006010,Krish Ratta,Bengaluru,2025-08-17,N,Referral,Credit/Debit Card,New,1,2026-05-28,1027.59
CUST006011,Siya Borra,Bengaluru,2024-03-08,N,Organic,UPI,Occasional,2,2026-06-19,2299.05
CUST006012,Guneet Goyal,Bengaluru,2025-11-11,Y,Social Media,UPI,New,1,2026-05-28,0.0
CUST006013,Anthony Garde,Delhi NCR,2024-07-17,N,Paid Search,UPI,New,1,2026-05-26,984.15
CUST006014,Chakradev Pau,Bengaluru,2024-12-03,N,Social Media,UPI,Registered Only,0,,0.0
CUST006015,Yash Rastogi,Chennai,2024-02-24,Y,Organic,Credit/Debit Card,Regular,6,2026-05-26,3893.06
CUST006016,Ranveer Shankar,Bengaluru,2023-07-31,Y,Partner Campaign,UPI,Occasional,3,2026-06-07,1160.91
CUST006017,Omkaar Parekh,Hyderabad,2024-08-02,N,Paid Search,Net Banking,Occasional,2,2026-05-27,4946.96
CUST006018,Dhruv Comar,Chennai,2024-11-17,N,Organic,Net Banking,Regular,5,2026-06-05,4587.0
CUST006019,Hema Chakrabarti,Delhi NCR,2024-12-13,N,Organic,Credit/Debit Card,Occasional,2,2026-06-04,3246.33
CUST006020,Zaitra Luthra,Delhi NCR,2023-11-11,N,Paid Search,Net Banking,Premium,8,2026-06-20,8713.68
CUST006021,Ayushman Kumar,Hyderabad,2025-02-07,N,Referral,UPI,Premium,16,2026-06-29,13679.93
CUST006022,Nimrat Bahri,Pune,2024-09-27,N,Paid Search,Net Banking,Premium,18,2026-06-21,18358.95
CUST006023,Damyanti Shroff,Pune,2024-02-23,Y,Paid Search,UPI,Regular,5,2026-06-15,3758.74
CUST006024,Divya Luthra,Hyderabad,2023-08-07,N,Referral,UPI,Occasional,4,2026-06-28,1536.78
CUST006025,Vaishnavi Malhotra,Delhi NCR,2025-04-27,N,Social Media,UPI,Premium,18,2026-06-28,14604.45
CUST006026,Mason Dayal,Delhi NCR,2024-09-21,N,Referral,Credit/Debit Card,New,1,2026-06-16,325.46
CUST006027,Anmol Trivedi,Bengaluru,2024-04-11,N,Organic,Credit/Debit Card,Premium,5,2026-06-08,8419.83
CUST006028,Turvi Ratti,Bengaluru,2024-09-01,N,Organic,UPI,New,1,2026-05-02,1242.26
CUST006029,Onveer Koshy,Delhi NCR,2025-09-22,Y,Social Media,Credit/Debit Card,Regular,6,2026-06-24,5792.8
CUST006030,Yatin Bajwa,Hyderabad,2024-05-07,N,Partner Campaign,Credit/Debit Card,Premium,33,2026-06-25,39972.57
CUST006031,Vasudha Dar,Mumbai,2023-06-30,N,Organic,UPI,New,1,2026-04-18,775.91
CUST006032,Isha Mital,Pune,2024-10-20,N,Organic,UPI,Registered Only,0,,0.0
CUST006033,Vaishnavi Jayaraman,Mumbai,2024-02-13,Y,Referral,Credit/Debit Card,Regular,5,2026-06-23,6002.0
CUST006034,Viraj Gade,Bengaluru,2025-04-27,N,Organic,UPI,Registered Only,0,,0.0
CUST006035,Widisha Bedi,Bengaluru,2025-01-20,N,Referral,UPI,New,1,2026-05-17,359.38
CUST006036,Omkaar Badal,Hyderabad,2025-05-02,N,Organic,Wallet,New,1,2026-06-12,987.97
CUST006037,Vincent Yohannan,Delhi NCR,2025-11-09,N,Paid Search,Wallet,Premium,12,2026-06-29,9419.78
CUST006038,Tarak Ben,Delhi NCR,2025-03-14,N,Paid Search,UPI,Regular,8,2026-06-19,7116.4
CUST006039,Gautami Bains,Pune,2025-06-14,N,Referral,Wallet,New,1,2026-05-08,2872.4
CUST006040,Kavya Narain,Chennai,2024-03-16,N,Organic,Wallet,Premium,8,2026-06-25,12745.39
CUST006041,Anamika Gade,Chennai,2024-05-06,N,Partner Campaign,UPI,New,1,2026-06-13,831.93
CUST006042,Divya Dash,Hyderabad,2023-11-21,N,Organic,UPI,Occasional,2,2026-06-10,3240.36
CUST006043,Vrinda Manne,Chennai,2023-04-14,N,Organic,UPI,Occasional,2,2026-06-11,1284.09
CUST006044,Bhanumati Sampath,Bengaluru,2023-10-17,N,Referral,UPI,Occasional,2,2026-06-20,39.0
CUST006045,Mohini Nath,Pune,2023-09-01,N,Referral,UPI,New,1,2026-05-22,422.4
CUST006046,Harshil Rege,Bengaluru,2025-11-20,N,Paid Search,UPI,Occasional,2,2026-05-31,277.51
CUST006047,Chaitaly Dugar,Bengaluru,2023-07-09,Y,Organic,UPI,Registered Only,0,,0.0
CUST006048,Mohammed Sarma,Pune,2025-07-30,N,Organic,Cash on Delivery,New,1,2026-05-23,427.9
CUST006049,Harrison Varughese,Chennai,2024-01-16,N,Referral,Cash on Delivery,Regular,5,2026-06-26,4697.42
CUST006050,Hritik Sehgal,Mumbai,2025-11-23,N,Referral,Wallet,Registered Only,0,,0.0
CUST006051,Harshil Varma,Hyderabad,2023-05-27,N,Referral,UPI,New,1,2026-04-26,258.91
CUST006052,Indira Nadkarni,Bengaluru,2024-11-28,N,Organic,Cash on Delivery,Premium,12,2026-06-21,16542.02
CUST006053,Ekiya Sane,Mumbai,2025-04-19,N,Referral,Net Banking,Occasional,2,2026-05-25,2793.82
CUST006054,Daniel Dubey,Mumbai,2024-11-20,N,Organic,Credit/Debit Card,New,1,2026-05-04,419.91
CUST006055,Janya Mahajan,Delhi NCR,2025-05-27,N,Referral,Wallet,New,1,2026-06-07,842.95
CUST006056,Ekaja Devi,Bengaluru,2024-01-09,N,Paid Search,UPI,Regular,6,2026-06-15,3396.79
CUST006057,Upma Nagarajan,Mumbai,2023-10-02,N,Paid Search,UPI,Occasional,3,2026-05-06,215.89
CUST006058,Rehaan Sekhon,Chennai,2026-03-25,N,Referral,Cash on Delivery,New,1,2026-04-06,1809.65
CUST006059,Lopa Kibe,Hyderabad,2025-02-05,N,Organic,UPI,Occasional,4,2026-06-25,6722.56
CUST006060,Meera Sahota,Bengaluru,2024-10-06,N,Organic,Credit/Debit Card,Premium,8,2026-06-24,12031.66
CUST006061,Samaksh Gole,Pune,2026-03-28,Y,Paid Search,Credit/Debit Card,Regular,5,2026-05-20,2230.83
CUST006062,Chanchal Singh,Mumbai,2023-10-28,Y,Organic,Cash on Delivery,Registered Only,0,,0.0
CUST006063,Yoshita Sachar,Hyderabad,2023-05-08,N,Referral,Net Banking,Occasional,4,2026-04-26,3735.21
CUST006064,Laban Kanda,Bengaluru,2025-11-10,N,Referral,Cash on Delivery,New,1,2026-06-14,693.44
CUST006065,Samaksh Kala,Pune,2023-07-22,Y,Paid Search,UPI,New,1,2026-05-07,3712.04
CUST006066,Tara Tripathi,Hyderabad,2023-07-15,N,Social Media,Wallet,New,1,2026-05-27,530.21
CUST006067,Darika Upadhyay,Pune,2025-07-09,N,Paid Search,Cash on Delivery,Occasional,3,2026-06-27,6371.12
CUST006068,Lipika Karpe,Pune,2025-01-17,N,Organic,Credit/Debit Card,Registered Only,0,,0.0
CUST006069,Azad Mitter,Hyderabad,2023-05-15,N,Referral,Net Banking,Occasional,2,2026-04-23,909.72
CUST006070,Peter Ratti,Hyderabad,2024-02-25,Y,Social Media,Cash on Delivery,Occasional,2,2026-05-09,1773.93
CUST006071,Aarnav Kunda,Mumbai,2024-05-01,N,Organic,UPI,Registered Only,0,,0.0
CUST006072,Chasmum Pillai,Delhi NCR,2023-09-28,N,Paid Search,UPI,Occasional,4,2026-06-27,2838.1
CUST006073,Deepa Agate,Pune,2024-11-06,N,Social Media,UPI,Registered Only,0,,0.0
CUST006074,Yahvi Khatri,Bengaluru,2024-11-14,N,Organic,UPI,Regular,7,2026-06-25,2693.62
CUST006075,Suhani Bali,Hyderabad,2024-03-18,N,Partner Campaign,UPI,Occasional,4,2026-06-10,3144.95
CUST006076,Ekbal Menon,Mumbai,2023-04-30,N,Organic,UPI,New,1,2026-06-22,799.71
CUST006077,Harshil Nori,Mumbai,2026-02-15,N,Organic,Wallet,Regular,5,2026-05-26,4516.19
CUST006078,Wyatt Ganesan,Mumbai,2024-03-13,N,Paid Search,Credit/Debit Card,Premium,9,2026-06-29,11828.29
CUST006079,Warjas Prashad,Hyderabad,2024-03-07,Y,Paid Search,UPI,Regular,6,2026-06-21,6077.56
CUST006080,Arin Kunda,Hyderabad,2023-05-23,N,Organic,Cash on Delivery,Regular,6,2026-06-29,4758.29
CUST006081,Aachal Borde,Pune,2024-10-25,Y,Social Media,Credit/Debit Card,Premium,3,2026-06-20,8106.15
CUST006082,Timothy Tailor,Pune,2025-03-11,N,Referral,UPI,Regular,5,2026-06-29,4171.39
CUST006083,Yug Narasimhan,Hyderabad,2025-05-02,Y,Organic,UPI,Registered Only,0,,0.0
CUST006084,Jyoti Anand,Mumbai,2025-01-08,N,Paid Search,Credit/Debit Card,Registered Only,0,,0.0
CUST006085,Viraj Bhargava,Hyderabad,2023-04-27,Y,Organic,Credit/Debit Card,Occasional,2,2026-06-21,1478.18
CUST006086,Jack Karnik,Delhi NCR,2024-12-19,N,Organic,UPI,Occasional,4,2026-06-29,4651.22
CUST006087,Jacob Pandya,Hyderabad,2024-06-18,N,Organic,UPI,Occasional,2,2026-06-28,3189.69
CUST006088,Amrita Anand,Hyderabad,2025-10-21,N,Organic,UPI,Occasional,2,2026-05-30,1634.44
CUST006089,Tara Karan,Mumbai,2025-01-18,Y,Paid Search,Credit/Debit Card,Registered Only,0,,0.0
CUST006090,Ekalinga Walla,Pune,2025-07-05,N,Partner Campaign,Net Banking,New,1,2026-04-19,194.99
CUST006091,Falguni Basak,Pune,2024-06-13,N,Social Media,UPI,Registered Only,0,,0.0
CUST006092,Nihal Sami,Mumbai,2025-09-17,N,Organic,Cash on Delivery,Occasional,2,2026-06-27,2177.64
CUST006093,Arin Gole,Hyderabad,2023-11-17,N,Referral,UPI,New,1,2026-06-06,1785.38
CUST006094,Aradhana Rao,Bengaluru,2023-11-19,N,Social Media,Credit/Debit Card,Registered Only,0,,0.0
CUST006095,Yug Rout,Hyderabad,2025-02-26,N,Organic,Credit/Debit Card,New,1,2026-06-23,762.23
CUST006096,Isha Rege,Bengaluru,2024-04-04,N,Referral,UPI,Premium,10,2026-06-13,9132.29
CUST006097,Daksha Dada,Chennai,2023-12-15,N,Referral,UPI,Occasional,3,2026-05-31,1855.14
CUST006098,Shivansh Bawa,Pune,2023-12-10,Y,Paid Search,Cash on Delivery,Premium,10,2026-06-22,11365.8
CUST006099,Adya Raja,Mumbai,2024-09-21,N,Social Media,Net Banking,New,1,2026-04-24,1439.29
CUST006100,Dakshesh Krish,Mumbai,2024-04-27,N,Social Media,UPI,Registered Only,0,,0.0
CUST006101,Libni Srinivasan,Delhi NCR,2025-10-28,N,Referral,Cash on Delivery,Registered Only,0,,0.0
CUST006102,Sanaya Lanka,Mumbai,2026-02-03,N,Paid Search,UPI,New,1,2026-06-29,225.78
CUST006103,Arin Nadkarni,Mumbai,2025-12-15,N,Social Media,Net Banking,New,1,2026-05-04,432.78
CUST006104,Gautami Bath,Bengaluru,2025-10-13,Y,Social Media,Credit/Debit Card,Premium,6,2026-06-13,11502.92
CUST006105,Advaith Khatri,Chennai,2024-05-18,N,Social Media,UPI,New,1,2026-05-25,0.0
CUST006106,Chavvi Bahri,Mumbai,2025-10-01,N,Paid Search,Credit/Debit Card,Occasional,3,2026-05-31,1121.18
CUST006107,Kabir Tank,Bengaluru,2023-12-14,N,Referral,UPI,Occasional,4,2026-06-26,2632.16
CUST006108,Rehaan Wason,Mumbai,2023-05-04,N,Partner Campaign,UPI,New,1,2026-04-09,1845.41
CUST006109,Ishanvi Ram,Hyderabad,2024-06-09,Y,Partner Campaign,UPI,Registered Only,0,,0.0
CUST006110,Hitesh Mukhopadhyay,Delhi NCR,2023-04-29,N,Referral,UPI,Occasional,2,2026-06-28,82.68
CUST006111,Aishani Garde,Mumbai,2025-08-07,N,Organic,UPI,Occasional,2,2026-06-22,1736.58
CUST006112,Chakradhar Naik,Delhi NCR,2023-05-19,Y,Paid Search,UPI,New,1,2026-05-29,1055.94
CUST006113,Dalaja Bhagat,Hyderabad,2025-11-28,N,Referral,Credit/Debit Card,Premium,21,2026-06-23,19979.62
CUST006114,Jagat Krish,Mumbai,2024-01-26,N,Social Media,Wallet,Occasional,2,2026-06-03,2766.84
CUST006115,Matthew Chhabra,Mumbai,2024-05-09,N,Referral,Credit/Debit Card,Regular,8,2026-06-28,5873.39
CUST006116,Sachi Kapadia,Hyderabad,2026-01-25,Y,Paid Search,Credit/Debit Card,Occasional,2,2026-05-22,774.34
CUST006117,Shivansh Tiwari,Delhi NCR,2023-05-02,N,Partner Campaign,Cash on Delivery,New,1,2026-04-18,573.38
CUST006118,Yamini Bhat,Bengaluru,2023-10-26,Y,Organic,Cash on Delivery,Occasional,3,2026-06-27,4917.19
CUST006119,Madhavi Rau,Bengaluru,2023-04-05,Y,Organic,UPI,Registered Only,0,,0.0
CUST006120,Adweta Oommen,Bengaluru,2025-11-14,N,Referral,UPI,Registered Only,0,,0.0
CUST006121,Neha Doctor,Delhi NCR,2023-12-06,N,Partner Campaign,UPI,Regular,5,2026-06-03,5260.91
CUST006122,Chatura Venkataraman,Delhi NCR,2024-11-12,Y,Social Media,Wallet,Occasional,3,2026-06-22,2023.66
CUST006123,Dayamai Jayaraman,Hyderabad,2024-01-03,Y,Partner Campaign,Wallet,Registered Only,0,,0.0
CUST006124,Yashvi Palan,Chennai,2024-08-24,N,Paid Search,Credit/Debit Card,Occasional,2,2026-06-09,1178.35
CUST006125,Jyoti Mittal,Bengaluru,2024-12-11,N,Referral,Wallet,New,1,2026-06-07,642.78
CUST006126,Joshua Sachdev,Hyderabad,2024-06-20,Y,Organic,Credit/Debit Card,Registered Only,0,,0.0
CUST006127,Kavya Badal,Hyderabad,2023-06-10,N,Referral,Credit/Debit Card,Registered Only,0,,0.0
CUST006128,Odika Muni,Chennai,2025-01-10,Y,Social Media,Credit/Debit Card,Premium,135,2026-06-29,123620.11
CUST006129,Harsh Ghose,Pune,2025-01-07,N,Partner Campaign,UPI,Registered Only,0,,0.0
CUST006130,Dominic Bose,Bengaluru,2024-11-23,N,Organic,Credit/Debit Card,Occasional,2,2026-06-05,921.65
CUST006131,Qabil Malhotra,Delhi NCR,2024-08-19,Y,Paid Search,UPI,Premium,15,2026-06-17,13457.24
CUST006132,Frado Shetty,Pune,2023-07-04,N,Social Media,Wallet,Occasional,2,2026-06-11,1505.32
CUST006133,Aahana Sood,Pune,2024-09-16,Y,Organic,UPI,Occasional,2,2026-05-10,1737.23
CUST006134,Frado Purohit,Pune,2023-11-29,N,Paid Search,Credit/Debit Card,Registered Only,0,,0.0
CUST006135,Qushi Vig,Hyderabad,2023-07-24,N,Partner Campaign,UPI,New,1,2026-06-27,552.04
CUST006136,Anvi Anne,Pune,2025-12-10,N,Organic,UPI,Premium,42,2026-06-29,40695.07
CUST006137,Adya Kadakia,Hyderabad,2026-03-03,N,Referral,UPI,Registered Only,0,,0.0
CUST006138,Thomas Kamdar,Hyderabad,2024-04-01,N,Organic,Credit/Debit Card,Occasional,3,2026-06-09,4107.43
CUST006139,Alexander Prabhu,Hyderabad,2023-10-05,N,Social Media,Wallet,New,1,2026-04-09,1925.54
CUST006140,Samesh Bhattacharyya,Hyderabad,2024-09-16,N,Paid Search,Credit/Debit Card,Registered Only,0,,0.0
CUST006141,Harinakshi Rama,Bengaluru,2026-03-24,N,Referral,Cash on Delivery,Registered Only,0,,0.0
CUST006142,Alexander Sha,Hyderabad,2026-03-12,N,Referral,Credit/Debit Card,New,1,2026-06-14,2902.98
CUST006143,Vedhika Sachdeva,Pune,2025-09-14,N,Organic,UPI,Regular,5,2026-06-01,1958.65
CUST006144,Balhaar Lala,Bengaluru,2024-05-19,N,Social Media,Cash on Delivery,Registered Only,0,,0.0
CUST006145,Charan Subramanian,Mumbai,2025-08-10,N,Paid Search,Wallet,Occasional,3,2026-06-08,4080.43
CUST006146,Gaurang Raval,Mumbai,2023-04-02,N,Paid Search,UPI,New,1,2026-05-19,677.29
CUST006147,Tamanna Bassi,Bengaluru,2025-11-14,Y,Referral,UPI,New,1,2026-04-08,1038.71
CUST006148,Nihal Sundaram,Mumbai,2024-11-18,N,Partner Campaign,UPI,New,1,2026-05-02,706.75
CUST006149,Rehaan Parekh,Bengaluru,2023-08-05,Y,Organic,Wallet,Occasional,3,2026-06-02,1090.36
CUST006150,Darsh Soni,Delhi NCR,2023-12-10,N,Paid Search,Cash on Delivery,Occasional,2,2026-04-18,872.04
CUST006151,Onkar Swamy,Hyderabad,2026-02-23,N,Partner Campaign,UPI,Registered Only,0,,0.0
CUST006152,Anmol Dada,Bengaluru,2025-01-21,N,Social Media,Credit/Debit Card,Occasional,4,2026-05-25,7366.41
CUST006153,Indira Bora,Chennai,2025-02-25,N,Referral,Net Banking,Registered Only,0,,0.0
CUST006154,Brinda Mane,Chennai,2025-09-28,N,Organic,Cash on Delivery,Registered Only,0,,0.0
CUST006155,Charan Dhaliwal,Hyderabad,2026-03-19,N,Referral,Cash on Delivery,Registered Only,0,,0.0
CUST006156,Warhi Prabhakar,Delhi NCR,2024-11-21,N,Referral,UPI,New,1,2026-06-22,484.91
CUST006157,Dhruv Chanda,Pune,2024-07-12,Y,Paid Search,UPI,Registered Only,0,,0.0
CUST006158,Jagrati Narasimhan,Mumbai,2025-07-16,N,Social Media,UPI,Occasional,2,2026-06-12,4624.94
CUST006159,Maanav Choudhry,Bengaluru,2024-08-21,N,Social Media,UPI,Occasional,2,2026-06-10,4248.06
CUST006160,Anmol Kant,Delhi NCR,2025-02-20,N,Paid Search,Credit/Debit Card,Occasional,3,2026-06-27,6546.91
CUST006161,Chatura Korpal,Pune,2023-06-26,Y,Organic,Wallet,Registered Only,0,,0.0
CUST006162,Janani Amble,Chennai,2026-02-13,N,Referral,Wallet,Occasional,2,2026-04-26,3349.41
CUST006163,Manan Subramaniam,Bengaluru,2023-05-11,N,Social Media,Wallet,Premium,10,2026-06-16,6989.51
CUST006164,Qabil Chhabra,Mumbai,2025-05-19,N,Social Media,Wallet,Premium,5,2026-06-29,11734.14
CUST006165,Mitesh Nagarajan,Mumbai,2025-11-05,Y,Referral,Credit/Debit Card,New,1,2026-05-02,208.52
CUST006166,Forum Kumar,Hyderabad,2024-03-21,Y,Paid Search,UPI,New,1,2026-05-10,501.62
CUST006167,Ladli Koshy,Hyderabad,2024-08-31,N,Social Media,UPI,Occasional,4,2026-06-21,6923.64
CUST006168,Tanvi Bose,Mumbai,2023-08-12,N,Paid Search,Credit/Debit Card,Occasional,4,2026-06-21,1388.01
CUST006169,Aditya Nagi,Chennai,2024-12-16,Y,Organic,UPI,New,1,2026-04-14,2257.5
CUST006170,Rajata Subramanian,Bengaluru,2024-05-31,N,Partner Campaign,UPI,Regular,5,2026-06-11,6884.18
CUST006171,Waida Magar,Bengaluru,2026-02-07,Y,Organic,UPI,Occasional,2,2026-05-26,748.77
CUST006172,Adya Kuruvilla,Pune,2025-06-06,N,Social Media,UPI,Premium,3,2026-06-28,9270.3
CUST006173,Unnati Kakar,Hyderabad,2023-08-24,N,Referral,Wallet,Premium,5,2026-06-24,13297.41
CUST006174,Shivansh Contractor,Delhi NCR,2025-05-08,Y,Paid Search,Cash on Delivery,Registered Only,0,,0.0
CUST006175,Ishwar Das,Hyderabad,2024-12-02,N,Social Media,Credit/Debit Card,Occasional,2,2026-05-05,2252.84
CUST006176,Kashish Handa,Pune,2023-06-24,N,Partner Campaign,UPI,Registered Only,0,,0.0
CUST006177,Ayaan Gole,Chennai,2025-10-29,N,Paid Search,UPI,Occasional,2,2026-06-29,2141.78
CUST006178,Nikita Pall,Hyderabad,2023-06-22,N,Organic,Credit/Debit Card,Registered Only,0,,0.0
CUST006179,Ekavir Doshi,Delhi NCR,2023-10-20,Y,Organic,UPI,Occasional,3,2026-05-26,4748.82
CUST006180,Mitali Ghosh,Bengaluru,2023-07-06,N,Social Media,UPI,Registered Only,0,,0.0
CUST006181,Ekapad Ghose,Bengaluru,2023-07-09,Y,Organic,Credit/Debit Card,New,1,2026-06-03,897.87
CUST006182,Ethan Khurana,Bengaluru,2026-01-13,N,Referral,Net Banking,Registered Only,0,,0.0
CUST006183,Yashawini Nagar,Chennai,2025-11-15,N,Partner Campaign,Credit/Debit Card,Occasional,4,2026-06-17,3104.14
CUST006184,Arjun Kaur,Chennai,2023-07-06,Y,Partner Campaign,Credit/Debit Card,New,1,2026-04-15,1159.45
CUST006185,Ridhi Merchant,Hyderabad,2023-07-06,N,Paid Search,UPI,Regular,9,2026-06-22,6912.33
CUST006186,Wahab Sathe,Hyderabad,2024-05-11,N,Referral,Cash on Delivery,Registered Only,0,,0.0
CUST006187,Praneel Lall,Bengaluru,2025-10-05,N,Partner Campaign,UPI,New,1,2026-06-03,600.09
CUST006188,Ikbal Parsa,Delhi NCR,2025-08-05,Y,Organic,UPI,Registered Only,0,,0.0
CUST006189,Darpan Kanda,Delhi NCR,2026-03-28,N,Paid Search,UPI,Regular,9,2026-06-27,7361.36
CUST006190,Qushi Tata,Hyderabad,2023-04-26,N,Partner Campaign,Wallet,Occasional,2,2026-05-21,1773.7
CUST006191,Vanya Bhargava,Mumbai,2024-05-10,N,Referral,Wallet,Premium,13,2026-06-20,10305.19
CUST006192,Gautami Dasgupta,Chennai,2025-11-10,Y,Partner Campaign,Wallet,New,1,2026-05-26,1110.39
CUST006193,Ekansh Batra,Hyderabad,2024-02-29,N,Organic,Credit/Debit Card,Occasional,2,2026-06-23,1156.45
CUST006194,Caleb Gala,Bengaluru,2024-12-23,N,Organic,UPI,New,1,2026-05-31,629.18
CUST006195,Utkarsh Shankar,Hyderabad,2025-08-30,N,Social Media,Credit/Debit Card,Occasional,3,2026-06-18,2196.98
CUST006196,Rushil Sachar,Hyderabad,2024-04-09,Y,Partner Campaign,UPI,Regular,5,2026-06-24,6013.91
CUST006197,Anamika Bajwa,Bengaluru,2024-11-04,Y,Paid Search,UPI,Occasional,3,2026-05-30,3275.87
CUST006198,Amrita Devan,Delhi NCR,2023-03-30,Y,Organic,Net Banking,Regular,5,2026-05-31,4236.2
CUST006199,Ishwar Verma,Delhi NCR,2023-07-31,N,Organic,UPI,Occasional,3,2026-06-24,2498.69
CUST006200,Nihal Wadhwa,Bengaluru,2024-10-11,N,Organic,Net Banking,Registered Only,0,,0.0
CUST006201,Maya Bedi,Chennai,2024-06-29,N,Social Media,Wallet,Premium,22,2026-06-29,32955.29
CUST006202,Anvi Raj,Pune,2024-08-03,Y,Social Media,Wallet,Occasional,3,2026-06-18,2029.59
CUST006203,Nidra Sarma,Pune,2025-02-23,N,Partner Campaign,UPI,Occasional,2,2026-05-29,428.28
CUST006204,Aarush Borah,Bengaluru,2023-11-21,N,Organic,Credit/Debit Card,Regular,5,2026-06-22,7077.99
CUST006205,Shravya Sachdeva,Bengaluru,2024-10-29,N,Social Media,UPI,New,1,2026-05-31,626.86
CUST006206,Kala Sridhar,Hyderabad,2024-08-09,N,Organic,Credit/Debit Card,New,1,2026-04-04,294.92
CUST006207,Brinda Prakash,Delhi NCR,2025-01-01,N,Organic,UPI,Premium,9,2026-06-22,13749.23
CUST006208,Dalbir Kothari,Hyderabad,2024-05-14,Y,Organic,UPI,Premium,48,2026-06-28,54476.12
CUST006209,Chanchal Bansal,Hyderabad,2025-08-15,Y,Organic,Net Banking,Regular,5,2026-06-26,2995.73
CUST006210,Raghav Arora,Mumbai,2025-03-10,N,Organic,Cash on Delivery,Premium,9,2026-06-23,8180.49
CUST006211,Ekantika Edwin,Pune,2024-05-23,N,Organic,Credit/Debit Card,Premium,10,2026-06-10,4821.32
CUST006212,Tanmayi Chaudhry,Bengaluru,2024-12-27,N,Paid Search,Net Banking,Regular,8,2026-06-25,3525.9
CUST006213,Lipika Deshpande,Hyderabad,2025-01-23,N,Referral,Credit/Debit Card,Registered Only,0,,0.0
CUST006214,Lucky Goel,Pune,2024-11-19,N,Referral,UPI,Registered Only,0,,0.0
CUST006215,Anthony Pingle,Bengaluru,2024-05-24,N,Organic,UPI,Regular,6,2026-06-20,3657.88
CUST006216,Bakhshi Agate,Mumbai,2023-09-02,N,Referral,Cash on Delivery,Occasional,2,2026-05-24,1115.59
CUST006217,Triveni Nagy,Pune,2026-03-08,N,Referral,Credit/Debit Card,Premium,12,2026-06-10,12336.06
CUST006218,Aditya Vasa,Bengaluru,2023-04-08,N,Organic,Credit/Debit Card,New,1,2026-06-11,1591.27
CUST006219,Hamsini Randhawa,Bengaluru,2025-11-02,N,Organic,UPI,New,1,2026-06-21,1916.18
CUST006220,Nidhi Bail,Mumbai,2024-07-05,N,Organic,Credit/Debit Card,Premium,12,2026-06-19,14400.79
CUST006221,Gopal Gour,Delhi NCR,2025-08-10,Y,Organic,UPI,New,1,2026-06-08,913.02
CUST006222,Yasti Varty,Bengaluru,2023-09-08,N,Organic,UPI,New,1,2026-04-16,410.05
CUST006223,Hardik Karpe,Hyderabad,2026-01-09,N,Organic,UPI,Occasional,3,2026-06-02,4225.27
CUST006224,Ridhi Hari,Bengaluru,2025-03-16,N,Referral,UPI,Occasional,3,2026-06-15,2330.02
CUST006225,Harini Mandal,Bengaluru,2025-10-28,N,Paid Search,UPI,Registered Only,0,,0.0
CUST006226,Warhi Narang,Delhi NCR,2024-12-04,N,Partner Campaign,Wallet,New,1,2026-05-01,532.69
CUST006227,Jai Peri,Mumbai,2025-07-28,N,Paid Search,UPI,Registered Only,0,,0.0
CUST006228,Azaan Hayre,Bengaluru,2025-11-08,Y,Organic,UPI,Regular,5,2026-06-14,6722.71
CUST006229,Riya Koshy,Delhi NCR,2026-03-24,N,Paid Search,UPI,New,1,2026-05-08,2022.64
CUST006230,Ekaja Sengupta,Bengaluru,2025-08-02,N,Referral,Wallet,Occasional,3,2026-06-16,2089.57
CUST006231,Rachit Shere,Bengaluru,2025-10-10,Y,Social Media,UPI,Regular,6,2026-06-18,3362.96
CUST006232,Janaki Bhargava,Bengaluru,2025-12-20,N,Referral,UPI,Registered Only,0,,0.0
CUST006233,Raksha Borra,Hyderabad,2025-05-07,Y,Referral,UPI,Occasional,2,2026-06-29,1169.32
CUST006234,Krishna Chahal,Chennai,2023-08-28,Y,Organic,UPI,New,1,2026-06-23,755.8
CUST006235,Inaya Rajagopalan,Mumbai,2023-05-15,Y,Social Media,UPI,New,1,2026-05-25,2094.76
CUST006236,Edhitha Chopra,Mumbai,2024-06-05,N,Social Media,Wallet,Occasional,4,2026-06-26,3282.74
CUST006237,Andrew Magar,Chennai,2025-02-10,Y,Organic,Credit/Debit Card,New,1,2026-05-26,967.39
CUST006238,Hemal Khanna,Hyderabad,2025-06-20,N,Organic,UPI,Registered Only,0,,0.0
CUST006239,Charita Bhandari,Chennai,2024-02-08,N,Partner Campaign,Credit/Debit Card,Premium,6,2026-06-29,8000.04
CUST006240,Pranav Saha,Bengaluru,2023-08-11,Y,Partner Campaign,UPI,Occasional,4,2026-06-25,6073.14
CUST006241,Pahal Naik,Mumbai,2025-08-17,Y,Organic,UPI,New,1,2026-05-05,212.27
CUST006242,Divya Ganesh,Chennai,2025-06-22,Y,Referral,UPI,New,1,2026-04-11,1402.81
CUST006243,Janani Jha,Pune,2023-12-19,N,Social Media,UPI,Occasional,4,2026-06-09,2096.15
CUST006244,Patrick Dhingra,Delhi NCR,2023-07-08,N,Organic,UPI,Registered Only,0,,0.0
CUST006245,Teerth Kurian,Chennai,2025-06-11,N,Referral,UPI,Occasional,4,2026-05-24,2658.65
CUST006246,Finn Shah,Hyderabad,2024-08-11,N,Social Media,Cash on Delivery,Registered Only,0,,0.0
CUST006247,Jeevika Chopra,Bengaluru,2023-06-01,N,Referral,Wallet,New,1,2026-04-09,1178.87
CUST006248,Devika Tak,Bengaluru,2024-09-01,N,Organic,UPI,New,1,2026-04-06,136.55
CUST006249,Leena Varty,Pune,2024-06-05,N,Paid Search,Credit/Debit Card,New,1,2026-04-21,178.16
CUST006250,Ekaraj Singh,Mumbai,2024-06-04,N,Paid Search,UPI,Occasional,2,2026-06-19,2344.11
CUST006251,Ekiya Sampath,Hyderabad,2025-07-03,N,Organic,Net Banking,Occasional,2,2026-06-20,4822.13
CUST006252,Hredhaan Wable,Mumbai,2026-01-21,N,Organic,UPI,Registered Only,0,,0.0
CUST006253,Niharika Tailor,Delhi NCR,2024-07-05,N,Paid Search,Credit/Debit Card,Occasional,2,2026-06-26,775.26
CUST006254,Rachit Ratti,Pune,2024-10-05,N,Paid Search,UPI,Premium,5,2026-05-26,9147.8
CUST006255,Tamanna Babu,Delhi NCR,2024-02-27,Y,Paid Search,Wallet,New,1,2026-05-03,270.42
CUST006256,Oviya Das,Mumbai,2023-07-13,N,Organic,UPI,Registered Only,0,,0.0
CUST006257,Ekaja Nagi,Delhi NCR,2024-07-19,Y,Organic,UPI,Occasional,2,2026-04-27,1672.33
CUST006258,Agastya Yohannan,Chennai,2023-04-02,Y,Paid Search,UPI,Occasional,3,2026-06-12,4874.24
CUST006259,Akshay Raj,Hyderabad,2023-08-25,N,Referral,Wallet,Registered Only,0,,0.0
CUST006260,Kashvi Vala,Hyderabad,2026-03-09,N,Referral,UPI,Occasional,2,2026-06-09,4817.67
CUST006261,Chavvi Bal,Delhi NCR,2023-11-20,N,Paid Search,UPI,Registered Only,0,,0.0
CUST006262,Dayita Dasgupta,Chennai,2025-01-21,N,Referral,UPI,Premium,27,2026-06-24,28675.63
CUST006263,Joshua Ahluwalia,Chennai,2025-01-29,N,Partner Campaign,UPI,Occasional,3,2026-06-29,1493.51
CUST006264,Nidhi Varty,Bengaluru,2023-04-23,Y,Social Media,Credit/Debit Card,Registered Only,0,,0.0
CUST006265,Nikita Sem,Hyderabad,2023-07-26,N,Paid Search,UPI,Occasional,3,2026-06-09,2031.32
CUST006266,Sara Dara,Bengaluru,2023-04-06,N,Paid Search,Credit/Debit Card,Occasional,4,2026-06-04,4096.9
CUST006267,Abeer Mann,Chennai,2023-04-14,N,Organic,UPI,Occasional,2,2026-05-30,822.52
CUST006268,Mason Cheema,Chennai,2023-05-26,N,Referral,Wallet,New,1,2026-05-29,0.0
CUST006269,Vedhika Venkataraman,Delhi NCR,2023-08-11,Y,Paid Search,UPI,Regular,5,2026-05-15,5193.52
CUST006270,Nitesh Nair,Chennai,2026-01-08,Y,Referral,UPI,Registered Only,0,,0.0
CUST006271,Agastya Koshy,Chennai,2025-09-10,N,Social Media,Credit/Debit Card,Occasional,2,2026-05-18,1655.89
CUST006272,Ranveer Ravel,Hyderabad,2024-10-25,N,Social Media,UPI,Registered Only,0,,0.0
CUST006273,Netra Chanda,Bengaluru,2024-04-13,N,Paid Search,Cash on Delivery,Premium,6,2026-05-30,9109.74
CUST006274,Edhitha Chand,Bengaluru,2026-01-20,Y,Partner Campaign,Wallet,Occasional,4,2026-06-25,6485.99
CUST006275,Anya Sem,Mumbai,2026-01-15,N,Referral,UPI,Premium,4,2026-05-24,8167.35
CUST006276,Riya Pandya,Mumbai,2025-04-29,N,Organic,Credit/Debit Card,Registered Only,0,,0.0
CUST006277,Avni Tiwari,Hyderabad,2024-05-24,N,Organic,UPI,Premium,25,2026-06-27,26407.9
CUST006278,Andrew Kar,Bengaluru,2025-05-30,N,Social Media,Net Banking,New,1,2026-06-20,1511.72
CUST006279,Balveer More,Bengaluru,2024-11-19,N,Paid Search,Credit/Debit Card,Premium,4,2026-05-29,8294.75
CUST006280,Vamakshi Sha,Delhi NCR,2025-04-22,N,Paid Search,UPI,Occasional,2,2026-06-27,1403.81
CUST006281,Anita Mody,Mumbai,2025-12-17,Y,Referral,UPI,Occasional,3,2026-06-29,2789.87
CUST006282,Anjali Doctor,Chennai,2025-07-20,N,Organic,Credit/Debit Card,Occasional,2,2026-05-10,208.17
CUST006283,Finn Sahota,Delhi NCR,2023-06-07,N,Paid Search,Wallet,Premium,5,2026-06-15,8099.78
CUST006284,Alexander Bumb,Chennai,2024-06-25,Y,Referral,Credit/Debit Card,Registered Only,0,,0.0
CUST006285,Anamika Rai,Chennai,2024-11-15,N,Paid Search,Cash on Delivery,Occasional,3,2026-06-23,1229.29
CUST006286,Pushti Goda,Chennai,2023-11-14,N,Paid Search,UPI,Occasional,2,2026-06-04,4728.55
CUST006287,Leena Yogi,Hyderabad,2024-08-20,N,Organic,Credit/Debit Card,Regular,5,2026-06-21,5855.13
CUST006288,Lohit Krish,Bengaluru,2026-01-08,N,Referral,UPI,Registered Only,0,,0.0
CUST006289,Tamanna Goswami,Hyderabad,2025-01-12,N,Social Media,Cash on Delivery,Occasional,2,2026-06-01,703.19
CUST006290,Bhanumati Prasad,Mumbai,2025-01-31,N,Social Media,Net Banking,Occasional,2,2026-05-14,1692.36
CUST006291,Krisha Cheema,Mumbai,2024-02-19,N,Referral,UPI,New,1,2026-04-29,2165.61
CUST006292,Zehaan Bains,Chennai,2023-09-04,N,Referral,UPI,New,1,2026-06-08,394.4
CUST006293,Advika Johal,Hyderabad,2024-12-11,N,Paid Search,UPI,Registered Only,0,,0.0
CUST006294,Jalsa Walia,Hyderabad,2025-07-12,N,Organic,UPI,Occasional,2,2026-06-28,619.2
CUST006295,Viraj Biswas,Pune,2023-08-12,N,Referral,UPI,Registered Only,0,,0.0
CUST006296,Tanay Chawla,Hyderabad,2025-03-15,Y,Organic,UPI,Occasional,3,2026-06-09,1551.54
CUST006297,Aradhana Sehgal,Bengaluru,2025-10-05,Y,Paid Search,UPI,Occasional,4,2026-05-28,4227.31
CUST006298,Balvan Dayal,Hyderabad,2024-03-15,N,Social Media,UPI,Occasional,4,2026-04-30,2414.1
CUST006299,Bahadurjit Goda,Bengaluru,2023-12-07,Y,Paid Search,UPI,Occasional,2,2026-05-25,1336.4
CUST006300,Saumya Madan,Bengaluru,2025-12-10,Y,Paid Search,UPI,Premium,14,2026-06-17,17087.55
CUST006301,Hritik Kulkarni,Pune,2025-07-02,N,Organic,Net Banking,Occasional,3,2026-06-08,7380.94
CUST006302,Leena Sarna,Bengaluru,2025-02-23,N,Referral,UPI,Registered Only,0,,0.0
CUST006303,Nikita Reddy,Bengaluru,2025-01-19,Y,Referral,Credit/Debit Card,Registered Only,0,,0.0
CUST006304,Yoshita Nair,Pune,2023-08-07,N,Organic,UPI,Occasional,2,2026-05-31,2822.74
CUST006305,Krishna Date,Bengaluru,2024-12-13,Y,Referral,Wallet,New,1,2026-04-26,808.77
CUST006306,Liam Sridhar,Mumbai,2025-11-02,N,Social Media,UPI,Regular,6,2026-06-11,4627.13
CUST006307,Rushil Murthy,Bengaluru,2023-06-08,Y,Social Media,UPI,New,1,2026-06-11,861.54
CUST006308,Garima Butala,Bengaluru,2025-02-03,N,Partner Campaign,Credit/Debit Card,Premium,13,2026-06-28,16891.15
CUST006309,Harinakshi Thaman,Delhi NCR,2023-12-25,N,Organic,UPI,Registered Only,0,,0.0
CUST006310,Lila Dave,Bengaluru,2024-04-02,N,Organic,Cash on Delivery,Regular,5,2026-06-19,2356.11
CUST006311,Mitesh Jha,Delhi NCR,2024-05-30,N,Paid Search,Wallet,New,1,2026-06-04,555.49
CUST006312,Balveer Menon,Pune,2025-11-14,N,Partner Campaign,UPI,Occasional,2,2026-06-28,380.63
CUST006313,Advay Patla,Delhi NCR,2023-08-06,N,Organic,UPI,New,1,2026-04-09,282.61
CUST006314,Ekta Ghosh,Pune,2025-08-03,N,Referral,UPI,Regular,5,2026-06-09,3790.02
CUST006315,Nitara Pal,Chennai,2023-05-21,N,Referral,Cash on Delivery,Occasional,2,2026-04-17,2644.66
CUST006316,Jyoti Sagar,Chennai,2023-07-10,Y,Organic,Credit/Debit Card,Occasional,4,2026-05-31,4265.58
CUST006317,Radha Chaudhary,Hyderabad,2023-12-21,N,Paid Search,UPI,Occasional,2,2026-06-05,757.05
CUST006318,Veda Natarajan,Hyderabad,2025-12-29,Y,Referral,Wallet,Occasional,2,2026-05-05,2472.49
CUST006319,Lipika Tiwari,Mumbai,2025-10-05,N,Referral,UPI,Occasional,3,2026-05-06,4662.93
CUST006320,Lakshit D’Alia,Delhi NCR,2023-09-27,N,Paid Search,Net Banking,Premium,6,2026-06-17,8216.82
CUST006321,Farhan Chaudhry,Delhi NCR,2024-01-23,Y,Organic,UPI,Occasional,2,2026-06-07,1947.76
CUST006322,Yug Soman,Bengaluru,2025-04-26,N,Referral,Credit/Debit Card,Occasional,3,2026-06-19,4055.99
CUST006323,Chandresh Divan,Bengaluru,2023-10-04,N,Organic,UPI,Occasional,4,2026-06-17,6087.69
CUST006324,Ladli Ram,Bengaluru,2024-11-17,N,Social Media,Net Banking,New,1,2026-04-03,772.67
CUST006325,Keya Mallick,Hyderabad,2024-03-22,N,Partner Campaign,Cash on Delivery,Premium,17,2026-06-19,12864.84
CUST006326,Jagvi Maharaj,Bengaluru,2024-07-07,N,Social Media,UPI,Registered Only,0,,0.0
CUST006327,Forum Khurana,Hyderabad,2024-07-04,N,Social Media,UPI,Registered Only,0,,0.0
CUST006328,Pooja Rajagopalan,Hyderabad,2023-05-30,N,Paid Search,Cash on Delivery,New,1,2026-06-28,2158.93
CUST006329,Shivansh Talwar,Hyderabad,2025-09-02,N,Partner Campaign,UPI,Occasional,3,2026-06-16,3855.3
CUST006330,Zaid Sabharwal,Bengaluru,2026-02-01,Y,Paid Search,Wallet,New,1,2026-05-18,1477.27
CUST006331,Vrishti Prabhu,Mumbai,2023-12-08,N,Partner Campaign,UPI,Occasional,2,2026-06-18,1542.54
CUST006332,Upadhriti Bhatia,Chennai,2023-10-31,Y,Organic,UPI,Occasional,2,2026-06-26,6108.51
CUST006333,Aachal Khare,Chennai,2023-07-06,Y,Organic,UPI,Registered Only,0,,0.0
CUST006334,Ekiya Bains,Hyderabad,2024-09-06,Y,Partner Campaign,UPI,Occasional,2,2026-06-04,2398.01
CUST006335,Charvi Contractor,Pune,2024-06-09,Y,Organic,Cash on Delivery,New,1,2026-06-14,278.84
CUST006336,Rayaan Varkey,Mumbai,2025-07-21,Y,Referral,UPI,Occasional,2,2026-04-26,2153.8
CUST006337,Arya Sarkar,Pune,2024-12-30,N,Referral,Cash on Delivery,Registered Only,0,,0.0
CUST006338,Irya Halder,Pune,2025-10-06,N,Referral,UPI,New,1,2026-05-06,608.54
CUST006339,Warda Karan,Chennai,2024-06-16,N,Organic,Credit/Debit Card,Registered Only,0,,0.0
CUST006340,Osha Krishnamurthy,Delhi NCR,2023-08-21,N,Referral,Wallet,Registered Only,0,,0.0
CUST006341,Caleb Sethi,Mumbai,2025-12-09,N,Referral,UPI,New,1,2026-04-11,0.0
CUST006342,Januja Raman,Bengaluru,2023-08-24,Y,Paid Search,Credit/Debit Card,New,1,2026-04-04,376.08
CUST006343,Eiravati Taneja,Mumbai,2023-06-27,Y,Social Media,Wallet,Occasional,2,2026-05-09,844.57
CUST006344,Upkaar Shetty,Hyderabad,2024-12-27,N,Social Media,UPI,Occasional,2,2026-06-05,886.49
CUST006345,Jagvi Iyengar,Hyderabad,2025-02-07,Y,Referral,Credit/Debit Card,New,1,2026-04-01,2546.76
CUST006346,Tejas Pau,Mumbai,2024-01-04,N,Organic,Credit/Debit Card,New,1,2026-04-27,395.49
CUST006347,Aryan Badal,Bengaluru,2025-09-19,Y,Organic,Credit/Debit Card,New,1,2026-06-06,0.0
CUST006348,Indira Shere,Delhi NCR,2023-08-08,N,Referral,Cash on Delivery,Occasional,4,2026-06-22,7928.74
CUST006349,Dayamai Radhakrishnan,Mumbai,2024-08-20,N,Referral,UPI,Registered Only,0,,0.0
CUST006350,Jatin Vaidya,Mumbai,2024-05-29,Y,Referral,Cash on Delivery,Occasional,2,2026-06-18,1145.23
CUST006351,Nimrat Choudhary,Hyderabad,2023-08-12,Y,Referral,UPI,Occasional,2,2026-06-27,698.62
CUST006352,Gautam Nori,Bengaluru,2025-10-30,N,Paid Search,UPI,Registered Only,0,,0.0
CUST006353,Wazir Pradhan,Bengaluru,2024-06-24,N,Social Media,UPI,New,1,2026-04-21,776.63
CUST006354,Veer Dixit,Bengaluru,2024-10-06,N,Paid Search,Net Banking,Registered Only,0,,0.0
CUST006355,Girindra Deol,Bengaluru,2026-02-07,Y,Social Media,Cash on Delivery,Occasional,2,2026-05-24,2238.37
CUST006356,Bhavna Kaul,Pune,2023-03-30,N,Partner Campaign,Wallet,Premium,4,2026-05-30,8621.59
CUST006357,Harrison Mitra,Chennai,2026-03-08,Y,Referral,Credit/Debit Card,New,1,2026-04-06,344.08
CUST006358,Wakeeta Rattan,Hyderabad,2025-06-24,Y,Partner Campaign,Credit/Debit Card,Occasional,4,2026-06-22,6084.15
CUST006359,Tanay Baral,Delhi NCR,2023-11-29,N,Organic,UPI,Premium,7,2026-06-27,8213.1
CUST006360,Owen Sood,Mumbai,2023-07-29,N,Referral,UPI,Registered Only,0,,0.0
CUST006361,Kamala Baral,Delhi NCR,2023-04-14,N,Paid Search,UPI,Registered Only,0,,0.0
CUST006362,Ansh Pillai,Mumbai,2025-07-04,N,Referral,UPI,Occasional,4,2026-06-08,6799.28
CUST006363,Yuvraj Kala,Mumbai,2024-09-29,N,Paid Search,Wallet,New,1,2026-06-01,483.16
CUST006364,Ekanta Ravel,Delhi NCR,2025-06-14,N,Referral,UPI,Premium,12,2026-06-22,8889.36
CUST006365,Naksh Wali,Bengaluru,2025-06-28,Y,Partner Campaign,UPI,Registered Only,0,,0.0
CUST006366,Samaksh Thaker,Chennai,2024-07-02,N,Organic,UPI,Premium,9,2026-06-28,18493.79
CUST006367,Varsha Goel,Delhi NCR,2025-10-12,N,Organic,UPI,Regular,7,2026-06-28,5101.82
CUST006368,Tripti Varkey,Mumbai,2024-08-01,N,Social Media,Wallet,New,1,2026-05-08,901.28
CUST006369,Upadhriti Merchant,Pune,2025-11-04,Y,Partner Campaign,UPI,Occasional,2,2026-06-15,3101.25
CUST006370,Hredhaan Sengupta,Delhi NCR,2025-10-21,Y,Social Media,UPI,Occasional,3,2026-06-21,4318.25
CUST006371,Eesha Modi,Delhi NCR,2026-02-09,N,Paid Search,Wallet,Premium,11,2026-06-28,7703.8
CUST006372,Ria Borah,Pune,2024-01-28,N,Referral,Cash on Delivery,New,1,2026-04-07,514.49
CUST006373,Sneha Prabhakar,Mumbai,2023-11-30,N,Organic,UPI,New,1,2026-05-31,2734.46
CUST006374,Vidhi Naidu,Hyderabad,2024-05-08,N,Referral,Credit/Debit Card,Registered Only,0,,0.0
CUST006375,Manya Mitra,Mumbai,2024-11-12,N,Social Media,UPI,Occasional,2,2026-04-29,3624.21
CUST006376,Chaaya Muni,Pune,2024-08-23,N,Referral,Credit/Debit Card,Occasional,2,2026-06-14,1577.63
CUST006377,Baghyawati Brar,Delhi NCR,2025-03-05,N,Organic,UPI,Occasional,2,2026-04-17,3678.24
CUST006378,Vrishti Kapoor,Mumbai,2023-12-16,N,Organic,UPI,Premium,10,2026-05-20,19883.71
CUST006379,Peter Lanka,Pune,2023-07-06,N,Organic,Cash on Delivery,New,1,2026-05-27,973.33
CUST006380,Panini Subramaniam,Delhi NCR,2025-01-22,N,Organic,Credit/Debit Card,Premium,10,2026-06-27,4834.47
CUST006381,Xalak Memon,Hyderabad,2023-11-24,Y,Referral,UPI,Occasional,2,2026-06-21,952.78
CUST006382,Jackson Lad,Pune,2026-01-25,N,Organic,UPI,New,1,2026-04-09,1935.12
CUST006383,Wakeeta Dhar,Mumbai,2024-10-16,N,Organic,UPI,New,1,2026-04-09,1410.79
CUST006384,Dev Krishna,Mumbai,2025-11-09,N,Organic,Wallet,Registered Only,0,,0.0
CUST006385,Mitali Loyal,Pune,2026-02-24,Y,Organic,UPI,New,1,2026-06-14,513.28
CUST006386,Abeer Shankar,Hyderabad,2025-07-21,N,Organic,UPI,Registered Only,0,,0.0
CUST006387,Chaman Barad,Bengaluru,2025-09-22,N,Referral,UPI,Premium,12,2026-06-28,8494.04
CUST006388,Chakradev Krishnan,Bengaluru,2024-01-22,N,Organic,Cash on Delivery,Premium,8,2026-06-29,10550.56
CUST006389,Vivaan Maharaj,Hyderabad,2023-04-11,N,Partner Campaign,UPI,New,1,2026-04-09,51.61
CUST006390,Nihal Chatterjee,Hyderabad,2024-11-30,Y,Organic,Credit/Debit Card,Occasional,3,2026-05-23,2567.22
CUST006391,Ronith Bahl,Chennai,2024-07-06,Y,Social Media,UPI,Regular,5,2026-06-26,5505.72
CUST006392,Advaith Sundaram,Delhi NCR,2024-05-01,Y,Organic,Cash on Delivery,New,1,2026-04-08,0.0
CUST006393,Warda Dugal,Hyderabad,2024-12-26,N,Social Media,Wallet,Regular,5,2026-06-27,6492.45
CUST006394,Mason Nair,Chennai,2024-06-01,N,Social Media,Credit/Debit Card,Registered Only,0,,0.0
CUST006395,Harinakshi Dugar,Bengaluru,2025-10-06,N,Organic,UPI,New,1,2026-04-12,241.72
CUST006396,Dev Tripathi,Bengaluru,2025-04-29,N,Social Media,Credit/Debit Card,New,1,2026-05-16,2556.36
CUST006397,Hamsini Sankar,Bengaluru,2023-08-30,N,Organic,UPI,Registered Only,0,,0.0
CUST006398,Vedhika Kadakia,Bengaluru,2025-11-01,N,Referral,Credit/Debit Card,Registered Only,0,,0.0
CUST006399,Omisha Choudhary,Delhi NCR,2023-06-09,N,Organic,Wallet,Premium,13,2026-06-28,18337.22
CUST006400,Gauri Gaba,Chennai,2024-11-10,Y,Organic,UPI,Regular,5,2026-06-12,5708.22
CUST006401,Anya Walla,Bengaluru,2024-12-04,Y,Paid Search,UPI,Regular,5,2026-06-19,4449.82
CUST006402,Yasti Bhatti,Delhi NCR,2023-09-05,N,Organic,Net Banking,Premium,12,2026-06-29,15547.95
CUST006403,Watika Badal,Bengaluru,2024-06-16,N,Organic,UPI,Premium,6,2026-05-31,8752.56
CUST006404,Darsh Handa,Bengaluru,2025-11-21,N,Referral,UPI,Registered Only,0,,0.0
CUST006405,Mohammed Dora,Chennai,2024-03-09,N,Paid Search,Credit/Debit Card,Occasional,4,2026-06-17,3522.29
CUST006406,Anirudh Varkey,Pune,2023-06-29,Y,Partner Campaign,UPI,Occasional,4,2026-06-04,3612.66
CUST006407,Krish Dhaliwal,Hyderabad,2024-04-02,N,Organic,UPI,Premium,7,2026-06-17,8619.17
CUST006408,David Dara,Pune,2023-10-07,Y,Social Media,UPI,New,1,2026-05-26,0.0
CUST006409,Meera Shetty,Delhi NCR,2025-05-25,Y,Social Media,UPI,Regular,5,2026-06-18,5157.48
CUST006410,Pallavi Agrawal,Bengaluru,2023-06-01,N,Social Media,UPI,Regular,7,2026-06-06,4934.8
CUST006411,Madhavi Joshi,Bengaluru,2023-05-31,N,Paid Search,Credit/Debit Card,Registered Only,0,,0.0
CUST006412,Chanakya Pradhan,Mumbai,2023-07-30,N,Paid Search,Credit/Debit Card,Occasional,3,2026-06-29,3344.85
CUST006413,Shravya Baral,Bengaluru,2023-10-06,Y,Social Media,Wallet,New,1,2026-05-15,823.1
CUST006414,Ekta Bal,Chennai,2025-06-19,N,Paid Search,Credit/Debit Card,Registered Only,0,,0.0
CUST006415,Prisha Mahajan,Bengaluru,2023-07-02,N,Partner Campaign,UPI,New,1,2026-05-06,1313.11
CUST006416,Harish Gaba,Hyderabad,2023-10-13,N,Referral,UPI,Occasional,2,2026-06-15,1819.55
CUST006417,Eesha Gour,Mumbai,2023-12-22,N,Paid Search,Cash on Delivery,New,1,2026-04-30,189.94
CUST006418,Bhavani Barad,Bengaluru,2024-12-01,Y,Organic,Wallet,Occasional,4,2026-06-17,7976.98
CUST006419,Hemani Radhakrishnan,Delhi NCR,2024-04-27,N,Partner Campaign,UPI,New,1,2026-06-21,204.6
CUST006420,Laksh Tailor,Pune,2023-08-13,Y,Partner Campaign,UPI,Occasional,3,2026-06-19,1476.58
CUST006421,Ranveer Randhawa,Pune,2025-08-11,N,Partner Campaign,Cash on Delivery,Occasional,4,2026-06-13,3757.91
CUST006422,Eshana Sood,Mumbai,2023-05-25,N,Organic,UPI,Occasional,4,2026-06-27,7729.31
CUST006423,Madhavi Sankar,Bengaluru,2023-11-27,N,Referral,Wallet,Regular,8,2026-06-25,6550.01
CUST006424,Hema Bajaj,Hyderabad,2024-11-01,N,Organic,Wallet,Premium,7,2026-06-29,9566.2
CUST006425,Arin Samra,Bengaluru,2024-10-21,Y,Paid Search,UPI,New,1,2026-04-07,1120.91
CUST006426,Eiravati Deol,Mumbai,2023-06-11,Y,Social Media,UPI,Registered Only,0,,0.0
CUST006427,Vedant Bhatia,Bengaluru,2023-11-02,N,Organic,UPI,Registered Only,0,,0.0
CUST006428,Dalbir Brahmbhatt,Pune,2024-02-04,N,Organic,Cash on Delivery,Registered Only,0,,0.0
CUST006429,Harrison Thakur,Hyderabad,2023-05-07,N,Referral,UPI,New,1,2026-06-14,440.3
CUST006430,Aahana Batra,Hyderabad,2024-07-24,Y,Organic,Wallet,Premium,8,2026-06-29,8129.48
CUST006431,Tanay Sura,Pune,2023-10-10,Y,Paid Search,Cash on Delivery,New,1,2026-06-22,220.86
CUST006432,Chanakya Raman,Bengaluru,2023-08-26,N,Referral,Wallet,New,1,2026-05-17,3015.94
CUST006433,Nathaniel Nayak,Pune,2024-07-09,N,Paid Search,Cash on Delivery,New,1,2026-06-07,2873.81
CUST006434,Aarnav Gulati,Bengaluru,2024-04-09,N,Referral,UPI,Occasional,3,2026-06-05,1880.22
CUST006435,Zaitra Srinivasan,Mumbai,2025-02-04,N,Paid Search,UPI,Registered Only,0,,0.0
CUST006436,Zansi Chaudhari,Mumbai,2025-06-18,N,Paid Search,UPI,New,1,2026-04-24,2361.74
CUST006437,Chameli Raval,Pune,2025-09-05,N,Referral,Credit/Debit Card,Registered Only,0,,0.0
CUST006438,Rachana Chand,Pune,2024-06-22,N,Referral,UPI,Registered Only,0,,0.0
CUST006439,Timothy Peri,Hyderabad,2025-02-28,N,Organic,Cash on Delivery,Regular,5,2026-06-12,4716.24
CUST006440,Faraj Bhardwaj,Mumbai,2023-10-22,N,Organic,Cash on Delivery,Occasional,2,2026-05-10,2408.9
CUST006441,Oscar Raju,Bengaluru,2023-05-08,N,Organic,UPI,Registered Only,0,,0.0
CUST006442,Raksha Kala,Mumbai,2024-01-30,N,Organic,Cash on Delivery,Occasional,3,2026-06-22,2247.19
CUST006443,Netra Dey,Hyderabad,2025-05-24,N,Organic,UPI,Registered Only,0,,0.0
CUST006444,Chandresh Devi,Hyderabad,2024-09-02,N,Organic,Credit/Debit Card,Registered Only,0,,0.0
CUST006445,Charles Mohan,Chennai,2025-08-03,Y,Referral,Net Banking,Premium,19,2026-06-28,12887.39
CUST006446,Balvan Singhal,Mumbai,2023-03-29,Y,Organic,Cash on Delivery,Occasional,2,2026-05-27,1804.9
CUST006447,Vrinda Bala,Pune,2023-08-21,Y,Referral,Net Banking,Premium,4,2026-06-06,8647.19
CUST006448,Rachit Chaudhry,Bengaluru,2024-11-19,Y,Social Media,Wallet,Registered Only,0,,0.0
CUST006449,Aahana Walla,Delhi NCR,2024-01-10,N,Referral,Wallet,New,1,2026-05-29,617.96
CUST006450,Nandini Mohanty,Delhi NCR,2025-10-19,N,Paid Search,Cash on Delivery,Premium,11,2026-06-20,10410.26
CUST006451,Tarak Pal,Mumbai,2024-03-24,Y,Social Media,Credit/Debit Card,New,1,2026-05-09,113.41
CUST006452,Kashish Borah,Pune,2023-12-13,N,Organic,Wallet,New,1,2026-06-24,102.43
CUST006453,Tanmayi Arora,Bengaluru,2023-04-29,Y,Organic,Cash on Delivery,Occasional,3,2026-05-26,2384.14
CUST006454,Libni Cherian,Delhi NCR,2024-08-28,Y,Paid Search,UPI,Occasional,2,2026-06-13,1110.37
CUST006455,Chakrika Bala,Delhi NCR,2024-04-13,N,Social Media,Credit/Debit Card,New,1,2026-05-06,3001.97
CUST006456,Lekha Hayre,Bengaluru,2024-08-20,N,Paid Search,UPI,Registered Only,0,,0.0
CUST006457,Urishilla Cheema,Bengaluru,2025-08-22,N,Organic,Cash on Delivery,Premium,12,2026-06-09,15563.63
CUST006458,Gopal Bajwa,Mumbai,2025-12-23,N,Paid Search,Wallet,Registered Only,0,,0.0
CUST006459,Panini Thaman,Bengaluru,2023-11-17,N,Paid Search,UPI,New,1,2026-05-10,669.58
CUST006460,Dakshesh Pal,Hyderabad,2025-05-07,N,Referral,UPI,Premium,5,2026-06-17,10151.5
CUST006461,Varsha Loke,Hyderabad,2023-07-31,N,Organic,Wallet,Registered Only,0,,0.0
CUST006462,Eshana Agrawal,Delhi NCR,2025-07-24,N,Social Media,Credit/Debit Card,Registered Only,0,,0.0
CUST006463,Qabil Mutti,Delhi NCR,2025-06-11,Y,Partner Campaign,Credit/Debit Card,Registered Only,0,,0.0
CUST006464,Raksha Soman,Hyderabad,2026-01-07,N,Referral,Credit/Debit Card,New,1,2026-05-26,2666.74
CUST006465,Finn Raval,Pune,2025-08-04,Y,Organic,UPI,Regular,5,2026-06-18,5971.06
CUST006466,Liam Kala,Chennai,2025-06-05,N,Social Media,Cash on Delivery,New,1,2026-04-15,116.89
CUST006467,Qadim Murty,Pune,2024-04-25,Y,Partner Campaign,UPI,New,1,2026-06-28,2027.05
CUST006468,Arunima Gandhi,Mumbai,2025-02-18,N,Referral,Wallet,Registered Only,0,,0.0
CUST006469,Nirja Nanda,Hyderabad,2023-10-27,N,Organic,Credit/Debit Card,Premium,8,2026-06-19,14034.05
CUST006470,Aadhya Rajan,Bengaluru,2023-05-31,Y,Referral,UPI,New,1,2026-04-16,1027.74
CUST006471,Chanchal Chana,Delhi NCR,2023-05-08,Y,Organic,Credit/Debit Card,New,1,2026-06-08,104.32
CUST006472,Alexander Som,Bengaluru,2024-08-24,N,Social Media,UPI,Occasional,2,2026-06-18,1120.76
CUST006473,Elijah Bhavsar,Chennai,2026-02-04,Y,Social Media,UPI,Occasional,2,2026-06-18,3330.01
CUST006474,Advik Mahal,Bengaluru,2025-04-11,Y,Social Media,UPI,Occasional,4,2026-05-17,2640.51
CUST006475,Geetika Subramanian,Bengaluru,2025-04-21,N,Referral,Wallet,Registered Only,0,,0.0
CUST006476,Manbir Sunder,Bengaluru,2025-06-16,N,Social Media,Credit/Debit Card,Registered Only,0,,0.0
CUST006477,Lopa Johal,Mumbai,2025-09-23,N,Social Media,Wallet,Registered Only,0,,0.0
CUST006478,Nirja Sarkar,Pune,2024-03-28,N,Partner Campaign,UPI,New,1,2026-06-15,535.06
CUST006479,Suhani Bedi,Bengaluru,2024-10-09,Y,Organic,Cash on Delivery,New,1,2026-04-26,770.03
CUST006480,Amaira Agarwal,Bengaluru,2023-11-10,N,Organic,UPI,Registered Only,0,,0.0
CUST006481,Amara Gill,Delhi NCR,2023-04-08,N,Paid Search,Wallet,Occasional,3,2026-06-03,2964.27
CUST006482,Yashica Kumar,Pune,2025-08-22,Y,Social Media,Credit/Debit Card,Occasional,4,2026-06-07,3530.29
CUST006483,Devansh Vala,Pune,2024-07-08,N,Referral,UPI,Premium,44,2026-06-28,42579.36
CUST006484,Caleb Sunder,Chennai,2023-09-30,N,Paid Search,UPI,New,1,2026-06-26,608.05
CUST006485,Radhika Pant,Delhi NCR,2024-03-21,N,Paid Search,Credit/Debit Card,Registered Only,0,,0.0
CUST006486,Sara Kapoor,Mumbai,2024-11-23,N,Social Media,UPI,Registered Only,0,,0.0
CUST006487,Samuel Sur,Hyderabad,2026-01-25,Y,Referral,Credit/Debit Card,Occasional,3,2026-06-26,3862.4
CUST006488,Bhavika Borde,Bengaluru,2025-01-19,N,Organic,Net Banking,Registered Only,0,,0.0
CUST006489,Vedika Sura,Hyderabad,2026-03-19,N,Social Media,Credit/Debit Card,New,1,2026-06-05,2208.41
CUST006490,Gagan Goel,Bengaluru,2023-07-21,N,Paid Search,Cash on Delivery,New,1,2026-06-28,2016.47
CUST006491,Vihaan Sule,Mumbai,2025-09-11,N,Referral,Credit/Debit Card,Regular,6,2026-06-10,7976.89
CUST006492,Bhavna Nayak,Chennai,2025-06-20,N,Paid Search,Wallet,New,1,2026-05-07,477.0
CUST006493,Janya Dutta,Bengaluru,2024-02-28,Y,Organic,UPI,New,1,2026-06-02,5643.76
CUST006494,Bimala Balakrishnan,Mumbai,2024-02-05,N,Paid Search,Credit/Debit Card,Occasional,4,2026-06-18,2160.17
CUST006495,Gauri Swaminathan,Delhi NCR,2024-11-11,Y,Organic,Credit/Debit Card,New,1,2026-05-11,3001.05
CUST006496,Abeer Naidu,Delhi NCR,2025-07-06,N,Paid Search,Cash on Delivery,Registered Only,0,,0.0
CUST006497,Utkarsh Sangha,Mumbai,2024-05-08,N,Organic,Credit/Debit Card,Occasional,4,2026-06-29,1466.77
CUST006498,Wishi Sahota,Bengaluru,2025-09-07,Y,Partner Campaign,Cash on Delivery,Registered Only,0,,0.0
CUST006499,Pavani Master,Bengaluru,2023-12-08,N,Organic,UPI,Regular,6,2026-06-28,1767.76
CUST006500,Advay Palla,Bengaluru,2024-04-02,N,Referral,Credit/Debit Card,Occasional,2,2026-04-05,3848.49
CUST006501,Sanaya Goda,Hyderabad,2024-10-03,N,Organic,Wallet,Premium,7,2026-06-07,8768.9
CUST006502,Ekani Bhargava,Hyderabad,2024-08-18,Y,Organic,Credit/Debit Card,Premium,5,2026-06-26,11562.82
CUST006503,Ansh Mody,Delhi NCR,2023-10-04,Y,Social Media,UPI,Registered Only,0,,0.0
CUST006504,Falak Vyas,Hyderabad,2023-08-17,N,Social Media,UPI,Regular,8,2026-06-29,3048.46
CUST006505,Fariq Bala,Bengaluru,2023-08-01,Y,Partner Campaign,UPI,New,1,2026-05-23,1757.51
CUST006506,Januja Mammen,Delhi NCR,2025-05-14,N,Organic,UPI,Occasional,2,2026-05-13,1409.88
CUST006507,Warjas Naidu,Mumbai,2024-01-10,Y,Social Media,UPI,Registered Only,0,,0.0
CUST006508,Panini Palla,Delhi NCR,2024-03-07,Y,Partner Campaign,UPI,Premium,16,2026-06-29,23009.04
CUST006509,Anya Shenoy,Bengaluru,2023-07-14,N,Paid Search,UPI,Registered Only,0,,0.0
CUST006510,Dominic Oza,Bengaluru,2023-04-17,Y,Referral,UPI,New,1,2026-05-14,2108.15
CUST006511,Arin Apte,Delhi NCR,2025-05-27,N,Referral,UPI,Registered Only,0,,0.0
CUST006512,Rudra Dalal,Mumbai,2025-06-20,Y,Referral,UPI,Occasional,4,2026-06-15,1932.53
CUST006513,Yash Balasubramanian,Chennai,2023-08-26,Y,Organic,UPI,Registered Only,0,,0.0
CUST006514,Darika Chand,Bengaluru,2025-03-07,Y,Organic,UPI,Regular,7,2026-06-22,5830.11
CUST006515,Praneel Suresh,Hyderabad,2023-10-09,Y,Referral,UPI,New,1,2026-06-28,1870.36
CUST006516,Rishi Dubey,Delhi NCR,2025-05-28,N,Social Media,Credit/Debit Card,Occasional,3,2026-04-19,2322.57
CUST006517,Ekansh Khosla,Delhi NCR,2025-07-03,N,Social Media,UPI,Registered Only,0,,0.0
CUST006518,Harish Gulati,Chennai,2024-05-16,Y,Partner Campaign,UPI,Occasional,2,2026-06-21,2432.47
CUST006519,Rachita Bali,Bengaluru,2023-11-22,N,Paid Search,UPI,Registered Only,0,,0.0
CUST006520,Urmi Chandra,Hyderabad,2023-10-03,N,Partner Campaign,Credit/Debit Card,Occasional,2,2026-06-06,2972.44
CUST006521,Chasmum Ganesh,Delhi NCR,2025-04-24,Y,Paid Search,Wallet,New,1,2026-06-19,541.99
CUST006522,Urvashi Mangat,Delhi NCR,2026-01-19,Y,Paid Search,Credit/Debit Card,Premium,19,2026-06-29,21614.44
CUST006523,Krish Naidu,Bengaluru,2024-06-16,N,Social Media,Net Banking,Occasional,4,2026-06-12,4129.3
CUST006524,Ryan Ranganathan,Hyderabad,2025-04-30,N,Paid Search,Credit/Debit Card,Registered Only,0,,0.0
CUST006525,Nitesh Tank,Mumbai,2024-09-30,Y,Social Media,UPI,Registered Only,0,,0.0
CUST006526,Thomas Bandi,Delhi NCR,2024-04-22,N,Social Media,UPI,New,1,2026-06-25,299.43
CUST006527,Fiyaz Dave,Bengaluru,2025-11-28,N,Referral,Credit/Debit Card,Registered Only,0,,0.0
CUST006528,Yagnesh Batra,Delhi NCR,2024-06-13,N,Paid Search,Net Banking,Registered Only,0,,0.0
CUST006529,Turvi Chakrabarti,Delhi NCR,2023-04-16,N,Referral,Net Banking,Registered Only,0,,0.0
CUST006530,Aarna Varkey,Hyderabad,2023-11-29,Y,Paid Search,Credit/Debit Card,Occasional,3,2026-06-15,1068.4
CUST006531,Rajata Date,Hyderabad,2026-02-08,N,Social Media,UPI,Premium,14,2026-06-29,11586.74
CUST006532,Abhimanyu Saraf,Hyderabad,2024-05-18,N,Paid Search,UPI,New,1,2026-04-28,242.98
CUST006533,Laban Sheth,Delhi NCR,2024-11-03,N,Social Media,UPI,Occasional,3,2026-06-03,3336.2
CUST006534,Leela Rajan,Pune,2024-11-02,Y,Social Media,Credit/Debit Card,Premium,23,2026-06-26,24546.58
CUST006535,Ekaja Sunder,Hyderabad,2025-07-26,Y,Referral,Cash on Delivery,New,1,2026-06-11,1166.43
CUST006536,Aadi Doshi,Bengaluru,2025-11-23,N,Partner Campaign,UPI,New,1,2026-05-01,282.23
CUST006537,Gauri Chacko,Pune,2024-10-30,N,Partner Campaign,Cash on Delivery,Premium,17,2026-06-23,10464.68
CUST006538,Charan Karnik,Pune,2025-04-08,Y,Organic,UPI,New,1,2026-05-25,0.0
CUST006539,Oliver Koshy,Bengaluru,2023-11-21,N,Referral,Credit/Debit Card,Occasional,3,2026-06-22,2364.77
CUST006540,Mohini Dixit,Bengaluru,2025-09-21,N,Organic,Cash on Delivery,Registered Only,0,,0.0
CUST006541,Lekha Bali,Bengaluru,2025-07-16,Y,Social Media,Cash on Delivery,Registered Only,0,,0.0
CUST006542,Ronith Dugar,Hyderabad,2025-12-12,N,Organic,UPI,Occasional,2,2026-05-28,2200.77
CUST006543,Yashica Shah,Bengaluru,2025-08-09,N,Referral,UPI,Premium,44,2026-06-28,42104.06
CUST006544,Anika Dhawan,Bengaluru,2024-10-06,N,Social Media,Net Banking,Premium,12,2026-06-27,12433.62
CUST006545,Oeshi Balakrishnan,Pune,2024-09-25,N,Partner Campaign,UPI,New,1,2026-05-30,1920.35
CUST006546,Ekansh Chahal,Delhi NCR,2023-11-25,N,Referral,Credit/Debit Card,Registered Only,0,,0.0
CUST006547,Ekani Khosla,Mumbai,2023-07-18,Y,Social Media,UPI,Occasional,4,2026-06-06,3379.69
CUST006548,Ojas Mannan,Hyderabad,2023-07-13,N,Organic,Credit/Debit Card,New,1,2026-06-14,514.72
CUST006549,Kashish Tella,Hyderabad,2023-07-06,N,Organic,UPI,Occasional,3,2026-06-17,4594.88
CUST006550,Nidra Kapur,Chennai,2024-05-05,Y,Paid Search,UPI,Premium,14,2026-06-21,10727.87
CUST006551,Nisha Wali,Mumbai,2023-05-06,N,Organic,Wallet,Occasional,3,2026-06-14,2424.97
CUST006552,Onkar Venkatesh,Mumbai,2024-09-21,N,Paid Search,UPI,Occasional,4,2026-06-23,5781.73
CUST006553,Nilima Nori,Pune,2025-08-08,N,Partner Campaign,Credit/Debit Card,New,1,2026-05-26,29.81
CUST006554,Michael Edwin,Bengaluru,2025-03-30,N,Social Media,UPI,New,1,2026-06-24,431.67
CUST006555,Dipta Shere,Bengaluru,2025-08-08,N,Organic,UPI,Registered Only,0,,0.0
CUST006556,Rudra Lall,Hyderabad,2024-02-07,N,Organic,Credit/Debit Card,Occasional,3,2026-06-27,3061.21
CUST006557,Amara Mangat,Chennai,2026-02-07,N,Paid Search,UPI,Registered Only,0,,0.0
CUST006558,Saksham Madan,Chennai,2025-06-12,Y,Organic,UPI,Occasional,2,2026-06-05,2347.28
CUST006559,Parth Chaudry,Hyderabad,2024-03-26,N,Organic,Credit/Debit Card,Registered Only,0,,0.0
CUST006560,Gauri Mittal,Hyderabad,2023-09-24,N,Organic,Credit/Debit Card,Registered Only,0,,0.0
CUST006561,Vinaya Rama,Bengaluru,2025-06-08,Y,Social Media,UPI,Registered Only,0,,0.0
CUST006562,Mason Kala,Hyderabad,2024-10-31,N,Referral,Credit/Debit Card,Registered Only,0,,0.0
CUST006563,Frederick Dhar,Hyderabad,2024-02-12,N,Partner Campaign,Credit/Debit Card,Registered Only,0,,0.0
CUST006564,Hemang Rai,Delhi NCR,2024-07-28,N,Paid Search,Net Banking,New,1,2026-06-03,56.09
CUST006565,Zehaan Parikh,Bengaluru,2026-02-27,N,Paid Search,Credit/Debit Card,Registered Only,0,,0.0
CUST006566,Akshay Taneja,Bengaluru,2023-09-20,N,Partner Campaign,Credit/Debit Card,Occasional,2,2026-06-19,1722.41
CUST006567,Alexander Atwal,Pune,2024-09-05,Y,Referral,Cash on Delivery,Registered Only,0,,0.0
CUST006568,Januja Chakrabarti,Pune,2023-05-04,N,Organic,Net Banking,New,1,2026-06-28,752.74
CUST006569,Zayan De,Pune,2023-07-26,Y,Paid Search,Credit/Debit Card,Occasional,3,2026-06-11,4981.11
CUST006570,Gaurangi Mall,Hyderabad,2025-06-03,N,Organic,UPI,Occasional,2,2026-06-01,2380.34
CUST006571,Oliver Srivastava,Pune,2024-01-03,Y,Organic,Wallet,Occasional,2,2026-06-11,1984.0
CUST006572,Hemangini Deo,Hyderabad,2024-09-19,N,Referral,UPI,Occasional,3,2026-06-18,3913.4
CUST006573,Agastya Narayan,Bengaluru,2024-02-18,N,Organic,UPI,Premium,12,2026-06-16,15686.23
CUST006574,Tara Rau,Bengaluru,2023-07-05,Y,Paid Search,Credit/Debit Card,Premium,6,2026-05-26,9890.91
CUST006575,Jagvi Raghavan,Mumbai,2024-02-25,Y,Referral,UPI,Occasional,2,2026-04-23,2024.42
CUST006576,Jackson Sinha,Hyderabad,2025-07-06,Y,Social Media,Credit/Debit Card,Occasional,3,2026-05-23,3646.57
CUST006577,Vedhika Kumar,Bengaluru,2024-06-16,N,Organic,Wallet,Occasional,4,2026-06-18,2244.16
CUST006578,Sanya Kalita,Delhi NCR,2024-04-17,N,Organic,Credit/Debit Card,Premium,15,2026-06-28,20130.29
CUST006579,Gunbir Salvi,Hyderabad,2024-04-26,N,Referral,Wallet,Registered Only,0,,0.0
CUST006580,Bhavya Pandya,Chennai,2023-05-31,Y,Organic,UPI,Occasional,3,2026-06-16,3694.83
CUST006581,Ijaya Basu,Hyderabad,2024-09-04,Y,Paid Search,Credit/Debit Card,New,1,2026-05-31,1014.34
CUST006582,Oeshi Din,Bengaluru,2024-01-12,N,Social Media,Credit/Debit Card,Registered Only,0,,0.0
CUST006583,Charvi Dixit,Chennai,2024-11-23,Y,Organic,UPI,Occasional,3,2026-06-06,4377.42
CUST006584,Jai Sehgal,Hyderabad,2025-02-13,N,Referral,Credit/Debit Card,Premium,53,2026-06-29,50233.42
CUST006585,Harish D’Alia,Hyderabad,2024-05-26,N,Partner Campaign,UPI,New,1,2026-04-29,0.0
CUST006586,Frado Shan,Bengaluru,2023-10-13,N,Organic,Cash on Delivery,Occasional,2,2026-06-03,2710.21
CUST006587,Zilmil Shankar,Mumbai,2025-06-24,N,Referral,Cash on Delivery,Occasional,3,2026-06-29,2592.15
CUST006588,Gautam Tank,Bengaluru,2025-10-05,Y,Partner Campaign,UPI,Registered Only,0,,0.0
CUST006589,Tamanna Nigam,Delhi NCR,2025-03-13,N,Partner Campaign,UPI,Occasional,3,2026-06-21,3787.92
CUST006590,Ijaya Kata,Delhi NCR,2024-05-21,N,Referral,Wallet,Registered Only,0,,0.0
CUST006591,Daksh Khare,Chennai,2025-01-01,N,Referral,Net Banking,New,1,2026-06-20,331.13
CUST006592,Priya Aggarwal,Hyderabad,2025-04-22,N,Paid Search,Credit/Debit Card,Registered Only,0,,0.0
CUST006593,Gautam Kurian,Bengaluru,2024-11-06,Y,Organic,UPI,Occasional,2,2026-06-26,3024.55
CUST006594,Kamya Naik,Chennai,2025-07-20,N,Partner Campaign,Cash on Delivery,Regular,5,2026-06-19,2980.53
CUST006595,Mitali Rana,Delhi NCR,2024-02-04,Y,Referral,Credit/Debit Card,Registered Only,0,,0.0
CUST006596,Urishilla Hegde,Chennai,2024-04-04,Y,Referral,Credit/Debit Card,Occasional,3,2026-06-27,3119.77
CUST006597,Kavya Karnik,Hyderabad,2026-01-12,N,Organic,UPI,Registered Only,0,,0.0
CUST006598,Veer Sabharwal,Chennai,2025-12-31,N,Partner Campaign,Credit/Debit Card,Occasional,4,2026-06-28,2009.03
CUST006599,Naveen Mand,Mumbai,2024-04-03,N,Organic,Credit/Debit Card,Registered Only,0,,0.0
CUST006600,Guneet Mahajan,Mumbai,2025-10-24,Y,Organic,Credit/Debit Card,Occasional,2,2026-04-29,3039.49
CUST006601,Rachita Chada,Chennai,2023-06-11,Y,Referral,UPI,Registered Only,0,,0.0
CUST006602,Alka Walia,Delhi NCR,2024-01-03,N,Paid Search,Credit/Debit Card,Occasional,3,2026-06-17,1296.95
CUST006603,Kevin Khurana,Bengaluru,2026-02-01,Y,Partner Campaign,Net Banking,Premium,2,2026-05-15,10602.94
CUST006604,Eiravati Deshmukh,Chennai,2026-03-22,N,Referral,Cash on Delivery,Premium,12,2026-06-29,6995.79
CUST006605,Fitan Gola,Bengaluru,2024-03-03,Y,Social Media,UPI,Registered Only,0,,0.0
CUST006606,Manthan Jani,Bengaluru,2023-09-19,Y,Organic,UPI,New,1,2026-04-05,1675.78
CUST006607,Dalaja Bhatia,Bengaluru,2025-08-02,N,Organic,Credit/Debit Card,New,1,2026-05-01,1784.82
CUST006608,Krish Lad,Bengaluru,2023-11-07,N,Social Media,Credit/Debit Card,New,1,2026-06-18,1444.14
CUST006609,Azaan Kala,Bengaluru,2026-02-10,N,Paid Search,Cash on Delivery,Premium,6,2026-06-19,8128.39
CUST006610,Mitesh Chokshi,Delhi NCR,2025-09-27,N,Organic,UPI,Occasional,4,2026-06-16,1167.3
CUST006611,Yagnesh Aggarwal,Hyderabad,2026-03-19,N,Partner Campaign,UPI,Occasional,2,2026-04-19,2221.7
CUST006612,Tarak Chaudhry,Mumbai,2023-04-30,Y,Paid Search,Cash on Delivery,New,1,2026-04-12,897.37
CUST006613,Aarnav Mallick,Delhi NCR,2025-06-24,N,Partner Campaign,Credit/Debit Card,Regular,5,2026-06-22,6008.18
CUST006614,Darsh Khanna,Mumbai,2024-06-21,N,Social Media,UPI,Registered Only,0,,0.0
CUST006615,Sanya Prabhu,Mumbai,2025-01-04,N,Paid Search,Wallet,New,1,2026-04-21,353.2
CUST006616,Hitesh Aggarwal,Hyderabad,2025-07-16,Y,Referral,UPI,Occasional,2,2026-05-08,972.05
CUST006617,Kamala Sekhon,Delhi NCR,2025-05-27,N,Organic,Cash on Delivery,New,1,2026-04-01,220.74
CUST006618,Leela Bal,Hyderabad,2025-10-07,N,Partner Campaign,Cash on Delivery,Occasional,2,2026-06-21,461.97
CUST006619,Watika Gaba,Chennai,2026-03-01,N,Paid Search,UPI,Registered Only,0,,0.0
CUST006620,Jacob Buch,Delhi NCR,2025-01-06,N,Paid Search,Wallet,Occasional,2,2026-06-18,3676.1
CUST006621,Siya Ramachandran,Delhi NCR,2023-11-18,N,Paid Search,Credit/Debit Card,Registered Only,0,,0.0
CUST006622,Patrick Hans,Delhi NCR,2024-03-06,N,Social Media,Credit/Debit Card,Registered Only,0,,0.0
CUST006623,Saanvi Narain,Pune,2024-07-24,Y,Referral,UPI,Occasional,2,2026-06-12,786.49
CUST006624,Indrajit Bajaj,Delhi NCR,2025-10-19,N,Organic,Credit/Debit Card,Occasional,4,2026-06-23,3146.34
CUST006625,Xavier Comar,Hyderabad,2025-04-17,Y,Paid Search,UPI,Occasional,2,2026-05-03,1096.95
CUST006626,Avni Naidu,Delhi NCR,2025-09-02,Y,Organic,Credit/Debit Card,Registered Only,0,,0.0
CUST006627,Champak Char,Mumbai,2024-02-23,Y,Social Media,UPI,New,1,2026-06-06,392.87
CUST006628,Chakrika Sankar,Delhi NCR,2025-05-19,N,Social Media,Credit/Debit Card,Regular,7,2026-06-13,7244.13
CUST006629,David Chand,Hyderabad,2024-12-04,N,Paid Search,UPI,New,1,2026-06-13,921.62
CUST006630,Bakhshi Dani,Bengaluru,2025-04-19,Y,Social Media,UPI,Occasional,3,2026-06-27,2717.21
CUST006631,Peter Mutti,Bengaluru,2023-08-06,N,Social Media,Net Banking,Regular,5,2026-06-14,3319.95
CUST006632,Warjas Raval,Bengaluru,2024-07-19,N,Paid Search,Cash on Delivery,New,1,2026-05-24,0.0
CUST006633,Idika Chandra,Mumbai,2025-04-07,Y,Organic,Credit/Debit Card,Occasional,3,2026-06-06,4295.35
CUST006634,Hitesh Lanka,Mumbai,2025-04-01,N,Referral,Cash on Delivery,Occasional,4,2026-06-23,2496.0
CUST006635,Azaan Sehgal,Hyderabad,2023-05-12,N,Social Media,Credit/Debit Card,Occasional,2,2026-06-21,891.38
CUST006636,Abeer Grewal,Delhi NCR,2026-03-15,Y,Referral,UPI,Registered Only,0,,0.0
CUST006637,Lekha Kari,Delhi NCR,2023-12-20,N,Referral,Credit/Debit Card,Premium,14,2026-06-12,14574.7
CUST006638,Mohini Chandran,Delhi NCR,2025-11-08,N,Referral,Credit/Debit Card,Occasional,2,2026-06-01,2000.13
CUST006639,Vasatika Anne,Delhi NCR,2023-05-21,N,Referral,Wallet,Occasional,2,2026-06-24,2727.16
CUST006640,Neel Chhabra,Pune,2023-08-03,Y,Paid Search,UPI,New,1,2026-06-09,2146.79
CUST006641,Jason Kakar,Bengaluru,2024-02-22,N,Referral,Net Banking,Registered Only,0,,0.0
CUST006642,Jeevika Guha,Bengaluru,2024-01-06,N,Paid Search,UPI,Regular,7,2026-06-13,6397.74
CUST006643,Frederick Sibal,Mumbai,2024-09-11,N,Referral,Net Banking,Registered Only,0,,0.0
CUST006644,Jairaj Dar,Bengaluru,2025-02-17,N,Organic,UPI,Occasional,2,2026-05-05,1243.74
CUST006645,Balveer Varghese,Bengaluru,2025-01-31,N,Organic,Wallet,Occasional,2,2026-05-24,707.31
CUST006646,Xavier Krishnan,Hyderabad,2024-01-09,N,Paid Search,Credit/Debit Card,New,1,2026-04-22,1807.03
CUST006647,Omaja Dani,Chennai,2025-01-27,N,Organic,Credit/Debit Card,New,1,2026-04-12,1914.83
CUST006648,Hemangini Das,Hyderabad,2023-12-04,N,Social Media,UPI,Registered Only,0,,0.0
CUST006649,Faqid Bhatnagar,Chennai,2025-08-24,N,Social Media,Credit/Debit Card,New,1,2026-06-21,0.0
CUST006650,Netra Wali,Bengaluru,2024-07-18,N,Paid Search,Credit/Debit Card,New,1,2026-06-04,0.0
CUST006651,Zaid Chopra,Hyderabad,2024-05-18,N,Social Media,UPI,Regular,5,2026-06-28,6125.08
CUST006652,Ria Balan,Pune,2025-03-31,N,Organic,UPI,New,1,2026-04-23,224.58
CUST006653,Faris Shetty,Bengaluru,2024-11-30,N,Organic,UPI,New,1,2026-05-06,186.85
CUST006654,Sai Sathe,Bengaluru,2024-07-21,N,Social Media,Cash on Delivery,New,1,2026-05-11,1614.87
CUST006655,Darsh Barman,Delhi NCR,2024-02-03,N,Organic,Net Banking,Premium,5,2026-06-04,12308.7
CUST006656,Daksha Kakar,Chennai,2024-09-17,Y,Referral,UPI,Registered Only,0,,0.0
CUST006657,Aashi Palla,Delhi NCR,2025-02-25,Y,Referral,Cash on Delivery,Occasional,3,2026-06-05,2212.47
CUST006658,Raghav Pathak,Pune,2024-02-27,N,Partner Campaign,UPI,Occasional,3,2026-05-27,1944.34
CUST006659,Bhavna Madan,Hyderabad,2024-11-30,N,Social Media,UPI,Regular,5,2026-06-29,4465.88
CUST006660,Jason Sawhney,Bengaluru,2024-09-15,N,Organic,UPI,New,1,2026-04-27,1364.27
CUST006661,Jagvi Dugal,Hyderabad,2025-02-01,N,Organic,Wallet,Occasional,2,2026-06-11,935.36
CUST006662,Zayan Chakraborty,Chennai,2025-08-29,N,Organic,Credit/Debit Card,Regular,5,2026-06-18,7132.19
CUST006663,Frederick Dalal,Pune,2023-10-11,N,Social Media,Credit/Debit Card,New,1,2026-04-23,946.36
CUST006664,Faqid Chakraborty,Chennai,2024-05-30,Y,Organic,Cash on Delivery,Registered Only,0,,0.0
CUST006665,Hemani Rajan,Bengaluru,2025-10-29,N,Organic,UPI,Occasional,3,2026-05-10,4963.6
CUST006666,Laban Dalal,Pune,2024-10-20,N,Referral,UPI,Occasional,3,2026-06-22,1875.9
CUST006667,Lakshit Bhasin,Delhi NCR,2026-03-18,N,Organic,UPI,Occasional,2,2026-06-03,1309.08
CUST006668,Zayyan Datta,Delhi NCR,2023-11-30,Y,Organic,Credit/Debit Card,New,1,2026-04-12,346.33
CUST006669,Onveer Grewal,Pune,2025-08-25,N,Organic,UPI,New,1,2026-06-15,1353.81
CUST006670,Urmi Dugar,Hyderabad,2023-04-10,Y,Organic,Credit/Debit Card,New,1,2026-05-21,515.95
CUST006671,Rudra Nazareth,Delhi NCR,2023-09-10,N,Referral,UPI,New,1,2026-04-17,1733.91
CUST006672,Kevin Manda,Bengaluru,2025-04-08,N,Organic,Cash on Delivery,Premium,10,2026-06-20,11882.84
CUST006673,Udant Boase,Hyderabad,2024-02-08,N,Referral,Cash on Delivery,Occasional,2,2026-05-25,2240.55
CUST006674,Aarush Dave,Bengaluru,2024-04-16,N,Partner Campaign,UPI,Registered Only,0,,0.0
CUST006675,Vidhi Nayak,Bengaluru,2025-08-08,Y,Referral,UPI,Regular,9,2026-06-13,6744.16
CUST006676,Wazir Dass,Bengaluru,2025-06-15,N,Social Media,UPI,Occasional,2,2026-05-05,229.98
CUST006677,Xavier Bhagat,Hyderabad,2025-08-18,N,Social Media,UPI,Registered Only,0,,0.0
CUST006678,Vasatika Chander,Chennai,2024-05-26,N,Organic,UPI,Premium,26,2026-06-29,25347.31
CUST006679,Qushi Karnik,Bengaluru,2024-08-20,Y,Partner Campaign,Wallet,New,1,2026-05-16,268.62
CUST006680,Vasudha Chowdhury,Mumbai,2025-11-14,N,Paid Search,UPI,Occasional,3,2026-05-16,4187.72
CUST006681,Sanya Srinivas,Pune,2024-12-29,N,Organic,Cash on Delivery,New,1,2026-06-16,548.64
CUST006682,Ekapad Yogi,Hyderabad,2023-06-07,N,Referral,UPI,New,1,2026-06-01,2905.15
CUST006683,Ekani Mannan,Delhi NCR,2024-02-25,N,Paid Search,UPI,Occasional,3,2026-06-29,1619.68
CUST006684,Keya Gour,Bengaluru,2025-02-19,N,Social Media,UPI,Occasional,3,2026-05-31,2524.41
CUST006685,Jagrati Soni,Bengaluru,2025-10-22,N,Paid Search,UPI,Occasional,3,2026-06-24,3795.79
CUST006686,Amruta Nath,Bengaluru,2025-08-02,N,Paid Search,UPI,New,1,2026-04-28,4065.12
CUST006687,Abha Iyer,Bengaluru,2024-12-30,N,Referral,UPI,New,1,2026-04-20,4113.98
CUST006688,Advik Dhaliwal,Chennai,2023-11-02,N,Partner Campaign,UPI,Regular,6,2026-06-10,2641.53
CUST006689,Kai Deep,Bengaluru,2025-06-01,N,Paid Search,Cash on Delivery,Occasional,2,2026-06-25,2515.46
CUST006690,Amaira Chowdhury,Pune,2024-09-07,N,Referral,UPI,New,1,2026-05-30,2985.53
CUST006691,Tanveer Magar,Chennai,2023-06-10,Y,Social Media,UPI,Premium,7,2026-06-28,9251.11
CUST006692,Yutika Vasa,Delhi NCR,2026-01-26,Y,Partner Campaign,Wallet,Premium,12,2026-06-28,14825.54
CUST006693,Samarth Tailor,Mumbai,2024-03-16,N,Social Media,Net Banking,Registered Only,0,,0.0
CUST006694,Dhriti Chakraborty,Hyderabad,2023-06-24,N,Referral,UPI,Registered Only,0,,0.0
CUST006695,Vivaan Jhaveri,Bengaluru,2023-12-08,N,Partner Campaign,UPI,Premium,15,2026-06-27,12944.0
CUST006696,Ayushman Balay,Mumbai,2025-11-13,Y,Social Media,UPI,Registered Only,0,,0.0
CUST006697,Manthan Barad,Hyderabad,2023-06-20,N,Paid Search,Credit/Debit Card,Occasional,2,2026-05-24,2716.14
CUST006698,Warinder Khosla,Pune,2023-08-01,N,Paid Search,UPI,Regular,5,2026-05-18,2516.46
CUST006699,Balvan Sanghvi,Bengaluru,2025-03-09,Y,Social Media,Credit/Debit Card,Occasional,2,2026-06-12,1717.19
CUST006700,Eiravati Chaudhari,Bengaluru,2024-08-17,Y,Referral,Credit/Debit Card,Registered Only,0,,0.0
CUST006701,Arin Anne,Pune,2026-02-21,N,Organic,UPI,Registered Only,0,,0.0
CUST006702,Dayita Tandon,Mumbai,2025-08-05,Y,Paid Search,Credit/Debit Card,Occasional,4,2026-06-19,2224.46
CUST006703,Lakshit Batta,Mumbai,2024-05-25,N,Paid Search,Wallet,New,1,2026-04-06,335.72
CUST006704,Kalpit Bhandari,Bengaluru,2025-03-30,N,Referral,UPI,Registered Only,0,,0.0
CUST006705,William Bhavsar,Bengaluru,2023-12-04,N,Paid Search,Credit/Debit Card,New,1,2026-06-05,662.58
CUST006706,Deepa Mani,Mumbai,2026-01-09,N,Referral,UPI,Premium,37,2026-06-29,37303.89
CUST006707,Kalpit Nanda,Bengaluru,2026-02-22,N,Referral,UPI,New,1,2026-06-29,490.67
CUST006708,Alexander Sood,Hyderabad,2025-04-11,Y,Paid Search,UPI,Occasional,2,2026-06-07,877.03
CUST006709,Krishna Mander,Hyderabad,2025-12-28,Y,Paid Search,Credit/Debit Card,Occasional,2,2026-05-30,2406.0
CUST006710,Zinal Suresh,Bengaluru,2023-11-25,N,Referral,Wallet,New,1,2026-05-19,1257.76
CUST006711,Gaurav Sheth,Pune,2025-12-25,Y,Organic,UPI,Occasional,2,2026-06-08,1113.2
CUST006712,Shravya Hora,Bengaluru,2025-03-04,Y,Paid Search,UPI,Premium,21,2026-06-29,13691.93
CUST006713,Sai Chatterjee,Mumbai,2023-04-05,N,Paid Search,Cash on Delivery,New,1,2026-04-08,1334.73
CUST006714,Wriddhish Dayal,Chennai,2025-01-06,N,Organic,Wallet,Occasional,2,2026-06-28,3129.17
CUST006715,Samarth Bose,Bengaluru,2023-11-11,N,Paid Search,Credit/Debit Card,Occasional,2,2026-06-14,1900.88
CUST006716,Onveer Anand,Pune,2024-06-30,N,Paid Search,Credit/Debit Card,New,1,2026-06-01,972.38
CUST006717,Abhiram Vasa,Mumbai,2025-06-07,Y,Organic,Wallet,Occasional,2,2026-04-15,1493.53
CUST006718,Eesha Krishnan,Mumbai,2026-03-03,Y,Organic,UPI,Premium,10,2026-06-22,16632.61
CUST006719,Ekta Varughese,Chennai,2025-09-18,N,Organic,UPI,Registered Only,0,,0.0
CUST006720,Samaksh Lanka,Hyderabad,2025-04-06,Y,Organic,Cash on Delivery,Registered Only,0,,0.0
CUST006721,Hritik Ray,Mumbai,2023-09-12,N,Organic,UPI,Registered Only,0,,0.0
CUST006722,Vyanjana Venkataraman,Mumbai,2024-09-27,Y,Organic,Credit/Debit Card,Registered Only,0,,0.0
CUST006723,Chatura Chaudhuri,Hyderabad,2024-02-05,N,Organic,UPI,Registered Only,0,,0.0
CUST006724,Sai Shah,Bengaluru,2025-06-16,N,Paid Search,Credit/Debit Card,New,1,2026-06-05,2306.62
CUST006725,Ekantika Rattan,Bengaluru,2024-11-06,N,Social Media,Credit/Debit Card,Occasional,2,2026-05-18,3304.01
CUST006726,Omkaar Trivedi,Mumbai,2023-08-11,N,Organic,Wallet,Occasional,3,2026-06-03,2375.1
CUST006727,Netra Kar,Delhi NCR,2025-03-26,N,Paid Search,Wallet,Premium,10,2026-06-26,16162.81
CUST006728,David Tella,Hyderabad,2023-07-01,N,Organic,Credit/Debit Card,Occasional,2,2026-06-09,2337.11
CUST006729,Ishwar Mutti,Chennai,2024-06-06,N,Paid Search,Credit/Debit Card,New,1,2026-05-12,140.88
CUST006730,Wazir Dey,Pune,2024-01-18,N,Partner Campaign,Wallet,Occasional,3,2026-06-05,2193.83
CUST006731,Alka Ramesh,Pune,2025-05-24,N,Social Media,UPI,Premium,17,2026-06-24,19519.48
CUST006732,Matthew Prabhakar,Delhi NCR,2025-04-16,N,Social Media,UPI,New,1,2026-06-13,561.22
CUST006733,Chanchal Sunder,Mumbai,2024-04-17,Y,Social Media,Cash on Delivery,New,1,2026-05-21,365.77
CUST006734,Krish Khalsa,Mumbai,2024-12-26,N,Organic,Cash on Delivery,Premium,8,2026-06-11,8845.7
CUST006735,Eesha Saini,Hyderabad,2023-12-21,N,Social Media,Credit/Debit Card,New,1,2026-04-20,661.7
CUST006736,Samesh Madan,Chennai,2023-11-12,Y,Partner Campaign,Cash on Delivery,Regular,8,2026-06-23,7584.72
CUST006737,Nisha Dubey,Chennai,2024-06-05,N,Organic,UPI,Registered Only,0,,0.0
CUST006738,Charita Karan,Chennai,2024-08-05,N,Social Media,Credit/Debit Card,Occasional,3,2026-05-22,2484.51
CUST006739,Rushil Date,Hyderabad,2024-01-25,N,Partner Campaign,UPI,Occasional,3,2026-06-24,7413.25
CUST006740,Pallavi Rama,Bengaluru,2024-10-16,N,Social Media,UPI,Occasional,2,2026-06-15,1373.02
CUST006741,Upkaar Khare,Mumbai,2023-12-03,Y,Paid Search,Cash on Delivery,New,1,2026-05-12,516.03
CUST006742,Tanay Mammen,Chennai,2026-01-30,Y,Partner Campaign,Credit/Debit Card,New,1,2026-06-03,1472.03
CUST006743,Krisha Agarwal,Bengaluru,2023-04-02,N,Social Media,Credit/Debit Card,New,1,2026-04-01,819.68
CUST006744,Dakshesh Swaminathan,Delhi NCR,2024-08-16,Y,Organic,UPI,Registered Only,0,,0.0
CUST006745,Benjamin Iyer,Delhi NCR,2025-10-17,N,Social Media,UPI,Occasional,3,2026-06-18,2806.11
CUST006746,Saksham Chaudhary,Hyderabad,2025-04-16,Y,Referral,Credit/Debit Card,Occasional,2,2026-04-13,354.51
CUST006747,Manthan Basak,Mumbai,2025-11-11,N,Paid Search,Credit/Debit Card,Registered Only,0,,0.0
CUST006748,Ayushman Saha,Hyderabad,2025-10-15,Y,Paid Search,Net Banking,Occasional,3,2026-06-02,4437.58
CUST006749,Vasatika Rama,Chennai,2023-05-23,N,Organic,UPI,Occasional,3,2026-06-22,3882.54
CUST006750,Hamsini Tella,Bengaluru,2025-03-24,Y,Organic,UPI,Regular,6,2026-06-20,4685.34
CUST006751,Yashawini Hari,Mumbai,2025-06-11,N,Organic,UPI,Registered Only,0,,0.0
CUST006752,Teerth Palan,Bengaluru,2023-05-28,Y,Organic,Wallet,Registered Only,0,,0.0
CUST006753,Aishani Pai,Bengaluru,2023-05-08,Y,Social Media,Credit/Debit Card,Occasional,3,2026-06-12,3668.79
CUST006754,Ishanvi Pall,Hyderabad,2024-02-13,N,Organic,UPI,Regular,5,2026-05-30,4872.08
CUST006755,Hardik Bhatti,Chennai,2024-09-14,N,Paid Search,Net Banking,Occasional,2,2026-06-08,1172.39
CUST006756,Charvi Dugal,Hyderabad,2023-09-11,N,Partner Campaign,Credit/Debit Card,New,1,2026-06-25,928.48
CUST006757,Nidhi Palla,Chennai,2025-03-20,N,Paid Search,Cash on Delivery,Occasional,4,2026-06-28,4828.0
CUST006758,Girish Kakar,Mumbai,2024-01-09,N,Paid Search,UPI,Occasional,2,2026-06-15,3016.8
CUST006759,Gaurang Loke,Delhi NCR,2023-11-21,N,Referral,UPI,Regular,8,2026-06-25,6190.8
CUST006760,Vedant Prabhakar,Mumbai,2024-09-10,N,Paid Search,Credit/Debit Card,Occasional,3,2026-05-22,6719.25
CUST006761,Nihal Rattan,Mumbai,2024-10-04,N,Paid Search,UPI,Occasional,3,2026-06-14,5893.36
CUST006762,Eshana Mann,Hyderabad,2025-01-01,Y,Referral,UPI,New,1,2026-04-29,656.28
CUST006763,Neelima Khatri,Bengaluru,2023-12-24,N,Social Media,UPI,Registered Only,0,,0.0
CUST006764,Advay Yohannan,Bengaluru,2024-07-23,Y,Paid Search,Cash on Delivery,New,1,2026-05-16,39.35
CUST006765,Kiaan Patla,Bengaluru,2023-05-09,N,Organic,UPI,Regular,6,2026-06-25,5162.19
CUST006766,Vrishti Mand,Chennai,2023-11-03,N,Social Media,Cash on Delivery,Occasional,4,2026-06-17,2562.66
CUST006767,Wazir Pai,Mumbai,2024-04-14,N,Organic,UPI,Occasional,2,2026-06-27,7164.56
CUST006768,Kevin Sarna,Bengaluru,2023-08-10,N,Organic,UPI,New,1,2026-04-28,114.29
CUST006769,Veer Kar,Hyderabad,2024-02-22,N,Referral,Credit/Debit Card,Occasional,3,2026-05-29,1189.67
CUST006770,Priya Agate,Bengaluru,2023-12-12,Y,Partner Campaign,Wallet,New,1,2026-06-06,1451.33
CUST006771,Garima Sami,Mumbai,2023-06-26,N,Organic,UPI,Regular,5,2026-06-01,7491.37
CUST006772,Mitali Bandi,Hyderabad,2024-02-02,N,Organic,UPI,Premium,11,2026-06-05,6949.45
CUST006773,Vritti Shroff,Mumbai,2024-01-11,N,Partner Campaign,Credit/Debit Card,Occasional,4,2026-06-15,4120.22
CUST006774,Raagini Tripathi,Pune,2025-12-03,N,Organic,Credit/Debit Card,New,1,2026-05-10,418.74
CUST006775,Zarna Toor,Hyderabad,2025-12-19,N,Organic,UPI,Registered Only,0,,0.0
CUST006776,Baghyawati Memon,Chennai,2024-06-13,N,Organic,UPI,Registered Only,0,,0.0
CUST006777,Tanmayi Dey,Bengaluru,2025-03-26,N,Paid Search,Wallet,Occasional,4,2026-06-11,1103.87
CUST006778,Ethan Uppal,Delhi NCR,2023-11-18,N,Organic,Wallet,Occasional,4,2026-06-17,6750.98
CUST006779,Anamika Bhattacharyya,Hyderabad,2024-09-09,N,Organic,Net Banking,New,1,2026-06-09,127.19
CUST006780,Yatan Baral,Delhi NCR,2025-05-07,N,Social Media,UPI,Occasional,2,2026-06-26,1804.0
CUST006781,Pranit Vasa,Pune,2026-01-05,N,Referral,UPI,Registered Only,0,,0.0
CUST006782,Qarin Pau,Delhi NCR,2023-05-28,N,Organic,UPI,New,1,2026-04-11,166.33
CUST006783,Yug Merchant,Hyderabad,2024-06-13,N,Social Media,UPI,Registered Only,0,,0.0
CUST006784,Nitesh Aggarwal,Chennai,2023-09-01,N,Paid Search,UPI,Regular,5,2026-06-26,5627.58
CUST006785,Abhimanyu Zachariah,Hyderabad,2026-02-24,N,Referral,UPI,New,1,2026-05-15,769.12
CUST006786,Ronith Pandit,Pune,2025-10-19,N,Paid Search,Credit/Debit Card,Occasional,2,2026-05-28,1106.05
CUST006787,Vritti Kibe,Mumbai,2024-09-26,N,Organic,Credit/Debit Card,Premium,7,2026-06-23,14083.01
CUST006788,Ayaan Rama,Chennai,2023-05-24,N,Paid Search,UPI,New,1,2026-05-04,4644.48
CUST006789,Yauvani Chahal,Hyderabad,2024-04-18,N,Organic,UPI,Occasional,3,2026-06-13,2685.73
CUST006790,Azad Radhakrishnan,Chennai,2024-10-22,N,Social Media,Net Banking,Occasional,3,2026-06-14,5106.96
CUST006791,Kiaan Chaudhry,Bengaluru,2024-12-18,Y,Referral,Credit/Debit Card,Registered Only,0,,0.0
CUST006792,Anita Issac,Bengaluru,2024-11-15,N,Referral,UPI,Occasional,3,2026-06-12,1308.08
CUST006793,Aashi Lad,Chennai,2023-07-04,N,Referral,UPI,Regular,5,2026-06-10,4046.5
CUST006794,Neel Sen,Hyderabad,2024-07-29,N,Partner Campaign,Wallet,New,1,2026-06-29,493.15
CUST006795,Janaki Lad,Bengaluru,2025-04-26,N,Referral,Wallet,Registered Only,0,,0.0
CUST006796,Ijaya Rout,Delhi NCR,2024-04-15,N,Organic,UPI,Occasional,4,2026-06-28,3997.11
CUST006797,Lakshmi Merchant,Bengaluru,2024-02-28,N,Organic,Cash on Delivery,Regular,5,2026-06-19,2994.3
CUST006798,Chakrika Ahluwalia,Bengaluru,2023-07-16,Y,Social Media,Credit/Debit Card,New,1,2026-04-16,350.9
CUST006799,Raghav Borah,Bengaluru,2023-12-20,N,Referral,Cash on Delivery,Registered Only,0,,0.0
CUST006800,Yashasvi Badami,Delhi NCR,2025-06-08,N,Paid Search,UPI,New,1,2026-05-30,0.0
CUST006801,Lila Rajagopal,Bengaluru,2023-11-22,N,Partner Campaign,Credit/Debit Card,Occasional,2,2026-05-06,1654.45
CUST006802,Lipika Palla,Hyderabad,2024-10-12,Y,Paid Search,UPI,New,1,2026-04-18,1404.89
CUST006803,Triya Kala,Pune,2023-08-07,Y,Organic,UPI,Registered Only,0,,0.0
CUST006804,Ekiya Mitra,Chennai,2025-07-04,Y,Partner Campaign,Cash on Delivery,New,1,2026-04-16,562.9
CUST006805,Ridhi Barad,Pune,2024-09-01,N,Organic,UPI,Regular,6,2026-06-27,6599.21
CUST006806,Kamya Sen,Pune,2024-05-25,N,Organic,Wallet,Regular,5,2026-05-28,4674.68
CUST006807,Upadhriti Guha,Mumbai,2024-01-10,N,Partner Campaign,Credit/Debit Card,Registered Only,0,,0.0
CUST006808,Ishita Swamy,Hyderabad,2024-05-06,N,Referral,Credit/Debit Card,Regular,8,2026-06-14,6820.97
CUST006809,Inaya Rai,Hyderabad,2023-08-10,N,Organic,Cash on Delivery,Registered Only,0,,0.0
CUST006810,Ojas Mannan,Bengaluru,2024-11-09,N,Partner Campaign,UPI,New,1,2026-05-05,611.86
CUST006811,Udyati Balay,Bengaluru,2024-01-02,N,Organic,UPI,Registered Only,0,,0.0
CUST006812,Aadi Mani,Delhi NCR,2023-11-26,N,Paid Search,Cash on Delivery,New,1,2026-05-05,1533.4
CUST006813,Baghyawati Dave,Chennai,2024-01-09,N,Referral,UPI,Registered Only,0,,0.0
CUST006814,Bimala Mammen,Bengaluru,2023-07-08,Y,Organic,Wallet,Occasional,3,2026-05-15,1660.86
CUST006815,Janani Singhal,Mumbai,2025-07-31,N,Partner Campaign,UPI,New,1,2026-06-15,700.06
CUST006816,Ucchal Wali,Delhi NCR,2024-04-13,N,Referral,UPI,New,1,2026-05-21,731.76
CUST006817,Jagvi Swaminathan,Bengaluru,2024-08-31,N,Partner Campaign,Net Banking,Registered Only,0,,0.0
CUST006818,Daksh Dara,Mumbai,2025-10-01,Y,Paid Search,UPI,Registered Only,0,,0.0
CUST006819,Sai Seth,Delhi NCR,2025-11-17,N,Referral,Credit/Debit Card,New,1,2026-05-24,128.65
CUST006820,Ria Kothari,Bengaluru,2023-06-14,Y,Organic,UPI,Occasional,4,2026-05-20,2734.99
CUST006821,Charvi Rama,Pune,2024-04-17,Y,Referral,UPI,Occasional,2,2026-06-11,1046.88
CUST006822,Gaurangi Bhavsar,Hyderabad,2024-04-27,N,Social Media,UPI,New,1,2026-06-13,87.39
CUST006823,Kai Golla,Delhi NCR,2024-11-17,N,Paid Search,UPI,New,1,2026-04-08,894.85
CUST006824,Prisha Krishnamurthy,Chennai,2024-05-17,N,Organic,UPI,Occasional,4,2026-06-10,2443.9
CUST006825,Sara Seth,Mumbai,2024-07-02,Y,Referral,Credit/Debit Card,Premium,26,2026-06-29,21885.4
CUST006826,Victor Chowdhury,Chennai,2025-09-16,N,Organic,Wallet,Regular,6,2026-06-02,3344.44
CUST006827,Prisha Date,Pune,2023-05-13,N,Organic,Net Banking,New,1,2026-04-16,1009.57
CUST006828,Panini Rastogi,Mumbai,2023-07-19,N,Referral,Credit/Debit Card,Registered Only,0,,0.0
CUST006829,Bhavini Sharma,Bengaluru,2025-05-10,N,Social Media,Credit/Debit Card,Regular,8,2026-06-06,7008.24
CUST006830,Ridhi Borah,Hyderabad,2024-02-22,N,Referral,Credit/Debit Card,Regular,6,2026-06-17,4537.13
CUST006831,Isaac Hari,Mumbai,2024-03-06,N,Paid Search,Wallet,Registered Only,0,,0.0
CUST006832,Lipika Mutti,Mumbai,2025-08-13,N,Social Media,UPI,New,1,2026-05-13,1238.96
CUST006833,Lucky Sarraf,Delhi NCR,2023-04-04,N,Organic,Credit/Debit Card,Registered Only,0,,0.0
CUST006834,Kamala Halder,Bengaluru,2024-12-16,N,Organic,Cash on Delivery,Occasional,3,2026-06-28,3825.65
CUST006835,Veda Barad,Chennai,2025-03-17,Y,Organic,UPI,New,1,2026-05-15,182.99
CUST006836,Yahvi Narayanan,Mumbai,2026-02-15,N,Paid Search,Credit/Debit Card,Occasional,2,2026-05-02,1309.73
CUST006837,Maya Bal,Delhi NCR,2025-11-13,Y,Paid Search,Wallet,New,1,2026-06-18,1585.19
CUST006838,Vincent Sastry,Delhi NCR,2024-10-16,N,Referral,UPI,Occasional,2,2026-06-06,1111.41
CUST006839,Ira Shroff,Bengaluru,2024-05-22,N,Paid Search,UPI,Occasional,3,2026-04-07,759.68
CUST006840,Kavya Kapoor,Bengaluru,2024-07-04,N,Paid Search,UPI,Registered Only,0,,0.0
CUST006841,Harsh Walla,Bengaluru,2024-03-03,N,Organic,Wallet,Occasional,4,2026-05-11,6695.86
CUST006842,Divya Dave,Bengaluru,2023-10-28,N,Paid Search,UPI,New,1,2026-04-04,933.0
CUST006843,Praneel Purohit,Pune,2023-08-30,Y,Referral,Wallet,Premium,30,2026-06-25,34590.91
CUST006844,Anya Dar,Delhi NCR,2025-09-21,Y,Organic,Credit/Debit Card,Registered Only,0,,0.0
CUST006845,Waida Buch,Mumbai,2024-03-26,N,Referral,UPI,Occasional,2,2026-06-13,2152.29
CUST006846,Megha Soni,Delhi NCR,2025-05-14,N,Partner Campaign,Credit/Debit Card,Occasional,3,2026-06-24,3434.7
CUST006847,Janaki Bala,Pune,2024-05-07,N,Paid Search,UPI,Registered Only,0,,0.0
CUST006848,Shaurya Dayal,Delhi NCR,2024-11-19,N,Social Media,Credit/Debit Card,Occasional,2,2026-05-04,1476.27
CUST006849,Yutika Ganesan,Hyderabad,2026-01-19,Y,Social Media,Wallet,Premium,15,2026-06-22,11155.21
CUST006850,Ekani Karpe,Bengaluru,2023-08-07,N,Organic,UPI,Registered Only,0,,0.0
CUST006851,Sachi Dyal,Mumbai,2024-01-24,Y,Paid Search,UPI,Regular,6,2026-06-17,4096.63
CUST006852,Dhriti D’Alia,Bengaluru,2023-09-12,N,Organic,UPI,Registered Only,0,,0.0
CUST006853,Dalbir Datta,Hyderabad,2025-12-24,N,Social Media,UPI,New,1,2026-04-19,1741.21
CUST006854,Barkha Raval,Chennai,2024-09-02,N,Organic,Wallet,New,1,2026-06-04,2344.63
CUST006855,Owen Doshi,Bengaluru,2025-03-10,N,Referral,UPI,Registered Only,0,,0.0
CUST006856,Aarna Narayan,Bengaluru,2023-10-26,Y,Organic,UPI,New,1,2026-04-28,1860.79
CUST006857,Benjamin Narayanan,Bengaluru,2025-10-03,N,Organic,Credit/Debit Card,Occasional,2,2026-06-18,738.57
CUST006858,Yoshita Ganesh,Bengaluru,2026-02-13,N,Partner Campaign,Net Banking,Registered Only,0,,0.0
CUST006859,Alexander Behl,Delhi NCR,2024-10-05,Y,Social Media,Wallet,Occasional,2,2026-05-29,3170.77
CUST006860,Nathaniel Shroff,Hyderabad,2024-10-13,N,Referral,UPI,Registered Only,0,,0.0
CUST006861,Ishanvi Narula,Hyderabad,2025-03-24,Y,Paid Search,Credit/Debit Card,Occasional,2,2026-05-21,2653.4
CUST006862,Ojas Bora,Bengaluru,2024-03-01,Y,Organic,UPI,Occasional,3,2026-06-16,1608.28
CUST006863,Janani Khurana,Pune,2024-03-07,Y,Referral,Credit/Debit Card,New,1,2026-05-10,112.32
CUST006864,Vincent Vaidya,Mumbai,2025-11-27,Y,Social Media,UPI,Registered Only,0,,0.0
CUST006865,Laksh Butala,Bengaluru,2023-12-07,Y,Partner Campaign,Cash on Delivery,Premium,12,2026-06-28,10224.37
CUST006866,Gaurav Roy,Pune,2025-07-14,N,Paid Search,Credit/Debit Card,New,1,2026-05-21,0.0
CUST006867,Dayamai Warrior,Hyderabad,2025-11-01,N,Organic,Net Banking,Premium,3,2026-05-24,9669.19
CUST006868,Urmi Sandal,Bengaluru,2023-04-10,N,Organic,UPI,Premium,12,2026-06-28,12208.67
CUST006869,Ati Varkey,Chennai,2024-06-03,N,Paid Search,Credit/Debit Card,New,1,2026-04-23,198.2
CUST006870,Zansi Taneja,Bengaluru,2024-08-05,N,Partner Campaign,Credit/Debit Card,Occasional,4,2026-06-25,6612.5
CUST006871,Azaan Menon,Bengaluru,2023-05-02,N,Organic,Credit/Debit Card,Registered Only,0,,0.0
CUST006872,Max Ravel,Bengaluru,2024-07-31,Y,Paid Search,UPI,New,1,2026-05-16,1373.69
CUST006873,Atharv Pandya,Delhi NCR,2024-10-10,N,Social Media,Cash on Delivery,Occasional,2,2026-06-26,2146.15
CUST006874,Max Memon,Bengaluru,2025-08-24,N,Partner Campaign,Net Banking,New,1,2026-04-15,121.71
CUST006875,Kabir Chadha,Bengaluru,2025-01-06,N,Organic,Credit/Debit Card,Registered Only,0,,0.0
CUST006876,Timothy Kala,Delhi NCR,2023-10-08,N,Paid Search,UPI,New,1,2026-04-12,2247.82
CUST006877,Chameli Krish,Bengaluru,2024-03-27,Y,Paid Search,Credit/Debit Card,Occasional,3,2026-06-29,879.03
CUST006878,Jackson Buch,Mumbai,2024-04-15,Y,Social Media,Cash on Delivery,Occasional,2,2026-06-18,1719.63
CUST006879,Varsha Madan,Bengaluru,2024-10-05,N,Social Media,UPI,Occasional,2,2026-05-24,1012.27
CUST006880,Megha Lalla,Delhi NCR,2024-08-23,N,Referral,UPI,Premium,14,2026-06-04,14945.55
CUST006881,Akshay Mody,Hyderabad,2023-10-05,Y,Organic,Credit/Debit Card,Premium,2,2026-05-29,8233.0
CUST006882,Adweta Koshy,Chennai,2024-07-20,Y,Partner Campaign,UPI,Registered Only,0,,0.0
CUST006883,Anjali Subramanian,Delhi NCR,2024-05-09,Y,Referral,UPI,Regular,5,2026-06-08,6983.99
CUST006884,Vaishnavi Handa,Chennai,2024-03-31,Y,Organic,UPI,New,1,2026-06-19,2268.07
CUST006885,Kevin More,Bengaluru,2024-05-13,Y,Partner Campaign,UPI,Registered Only,0,,0.0
CUST006886,Harita Srinivasan,Delhi NCR,2025-03-28,N,Paid Search,Wallet,New,1,2026-04-11,1187.54
CUST006887,Peter Khatri,Hyderabad,2024-10-21,Y,Social Media,UPI,New,1,2026-04-06,2088.82
CUST006888,Lila Chauhan,Hyderabad,2023-07-02,N,Organic,UPI,Premium,5,2026-05-26,9237.03
CUST006889,Chaman Jain,Bengaluru,2024-12-10,Y,Referral,UPI,Occasional,2,2026-04-27,1067.41
CUST006890,Zinal Jhaveri,Chennai,2024-07-23,N,Referral,Wallet,Occasional,4,2026-05-22,4721.66
CUST006891,Janani Nanda,Mumbai,2024-10-02,Y,Organic,UPI,Registered Only,0,,0.0
CUST006892,Rudra Wagle,Bengaluru,2024-01-08,Y,Partner Campaign,Cash on Delivery,New,1,2026-05-15,463.15
CUST006893,Kabir Khosla,Mumbai,2025-08-03,N,Social Media,Net Banking,Occasional,3,2026-06-27,2751.81
CUST006894,Utkarsh Kant,Mumbai,2025-10-16,N,Paid Search,UPI,Registered Only,0,,0.0
CUST006895,Dalbir Badami,Mumbai,2023-12-28,N,Partner Campaign,UPI,Regular,5,2026-06-28,3792.75
CUST006896,Varsha Deol,Mumbai,2025-10-10,N,Organic,Wallet,New,1,2026-05-11,768.25
CUST006897,Qushi Baria,Mumbai,2025-09-25,Y,Organic,Credit/Debit Card,Registered Only,0,,0.0
CUST006898,Jasmit Barad,Chennai,2025-01-03,Y,Organic,Wallet,Registered Only,0,,0.0
CUST006899,Hemang Radhakrishnan,Mumbai,2023-09-04,N,Referral,UPI,New,1,2026-04-30,1334.52
CUST006900,Neel Sangha,Hyderabad,2026-01-08,N,Organic,UPI,Premium,16,2026-06-27,15674.92
CUST006901,Ganga Murty,Hyderabad,2025-07-20,N,Organic,UPI,New,1,2026-04-14,683.54
CUST006902,Aradhana Varghese,Chennai,2024-02-24,N,Organic,Net Banking,Occasional,2,2026-06-05,2727.04
CUST006903,Advika Bhandari,Hyderabad,2023-08-14,Y,Social Media,Credit/Debit Card,Registered Only,0,,0.0
CUST006904,Abdul Singhal,Hyderabad,2023-05-03,Y,Social Media,Net Banking,New,1,2026-04-26,1594.23
CUST006905,Raagini Chand,Mumbai,2025-07-21,N,Social Media,Cash on Delivery,Occasional,2,2026-06-20,3614.34
CUST006906,Luke Ghose,Delhi NCR,2024-06-13,N,Paid Search,Cash on Delivery,Occasional,3,2026-06-04,3153.99
CUST006907,Parth Kibe,Mumbai,2023-04-22,N,Social Media,Wallet,Registered Only,0,,0.0
CUST006908,Vritti Ratti,Bengaluru,2023-12-06,N,Organic,Wallet,Regular,5,2026-06-18,5791.88
CUST006909,Sara Sawhney,Bengaluru,2024-10-08,N,Referral,UPI,Registered Only,0,,0.0
CUST006910,Krish Balan,Bengaluru,2023-06-15,N,Paid Search,UPI,Occasional,3,2026-06-29,3285.59
CUST006911,Yug Parsa,Mumbai,2025-07-07,N,Organic,UPI,Registered Only,0,,0.0
CUST006912,Yasti Bahl,Hyderabad,2026-02-09,Y,Partner Campaign,UPI,Registered Only,0,,0.0
CUST006913,Balendra Singh,Hyderabad,2023-07-22,Y,Social Media,UPI,Registered Only,0,,0.0
CUST006914,Kritika Dave,Bengaluru,2024-11-19,N,Organic,UPI,New,1,2026-06-20,1594.72
CUST006915,Anmol Pau,Bengaluru,2024-11-16,Y,Referral,Wallet,Premium,12,2026-06-16,9466.48
CUST006916,Vedant Ghosh,Delhi NCR,2023-06-09,N,Paid Search,UPI,Regular,5,2026-05-10,3156.27
CUST006917,Pranit Nazareth,Delhi NCR,2023-08-07,N,Organic,Wallet,Registered Only,0,,0.0
CUST006918,Faraj Kota,Chennai,2025-12-30,N,Referral,Cash on Delivery,Registered Only,0,,0.0
CUST006919,Chaitaly Bera,Bengaluru,2025-02-24,N,Social Media,UPI,New,1,2026-06-17,1635.61
CUST006920,Chaaya Srinivasan,Bengaluru,2023-10-12,Y,Organic,Credit/Debit Card,Registered Only,0,,0.0
CUST006921,Caleb Mane,Chennai,2025-12-29,N,Paid Search,UPI,New,1,2026-06-25,1413.2
CUST006922,Nirja Venkataraman,Delhi NCR,2024-01-19,Y,Social Media,UPI,Premium,12,2026-06-25,12243.4
CUST006923,Dhruv Parmer,Delhi NCR,2025-12-17,N,Organic,UPI,Premium,11,2026-06-27,12959.45
CUST006924,Om Ramachandran,Bengaluru,2025-09-23,Y,Social Media,Credit/Debit Card,Registered Only,0,,0.0
CUST006925,Qadim Aggarwal,Bengaluru,2024-11-22,N,Paid Search,Cash on Delivery,Regular,7,2026-06-25,5488.4
CUST006926,Harini Balakrishnan,Mumbai,2026-03-24,N,Referral,UPI,Regular,6,2026-06-02,6752.37
CUST006927,Vedhika Narayanan,Hyderabad,2025-08-07,N,Referral,Credit/Debit Card,Registered Only,0,,0.0
CUST006928,David Dube,Bengaluru,2023-07-04,N,Social Media,UPI,New,1,2026-06-18,268.87
CUST006929,Dayamai Vora,Chennai,2025-01-17,N,Social Media,UPI,Occasional,3,2026-05-06,5615.26
CUST006930,Liam Kala,Mumbai,2026-01-17,Y,Social Media,Cash on Delivery,Registered Only,0,,0.0
CUST006931,Siya Menon,Chennai,2023-09-03,N,Partner Campaign,Credit/Debit Card,Occasional,4,2026-06-02,2544.71
CUST006932,Meghana Gandhi,Chennai,2025-09-16,Y,Partner Campaign,Credit/Debit Card,Premium,11,2026-06-20,8229.67
CUST006933,Zaitra Sandal,Bengaluru,2024-05-24,Y,Organic,Credit/Debit Card,Registered Only,0,,0.0
CUST006934,Jhalak Mishra,Bengaluru,2026-02-10,N,Partner Campaign,Wallet,New,1,2026-05-26,1270.24
CUST006935,Dev Batra,Chennai,2024-01-19,N,Paid Search,Credit/Debit Card,Registered Only,0,,0.0
CUST006936,Noah Kaur,Bengaluru,2024-01-16,N,Social Media,Credit/Debit Card,Occasional,2,2026-06-27,2072.97
CUST006937,Wazir Chahal,Bengaluru,2023-08-11,N,Paid Search,UPI,Occasional,4,2026-05-21,6136.16
CUST006938,Jairaj Venkataraman,Pune,2023-12-21,N,Partner Campaign,Cash on Delivery,Occasional,2,2026-06-24,1626.06
CUST006939,Chandani Raju,Bengaluru,2024-06-11,N,Paid Search,UPI,Premium,20,2026-06-28,16057.87
CUST006940,Gayathri Morar,Hyderabad,2024-04-16,N,Organic,UPI,Occasional,3,2026-06-04,2396.33
CUST006941,Abha Acharya,Mumbai,2025-07-12,N,Organic,Cash on Delivery,Occasional,3,2026-06-23,1219.67
CUST006942,Amrita Gulati,Chennai,2023-10-19,N,Social Media,UPI,Occasional,3,2026-06-05,2351.28
CUST006943,Jyoti Mahajan,Chennai,2024-02-26,Y,Organic,Cash on Delivery,New,1,2026-05-21,146.46
CUST006944,Ucchal Sandal,Hyderabad,2024-02-26,N,Referral,Wallet,Occasional,3,2026-06-05,2429.11
CUST006945,Faqid Virk,Bengaluru,2025-10-15,N,Social Media,Wallet,Registered Only,0,,0.0
CUST006946,Amara Patla,Bengaluru,2023-04-30,N,Referral,Cash on Delivery,Registered Only,0,,0.0
CUST006947,Ati Misra,Bengaluru,2025-04-11,N,Referral,UPI,Regular,7,2026-06-26,3599.07
CUST006948,Dipta Rout,Delhi NCR,2025-05-26,N,Paid Search,Net Banking,Occasional,2,2026-05-22,1098.56
CUST006949,Ladli Parmer,Pune,2023-11-26,N,Organic,Wallet,Registered Only,0,,0.0
CUST006950,Aayush Shetty,Bengaluru,2025-03-15,N,Partner Campaign,Credit/Debit Card,Occasional,2,2026-06-25,1511.64
CUST006951,Chandran Mittal,Pune,2026-02-12,N,Organic,Credit/Debit Card,Occasional,2,2026-06-24,619.41
CUST006952,Gunbir Bala,Mumbai,2026-01-17,N,Partner Campaign,UPI,Occasional,2,2026-06-06,6129.5
CUST006953,Aditya Ratta,Delhi NCR,2024-01-20,N,Organic,UPI,Occasional,3,2026-05-19,1870.38
CUST006954,Zayan Bal,Chennai,2025-03-19,N,Organic,Cash on Delivery,Registered Only,0,,0.0
CUST006955,Ansh Anne,Bengaluru,2025-02-23,Y,Social Media,UPI,New,1,2026-06-04,491.62
CUST006956,Vasudha Kapadia,Mumbai,2023-10-30,N,Social Media,Credit/Debit Card,Registered Only,0,,0.0
CUST006957,Indali Ravi,Chennai,2024-10-30,Y,Organic,UPI,Regular,5,2026-06-27,6428.5
CUST006958,Rachita Modi,Delhi NCR,2024-06-04,N,Referral,Wallet,Registered Only,0,,0.0
CUST006959,Brijesh Chada,Bengaluru,2025-03-19,N,Paid Search,UPI,Registered Only,0,,0.0
CUST006960,Omya Kar,Mumbai,2024-11-28,N,Organic,UPI,Occasional,2,2026-04-11,2684.48
CUST006961,Leena Saraf,Delhi NCR,2025-05-16,N,Organic,UPI,Occasional,3,2026-06-04,2122.2
CUST006962,Mugdha Ratti,Hyderabad,2024-03-07,N,Referral,UPI,Registered Only,0,,0.0
CUST006963,Qabil Kashyap,Hyderabad,2023-04-24,N,Organic,Credit/Debit Card,Premium,4,2026-06-18,10903.58
CUST006964,Saanvi Sarin,Bengaluru,2024-02-20,Y,Social Media,Credit/Debit Card,Regular,5,2026-06-28,3562.69
CUST006965,Ekansh Varma,Bengaluru,2023-08-10,Y,Organic,Credit/Debit Card,New,1,2026-06-27,0.0
CUST006966,Nirja Cherian,Delhi NCR,2024-09-14,N,Social Media,UPI,Occasional,3,2026-06-11,5918.51
CUST006967,Aarini Kaur,Delhi NCR,2024-08-06,N,Social Media,Credit/Debit Card,New,1,2026-06-28,974.12
CUST006968,Kiaan Zacharia,Hyderabad,2025-08-04,Y,Paid Search,UPI,Registered Only,0,,0.0
CUST006969,Niharika Boase,Pune,2024-10-02,N,Referral,Cash on Delivery,New,1,2026-06-07,511.9
CUST006970,Vaishnavi Nigam,Mumbai,2023-11-23,N,Paid Search,UPI,Occasional,4,2026-06-27,3199.1
CUST006971,Pallavi Sekhon,Hyderabad,2026-02-16,N,Organic,Credit/Debit Card,New,1,2026-04-16,781.11
CUST006972,Kamya Ramanathan,Delhi NCR,2025-02-09,N,Paid Search,Wallet,Registered Only,0,,0.0
CUST006973,Yashvi Manne,Delhi NCR,2023-12-20,Y,Paid Search,UPI,Premium,21,2026-06-25,21312.37
CUST006974,Sneha Goyal,Chennai,2024-11-24,Y,Organic,UPI,Premium,18,2026-06-24,10851.02
CUST006975,Krish Warrior,Bengaluru,2025-01-09,N,Referral,Wallet,Premium,12,2026-06-22,8947.1
CUST006976,Hemangini Gole,Hyderabad,2023-05-08,N,Organic,Credit/Debit Card,Occasional,3,2026-05-31,3470.59
CUST006977,Udant Ramakrishnan,Bengaluru,2025-05-10,Y,Social Media,Net Banking,Registered Only,0,,0.0
CUST006978,Hemal Tank,Hyderabad,2024-08-18,N,Referral,Wallet,Occasional,3,2026-06-19,1481.11
CUST006979,Xiti Pillai,Chennai,2023-06-07,Y,Paid Search,UPI,Registered Only,0,,0.0
CUST006980,Eiravati Kalla,Bengaluru,2025-08-29,N,Organic,UPI,Regular,7,2026-06-25,7888.82
CUST006981,Imaran Shan,Mumbai,2023-07-13,N,Referral,UPI,Premium,12,2026-06-28,19913.62
CUST006982,Unnati Ben,Mumbai,2024-11-05,N,Organic,Credit/Debit Card,Registered Only,0,,0.0
CUST006983,Vyanjana Ranganathan,Mumbai,2025-09-08,Y,Referral,UPI,Occasional,3,2026-06-21,4896.85
CUST006984,Madhavi Mukhopadhyay,Bengaluru,2026-01-25,N,Organic,Credit/Debit Card,New,1,2026-04-24,1030.62
CUST006985,Netra Bahl,Delhi NCR,2024-04-30,N,Social Media,UPI,Regular,5,2026-06-01,3528.48
CUST006986,Baljiwan Doctor,Chennai,2023-06-05,N,Organic,UPI,Occasional,2,2026-05-26,991.57
CUST006987,Wriddhish Memon,Pune,2023-04-18,N,Organic,Cash on Delivery,Registered Only,0,,0.0
CUST006988,Leela Mistry,Mumbai,2024-11-04,N,Paid Search,UPI,Registered Only,0,,0.0
CUST006989,Yashodhara Sandal,Delhi NCR,2024-12-06,N,Paid Search,UPI,Occasional,3,2026-06-25,594.67
CUST006990,Orinder Viswanathan,Pune,2026-03-17,N,Organic,UPI,Registered Only,0,,0.0
CUST006991,Jason Lad,Mumbai,2025-03-06,N,Social Media,Credit/Debit Card,Occasional,3,2026-06-16,5184.72
CUST006992,Rohan Luthra,Mumbai,2025-10-29,N,Paid Search,UPI,Premium,13,2026-06-24,14442.38
CUST006993,Tanish Pradhan,Chennai,2025-01-27,N,Organic,UPI,Registered Only,0,,0.0
CUST006994,Matthew Swamy,Bengaluru,2025-04-10,Y,Partner Campaign,Credit/Debit Card,Occasional,4,2026-06-26,5187.53
CUST006995,Manya Sankaran,Chennai,2024-08-10,N,Organic,Cash on Delivery,New,1,2026-06-26,0.0
CUST006996,Champak Dutt,Delhi NCR,2023-09-05,N,Organic,UPI,New,1,2026-06-05,1551.0
CUST006997,Hritik Buch,Bengaluru,2025-03-17,N,Referral,Cash on Delivery,Occasional,4,2026-06-25,3066.71
CUST006998,Manthan Loke,Hyderabad,2026-02-21,N,Paid Search,Cash on Delivery,Occasional,2,2026-04-18,3607.24
CUST006999,Jai Rau,Delhi NCR,2024-12-29,N,Referral,Cash on Delivery,Occasional,2,2026-06-05,1570.22
CUST007000,Mitesh Tank,Hyderabad,2026-03-20,N,Organic,Credit/Debit Card,New,1,2026-06-09,266.88
CUST007001,Yadavi Pau,Hyderabad,2025-06-17,N,Social Media,UPI,Regular,5,2026-06-28,5266.54
CUST007002,Simon Jain,Bengaluru,2024-05-29,N,Referral,Cash on Delivery,New,1,2026-04-09,21.95
CUST007003,Urvi Ramachandran,Mumbai,2023-07-23,N,Social Media,UPI,Regular,6,2026-06-28,5700.58
CUST007004,Jagvi Virk,Hyderabad,2023-07-16,N,Referral,Credit/Debit Card,Occasional,3,2026-06-21,3428.09
CUST007005,Chasmum Devan,Bengaluru,2024-04-15,N,Partner Campaign,UPI,Registered Only,0,,0.0
CUST007006,Anika Bakshi,Chennai,2025-01-01,Y,Organic,UPI,New,1,2026-04-12,146.13
CUST007007,Ethan Pingle,Bengaluru,2026-01-17,Y,Referral,UPI,Occasional,2,2026-06-03,1092.7
CUST007008,Hiral Kohli,Bengaluru,2025-12-14,N,Referral,UPI,Premium,7,2026-06-09,8140.13
CUST007009,Sarthak Narayanan,Pune,2025-02-28,N,Social Media,UPI,Regular,7,2026-06-27,7407.31
CUST007010,Qabil Zacharia,Bengaluru,2024-09-08,N,Paid Search,UPI,Registered Only,0,,0.0
CUST007011,Faraj Bansal,Pune,2024-07-15,N,Organic,UPI,Occasional,3,2026-06-18,2550.05
CUST007012,Atharv Bawa,Chennai,2024-06-25,N,Social Media,UPI,Occasional,3,2026-06-20,2864.0
CUST007013,Bhanumati Shanker,Mumbai,2024-07-21,N,Paid Search,Net Banking,Registered Only,0,,0.0
CUST007014,Teerth Pant,Bengaluru,2024-10-24,N,Organic,Cash on Delivery,Occasional,3,2026-05-29,2541.92
CUST007015,Nirja Dutta,Delhi NCR,2025-11-03,N,Organic,Cash on Delivery,Premium,27,2026-06-24,24894.49
CUST007016,Siya Hora,Mumbai,2024-02-22,N,Organic,Net Banking,Occasional,4,2026-06-27,2924.5
CUST007017,Ikshita Korpal,Delhi NCR,2025-04-19,Y,Organic,Cash on Delivery,New,1,2026-05-12,157.04
CUST007018,Brinda Varkey,Mumbai,2023-06-25,N,Social Media,UPI,Registered Only,0,,0.0
CUST007019,Harini Pingle,Hyderabad,2024-09-09,Y,Organic,UPI,Occasional,2,2026-06-18,4125.05
CUST007020,Vanya Bhat,Bengaluru,2023-06-28,Y,Organic,Credit/Debit Card,Occasional,4,2026-06-10,3472.58
CUST007021,Ekiya Seth,Hyderabad,2023-10-24,N,Referral,Credit/Debit Card,Regular,5,2026-06-04,2597.88
CUST007022,Aishani Krish,Hyderabad,2023-06-11,Y,Organic,UPI,Registered Only,0,,0.0
CUST007023,Ekaraj Kala,Chennai,2026-01-22,N,Referral,UPI,Premium,9,2026-06-14,8161.01
CUST007024,Kritika Krishna,Mumbai,2025-06-17,N,Paid Search,Cash on Delivery,Registered Only,0,,0.0
CUST007025,Omya Balakrishnan,Mumbai,2024-01-25,Y,Referral,UPI,Occasional,4,2026-06-29,7263.79
CUST007026,Ojas Bobal,Bengaluru,2025-01-19,N,Partner Campaign,UPI,Premium,18,2026-06-25,17020.74
CUST007027,Pratyush Goel,Pune,2023-09-13,N,Referral,Net Banking,Occasional,4,2026-05-20,4093.83
CUST007028,Siddharth Bal,Pune,2023-06-15,N,Paid Search,UPI,New,1,2026-05-08,320.78
CUST007029,Noah Ranganathan,Bengaluru,2026-02-14,N,Social Media,Credit/Debit Card,Registered Only,0,,0.0
CUST007030,Upkaar Sidhu,Bengaluru,2024-03-16,Y,Referral,UPI,New,1,2026-06-12,1691.65
CUST007031,Janani Singh,Chennai,2023-12-26,Y,Partner Campaign,Net Banking,Occasional,3,2026-05-22,3093.28
CUST007032,Aarush Palla,Pune,2025-02-02,N,Paid Search,UPI,Registered Only,0,,0.0
CUST007033,Raghav Mammen,Delhi NCR,2023-10-24,N,Paid Search,Net Banking,Premium,7,2026-06-26,9747.12
CUST007034,Balhaar Apte,Bengaluru,2024-06-02,N,Organic,UPI,New,1,2026-04-20,219.61
CUST007035,Yatin Pal,Chennai,2023-11-01,Y,Organic,Wallet,New,1,2026-04-18,892.44
CUST007036,Bishakha Kamdar,Bengaluru,2023-10-04,Y,Paid Search,Credit/Debit Card,Registered Only,0,,0.0
CUST007037,Jasmit Krish,Bengaluru,2025-01-23,N,Paid Search,UPI,Registered Only,0,,0.0
CUST007038,Samarth Kuruvilla,Delhi NCR,2023-11-17,N,Organic,Credit/Debit Card,Regular,8,2026-06-25,4483.76
CUST007039,Yatan Krishna,Mumbai,2024-08-05,Y,Organic,Cash on Delivery,Occasional,3,2026-06-05,3200.16
CUST007040,Manan Shah,Chennai,2024-07-04,N,Organic,UPI,New,1,2026-05-02,416.81
CUST007041,Jalsa Shere,Chennai,2024-04-10,Y,Organic,UPI,New,1,2026-04-25,166.95
CUST007042,Chameli Chaudhari,Mumbai,2024-08-31,N,Referral,Net Banking,New,1,2026-05-05,330.53
CUST007043,Daniel Basak,Bengaluru,2023-04-03,Y,Social Media,Credit/Debit Card,Regular,5,2026-06-28,7077.52
CUST007044,Mitali Chanda,Hyderabad,2023-10-31,Y,Organic,Credit/Debit Card,Occasional,2,2026-05-05,1645.61
CUST007045,Radha Sabharwal,Hyderabad,2023-09-23,N,Organic,Wallet,Regular,5,2026-06-26,2542.05
CUST007046,Saumya Raghavan,Mumbai,2026-01-20,N,Organic,UPI,New,1,2026-05-15,2451.91
CUST007047,Naksh Dhar,Bengaluru,2023-07-05,N,Paid Search,UPI,Occasional,3,2026-06-10,5318.62
CUST007048,Chandani Varty,Mumbai,2025-11-06,N,Paid Search,Credit/Debit Card,New,1,2026-05-28,2683.2
CUST007049,Rachit Nagarajan,Mumbai,2024-06-10,N,Social Media,Credit/Debit Card,Occasional,2,2026-05-04,642.81
CUST007050,Ranveer Bains,Mumbai,2025-03-02,Y,Organic,UPI,Occasional,2,2026-06-27,1505.8
CUST007051,Siya Bhavsar,Hyderabad,2025-09-02,Y,Paid Search,Wallet,Occasional,3,2026-06-17,1490.81
CUST007052,Amruta Sahota,Bengaluru,2024-01-23,N,Organic,UPI,Occasional,4,2026-06-17,2323.15
CUST007053,Jackson Singh,Hyderabad,2025-03-30,N,Paid Search,UPI,Registered Only,0,,0.0
CUST007054,Chakradev Sanghvi,Mumbai,2025-03-25,N,Organic,Net Banking,New,1,2026-05-26,745.31
CUST007055,Rehaan Bhavsar,Delhi NCR,2023-04-13,N,Social Media,UPI,Registered Only,0,,0.0
CUST007056,Aradhana Jain,Bengaluru,2023-06-21,N,Paid Search,Credit/Debit Card,Registered Only,0,,0.0
CUST007057,Qarin Ghosh,Pune,2024-08-06,N,Paid Search,Credit/Debit Card,Occasional,3,2026-06-15,3330.6
CUST007058,Krish Varma,Mumbai,2024-09-29,N,Referral,UPI,Occasional,2,2026-06-13,2519.95
CUST007059,Aradhana Chandran,Bengaluru,2026-01-26,N,Organic,Credit/Debit Card,Occasional,2,2026-05-26,4437.93
CUST007060,Tanay Bera,Pune,2023-07-22,Y,Organic,UPI,Premium,20,2026-06-19,21707.21
CUST007061,Chakradhar Thakur,Hyderabad,2023-07-22,Y,Organic,Cash on Delivery,Premium,11,2026-06-19,12194.71
CUST007062,Ekaraj Gill,Bengaluru,2025-09-19,N,Organic,Cash on Delivery,Occasional,4,2026-06-25,5118.53
CUST007063,Radha Divan,Hyderabad,2025-12-17,N,Organic,UPI,Registered Only,0,,0.0
CUST007064,Panini Nagi,Chennai,2024-02-20,Y,Organic,UPI,Occasional,2,2026-04-24,1715.81
CUST007065,Lipika Tara,Pune,2025-08-12,N,Organic,Credit/Debit Card,Occasional,4,2026-06-28,5458.76
CUST007066,Umang Arya,Hyderabad,2023-06-12,N,Paid Search,Wallet,Occasional,4,2026-06-25,3563.18
CUST007067,Devika Krish,Chennai,2025-05-22,N,Organic,UPI,Regular,7,2026-06-28,7892.01
CUST007068,Gunbir Ratti,Delhi NCR,2025-02-10,Y,Organic,Net Banking,Occasional,3,2026-06-06,3084.87
CUST007069,Amrita Nanda,Bengaluru,2025-10-18,N,Organic,Credit/Debit Card,Occasional,2,2026-05-29,2103.55
CUST007070,Dhruv Talwar,Hyderabad,2024-05-26,N,Partner Campaign,Wallet,Occasional,2,2026-06-20,1321.47
CUST007071,Imaran Sampath,Pune,2025-09-01,Y,Paid Search,UPI,Occasional,2,2026-06-26,782.02
CUST007072,Vrinda Choudhry,Hyderabad,2024-11-23,N,Referral,Cash on Delivery,Registered Only,0,,0.0
CUST007073,Tamanna Raju,Mumbai,2025-02-13,N,Paid Search,UPI,Occasional,3,2026-06-16,2826.72
CUST007074,Wazir Suresh,Hyderabad,2025-07-25,Y,Organic,Credit/Debit Card,New,1,2026-04-28,641.66
CUST007075,Abdul Nori,Delhi NCR,2024-04-29,N,Paid Search,Cash on Delivery,Occasional,4,2026-05-31,7928.95
CUST007076,Qarin Viswanathan,Bengaluru,2025-02-17,N,Organic,Net Banking,Occasional,2,2026-05-29,3156.66
CUST007077,Yatin Gopal,Bengaluru,2024-01-08,N,Partner Campaign,Credit/Debit Card,Occasional,2,2026-04-21,1981.68
CUST007078,Anirudh Bhatia,Chennai,2024-12-23,N,Paid Search,UPI,Occasional,2,2026-05-11,3011.34
CUST007079,Faqid Bains,Delhi NCR,2025-11-10,N,Organic,UPI,Occasional,2,2026-04-14,2345.38
CUST007080,Dayamai Bobal,Delhi NCR,2025-02-14,N,Referral,UPI,Premium,19,2026-06-23,15191.74
CUST007081,Niharika Mane,Hyderabad,2024-01-25,N,Paid Search,Wallet,New,1,2026-04-27,148.77
CUST007082,Laksh Mitra,Hyderabad,2026-01-02,N,Partner Campaign,Credit/Debit Card,Occasional,2,2026-05-30,3907.3
CUST007083,Zashil Khanna,Bengaluru,2025-11-12,Y,Organic,Credit/Debit Card,Registered Only,0,,0.0
CUST007084,Chasmum Nayar,Delhi NCR,2024-06-23,N,Referral,Wallet,Premium,11,2026-06-26,9169.01
CUST007085,Fariq Dugal,Hyderabad,2025-03-24,N,Partner Campaign,Credit/Debit Card,Registered Only,0,,0.0
CUST007086,Teerth Soni,Mumbai,2024-10-18,N,Paid Search,Cash on Delivery,Registered Only,0,,0.0
CUST007087,Kamya Rama,Bengaluru,2024-02-02,N,Organic,UPI,New,1,2026-06-18,0.0
CUST007088,Ira Raghavan,Bengaluru,2025-03-18,Y,Organic,UPI,Occasional,3,2026-06-20,5173.04
CUST007089,Aarush Bhagat,Delhi NCR,2023-10-02,Y,Referral,UPI,Regular,6,2026-06-20,3060.43
CUST007090,Faqid Singh,Hyderabad,2024-12-25,Y,Social Media,Net Banking,Registered Only,0,,0.0
CUST007091,Tanmayi Venkatesh,Mumbai,2023-08-29,Y,Social Media,UPI,Registered Only,0,,0.0
CUST007092,Warda Goyal,Delhi NCR,2024-09-23,N,Referral,Wallet,Registered Only,0,,0.0
CUST007093,Veda Yadav,Hyderabad,2026-03-02,N,Partner Campaign,UPI,New,1,2026-06-10,121.29
CUST007094,Osha Bandi,Mumbai,2023-06-05,Y,Paid Search,UPI,Occasional,3,2026-06-16,913.44
CUST007095,Kashvi Narayan,Chennai,2024-11-25,Y,Organic,UPI,Occasional,2,2026-05-31,1560.83
CUST007096,Udyati Kulkarni,Hyderabad,2024-07-09,N,Social Media,Net Banking,Occasional,2,2026-04-26,3349.46
CUST007097,Falguni Karan,Bengaluru,2023-12-12,N,Social Media,UPI,New,1,2026-06-24,1791.71
CUST007098,Ronith Dhingra,Bengaluru,2025-12-20,N,Referral,Credit/Debit Card,Premium,11,2026-06-15,14327.99
CUST007099,Udarsh Sharma,Hyderabad,2024-07-21,N,Partner Campaign,Net Banking,Registered Only,0,,0.0
CUST007100,Om Dayal,Bengaluru,2026-03-28,Y,Paid Search,Cash on Delivery,Registered Only,0,,0.0
CUST007101,Ishanvi Grover,Hyderabad,2023-10-15,N,Organic,Credit/Debit Card,Occasional,2,2026-06-20,775.45
CUST007102,Maya Handa,Delhi NCR,2025-09-11,Y,Social Media,UPI,Occasional,2,2026-05-17,1682.48
CUST007103,Vedhika Tailor,Bengaluru,2025-08-12,N,Organic,Wallet,Registered Only,0,,0.0
CUST007104,Tripti Dhingra,Bengaluru,2025-06-29,Y,Social Media,UPI,Regular,8,2026-05-17,5838.68
CUST007105,Kashish Gokhale,Delhi NCR,2025-01-20,Y,Social Media,UPI,Registered Only,0,,0.0
CUST007106,Darika Uppal,Bengaluru,2024-07-16,N,Social Media,Cash on Delivery,Occasional,2,2026-05-23,2930.27
CUST007107,Janya Soman,Delhi NCR,2024-05-07,Y,Paid Search,UPI,Regular,6,2026-06-16,5290.34
CUST007108,Raghav Jani,Mumbai,2023-09-26,Y,Social Media,UPI,New,1,2026-06-15,1964.04
CUST007109,Balveer Kade,Bengaluru,2025-12-26,N,Paid Search,Credit/Debit Card,Occasional,3,2026-06-17,3026.21
CUST007110,Nakul Patla,Pune,2024-04-22,Y,Paid Search,UPI,Registered Only,0,,0.0
CUST007111,Harshil Sidhu,Mumbai,2024-04-20,N,Paid Search,Wallet,Premium,18,2026-06-23,24462.37
CUST007112,Jeevika Banerjee,Hyderabad,2024-09-28,N,Referral,UPI,Registered Only,0,,0.0
CUST007113,Theodore Biswas,Bengaluru,2023-05-24,N,Paid Search,UPI,Regular,6,2026-06-14,4470.49
CUST007114,Daksh Sahota,Hyderabad,2023-12-21,Y,Organic,UPI,Registered Only,0,,0.0
CUST007115,Udyati Narayanan,Bengaluru,2025-02-01,N,Paid Search,Credit/Debit Card,Occasional,4,2026-06-23,7078.64
CUST007116,Charita Das,Delhi NCR,2025-11-14,N,Referral,Cash on Delivery,Regular,7,2026-06-21,7744.19
CUST007117,Max Tella,Delhi NCR,2025-07-14,Y,Paid Search,UPI,Registered Only,0,,0.0
CUST007118,Krish Ganesh,Hyderabad,2024-10-24,N,Referral,Wallet,New,1,2026-04-09,2245.23
CUST007119,Jyoti Sani,Delhi NCR,2023-12-10,Y,Organic,Cash on Delivery,Occasional,2,2026-05-13,4447.88
CUST007120,Bina Barman,Chennai,2025-08-23,N,Organic,Credit/Debit Card,Registered Only,0,,0.0
CUST007121,Theodore Dey,Chennai,2023-05-02,N,Social Media,Credit/Debit Card,Regular,6,2026-06-27,6462.98
CUST007122,Dakshesh Sahota,Hyderabad,2023-04-18,N,Social Media,UPI,Occasional,4,2026-06-23,3166.1
CUST007123,Balendra Arora,Chennai,2023-12-10,N,Social Media,UPI,New,1,2026-04-11,802.72
CUST007124,Abeer Muni,Pune,2024-04-10,Y,Social Media,UPI,Occasional,2,2026-04-27,1966.27
CUST007125,Raksha Madan,Pune,2023-12-19,N,Social Media,Credit/Debit Card,Premium,10,2026-06-09,11360.94
CUST007126,Mahika Sekhon,Pune,2025-01-28,N,Referral,UPI,Occasional,3,2026-06-24,1886.25
CUST007127,Idika Korpal,Pune,2024-12-01,N,Referral,Wallet,Registered Only,0,,0.0
CUST007128,Wyatt Majumdar,Pune,2025-04-04,N,Organic,Credit/Debit Card,Occasional,4,2026-05-11,5664.57
CUST007129,Veda Gera,Delhi NCR,2025-06-26,N,Paid Search,Cash on Delivery,Registered Only,0,,0.0
CUST007130,Priya Dhar,Chennai,2025-02-14,N,Referral,Net Banking,New,1,2026-06-23,223.4
CUST007131,Waida Sampath,Mumbai,2026-02-05,Y,Paid Search,Credit/Debit Card,Registered Only,0,,0.0
CUST007132,Forum Palla,Delhi NCR,2024-01-14,N,Social Media,UPI,Occasional,2,2026-06-07,644.26
CUST007133,Brinda Chanda,Pune,2024-05-11,N,Referral,UPI,Premium,4,2026-06-06,9023.78
CUST007134,Xiti Prabhakar,Delhi NCR,2024-04-08,N,Organic,Wallet,Occasional,4,2026-06-28,3688.43
CUST007135,Pooja Banik,Bengaluru,2023-09-01,N,Organic,UPI,New,1,2026-06-08,1317.71
CUST007136,Kabir Raval,Chennai,2024-12-13,N,Social Media,UPI,Registered Only,0,,0.0
CUST007137,Balveer Parekh,Delhi NCR,2024-04-05,N,Organic,Credit/Debit Card,Regular,6,2026-06-19,4582.71
CUST007138,Kalpit Bawa,Mumbai,2026-03-26,N,Partner Campaign,UPI,Occasional,2,2026-06-23,4361.12
CUST007139,Vrishti Agrawal,Hyderabad,2025-10-31,N,Organic,Credit/Debit Card,New,1,2026-05-24,2079.73
CUST007140,Tara Badami,Mumbai,2025-09-10,N,Organic,Cash on Delivery,New,1,2026-06-02,1229.49
CUST007141,Falan Arora,Pune,2024-08-07,N,Referral,Credit/Debit Card,Registered Only,0,,0.0
CUST007142,Laksh Bhatia,Bengaluru,2025-07-28,N,Organic,UPI,Registered Only,0,,0.0
CUST007143,Turvi Bhatnagar,Chennai,2024-05-23,Y,Organic,UPI,Occasional,2,2026-04-16,1501.43
CUST007144,Jack Kadakia,Mumbai,2026-01-05,N,Referral,UPI,New,1,2026-05-03,2182.32
CUST007145,Orinder Jha,Chennai,2023-06-08,N,Paid Search,UPI,Registered Only,0,,0.0
CUST007146,Pratyush Ratti,Mumbai,2024-09-06,N,Paid Search,Credit/Debit Card,Regular,5,2026-06-27,4143.5
CUST007147,Bishakha Wagle,Mumbai,2024-07-01,N,Organic,Credit/Debit Card,New,1,2026-05-05,188.7
CUST007148,Dev Raman,Pune,2025-08-06,N,Social Media,Credit/Debit Card,Regular,7,2026-06-22,3784.77
CUST007149,Kritika Varghese,Delhi NCR,2025-09-01,Y,Paid Search,Wallet,Premium,21,2026-06-24,18936.22
CUST007150,Rishi Sem,Mumbai,2024-05-30,N,Referral,Credit/Debit Card,Registered Only,0,,0.0
CUST007151,Gunbir Sethi,Hyderabad,2026-01-27,Y,Referral,Wallet,New,1,2026-04-14,1465.1
CUST007152,Janya Dhar,Chennai,2024-10-06,N,Referral,UPI,Occasional,3,2026-06-08,1770.95
CUST007153,Daksh Nadkarni,Chennai,2023-11-29,Y,Social Media,Credit/Debit Card,Occasional,3,2026-06-29,5277.12
CUST007154,Wahab Upadhyay,Bengaluru,2024-07-20,N,Partner Campaign,Credit/Debit Card,Occasional,2,2026-06-21,1112.04
CUST007155,Yoshita Raval,Hyderabad,2026-02-22,N,Organic,UPI,New,1,2026-04-28,201.36
CUST007156,Laksh Gole,Mumbai,2024-03-14,N,Referral,UPI,Occasional,3,2026-06-27,1313.37
CUST007157,Nisha Dhar,Pune,2023-12-15,N,Organic,Wallet,New,1,2026-06-06,349.31
CUST007158,Anthony Bobal,Chennai,2024-02-23,N,Organic,Wallet,Registered Only,0,,0.0
CUST007159,Guneet Jani,Hyderabad,2026-02-19,N,Organic,Credit/Debit Card,Occasional,2,2026-04-19,1875.73
CUST007160,Liam Tailor,Hyderabad,2024-11-02,N,Referral,UPI,New,1,2026-05-12,827.42
CUST007161,Aadi Kala,Chennai,2024-10-21,Y,Organic,Credit/Debit Card,New,1,2026-04-13,883.25
CUST007162,Xiti Choudhury,Bengaluru,2024-03-04,N,Referral,UPI,Registered Only,0,,0.0
CUST007163,Yashoda Natarajan,Bengaluru,2025-08-27,N,Paid Search,UPI,Regular,5,2026-06-06,4319.89
CUST007164,Vaishnavi Gopal,Chennai,2023-10-17,Y,Referral,Wallet,Occasional,3,2026-06-03,1921.1
CUST007165,Mitesh Bhasin,Hyderabad,2025-09-04,N,Social Media,Credit/Debit Card,Regular,5,2026-05-04,5347.28
CUST007166,Ridhi Basu,Delhi NCR,2023-03-30,N,Social Media,Cash on Delivery,New,1,2026-05-16,803.17
CUST007167,Ethan Krish,Bengaluru,2025-09-23,Y,Partner Campaign,UPI,Occasional,3,2026-06-22,2590.73
CUST007168,Finn Natt,Bengaluru,2024-09-08,N,Organic,Wallet,Occasional,3,2026-06-12,6082.17
CUST007169,Xavier Reddy,Bengaluru,2025-11-23,N,Partner Campaign,Wallet,Occasional,2,2026-05-03,3402.54
CUST007170,Maya Balasubramanian,Delhi NCR,2025-11-15,N,Paid Search,Cash on Delivery,New,1,2026-05-18,368.54
CUST007171,Nitara Panchal,Bengaluru,2024-01-15,N,Paid Search,UPI,New,1,2026-06-26,2375.83
CUST007172,Rajeshri Morar,Bengaluru,2024-03-12,Y,Referral,Wallet,Registered Only,0,,0.0
CUST007173,Ekta Raghavan,Bengaluru,2024-07-15,N,Partner Campaign,Cash on Delivery,Occasional,4,2026-06-08,4308.62
CUST007174,Yachana Krishna,Pune,2025-08-03,N,Paid Search,UPI,Occasional,4,2026-06-19,587.29
CUST007175,Turvi Deol,Chennai,2023-07-15,N,Referral,Cash on Delivery,Occasional,2,2026-05-07,2900.26
CUST007176,Ekaraj Devi,Bengaluru,2023-05-01,N,Social Media,Cash on Delivery,Occasional,2,2026-06-16,915.22
CUST007177,Yashvi Majumdar,Chennai,2023-10-17,Y,Partner Campaign,UPI,Registered Only,0,,0.0
CUST007178,Maya More,Delhi NCR,2025-09-06,N,Social Media,UPI,New,1,2026-05-10,3754.84
CUST007179,Bhanumati Ramesh,Hyderabad,2025-08-30,Y,Referral,Cash on Delivery,Registered Only,0,,0.0
CUST007180,Harita Mitra,Delhi NCR,2025-05-26,N,Organic,Wallet,Occasional,4,2026-06-28,5841.17
CUST007181,David Bal,Mumbai,2024-11-28,N,Referral,UPI,Registered Only,0,,0.0
CUST007182,Vasudha Tank,Bengaluru,2025-11-19,N,Paid Search,Credit/Debit Card,New,1,2026-04-25,2512.49
CUST007183,Vritti Jayaraman,Bengaluru,2024-04-29,N,Organic,UPI,Regular,8,2026-06-15,5182.9
CUST007184,Tara Kapoor,Bengaluru,2023-11-05,Y,Social Media,UPI,New,1,2026-05-22,2598.15
CUST007185,Nimrat Mani,Hyderabad,2026-02-18,N,Organic,Wallet,Regular,6,2026-05-25,4044.74
CUST007186,Inaya Padmanabhan,Bengaluru,2023-05-20,N,Social Media,UPI,Premium,8,2026-06-22,13266.96
CUST007187,Vaishnavi Kapadia,Hyderabad,2024-05-10,N,Paid Search,Credit/Debit Card,New,1,2026-05-28,1904.21
CUST007188,Mason Nath,Hyderabad,2023-11-17,N,Paid Search,Cash on Delivery,Occasional,4,2026-06-16,5660.29
CUST007189,Patrick Patla,Chennai,2024-05-25,N,Paid Search,Credit/Debit Card,Occasional,3,2026-06-01,4261.86
CUST007190,Anika Prasad,Hyderabad,2024-05-20,N,Organic,UPI,Occasional,2,2026-06-13,804.56
CUST007191,Isaiah Suresh,Bengaluru,2024-09-12,N,Partner Campaign,UPI,Registered Only,0,,0.0
CUST007192,Vedika Kunda,Delhi NCR,2024-01-02,N,Organic,Credit/Debit Card,New,1,2026-04-20,298.74
CUST007193,Chakradhar Lad,Hyderabad,2025-04-25,N,Organic,UPI,Registered Only,0,,0.0
CUST007194,Yasti Ganesh,Chennai,2023-05-23,Y,Paid Search,Credit/Debit Card,Registered Only,0,,0.0
CUST007195,Yasti Prabhu,Mumbai,2025-03-25,N,Referral,UPI,Regular,5,2026-06-12,3402.84
CUST007196,Harinakshi Banik,Delhi NCR,2025-01-27,N,Organic,UPI,Regular,5,2026-06-10,7366.64
CUST007197,Jalsa Karpe,Bengaluru,2024-09-28,N,Organic,UPI,Premium,6,2026-06-15,10596.62
CUST007198,Yasti Gill,Mumbai,2023-07-18,N,Paid Search,UPI,Regular,8,2026-06-27,6766.24
CUST007199,Chameli D’Alia,Bengaluru,2024-03-05,N,Paid Search,UPI,Registered Only,0,,0.0
CUST007200,Oscar Jayaraman,Mumbai,2026-03-08,N,Referral,UPI,Registered Only,0,,0.0
CUST007201,Ati Chaudhry,Pune,2024-08-27,N,Referral,UPI,Occasional,2,2026-06-16,532.07
CUST007202,Lavanya Sha,Mumbai,2025-11-04,N,Social Media,UPI,Occasional,3,2026-06-25,1198.87
CUST007203,Manya Prabhu,Mumbai,2026-01-08,Y,Paid Search,UPI,New,1,2026-04-11,556.77
CUST007204,Oscar Jaggi,Pune,2025-07-07,N,Social Media,UPI,Occasional,2,2026-06-20,3106.87
CUST007205,Ubika Chana,Mumbai,2024-03-17,N,Social Media,Cash on Delivery,Occasional,2,2026-05-13,1492.04
CUST007206,Manya Soni,Mumbai,2024-12-07,Y,Referral,UPI,Premium,11,2026-06-28,5010.89
CUST007207,Rudra Parikh,Delhi NCR,2024-06-01,N,Organic,UPI,Occasional,4,2026-06-29,5107.18
CUST007208,Amara Dhingra,Bengaluru,2025-02-26,N,Referral,UPI,New,1,2026-04-28,379.13
CUST007209,Meera Aggarwal,Delhi NCR,2024-01-13,Y,Organic,Wallet,Registered Only,0,,0.0
CUST007210,Yuvraj Dhawan,Mumbai,2023-06-28,N,Paid Search,UPI,Regular,5,2026-06-26,6556.72
CUST007211,Maanas Parikh,Mumbai,2025-11-23,Y,Referral,Cash on Delivery,Registered Only,0,,0.0
CUST007212,Irya Lad,Mumbai,2023-05-31,N,Referral,UPI,New,1,2026-05-14,0.0
CUST007213,Jairaj Chand,Mumbai,2023-06-16,N,Organic,Wallet,New,1,2026-06-24,400.05
CUST007214,David Chhabra,Bengaluru,2023-07-18,N,Organic,UPI,New,1,2026-05-04,4219.9
CUST007215,Madhavi Morar,Chennai,2025-07-17,N,Organic,UPI,Occasional,4,2026-06-13,4282.63
CUST007216,Michael Jain,Bengaluru,2024-05-13,Y,Social Media,Credit/Debit Card,Occasional,2,2026-05-19,2875.76
CUST007217,Aarini Ganguly,Delhi NCR,2023-08-27,N,Organic,UPI,Registered Only,0,,0.0
CUST007218,Balhaar Savant,Mumbai,2024-06-27,N,Referral,Cash on Delivery,Occasional,2,2026-05-12,2351.51
CUST007219,Mugdha Ratta,Hyderabad,2025-12-20,N,Social Media,Credit/Debit Card,Registered Only,0,,0.0
CUST007220,Gaurangi Halder,Mumbai,2023-12-06,N,Organic,UPI,Occasional,2,2026-05-30,1364.06
CUST007221,Yashvi Gour,Hyderabad,2024-06-05,N,Paid Search,Cash on Delivery,Premium,6,2026-06-21,8905.53
CUST007222,Bhanumati Palla,Delhi NCR,2023-12-03,N,Referral,Credit/Debit Card,New,1,2026-05-20,377.97
CUST007223,Lajita Shan,Mumbai,2025-11-14,N,Social Media,UPI,Occasional,2,2026-06-29,1238.0
CUST007224,Peter Goswami,Mumbai,2023-09-30,N,Partner Campaign,UPI,New,1,2026-05-27,2024.57
CUST007225,Pushti Natt,Bengaluru,2025-03-08,N,Organic,UPI,New,1,2026-06-02,512.54
CUST007226,Joshua Lata,Mumbai,2025-01-28,N,Organic,Credit/Debit Card,Occasional,3,2026-06-24,1646.24
CUST007227,Lakshit Kannan,Delhi NCR,2025-07-21,Y,Referral,UPI,Occasional,4,2026-06-07,2815.23
CUST007228,Reva Bhasin,Chennai,2024-04-15,N,Organic,UPI,Occasional,4,2026-06-26,1894.87
CUST007229,Rajata Borah,Bengaluru,2023-04-02,N,Social Media,Net Banking,New,1,2026-05-09,899.17
CUST007230,Gavin Badami,Pune,2025-09-11,N,Partner Campaign,UPI,Registered Only,0,,0.0
CUST007231,Adweta Dora,Hyderabad,2025-04-01,N,Organic,UPI,New,1,2026-05-07,328.55
CUST007232,Gaurika Chanda,Mumbai,2025-08-15,N,Partner Campaign,UPI,Occasional,2,2026-05-15,2010.93
CUST007233,Avni Walla,Pune,2025-05-20,N,Referral,Credit/Debit Card,Occasional,2,2026-04-05,1625.21
CUST007234,Atharv Sant,Bengaluru,2023-10-16,N,Social Media,UPI,Registered Only,0,,0.0
CUST007235,Ria Sridhar,Delhi NCR,2026-03-19,Y,Social Media,UPI,Occasional,3,2026-05-25,2314.62
CUST007236,Nimrat Taneja,Bengaluru,2024-02-15,N,Organic,UPI,Registered Only,0,,0.0
CUST007237,Garima Chowdhury,Mumbai,2025-08-12,N,Partner Campaign,UPI,Registered Only,0,,0.0
CUST007238,Manya Arya,Bengaluru,2023-09-07,N,Social Media,UPI,Occasional,2,2026-05-20,4334.76
CUST007239,Bhavna Hayer,Delhi NCR,2023-05-24,N,Organic,UPI,New,1,2026-04-28,77.66
CUST007240,Kiaan Kumer,Hyderabad,2024-03-22,N,Organic,Cash on Delivery,New,1,2026-04-19,617.36
CUST007241,Abdul Chaudry,Delhi NCR,2025-02-05,N,Social Media,Wallet,Occasional,2,2026-06-11,1785.09
CUST007242,Joshua Das,Mumbai,2024-04-23,N,Organic,Credit/Debit Card,New,1,2026-05-13,362.58
CUST007243,Yochana Munshi,Delhi NCR,2024-03-16,Y,Referral,UPI,Occasional,3,2026-04-24,4361.43
CUST007244,Eshana Gopal,Delhi NCR,2025-05-10,N,Referral,Credit/Debit Card,Regular,6,2026-06-21,6175.68
CUST007245,Gaurika Kohli,Pune,2024-01-12,N,Paid Search,Cash on Delivery,Occasional,2,2026-05-20,4912.41
CUST007246,Ladli Behl,Bengaluru,2026-02-10,N,Partner Campaign,UPI,Registered Only,0,,0.0
CUST007247,Radha Pathak,Pune,2025-06-11,Y,Social Media,Net Banking,Occasional,2,2026-05-27,616.5
CUST007248,Yatan Dixit,Pune,2026-01-09,N,Social Media,Wallet,Regular,6,2026-06-20,3627.19
CUST007249,Udyati Sule,Delhi NCR,2023-05-27,N,Paid Search,Net Banking,Registered Only,0,,0.0
CUST007250,Mason Patil,Delhi NCR,2025-03-03,N,Partner Campaign,Wallet,Occasional,2,2026-04-21,2479.54
CUST007251,Dayita Mishra,Mumbai,2025-09-24,N,Referral,Wallet,Premium,9,2026-06-20,8314.13
CUST007252,Urvi Yadav,Delhi NCR,2026-03-15,N,Organic,Credit/Debit Card,Occasional,2,2026-05-30,958.34
CUST007253,Keya Khurana,Hyderabad,2023-06-21,N,Paid Search,Credit/Debit Card,Occasional,2,2026-05-08,2544.33
CUST007254,Diya Mahajan,Hyderabad,2024-07-29,N,Partner Campaign,Credit/Debit Card,Occasional,2,2026-05-04,3839.85
CUST007255,Dalaja Mangat,Mumbai,2025-04-19,N,Organic,Wallet,Occasional,3,2026-05-24,2150.89
CUST007256,Veer Chopra,Mumbai,2024-11-28,N,Referral,Cash on Delivery,New,1,2026-05-16,25.0
CUST007257,Yauvani Palan,Pune,2023-05-03,Y,Partner Campaign,UPI,Registered Only,0,,0.0
CUST007258,Manthan Mane,Delhi NCR,2025-03-18,Y,Organic,Credit/Debit Card,Premium,51,2026-06-21,54730.45
CUST007259,Tara Gala,Delhi NCR,2023-06-16,Y,Organic,UPI,Regular,5,2026-06-17,2317.84
CUST007260,Gaurangi Guha,Chennai,2025-06-16,Y,Organic,Credit/Debit Card,Regular,5,2026-05-31,5811.29
CUST007261,Alka Batta,Hyderabad,2025-02-01,N,Organic,UPI,New,1,2026-04-25,340.31
CUST007262,Lakshmi Misra,Hyderabad,2023-11-10,N,Organic,Wallet,Registered Only,0,,0.0
CUST007263,Ishita Bala,Mumbai,2025-03-23,Y,Social Media,UPI,New,1,2026-04-17,3217.02
CUST007264,Bhavya Zacharia,Mumbai,2023-12-24,N,Referral,UPI,Occasional,2,2026-05-20,1299.23
CUST007265,Kiaan Bakshi,Bengaluru,2023-06-22,N,Partner Campaign,Net Banking,Registered Only,0,,0.0
CUST007266,Vidhi Chahal,Hyderabad,2025-03-27,N,Organic,Credit/Debit Card,New,1,2026-06-11,586.33
CUST007267,Liam Date,Mumbai,2023-12-24,N,Referral,UPI,New,1,2026-06-25,460.25
CUST007268,Waida Raju,Chennai,2025-02-04,N,Social Media,UPI,New,1,2026-04-15,311.37
CUST007269,Sneha Choudhury,Pune,2023-06-14,Y,Paid Search,UPI,Premium,8,2026-06-09,9525.82
CUST007270,Siya Dixit,Pune,2025-10-22,N,Paid Search,Credit/Debit Card,Occasional,4,2026-06-27,3451.54
CUST007271,Yuvraj Deshpande,Bengaluru,2023-11-06,N,Referral,UPI,Occasional,3,2026-06-23,2394.55
CUST007272,Oeshi Srinivas,Hyderabad,2023-12-14,Y,Social Media,UPI,Registered Only,0,,0.0
CUST007273,Parth Panchal,Pune,2025-07-01,Y,Partner Campaign,Credit/Debit Card,Registered Only,0,,0.0
CUST007274,Dakshesh Sule,Delhi NCR,2024-09-09,N,Referral,Credit/Debit Card,Registered Only,0,,0.0
CUST007275,Amol Narain,Chennai,2025-05-02,Y,Organic,UPI,New,1,2026-06-02,93.05
CUST007276,Ijaya Sarraf,Delhi NCR,2024-08-20,N,Referral,UPI,Occasional,4,2026-06-15,4479.16
CUST007277,Anirudh Andra,Pune,2024-08-09,N,Organic,Credit/Debit Card,New,1,2026-05-22,523.4
CUST007278,Ekbal Srinivas,Chennai,2024-10-31,Y,Social Media,Credit/Debit Card,Registered Only,0,,0.0
CUST007279,Baghyawati Brahmbhatt,Bengaluru,2024-08-24,Y,Social Media,Wallet,Premium,11,2026-06-23,7505.83
CUST007280,Madhavi Chopra,Pune,2025-12-13,N,Paid Search,UPI,Occasional,2,2026-06-01,2121.79
CUST007281,Qabil Muni,Delhi NCR,2024-11-15,N,Paid Search,Net Banking,Occasional,2,2026-04-15,728.2
CUST007282,Kavya Verma,Delhi NCR,2025-05-14,Y,Organic,UPI,Premium,9,2026-06-20,10025.54
CUST007283,Upma Badami,Pune,2024-10-17,N,Organic,Cash on Delivery,Occasional,3,2026-04-27,3655.07
CUST007284,Harish Bala,Delhi NCR,2023-06-07,N,Organic,Credit/Debit Card,New,1,2026-06-08,440.01
CUST007285,Anthony Chaudhary,Mumbai,2023-06-25,Y,Paid Search,Wallet,Premium,5,2026-06-09,9040.8
CUST007286,Akshay Venkataraman,Bengaluru,2025-10-02,N,Organic,Wallet,New,1,2026-06-28,486.53
CUST007287,Wazir Bains,Delhi NCR,2025-03-04,N,Organic,UPI,Registered Only,0,,0.0
CUST007288,Unnati Issac,Hyderabad,2024-06-15,N,Organic,Credit/Debit Card,Occasional,3,2026-05-13,4934.59
CUST007289,Harinakshi Ganesan,Hyderabad,2024-09-08,N,Social Media,UPI,Registered Only,0,,0.0
CUST007290,Dayamai Dara,Mumbai,2024-08-10,N,Organic,Credit/Debit Card,Registered Only,0,,0.0
CUST007291,Aarav Tara,Hyderabad,2024-04-13,N,Paid Search,UPI,New,1,2026-05-02,129.85
CUST007292,Faris Dyal,Delhi NCR,2024-12-07,N,Paid Search,UPI,Registered Only,0,,0.0
CUST007293,Vidhi Goel,Bengaluru,2023-10-01,N,Referral,Credit/Debit Card,Registered Only,0,,0.0
CUST007294,Ekanta Palla,Hyderabad,2024-12-17,Y,Paid Search,Cash on Delivery,Registered Only,0,,0.0
CUST007295,Harsh Sachdev,Bengaluru,2024-03-17,N,Referral,Credit/Debit Card,Premium,9,2026-06-24,12660.82
CUST007296,Chatresh Chakrabarti,Pune,2025-06-20,Y,Referral,Credit/Debit Card,New,1,2026-04-16,2316.82
CUST007297,Jagvi Goyal,Delhi NCR,2023-08-16,N,Referral,UPI,Registered Only,0,,0.0
CUST007298,Upadhriti Rajan,Pune,2024-04-15,Y,Paid Search,UPI,Premium,9,2026-06-27,9802.08
CUST007299,Chaitaly Mukherjee,Bengaluru,2024-07-02,N,Social Media,UPI,Occasional,2,2026-05-23,2089.69
CUST007300,Dhriti Loyal,Bengaluru,2025-08-01,N,Partner Campaign,Cash on Delivery,Registered Only,0,,0.0
CUST007301,Radha Brar,Bengaluru,2025-08-10,Y,Referral,UPI,Premium,10,2026-06-27,10346.43
CUST007302,Hemang Narang,Hyderabad,2025-12-21,N,Paid Search,UPI,Registered Only,0,,0.0
CUST007303,Yug Natt,Mumbai,2025-07-27,N,Organic,Wallet,Premium,10,2026-06-23,10037.78
CUST007304,Ryan Dua,Delhi NCR,2024-06-05,N,Partner Campaign,Net Banking,Occasional,4,2026-06-11,5406.85
CUST007305,Ekapad D’Alia,Delhi NCR,2024-06-03,Y,Paid Search,Net Banking,Registered Only,0,,0.0
CUST007306,Sachi Sahota,Delhi NCR,2023-10-25,N,Social Media,Credit/Debit Card,Premium,12,2026-06-29,10064.62
CUST007307,Zayan Sekhon,Bengaluru,2025-09-16,N,Organic,UPI,Occasional,4,2026-06-23,3405.57
CUST007308,Gaurang Prasad,Hyderabad,2025-01-24,Y,Organic,Credit/Debit Card,Premium,12,2026-06-25,7468.24
CUST007309,Onkar Ray,Mumbai,2026-01-30,N,Organic,UPI,New,1,2026-06-21,1221.71
CUST007310,Nidhi Chauhan,Delhi NCR,2023-06-21,N,Social Media,Cash on Delivery,Occasional,3,2026-06-15,2813.27
CUST007311,Raagini Babu,Chennai,2026-03-21,Y,Social Media,UPI,Occasional,2,2026-06-09,183.69
CUST007312,Idika Dutta,Hyderabad,2026-02-23,Y,Paid Search,UPI,Registered Only,0,,0.0
CUST007313,Urishilla Aggarwal,Bengaluru,2024-04-12,N,Paid Search,UPI,New,1,2026-04-14,2326.53
CUST007314,Damyanti Chaudhuri,Mumbai,2025-05-10,N,Referral,UPI,New,1,2026-05-30,5356.2
CUST007315,Dayamai Murthy,Chennai,2026-03-25,Y,Social Media,UPI,New,1,2026-05-07,856.98
CUST007316,Jatin Mannan,Delhi NCR,2025-01-02,Y,Partner Campaign,Credit/Debit Card,New,1,2026-05-22,1004.91
CUST007317,Tara D’Alia,Bengaluru,2024-09-09,Y,Referral,UPI,New,1,2026-04-17,1055.37
CUST007318,Hitesh Morar,Chennai,2025-05-15,Y,Referral,Net Banking,Occasional,2,2026-06-27,3961.25
CUST007319,Theodore Rama,Pune,2024-03-23,N,Referral,UPI,Occasional,3,2026-05-18,2193.93
CUST007320,Omkaar Panchal,Bengaluru,2025-07-31,N,Paid Search,UPI,Occasional,2,2026-06-06,1306.08
CUST007321,Jonathan Brar,Bengaluru,2025-03-06,N,Partner Campaign,UPI,New,1,2026-04-22,178.46
CUST007322,Arya Saha,Hyderabad,2023-05-04,N,Organic,Cash on Delivery,Registered Only,0,,0.0
CUST007323,Mugdha Kaul,Bengaluru,2026-01-01,N,Social Media,UPI,Occasional,2,2026-05-09,5781.89
CUST007324,Anika Narayanan,Bengaluru,2024-11-03,N,Partner Campaign,Credit/Debit Card,Registered Only,0,,0.0
CUST007325,Zansi Batra,Mumbai,2024-02-02,Y,Paid Search,Credit/Debit Card,Occasional,3,2026-06-19,6714.13
CUST007326,Abeer Randhawa,Hyderabad,2025-12-05,N,Social Media,UPI,Occasional,3,2026-06-18,1789.27
CUST007327,Kamala Kumer,Delhi NCR,2023-06-22,Y,Organic,UPI,New,1,2026-05-23,577.85
CUST007328,Nisha Narain,Mumbai,2025-10-17,N,Partner Campaign,Credit/Debit Card,New,1,2026-05-24,2399.25
CUST007329,Vedhika Barman,Bengaluru,2024-03-03,Y,Referral,UPI,Occasional,2,2026-06-18,1305.48
CUST007330,Ronith Dayal,Delhi NCR,2025-05-16,N,Partner Campaign,Wallet,Regular,6,2026-06-25,6595.82
CUST007331,Ekapad Walla,Chennai,2024-09-01,Y,Paid Search,Cash on Delivery,Occasional,4,2026-06-07,4880.22
CUST007332,Vincent Varghese,Hyderabad,2024-12-17,N,Organic,UPI,New,1,2026-04-19,1111.56
CUST007333,Pahal Chand,Bengaluru,2025-07-23,N,Referral,Wallet,Registered Only,0,,0.0
CUST007334,Bachittar Seth,Bengaluru,2024-05-04,N,Organic,UPI,Regular,6,2026-06-25,1792.43
CUST007335,Yashvi Kapur,Bengaluru,2023-11-22,N,Referral,Wallet,Registered Only,0,,0.0
CUST007336,Yash Kata,Pune,2025-04-21,N,Organic,UPI,Registered Only,0,,0.0
CUST007337,Lakshit Lall,Delhi NCR,2024-11-02,Y,Referral,UPI,New,1,2026-04-27,753.32
CUST007338,Vritti Gaba,Hyderabad,2024-03-31,N,Referral,UPI,Registered Only,0,,0.0
CUST007339,Samarth Kale,Mumbai,2025-09-16,Y,Referral,Credit/Debit Card,Occasional,3,2026-06-15,4239.6
CUST007340,David Bandi,Pune,2023-08-05,Y,Organic,Net Banking,Regular,6,2026-06-26,3482.68
CUST007341,Hemal Lala,Pune,2024-01-08,N,Organic,UPI,Occasional,2,2026-06-19,3087.09
CUST007342,Aarnav Barad,Bengaluru,2024-05-04,N,Partner Campaign,Wallet,Registered Only,0,,0.0
CUST007343,Yahvi Warrior,Delhi NCR,2026-03-24,N,Paid Search,UPI,Premium,17,2026-06-27,25695.11
CUST007344,Lajita Sane,Mumbai,2024-04-22,N,Paid Search,UPI,Regular,6,2026-06-25,5437.47
CUST007345,Advay Trivedi,Hyderabad,2024-07-26,N,Referral,Wallet,Registered Only,0,,0.0
CUST007346,Chatresh Zachariah,Hyderabad,2023-04-25,N,Partner Campaign,UPI,New,1,2026-06-11,305.05
CUST007347,Chavvi Badami,Delhi NCR,2025-11-26,N,Referral,Credit/Debit Card,Regular,5,2026-06-26,4475.47
CUST007348,Gautami Vasa,Bengaluru,2024-10-24,N,Referral,Credit/Debit Card,Registered Only,0,,0.0
CUST007349,Eesha Rattan,Bengaluru,2024-01-17,N,Social Media,UPI,Occasional,2,2026-04-17,3512.01
CUST007350,Vansha Chander,Mumbai,2024-12-16,N,Organic,Wallet,Occasional,2,2026-06-16,559.96
CUST007351,Faqid Bhasin,Delhi NCR,2025-04-04,N,Organic,UPI,Occasional,2,2026-06-06,4216.23
CUST007352,Naksh Randhawa,Bengaluru,2025-12-07,Y,Organic,UPI,Regular,5,2026-06-23,6041.87
CUST007353,Rachana Borde,Bengaluru,2025-10-05,N,Referral,UPI,Occasional,4,2026-06-18,2536.29
CUST007354,Rayaan Dora,Delhi NCR,2026-03-24,N,Social Media,Credit/Debit Card,Registered Only,0,,0.0
CUST007355,Upkaar Mallick,Hyderabad,2023-10-11,Y,Partner Campaign,Credit/Debit Card,Registered Only,0,,0.0
CUST007356,Zinal Gulati,Bengaluru,2025-02-13,Y,Social Media,UPI,Registered Only,0,,0.0
CUST007357,Mahika Bal,Delhi NCR,2024-05-10,Y,Organic,Credit/Debit Card,New,1,2026-04-27,1141.75
CUST007358,Quincy Deol,Delhi NCR,2025-02-01,Y,Paid Search,Credit/Debit Card,New,1,2026-06-27,514.03
CUST007359,Kai Dutta,Delhi NCR,2024-02-07,N,Organic,Credit/Debit Card,Occasional,3,2026-06-21,2338.81
CUST007360,Liam Pant,Hyderabad,2023-05-14,Y,Referral,Cash on Delivery,Occasional,3,2026-05-02,4885.23
CUST007361,Ekapad Brar,Delhi NCR,2025-11-25,N,Social Media,Credit/Debit Card,Regular,5,2026-06-26,3956.36
CUST007362,Oni Dhaliwal,Mumbai,2023-05-16,N,Partner Campaign,UPI,Registered Only,0,,0.0
CUST007363,Harini Sidhu,Delhi NCR,2024-08-19,N,Organic,Wallet,Occasional,4,2026-05-17,4536.18
CUST007364,Zilmil Shenoy,Bengaluru,2023-05-23,Y,Referral,UPI,Occasional,3,2026-06-27,4447.71
CUST007365,Champak Kar,Bengaluru,2024-03-01,Y,Organic,Credit/Debit Card,Occasional,3,2026-06-12,1157.26
CUST007366,Omaja Sahni,Bengaluru,2024-09-13,N,Paid Search,Cash on Delivery,Occasional,2,2026-06-25,2546.42
CUST007367,Odika Wadhwa,Chennai,2024-02-28,Y,Paid Search,Credit/Debit Card,Occasional,2,2026-06-10,2731.67
CUST007368,Anay Jha,Mumbai,2024-07-25,N,Paid Search,Net Banking,Occasional,3,2026-05-15,3322.47
CUST007369,Yashodhara Manda,Mumbai,2025-03-24,N,Social Media,UPI,Registered Only,0,,0.0
CUST007370,Pratyush Gill,Delhi NCR,2023-03-31,N,Organic,UPI,Registered Only,0,,0.0
CUST007371,Maanas Devan,Hyderabad,2024-01-09,Y,Organic,UPI,Regular,5,2026-06-28,1530.1
CUST007372,Deepa Mistry,Hyderabad,2023-12-21,N,Referral,Credit/Debit Card,Occasional,2,2026-05-27,1461.38
CUST007373,Bahadurjit Date,Hyderabad,2023-08-21,N,Paid Search,Net Banking,Premium,5,2026-06-28,9147.93
CUST007374,Mekhala Datta,Hyderabad,2024-02-02,N,Social Media,Credit/Debit Card,New,1,2026-05-23,2308.47
CUST007375,Aayush Nadig,Pune,2024-01-21,N,Social Media,Cash on Delivery,Premium,22,2026-06-25,26832.09
CUST007376,Abhiram Kara,Delhi NCR,2024-11-04,N,Organic,UPI,Regular,6,2026-06-29,2906.22
CUST007377,Luke Mittal,Bengaluru,2023-11-04,Y,Organic,Cash on Delivery,Regular,8,2026-06-19,4451.72
CUST007378,Leena Patla,Delhi NCR,2023-10-16,N,Social Media,Credit/Debit Card,Premium,12,2026-06-07,11849.5
CUST007379,Leena Pai,Mumbai,2025-01-06,N,Referral,Cash on Delivery,Registered Only,0,,0.0
CUST007380,Girindra Raman,Hyderabad,2023-08-14,N,Social Media,UPI,New,1,2026-05-07,1630.31
CUST007381,Hredhaan Dave,Pune,2025-08-18,N,Referral,UPI,Premium,15,2026-06-21,19228.69
CUST007382,Lakshit Ranganathan,Pune,2024-07-06,Y,Social Media,Credit/Debit Card,Regular,5,2026-06-27,1974.9
CUST007383,Fiyaz Doshi,Hyderabad,2025-08-22,Y,Referral,UPI,Regular,9,2026-06-19,7916.88
CUST007384,Vrinda Wason,Bengaluru,2025-06-14,N,Partner Campaign,UPI,New,1,2026-06-07,1015.57
CUST007385,Upma Bhasin,Chennai,2024-10-29,N,Paid Search,UPI,Occasional,3,2026-06-14,2166.15
CUST007386,Tanmayi Vohra,Delhi NCR,2024-08-24,N,Social Media,UPI,New,1,2026-05-13,766.47
CUST007387,Ridhi Sood,Bengaluru,2025-07-11,N,Social Media,Cash on Delivery,Occasional,2,2026-06-21,1580.43
CUST007388,Warinder Srivastava,Bengaluru,2025-04-19,N,Paid Search,Wallet,Registered Only,0,,0.0
CUST007389,Meghana Wadhwa,Hyderabad,2023-05-18,Y,Referral,UPI,Premium,9,2026-06-09,9638.94
CUST007390,Diya Karpe,Bengaluru,2024-04-21,Y,Paid Search,Credit/Debit Card,Regular,7,2026-05-27,7158.1
CUST007391,Zashil Tak,Mumbai,2023-07-30,Y,Organic,UPI,New,1,2026-04-19,1985.99
CUST007392,Sarthak Sehgal,Delhi NCR,2025-02-21,N,Referral,Wallet,Occasional,4,2026-06-23,2014.57
CUST007393,Indira Joshi,Bengaluru,2026-01-26,N,Social Media,UPI,Registered Only,0,,0.0
CUST007394,Kashish Chaudhary,Bengaluru,2024-06-28,N,Referral,Net Banking,Registered Only,0,,0.0
CUST007395,Mason Jayaraman,Bengaluru,2024-06-25,Y,Organic,UPI,Registered Only,0,,0.0
CUST007396,Amol Kari,Delhi NCR,2024-03-26,N,Organic,Cash on Delivery,New,1,2026-04-26,203.99
CUST007397,Ucchal Korpal,Pune,2025-08-05,N,Partner Campaign,UPI,Occasional,2,2026-06-15,1766.69
CUST007398,Barkha Chopra,Mumbai,2024-12-11,N,Social Media,Credit/Debit Card,Registered Only,0,,0.0
CUST007399,Mohammed Bhandari,Hyderabad,2023-06-12,N,Organic,UPI,Registered Only,0,,0.0
CUST007400,Lajita Dutta,Chennai,2024-05-16,Y,Organic,UPI,Registered Only,0,,0.0
CUST007401,Girindra Basu,Bengaluru,2024-02-10,N,Organic,Credit/Debit Card,Occasional,2,2026-06-24,3398.97
CUST007402,Faqid Gala,Delhi NCR,2023-12-23,N,Organic,Cash on Delivery,New,1,2026-06-09,1899.89
CUST007403,Yatin Divan,Delhi NCR,2025-02-21,Y,Referral,UPI,Regular,5,2026-06-08,2436.49
CUST007404,Yasti Vala,Chennai,2023-07-03,N,Referral,Cash on Delivery,New,1,2026-06-28,489.77
CUST007405,Kalpit Sami,Mumbai,2026-01-12,N,Referral,Credit/Debit Card,Regular,6,2026-05-25,5877.28
CUST007406,Wyatt Magar,Hyderabad,2023-08-13,N,Organic,Credit/Debit Card,Regular,6,2026-06-16,3094.86
CUST007407,Avi Sathe,Hyderabad,2025-11-10,Y,Paid Search,Credit/Debit Card,New,1,2026-04-12,661.02
CUST007408,Suhani Nadig,Mumbai,2023-07-09,N,Organic,Cash on Delivery,Occasional,2,2026-05-25,2383.25
CUST007409,Champak Saini,Delhi NCR,2023-09-19,Y,Organic,UPI,New,1,2026-05-28,2268.99
CUST007410,Widisha Nagar,Bengaluru,2024-07-12,Y,Social Media,Wallet,Regular,8,2026-06-20,5604.04
CUST007411,Devika Patil,Mumbai,2023-12-01,Y,Referral,UPI,Occasional,2,2026-05-03,1541.23
CUST007412,Balhaar Chander,Mumbai,2025-06-26,N,Organic,Net Banking,Registered Only,0,,0.0
CUST007413,Ishwar Gandhi,Hyderabad,2025-02-19,N,Paid Search,Cash on Delivery,Occasional,3,2026-06-17,3932.62
CUST007414,Megha Aurora,Pune,2026-03-26,N,Partner Campaign,Cash on Delivery,Occasional,3,2026-05-26,1365.88
CUST007415,Mitesh Dua,Delhi NCR,2025-03-02,N,Referral,Net Banking,New,1,2026-05-18,1906.78
CUST007416,Jeevika Nath,Hyderabad,2023-08-01,Y,Social Media,UPI,Premium,13,2026-06-22,14683.06
CUST007417,Harita Parekh,Bengaluru,2025-08-15,N,Organic,Cash on Delivery,Registered Only,0,,0.0
CUST007418,Abha Bir,Bengaluru,2025-11-06,Y,Social Media,Credit/Debit Card,Registered Only,0,,0.0
CUST007419,David Chokshi,Bengaluru,2023-06-03,N,Paid Search,UPI,Occasional,3,2026-06-02,2402.7
CUST007420,Bhavya Uppal,Mumbai,2024-11-23,N,Referral,UPI,Occasional,4,2026-06-13,4864.45
CUST007421,Jagvi Sengupta,Bengaluru,2025-05-04,Y,Social Media,Cash on Delivery,Occasional,3,2026-06-07,4471.12
CUST007422,Nidhi Shanker,Chennai,2025-01-26,N,Referral,UPI,New,1,2026-05-01,279.26
CUST007423,Manbir Soman,Hyderabad,2025-03-20,Y,Partner Campaign,UPI,Registered Only,0,,0.0
CUST007424,Azaan Trivedi,Mumbai,2025-06-27,N,Partner Campaign,Credit/Debit Card,Registered Only,0,,0.0
CUST007425,Tanmayi Bumb,Bengaluru,2026-02-01,N,Organic,UPI,Registered Only,0,,0.0
CUST007426,Saanvi Varghese,Hyderabad,2026-01-05,N,Social Media,UPI,New,1,2026-05-25,86.51
CUST007427,Ridhi Comar,Pune,2026-03-17,N,Social Media,UPI,New,1,2026-04-04,367.03
CUST007428,Mohini Chahal,Hyderabad,2025-09-19,N,Referral,UPI,Occasional,3,2026-05-22,1099.18
CUST007429,Jason Kunda,Chennai,2026-02-28,N,Partner Campaign,Wallet,Occasional,2,2026-05-28,2822.17
CUST007430,Brinda Biswas,Hyderabad,2025-04-02,N,Referral,UPI,Regular,5,2026-06-20,6328.99
CUST007431,Jacob Bhargava,Delhi NCR,2024-02-07,Y,Organic,Net Banking,Occasional,3,2026-06-19,3812.31
CUST007432,Chatresh De,Hyderabad,2024-12-17,N,Organic,Wallet,Regular,6,2026-06-27,6376.86
CUST007433,Sachi Contractor,Bengaluru,2026-03-06,N,Referral,Credit/Debit Card,Premium,7,2026-06-29,10515.95
CUST007434,Odika Murthy,Bengaluru,2023-04-26,Y,Referral,Credit/Debit Card,Occasional,2,2026-06-05,1092.79
CUST007435,Andrew Kanda,Pune,2025-06-27,N,Organic,Credit/Debit Card,Premium,10,2026-06-26,7727.16
CUST007436,Yuvraj Jhaveri,Hyderabad,2023-09-15,Y,Paid Search,Credit/Debit Card,Premium,10,2026-06-04,14330.5
CUST007437,Ranveer Nath,Pune,2024-11-05,N,Organic,UPI,Regular,8,2026-06-26,5560.2
CUST007438,Widisha Talwar,Bengaluru,2023-10-22,Y,Social Media,Net Banking,Premium,4,2026-06-25,9167.35
CUST007439,Forum Om,Pune,2025-06-04,Y,Social Media,Net Banking,Occasional,4,2026-06-09,1540.83
CUST007440,Wridesh Mahal,Delhi NCR,2023-08-07,Y,Social Media,Credit/Debit Card,New,1,2026-05-30,23.94
CUST007441,Yachana Parikh,Chennai,2025-01-16,N,Social Media,UPI,Occasional,4,2026-06-08,7378.52
CUST007442,Veer Pandey,Pune,2024-08-23,N,Organic,UPI,Occasional,2,2026-06-23,0.0
CUST007443,Kashish Bahl,Bengaluru,2025-11-03,N,Organic,Cash on Delivery,Occasional,2,2026-05-09,1113.64
CUST007444,Warda Singhal,Pune,2024-03-07,N,Social Media,Net Banking,Occasional,3,2026-05-23,6495.18
CUST007445,Ladli Prabhu,Hyderabad,2024-09-11,N,Paid Search,UPI,Occasional,2,2026-06-07,1358.54
CUST007446,Oliver Patel,Bengaluru,2024-11-01,Y,Paid Search,Net Banking,Occasional,2,2026-06-15,1833.71
CUST007447,Ojas Pillai,Chennai,2026-02-13,N,Paid Search,Net Banking,New,1,2026-05-12,98.52
CUST007448,Zaid Shanker,Bengaluru,2025-07-25,N,Partner Campaign,Cash on Delivery,Registered Only,0,,0.0
CUST007449,Zaitra Naik,Bengaluru,2024-06-28,Y,Referral,Credit/Debit Card,New,1,2026-04-02,1229.12
CUST007450,Karan Natt,Bengaluru,2023-09-04,N,Paid Search,UPI,Occasional,3,2026-06-22,2243.37
CUST007451,Omya Soman,Mumbai,2025-10-04,N,Organic,UPI,Regular,5,2026-04-29,4926.75
CUST007452,Anvi Vaidya,Chennai,2023-09-24,N,Paid Search,Credit/Debit Card,Regular,5,2026-05-23,3226.98
CUST007453,Chakrika Bail,Mumbai,2025-05-01,Y,Partner Campaign,Net Banking,Occasional,3,2026-06-04,3337.97
CUST007454,Ubika Kibe,Delhi NCR,2024-12-18,N,Partner Campaign,Net Banking,Occasional,4,2026-06-11,7117.16
CUST007455,Damyanti Hayre,Bengaluru,2023-05-23,Y,Referral,UPI,Regular,5,2026-06-26,6292.67
CUST007456,Amaira Sama,Delhi NCR,2023-09-04,Y,Social Media,UPI,Occasional,4,2026-06-29,4982.74
CUST007457,Unni Oza,Hyderabad,2025-02-25,N,Partner Campaign,Net Banking,Occasional,2,2026-05-06,1695.1
CUST007458,Balvan Dhar,Pune,2025-04-30,Y,Social Media,Cash on Delivery,Regular,5,2026-06-16,4035.5
CUST007459,Nilima Bhatti,Bengaluru,2025-01-04,N,Organic,UPI,Registered Only,0,,0.0
CUST007460,Madhav Deo,Bengaluru,2024-01-02,N,Partner Campaign,UPI,New,1,2026-05-03,810.71
CUST007461,Yashawini Sheth,Delhi NCR,2024-05-06,Y,Referral,UPI,Occasional,2,2026-04-30,2585.14
CUST007462,Ronith Choudhry,Delhi NCR,2024-03-18,N,Social Media,UPI,Premium,30,2026-06-28,31631.28
CUST007463,Madhavi Balakrishnan,Bengaluru,2023-12-15,N,Partner Campaign,Credit/Debit Card,Regular,7,2026-06-10,6127.54
CUST007464,Ryan Deep,Bengaluru,2025-12-15,N,Referral,UPI,Regular,8,2026-06-23,5527.23
CUST007465,Lakshit Issac,Delhi NCR,2023-10-09,N,Social Media,Credit/Debit Card,New,1,2026-06-23,763.09
CUST007466,Jacob Trivedi,Delhi NCR,2025-01-24,Y,Referral,UPI,New,1,2026-05-15,1614.97
CUST007467,Deepa Saxena,Delhi NCR,2025-12-19,Y,Paid Search,UPI,New,1,2026-05-03,1553.84
CUST007468,Tripti Sehgal,Pune,2025-07-06,N,Social Media,Cash on Delivery,Regular,6,2026-06-19,5064.61
CUST007469,Harrison Comar,Bengaluru,2023-11-05,N,Social Media,Credit/Debit Card,Registered Only,0,,0.0
CUST007470,Janaki Peri,Hyderabad,2025-02-04,N,Organic,UPI,New,1,2026-06-20,1193.2
CUST007471,Yuvraj Saha,Hyderabad,2023-04-12,N,Social Media,UPI,New,1,2026-05-09,2010.34
CUST007472,Bhavani Shah,Bengaluru,2025-04-04,Y,Referral,UPI,Registered Only,0,,0.0
CUST007473,Yadavi Kannan,Bengaluru,2024-07-05,Y,Organic,UPI,Occasional,2,2026-06-23,3454.55
CUST007474,Bahadurjit Pant,Bengaluru,2026-03-15,N,Organic,UPI,Registered Only,0,,0.0
CUST007475,Ranbir Chana,Delhi NCR,2025-09-30,N,Paid Search,Net Banking,Occasional,4,2026-05-08,3936.78
CUST007476,Wishi Batra,Chennai,2025-10-31,N,Paid Search,UPI,Registered Only,0,,0.0
CUST007477,Raksha Palan,Chennai,2024-09-01,N,Paid Search,Credit/Debit Card,Occasional,3,2026-06-02,2627.06
CUST007478,Rachana Sodhi,Chennai,2024-09-17,N,Referral,Wallet,New,1,2026-06-21,1920.52
CUST007479,Onkar Thaman,Hyderabad,2025-06-05,N,Referral,Net Banking,Occasional,2,2026-06-14,1869.81
CUST007480,Avi Handa,Delhi NCR,2024-05-16,N,Referral,UPI,Premium,8,2026-06-28,11128.69
CUST007481,Ridhi Chadha,Mumbai,2024-11-27,N,Partner Campaign,UPI,New,1,2026-04-04,1160.08
CUST007482,Jyoti Lall,Pune,2024-03-18,N,Organic,Wallet,Occasional,2,2026-05-15,1000.08
CUST007483,Finn Raghavan,Pune,2023-11-10,N,Paid Search,Credit/Debit Card,Occasional,3,2026-05-23,5582.89
CUST007484,Panini Manda,Hyderabad,2023-09-09,N,Organic,Wallet,New,1,2026-06-01,2837.95
CUST007485,Nihal Agrawal,Bengaluru,2025-12-18,N,Organic,UPI,Occasional,2,2026-06-11,2115.95
CUST007486,Pranav Bava,Delhi NCR,2024-07-01,Y,Organic,Cash on Delivery,Registered Only,0,,0.0
CUST007487,Falan Nadig,Mumbai,2024-06-28,Y,Organic,UPI,Registered Only,0,,0.0
CUST007488,Ira Kala,Bengaluru,2026-02-26,N,Referral,Wallet,Occasional,2,2026-05-01,1350.51
CUST007489,Qushi Sathe,Delhi NCR,2025-05-22,N,Referral,UPI,Occasional,3,2026-06-18,856.58
CUST007490,Warda Bhakta,Hyderabad,2025-03-14,N,Organic,Wallet,New,1,2026-05-21,1320.26
CUST007491,Vinaya Bhandari,Bengaluru,2025-08-14,Y,Social Media,Credit/Debit Card,New,1,2026-04-04,835.18
CUST007492,Bhavika Divan,Chennai,2024-02-10,N,Paid Search,UPI,Premium,5,2026-05-30,10444.15
CUST007493,Jalsa Rajan,Delhi NCR,2025-03-25,N,Organic,Credit/Debit Card,Registered Only,0,,0.0
CUST007494,Triya Kalla,Hyderabad,2023-09-26,Y,Organic,Credit/Debit Card,Registered Only,0,,0.0
CUST007495,Zaid Ben,Bengaluru,2023-11-27,Y,Partner Campaign,Wallet,Registered Only,0,,0.0
CUST007496,Lavanya Pau,Chennai,2026-03-08,N,Partner Campaign,Cash on Delivery,Occasional,4,2026-06-23,4224.22
CUST007497,Pavani Murty,Bengaluru,2024-11-15,N,Organic,UPI,Occasional,2,2026-06-25,0.0
CUST007498,Ishwar Bajaj,Mumbai,2023-09-11,Y,Partner Campaign,Credit/Debit Card,Occasional,2,2026-05-20,3439.23
CUST007499,Sanaya Dyal,Delhi NCR,2025-10-02,N,Social Media,Cash on Delivery,New,1,2026-05-11,3003.66
CUST007500,Ekansh Pillai,Bengaluru,2025-12-18,Y,Organic,Credit/Debit Card,Occasional,2,2026-06-14,1735.5
CUST007501,Leela Barad,Chennai,2025-09-23,N,Paid Search,Credit/Debit Card,Registered Only,0,,0.0
CUST007502,Damini Rau,Mumbai,2023-07-09,N,Paid Search,Cash on Delivery,Occasional,3,2026-06-11,4297.32
CUST007503,Neel Mukhopadhyay,Chennai,2024-03-02,N,Organic,UPI,Regular,6,2026-05-31,2469.69
CUST007504,Janaki Chhabra,Mumbai,2024-02-12,Y,Referral,UPI,Occasional,4,2026-05-21,3312.81
CUST007505,Dalbir Pillai,Pune,2024-08-01,Y,Paid Search,UPI,Occasional,2,2026-04-11,2629.5
CUST007506,Ethan Garg,Delhi NCR,2024-06-10,N,Social Media,Wallet,Registered Only,0,,0.0
CUST007507,Girish Rajan,Pune,2025-08-14,N,Social Media,UPI,Regular,5,2026-06-12,5439.66
CUST007508,Abhimanyu Tailor,Pune,2024-08-06,N,Social Media,UPI,Premium,4,2026-06-06,8498.47
CUST007509,Pooja Raj,Hyderabad,2023-04-02,Y,Organic,UPI,Occasional,2,2026-06-19,4769.77
CUST007510,Finn Khatri,Bengaluru,2025-03-02,N,Referral,Credit/Debit Card,Regular,5,2026-06-26,6675.89
CUST007511,Unni Randhawa,Bengaluru,2025-08-13,Y,Paid Search,UPI,New,1,2026-05-20,803.42
CUST007512,Neelima Chawla,Hyderabad,2025-02-15,N,Referral,UPI,New,1,2026-05-30,2808.59
CUST007513,Vasudha Kapadia,Bengaluru,2024-06-20,N,Referral,Credit/Debit Card,Occasional,2,2026-05-23,3046.43
CUST007514,Logan Date,Pune,2023-07-26,N,Social Media,Wallet,Occasional,4,2026-05-30,1901.78
CUST007515,Alka Ghose,Hyderabad,2025-10-24,N,Referral,Credit/Debit Card,Occasional,3,2026-06-26,5066.83
CUST007516,Arya Sodhi,Delhi NCR,2024-09-20,N,Organic,UPI,Regular,5,2026-06-28,4932.01
CUST007517,Radhika Bansal,Hyderabad,2024-07-04,N,Organic,Credit/Debit Card,Registered Only,0,,0.0
CUST007518,Kiaan Comar,Bengaluru,2024-02-06,N,Organic,Cash on Delivery,Regular,7,2026-06-19,6498.24
CUST007519,Tejas Pillay,Delhi NCR,2025-12-30,Y,Referral,Credit/Debit Card,New,1,2026-06-01,202.86
CUST007520,Manthan Kala,Mumbai,2024-12-02,N,Paid Search,UPI,Occasional,2,2026-04-28,442.46
CUST007521,Chaitanya Sanghvi,Bengaluru,2025-10-17,N,Organic,UPI,Regular,6,2026-06-25,4448.13
CUST007522,Tripti Bajwa,Chennai,2024-08-07,Y,Referral,UPI,Regular,6,2026-06-06,2559.24
CUST007523,Ladli Narasimhan,Mumbai,2023-06-04,N,Referral,UPI,Occasional,3,2026-05-17,5736.27
CUST007524,Umang Bobal,Pune,2024-07-20,N,Organic,UPI,Registered Only,0,,0.0
CUST007525,Mitesh Dey,Mumbai,2024-11-24,N,Organic,UPI,Occasional,3,2026-06-28,5126.72
CUST007526,Charita Bava,Mumbai,2024-09-30,N,Social Media,Credit/Debit Card,Occasional,2,2026-06-28,2461.97
CUST007527,Eiravati Kanda,Bengaluru,2024-12-08,N,Organic,UPI,Premium,4,2026-05-26,8635.54
CUST007528,Ryan Das,Pune,2025-11-28,N,Organic,Cash on Delivery,Registered Only,0,,0.0
CUST007529,Jagrati Mutti,Bengaluru,2023-04-23,N,Referral,UPI,Occasional,3,2026-06-18,1967.93
CUST007530,Jacob Sem,Bengaluru,2024-04-05,N,Organic,Credit/Debit Card,Premium,12,2026-06-28,7897.06
CUST007531,Zinal Joshi,Hyderabad,2023-07-29,N,Paid Search,UPI,Occasional,2,2026-04-21,1070.54
CUST007532,Oviya Kanda,Mumbai,2026-03-17,N,Organic,Cash on Delivery,Occasional,4,2026-06-04,6963.57
CUST007533,Zayyan Mandal,Mumbai,2023-12-27,N,Organic,UPI,Premium,14,2026-06-27,10204.63
CUST007534,Udyati Ray,Pune,2025-11-04,Y,Referral,UPI,Occasional,2,2026-05-21,3787.17
CUST007535,Gunbir Banerjee,Pune,2023-09-06,N,Partner Campaign,Credit/Debit Card,Occasional,2,2026-05-01,849.75
CUST007536,Darika Raju,Bengaluru,2025-05-11,Y,Organic,Cash on Delivery,Registered Only,0,,0.0
CUST007537,Gavin Bava,Chennai,2025-08-16,N,Organic,UPI,Occasional,3,2026-05-09,2986.84
CUST007538,Aachal Manne,Bengaluru,2024-02-10,N,Partner Campaign,Cash on Delivery,Premium,11,2026-06-29,13303.88
CUST007539,Chaitaly Issac,Delhi NCR,2025-05-09,N,Social Media,UPI,Registered Only,0,,0.0
CUST007540,Maya Zacharia,Bengaluru,2023-09-07,Y,Partner Campaign,UPI,Premium,5,2026-06-27,10261.86
CUST007541,Eta Mitter,Hyderabad,2024-03-04,N,Social Media,UPI,Registered Only,0,,0.0
CUST007542,Shaurya Bhattacharyya,Chennai,2026-01-16,Y,Paid Search,UPI,Occasional,3,2026-05-22,6408.11
CUST007543,Udarsh Verma,Chennai,2023-06-16,N,Referral,UPI,Regular,5,2026-06-04,5280.21
CUST007544,Krisha Kale,Delhi NCR,2023-10-14,N,Paid Search,UPI,Premium,17,2026-06-29,26358.48
CUST007545,Riya Thaman,Chennai,2025-06-19,N,Social Media,Cash on Delivery,Premium,24,2026-06-20,33812.35
CUST007546,Chatresh Peri,Bengaluru,2025-11-22,N,Organic,UPI,Regular,5,2026-06-26,3626.07
CUST007547,Nidhi Varty,Mumbai,2024-12-28,N,Referral,Credit/Debit Card,Occasional,2,2026-05-25,2258.96
CUST007548,Imaran Ravi,Mumbai,2025-05-29,Y,Organic,UPI,New,1,2026-06-21,817.59
CUST007549,Nidra Sinha,Mumbai,2023-06-14,N,Organic,UPI,Registered Only,0,,0.0
CUST007550,Lavanya Dave,Bengaluru,2024-06-19,Y,Organic,Net Banking,Occasional,2,2026-05-01,2128.95
CUST007551,Jackson Das,Delhi NCR,2023-04-02,N,Paid Search,Credit/Debit Card,New,1,2026-04-11,1057.25
CUST007552,Vedant Mody,Bengaluru,2023-11-28,N,Paid Search,UPI,Regular,5,2026-05-23,3705.29
CUST007553,Aarna Khare,Hyderabad,2025-04-13,Y,Partner Campaign,UPI,New,1,2026-05-23,550.36
CUST007554,Patrick Behl,Delhi NCR,2023-11-25,N,Social Media,Cash on Delivery,Occasional,2,2026-05-09,2572.62
CUST007555,Ekavir Konda,Mumbai,2025-07-25,Y,Organic,UPI,Occasional,3,2026-04-26,4365.95
CUST007556,Harita Khosla,Mumbai,2025-08-01,N,Referral,UPI,Registered Only,0,,0.0
CUST007557,Yamini Lad,Delhi NCR,2025-03-27,N,Organic,Wallet,Registered Only,0,,0.0
CUST007558,Rachana Balasubramanian,Mumbai,2025-11-04,N,Organic,Wallet,New,1,2026-04-25,5807.37
CUST007559,Logan Sabharwal,Bengaluru,2025-04-19,N,Partner Campaign,Wallet,Registered Only,0,,0.0
CUST007560,Anjali Wagle,Delhi NCR,2025-10-15,Y,Organic,UPI,Regular,9,2026-06-11,7764.14
CUST007561,Nisha Mann,Chennai,2023-10-09,N,Paid Search,UPI,Registered Only,0,,0.0
CUST007562,Ishwar Hayer,Hyderabad,2024-06-28,Y,Referral,UPI,Premium,28,2026-06-27,20108.96
CUST007563,Balvan Padmanabhan,Chennai,2025-07-23,N,Referral,Credit/Debit Card,Regular,6,2026-06-08,1662.05
CUST007564,Diya Palan,Mumbai,2026-01-29,N,Organic,UPI,Registered Only,0,,0.0
CUST007565,Jhalak Ray,Bengaluru,2025-06-19,N,Referral,Cash on Delivery,Registered Only,0,,0.0
CUST007566,Ekaja Babu,Mumbai,2024-10-06,N,Paid Search,Wallet,Occasional,4,2026-06-11,2084.62
CUST007567,Geetika Chandra,Bengaluru,2024-10-30,Y,Organic,Wallet,Registered Only,0,,0.0
CUST007568,Meghana Khatri,Mumbai,2024-07-06,N,Paid Search,UPI,Occasional,2,2026-06-13,2243.49
CUST007569,Irya Khurana,Bengaluru,2024-01-19,N,Partner Campaign,UPI,Registered Only,0,,0.0
CUST007570,Ekta Balakrishnan,Bengaluru,2025-10-03,N,Paid Search,UPI,Occasional,2,2026-06-02,748.7
CUST007571,Gopal Soman,Chennai,2023-05-14,N,Organic,Credit/Debit Card,New,1,2026-04-16,2582.87
CUST007572,Qabil Rama,Bengaluru,2025-12-07,N,Social Media,UPI,Regular,5,2026-06-18,4142.01
CUST007573,Qadim Brar,Bengaluru,2023-04-05,N,Organic,UPI,Regular,5,2026-06-13,4488.16
CUST007574,Lakshmi Chanda,Bengaluru,2023-08-20,N,Organic,UPI,New,1,2026-06-14,1797.6
CUST007575,Teerth Anand,Mumbai,2024-02-18,N,Paid Search,Cash on Delivery,Occasional,2,2026-06-25,3956.68
CUST007576,Ucchal Ray,Chennai,2025-09-21,N,Organic,UPI,Regular,6,2026-06-29,4363.73
CUST007577,Anita Master,Pune,2023-09-13,N,Paid Search,UPI,Occasional,3,2026-06-15,4939.62
CUST007578,Prisha Dubey,Bengaluru,2025-06-03,N,Referral,Net Banking,New,1,2026-04-11,990.85
CUST007579,Ekta Chokshi,Mumbai,2023-05-24,Y,Social Media,UPI,Regular,5,2026-06-20,4695.61
CUST007580,Aadi Muni,Hyderabad,2024-02-13,N,Referral,UPI,Occasional,2,2026-05-24,1768.41
CUST007581,Yasti Behl,Hyderabad,2025-04-19,N,Social Media,Credit/Debit Card,Occasional,4,2026-06-23,933.31
CUST007582,Kamya Goyal,Bengaluru,2024-01-05,Y,Paid Search,Cash on Delivery,Occasional,4,2026-06-25,4192.35
CUST007583,Lavanya Sarraf,Delhi NCR,2025-01-07,N,Referral,UPI,Regular,5,2026-06-28,7612.99
CUST007584,Mason Das,Mumbai,2025-04-12,N,Organic,UPI,Regular,7,2026-06-28,5392.63
CUST007585,Harrison Setty,Pune,2024-09-04,N,Organic,Wallet,Regular,8,2026-06-26,7834.92
CUST007586,Chandran Khanna,Mumbai,2023-10-22,Y,Referral,UPI,Occasional,3,2026-06-24,594.99
CUST007587,Jack Badal,Bengaluru,2025-10-09,Y,Social Media,Credit/Debit Card,Occasional,3,2026-06-05,4120.6
CUST007588,Adya De,Mumbai,2024-12-26,N,Organic,Cash on Delivery,Registered Only,0,,0.0
CUST007589,Tejas Lanka,Bengaluru,2023-05-17,N,Organic,UPI,Premium,8,2026-06-20,11792.98
CUST007590,Yoshita Kalita,Chennai,2025-11-25,N,Social Media,UPI,New,1,2026-06-29,883.66
CUST007591,Yashica Kalita,Bengaluru,2026-03-16,N,Referral,Credit/Debit Card,New,1,2026-04-26,141.26
CUST007592,Isaac Bala,Delhi NCR,2024-10-02,Y,Paid Search,Net Banking,Registered Only,0,,0.0
CUST007593,Odika Sibal,Hyderabad,2023-07-04,N,Referral,UPI,Registered Only,0,,0.0
CUST007594,Parth Mangat,Hyderabad,2023-08-03,N,Organic,UPI,New,1,2026-06-29,695.17
CUST007595,Arya Desai,Bengaluru,2024-07-26,Y,Referral,Cash on Delivery,Occasional,4,2026-06-11,4017.22
CUST007596,Abha Ranganathan,Bengaluru,2025-03-27,Y,Social Media,Credit/Debit Card,Registered Only,0,,0.0
CUST007597,Aarna Dayal,Bengaluru,2025-01-07,N,Partner Campaign,Net Banking,Occasional,3,2026-06-28,2400.35
CUST007598,Urishilla Pall,Bengaluru,2023-05-29,N,Organic,Wallet,Registered Only,0,,0.0
CUST007599,Balendra Kant,Bengaluru,2024-03-09,N,Organic,Wallet,Occasional,3,2026-06-07,3413.93
CUST007600,Deepa Palla,Bengaluru,2026-02-26,Y,Paid Search,UPI,Registered Only,0,,0.0
CUST007601,Quincy Bhat,Bengaluru,2024-08-28,N,Organic,Wallet,New,1,2026-04-04,0.0
CUST007602,Reva Sant,Hyderabad,2023-12-24,N,Referral,UPI,Occasional,3,2026-06-20,5248.63
CUST007603,Ekani Rana,Chennai,2025-12-24,N,Social Media,UPI,Premium,45,2026-06-28,47829.15
CUST007604,Tejas Ahluwalia,Hyderabad,2025-06-15,N,Social Media,UPI,Occasional,3,2026-06-13,4975.94
CUST007605,Yahvi Dugar,Pune,2023-05-18,Y,Referral,UPI,Occasional,3,2026-06-19,1307.97
CUST007606,Avni Pau,Bengaluru,2025-07-31,Y,Referral,Net Banking,Premium,14,2026-06-24,10225.37
CUST007607,Jonathan Sheth,Chennai,2025-07-18,Y,Organic,Credit/Debit Card,Registered Only,0,,0.0
CUST007608,Elijah Agarwal,Mumbai,2025-07-31,N,Social Media,UPI,Registered Only,0,,0.0
CUST007609,Pratyush Sehgal,Bengaluru,2025-11-19,Y,Organic,Wallet,Regular,6,2026-06-24,3614.34
CUST007610,Nachiket Patel,Bengaluru,2024-12-06,N,Organic,Credit/Debit Card,New,1,2026-05-12,359.47
CUST007611,Anika Dutt,Bengaluru,2024-08-19,N,Referral,Credit/Debit Card,Premium,28,2026-06-25,33851.54
CUST007612,Charita Ray,Delhi NCR,2025-09-03,N,Social Media,Net Banking,Registered Only,0,,0.0
CUST007613,Eta Prakash,Delhi NCR,2025-07-22,N,Organic,Credit/Debit Card,Occasional,2,2026-06-09,3189.71
CUST007614,Mason Singhal,Bengaluru,2023-11-19,N,Referral,Cash on Delivery,Registered Only,0,,0.0
CUST007615,Manthan Sodhi,Hyderabad,2024-08-20,N,Paid Search,Credit/Debit Card,Registered Only,0,,0.0
CUST007616,Max Joshi,Bengaluru,2026-03-13,N,Organic,UPI,New,1,2026-05-08,2209.51
CUST007617,Samaksh Borah,Delhi NCR,2024-08-27,Y,Referral,UPI,Occasional,3,2026-05-30,5396.33
CUST007618,Geetika Krishnamurthy,Delhi NCR,2024-12-17,Y,Referral,Credit/Debit Card,Regular,6,2026-06-28,3241.18
CUST007619,Radha Tripathi,Hyderabad,2025-12-30,N,Social Media,Credit/Debit Card,Occasional,2,2026-06-01,1391.95
CUST007620,Matthew Hayre,Hyderabad,2026-03-11,N,Organic,Credit/Debit Card,Regular,5,2026-06-26,5636.95
CUST007621,Omkaar Goyal,Delhi NCR,2024-07-05,N,Paid Search,UPI,Occasional,3,2026-04-20,3839.33
CUST007622,Pratyush Krish,Pune,2024-09-10,N,Social Media,UPI,Occasional,3,2026-06-25,1108.85
CUST007623,Dhruv Munshi,Hyderabad,2025-09-24,Y,Social Media,UPI,New,1,2026-06-24,647.21
CUST007624,Dhruv Swamy,Hyderabad,2025-01-13,N,Organic,Credit/Debit Card,Occasional,3,2026-06-29,2756.05
CUST007625,Yashvi Krishnan,Mumbai,2025-08-16,N,Referral,Credit/Debit Card,Registered Only,0,,0.0
CUST007626,Falak Nagi,Chennai,2023-05-07,N,Paid Search,UPI,Occasional,3,2026-05-31,1674.28
CUST007627,Naveen Wason,Hyderabad,2024-02-19,N,Paid Search,UPI,New,1,2026-05-29,2026.48
CUST007628,Anthony Bava,Mumbai,2024-12-10,N,Organic,UPI,Premium,8,2026-06-16,8959.85
CUST007629,Aryan Bhatia,Pune,2025-08-23,N,Organic,UPI,Premium,10,2026-06-29,8533.95
CUST007630,Udarsh Sharaf,Bengaluru,2023-12-18,Y,Referral,Net Banking,New,1,2026-04-01,1525.39
CUST007631,Yamini Nagar,Pune,2023-12-05,Y,Organic,Net Banking,New,1,2026-04-18,2050.53
CUST007632,Ryan Ramachandran,Bengaluru,2024-06-14,Y,Referral,UPI,Regular,5,2026-06-23,5108.17
CUST007633,Hredhaan Thakur,Delhi NCR,2024-09-29,Y,Paid Search,UPI,New,1,2026-04-12,700.7
CUST007634,Fariq Bala,Delhi NCR,2024-02-18,Y,Paid Search,UPI,Occasional,2,2026-06-25,1079.54
CUST007635,Madhavi Rajagopalan,Bengaluru,2024-02-16,N,Referral,Wallet,Occasional,4,2026-06-19,3063.8
CUST007636,Turvi Kumar,Chennai,2024-05-07,N,Social Media,Cash on Delivery,Occasional,4,2026-06-08,4953.63
CUST007637,Frederick Kalla,Delhi NCR,2025-04-06,Y,Social Media,UPI,Regular,5,2026-06-19,3986.92
CUST007638,Upadhriti Ramaswamy,Bengaluru,2025-02-18,N,Social Media,Cash on Delivery,Occasional,2,2026-06-25,1472.29
CUST007639,Bhavani Kurian,Chennai,2025-08-22,N,Paid Search,Credit/Debit Card,Occasional,3,2026-05-30,2363.9
CUST007640,Chatresh Vaidya,Mumbai,2023-12-06,Y,Organic,Wallet,New,1,2026-04-23,202.9
CUST007641,Oliver Venkatesh,Hyderabad,2023-06-12,Y,Organic,Credit/Debit Card,Occasional,3,2026-06-05,4745.76
CUST007642,Panini Mallick,Hyderabad,2025-03-14,Y,Partner Campaign,UPI,New,1,2026-04-25,68.21
CUST007643,Vihaan Mand,Hyderabad,2024-02-21,N,Referral,Cash on Delivery,Occasional,4,2026-06-08,1428.01
CUST007644,Abhimanyu Walia,Delhi NCR,2023-06-16,N,Paid Search,Credit/Debit Card,Occasional,2,2026-05-18,1135.87
CUST007645,Qasim Mitter,Bengaluru,2025-10-02,N,Organic,UPI,Registered Only,0,,0.0
CUST007646,Qadim Mukhopadhyay,Hyderabad,2026-02-08,N,Partner Campaign,Wallet,Occasional,3,2026-06-29,2254.43
CUST007647,Ijaya Kumer,Chennai,2024-09-08,N,Social Media,Net Banking,Premium,5,2026-06-29,8259.55
CUST007648,Niharika Shere,Delhi NCR,2024-10-06,N,Paid Search,Cash on Delivery,New,1,2026-05-12,351.69
CUST007649,Darika Vig,Pune,2024-09-29,N,Paid Search,Cash on Delivery,Occasional,2,2026-04-12,3446.93
CUST007650,Timothy Bose,Chennai,2024-08-01,N,Organic,UPI,Occasional,2,2026-06-16,1265.0
CUST007651,Zarna Ramanathan,Bengaluru,2025-06-06,N,Partner Campaign,Credit/Debit Card,Premium,7,2026-06-18,9437.91
CUST007652,Prisha Kothari,Mumbai,2025-09-04,N,Organic,UPI,New,1,2026-05-06,1284.24
CUST007653,Leela Gupta,Chennai,2026-03-14,Y,Social Media,Credit/Debit Card,New,1,2026-04-04,182.99
CUST007654,Advika Chandra,Hyderabad,2025-02-09,N,Organic,UPI,Occasional,2,2026-06-27,1131.67
CUST007655,Harita Raman,Pune,2023-12-02,N,Paid Search,Cash on Delivery,New,1,2026-04-12,253.97
CUST007656,Mugdha Johal,Delhi NCR,2026-01-14,Y,Paid Search,Credit/Debit Card,Regular,7,2026-05-21,5338.6
CUST007657,Abha Sarin,Chennai,2024-08-03,Y,Social Media,UPI,New,1,2026-06-13,233.9
CUST007658,Ikshita Ramakrishnan,Delhi NCR,2023-10-07,N,Social Media,UPI,New,1,2026-06-29,2742.28
CUST007659,Lipika Balakrishnan,Bengaluru,2025-10-08,Y,Referral,Credit/Debit Card,New,1,2026-04-03,396.4
CUST007660,Manthan Gulati,Pune,2023-07-15,Y,Organic,Cash on Delivery,New,1,2026-05-10,629.49
CUST007661,Raksha Dara,Hyderabad,2024-08-31,N,Partner Campaign,Wallet,Registered Only,0,,0.0
CUST007662,Patrick Upadhyay,Bengaluru,2023-04-23,Y,Referral,UPI,New,1,2026-04-27,1695.92
CUST007663,Sathvik Gara,Bengaluru,2025-08-27,Y,Paid Search,UPI,Occasional,3,2026-06-25,3386.01
CUST007664,Chatura Gupta,Bengaluru,2025-05-25,N,Paid Search,UPI,Registered Only,0,,0.0
CUST007665,Dhriti Shroff,Hyderabad,2025-03-05,N,Referral,UPI,Registered Only,0,,0.0
CUST007666,Qushi Buch,Chennai,2025-08-03,Y,Paid Search,UPI,Registered Only,0,,0.0
CUST007667,Hritik Mital,Mumbai,2024-02-04,N,Organic,Net Banking,New,1,2026-05-12,666.03
CUST007668,Yutika Magar,Mumbai,2023-11-11,N,Organic,UPI,Regular,7,2026-06-25,4954.38
CUST007669,Mugdha Garde,Bengaluru,2025-09-15,Y,Organic,Cash on Delivery,New,1,2026-04-17,919.92
CUST007670,Aahana Toor,Bengaluru,2026-03-05,Y,Referral,Net Banking,New,1,2026-05-09,247.43
CUST007671,Anita Halder,Chennai,2024-01-21,N,Referral,Net Banking,New,1,2026-06-07,2719.88
CUST007672,Harshil Bal,Bengaluru,2024-08-02,Y,Social Media,Credit/Debit Card,Regular,6,2026-06-29,6243.66
CUST007673,Rachit Patel,Pune,2025-01-04,N,Organic,Credit/Debit Card,Premium,6,2026-06-06,9636.38
CUST007674,Rachana Nagy,Hyderabad,2025-09-08,N,Referral,Cash on Delivery,Occasional,3,2026-05-20,2436.73
CUST007675,Pushti Sekhon,Delhi NCR,2023-12-08,Y,Organic,UPI,Registered Only,0,,0.0
CUST007676,Niharika Walia,Pune,2023-09-21,N,Organic,Credit/Debit Card,New,1,2026-04-29,951.98
CUST007677,Zehaan Thakur,Bengaluru,2023-12-29,Y,Organic,Net Banking,Regular,6,2026-06-26,4700.0
CUST007678,Kashvi Rege,Hyderabad,2026-01-01,N,Paid Search,Wallet,Regular,8,2026-06-25,7422.01
CUST007679,Baghyawati Sharaf,Delhi NCR,2025-03-30,N,Organic,Credit/Debit Card,Occasional,3,2026-05-12,5716.89
CUST007680,Vivaan Wali,Bengaluru,2024-02-18,Y,Paid Search,Credit/Debit Card,Regular,5,2026-06-08,2706.08
CUST007681,Saksham Koshy,Delhi NCR,2025-05-04,N,Social Media,Cash on Delivery,Registered Only,0,,0.0
CUST007682,Nimrat Chacko,Chennai,2024-09-09,N,Referral,Credit/Debit Card,New,1,2026-06-18,1586.56
CUST007683,Daksha Sandhu,Delhi NCR,2023-05-01,Y,Organic,UPI,Premium,9,2026-06-28,11903.17
CUST007684,Yashodhara Kala,Bengaluru,2025-03-22,N,Paid Search,Credit/Debit Card,Registered Only,0,,0.0
CUST007685,Bakhshi Dar,Chennai,2024-07-18,N,Organic,UPI,Occasional,3,2026-06-27,2120.81
CUST007686,Alexander Suri,Mumbai,2025-04-23,Y,Organic,UPI,Occasional,2,2026-04-25,1726.31
CUST007687,Garima Sandhu,Pune,2024-12-03,N,Organic,Wallet,New,1,2026-04-23,1263.94
CUST007688,Qushi Sathe,Bengaluru,2023-08-27,N,Organic,Cash on Delivery,New,1,2026-06-10,1494.61
CUST007689,Gabriel Bhatt,Hyderabad,2024-05-19,N,Referral,UPI,Occasional,2,2026-05-22,2493.5
CUST007690,Gaurang Sachar,Mumbai,2023-09-13,N,Partner Campaign,UPI,Occasional,2,2026-05-09,1792.5
CUST007691,Ubika Kunda,Bengaluru,2025-10-29,Y,Paid Search,UPI,Occasional,2,2026-05-03,2008.63
CUST007692,Xavier Iyengar,Mumbai,2024-05-04,Y,Referral,UPI,New,1,2026-04-01,2253.52
CUST007693,Damyanti Choudhry,Mumbai,2025-01-27,N,Referral,Cash on Delivery,Registered Only,0,,0.0
CUST007694,Jackson Batta,Mumbai,2023-04-08,N,Referral,UPI,Registered Only,0,,0.0
CUST007695,Abha Koshy,Delhi NCR,2025-05-27,Y,Partner Campaign,UPI,Premium,10,2026-06-27,7323.29
CUST007696,Finn Kamdar,Delhi NCR,2024-08-02,N,Referral,Credit/Debit Card,New,1,2026-05-31,896.95
CUST007697,Rachana Basak,Delhi NCR,2023-09-12,Y,Partner Campaign,Wallet,Occasional,2,2026-04-25,1001.63
CUST007698,Pranit Amble,Mumbai,2024-12-25,N,Organic,UPI,New,1,2026-06-21,82.5
CUST007699,Yasti Boase,Bengaluru,2023-07-17,N,Social Media,UPI,Occasional,2,2026-06-01,745.86
CUST007700,Watika Iyengar,Bengaluru,2025-01-31,N,Organic,UPI,Occasional,4,2026-06-04,4296.32
CUST007701,Jackson Parikh,Mumbai,2023-11-29,Y,Paid Search,Credit/Debit Card,Occasional,2,2026-05-23,465.33
CUST007702,Wahab Kannan,Mumbai,2025-12-02,N,Social Media,Net Banking,New,1,2026-04-26,0.0
CUST007703,Harini Batra,Mumbai,2024-01-24,Y,Organic,UPI,Occasional,2,2026-06-26,1744.7
CUST007704,Geetika Bains,Hyderabad,2025-01-03,N,Referral,UPI,Occasional,2,2026-06-03,3170.92
CUST007705,Chandresh Sule,Bengaluru,2023-11-23,N,Organic,UPI,Regular,6,2026-06-24,6806.88
CUST007706,Waida Gupta,Pune,2025-06-05,N,Organic,UPI,Occasional,4,2026-06-28,1095.58
CUST007707,Samaksh Shanker,Delhi NCR,2024-09-04,N,Paid Search,Credit/Debit Card,New,1,2026-04-20,1050.42
CUST007708,Irya Pradhan,Bengaluru,2024-09-30,Y,Paid Search,Cash on Delivery,Occasional,3,2026-05-23,1188.06
CUST007709,Kamala Doctor,Bengaluru,2026-02-24,N,Paid Search,UPI,New,1,2026-06-28,248.4
CUST007710,Hiral Subramaniam,Mumbai,2025-01-21,N,Paid Search,UPI,Registered Only,0,,0.0
CUST007711,Dhriti Gokhale,Bengaluru,2023-05-01,Y,Organic,UPI,Registered Only,0,,0.0
CUST007712,Christopher Ray,Bengaluru,2024-07-24,Y,Social Media,Wallet,Occasional,3,2026-05-22,6115.28
CUST007713,Dominic Bhat,Delhi NCR,2023-08-31,N,Referral,Net Banking,New,1,2026-04-01,534.8
CUST007714,Vedant Dubey,Pune,2025-02-14,Y,Social Media,Cash on Delivery,Regular,5,2026-06-23,3142.91
CUST007715,Raagini Mishra,Hyderabad,2026-03-08,N,Paid Search,Credit/Debit Card,New,1,2026-04-12,6502.81
CUST007716,Reva Chaudhuri,Bengaluru,2023-07-31,N,Partner Campaign,UPI,New,1,2026-04-01,287.59
CUST007717,Zarna Datta,Delhi NCR,2023-06-01,Y,Referral,Wallet,New,1,2026-04-05,420.75
CUST007718,Pallavi Sengupta,Hyderabad,2024-03-31,Y,Organic,Wallet,Occasional,3,2026-06-03,2223.94
CUST007719,Nitara Sekhon,Bengaluru,2023-07-30,Y,Organic,UPI,Registered Only,0,,0.0
CUST007720,Zayyan Contractor,Hyderabad,2024-05-02,N,Social Media,Net Banking,Registered Only,0,,0.0
CUST007721,Simon Palan,Hyderabad,2025-03-23,N,Referral,UPI,Premium,19,2026-06-16,20339.72
CUST007722,Saanvi Oak,Pune,2024-05-02,N,Referral,Wallet,New,1,2026-05-07,564.33
CUST007723,Mekhala Nath,Hyderabad,2023-04-23,N,Partner Campaign,UPI,New,1,2026-06-29,1835.2
CUST007724,Radha Savant,Delhi NCR,2026-01-27,Y,Social Media,Credit/Debit Card,Registered Only,0,,0.0
CUST007725,Ishanvi Tara,Bengaluru,2023-10-04,N,Social Media,Net Banking,Registered Only,0,,0.0
CUST007726,Quincy Mohan,Pune,2024-05-02,Y,Partner Campaign,Wallet,Premium,24,2026-06-29,28581.6
CUST007727,Edhitha Mann,Bengaluru,2026-01-09,N,Organic,Cash on Delivery,Premium,5,2026-05-25,9100.64
CUST007728,Upasna Kota,Pune,2024-12-30,N,Partner Campaign,Wallet,Registered Only,0,,0.0
CUST007729,Michael Muni,Pune,2024-04-09,N,Organic,UPI,New,1,2026-06-29,1859.86
CUST007730,Samar Hayer,Mumbai,2025-09-21,N,Organic,Cash on Delivery,Occasional,4,2026-06-16,1622.22
CUST007731,Aarush Bhatt,Pune,2023-10-05,Y,Referral,UPI,Occasional,2,2026-06-25,3721.94
CUST007732,Saumya Kala,Pune,2025-01-02,Y,Paid Search,UPI,Occasional,2,2026-05-24,426.74
CUST007733,Madhavi Padmanabhan,Hyderabad,2026-01-07,N,Paid Search,Credit/Debit Card,Occasional,2,2026-06-22,1104.91
CUST007734,Warda Balakrishnan,Mumbai,2024-07-03,N,Referral,Credit/Debit Card,New,1,2026-04-21,244.33
CUST007735,Abeer Choudhry,Bengaluru,2024-02-23,N,Organic,Credit/Debit Card,Occasional,2,2026-05-10,508.61
CUST007736,Lopa Manda,Delhi NCR,2025-08-31,N,Organic,UPI,Premium,17,2026-06-23,16609.21
CUST007737,Chanchal Chadha,Bengaluru,2025-06-22,N,Referral,UPI,Occasional,2,2026-04-30,1057.67
CUST007738,Aadhya Bawa,Hyderabad,2026-03-27,N,Referral,UPI,Occasional,2,2026-05-31,1833.15
CUST007739,Jai Bhandari,Pune,2023-10-30,N,Organic,Wallet,Premium,23,2026-06-24,21628.7
CUST007740,Sudiksha Saha,Hyderabad,2024-03-23,N,Partner Campaign,Credit/Debit Card,Premium,19,2026-06-27,19803.77
CUST007741,Kashish Gala,Mumbai,2023-07-04,Y,Organic,Credit/Debit Card,Occasional,2,2026-05-24,4684.3
CUST007742,Darsh Bajaj,Pune,2024-09-22,Y,Partner Campaign,Credit/Debit Card,Regular,5,2026-06-20,3904.78
CUST007743,Lakshmi Dhar,Delhi NCR,2024-04-25,Y,Organic,Wallet,Registered Only,0,,0.0
CUST007744,Thomas Gade,Chennai,2025-08-22,N,Referral,UPI,New,1,2026-05-01,1151.93
CUST007745,Jagvi Garde,Pune,2023-08-30,N,Partner Campaign,Credit/Debit Card,Occasional,2,2026-05-07,1498.86
CUST007746,Dominic Sule,Chennai,2023-10-02,N,Organic,Net Banking,New,1,2026-04-09,202.69
CUST007747,Upasna Rama,Chennai,2024-07-25,N,Organic,UPI,Regular,5,2026-06-13,3971.98
CUST007748,Chatura Baria,Bengaluru,2024-10-22,N,Organic,UPI,Occasional,4,2026-06-29,1601.96
CUST007749,Chakrika Chowdhury,Mumbai,2025-08-02,N,Social Media,Net Banking,Premium,2,2026-05-16,9500.47
CUST007750,Yashoda Agate,Bengaluru,2025-10-16,N,Paid Search,UPI,Registered Only,0,,0.0
CUST007751,Max Prabhakar,Hyderabad,2024-06-05,Y,Referral,Credit/Debit Card,Occasional,2,2026-06-19,635.14
CUST007752,Kai More,Bengaluru,2025-02-04,N,Organic,UPI,Occasional,3,2026-06-04,1803.85
CUST007753,Kalpit Mani,Bengaluru,2023-07-19,N,Referral,Credit/Debit Card,Premium,1076,2026-06-29,1108648.57
CUST007754,Ojas Nath,Hyderabad,2025-04-17,Y,Partner Campaign,Wallet,Occasional,3,2026-06-12,3384.08
CUST007755,Azad Oak,Bengaluru,2024-08-31,N,Organic,UPI,New,1,2026-06-01,623.2
CUST007756,Bakhshi Mammen,Delhi NCR,2024-08-20,N,Organic,Cash on Delivery,New,1,2026-04-03,1468.7
CUST007757,Girindra Bhagat,Bengaluru,2024-03-01,N,Referral,Credit/Debit Card,New,1,2026-04-20,906.53
CUST007758,Ranveer Parmer,Pune,2023-10-07,N,Organic,Cash on Delivery,Occasional,2,2026-05-25,1442.35
CUST007759,Suhani Vig,Chennai,2023-11-07,N,Organic,UPI,Registered Only,0,,0.0
CUST007760,Amrita Pant,Bengaluru,2023-08-11,N,Social Media,Credit/Debit Card,Occasional,3,2026-05-31,589.65
CUST007761,Pranav Gola,Bengaluru,2025-12-29,Y,Paid Search,Cash on Delivery,Occasional,2,2026-05-27,902.01
CUST007762,Sarthak Kaur,Chennai,2023-06-13,N,Organic,Net Banking,Occasional,2,2026-06-10,289.03
CUST007763,Urvi Rao,Mumbai,2023-12-01,N,Organic,UPI,Occasional,4,2026-06-06,3472.56
CUST007764,Lekha Chacko,Bengaluru,2024-01-03,N,Partner Campaign,Net Banking,Occasional,2,2026-05-31,541.16
CUST007765,Nilima Rege,Bengaluru,2024-08-09,Y,Social Media,Credit/Debit Card,New,1,2026-05-03,1087.14
CUST007766,Rachit Kumar,Mumbai,2026-02-27,N,Referral,Wallet,Registered Only,0,,0.0
CUST007767,Pooja Manne,Bengaluru,2024-04-24,N,Social Media,Credit/Debit Card,Occasional,2,2026-05-10,1101.97
CUST007768,Shaurya Sane,Delhi NCR,2023-06-21,Y,Paid Search,UPI,Registered Only,0,,0.0
CUST007769,Gautam Raval,Pune,2023-07-01,N,Partner Campaign,Credit/Debit Card,Registered Only,0,,0.0
CUST007770,Farhan Varghese,Mumbai,2024-01-02,Y,Organic,UPI,Premium,9,2026-06-21,11020.32
CUST007771,Xalak Sridhar,Bengaluru,2023-05-31,Y,Organic,Credit/Debit Card,New,1,2026-06-25,344.12
CUST007772,Fariq Sen,Delhi NCR,2024-04-14,N,Partner Campaign,Cash on Delivery,Premium,5,2026-06-13,8030.3
CUST007773,Alexander Bera,Chennai,2025-12-09,N,Organic,Cash on Delivery,Registered Only,0,,0.0
CUST007774,Kiaan Chakrabarti,Mumbai,2023-04-26,N,Social Media,Wallet,Registered Only,0,,0.0
CUST007775,Indira Shah,Mumbai,2023-08-14,Y,Partner Campaign,UPI,Registered Only,0,,0.0
CUST007776,Ronith Kunda,Hyderabad,2023-06-11,Y,Referral,UPI,Occasional,2,2026-05-24,1644.52
CUST007777,Madhavi Bir,Delhi NCR,2023-11-18,Y,Partner Campaign,UPI,New,1,2026-06-14,97.67
CUST007778,Tanvi Chandran,Mumbai,2024-09-19,N,Organic,Credit/Debit Card,New,1,2026-06-17,1085.69
CUST007779,Dhriti Savant,Chennai,2023-07-02,N,Paid Search,Credit/Debit Card,Occasional,3,2026-06-28,2367.4
CUST007780,Abhimanyu Sachdeva,Bengaluru,2025-09-02,N,Partner Campaign,UPI,Occasional,2,2026-05-31,1284.02
CUST007781,Bhanumati Munshi,Mumbai,2023-07-06,N,Social Media,Wallet,Registered Only,0,,0.0
CUST007782,Anmol Yogi,Bengaluru,2025-05-20,N,Paid Search,UPI,Occasional,2,2026-06-24,4216.18
CUST007783,Megha Radhakrishnan,Hyderabad,2023-05-03,N,Organic,Cash on Delivery,Premium,14,2026-06-27,16050.71
CUST007784,Upma Shankar,Chennai,2023-07-10,N,Social Media,UPI,Occasional,2,2026-06-07,3213.66
CUST007785,Qadim Saran,Bengaluru,2025-03-19,Y,Organic,Credit/Debit Card,Regular,7,2026-06-11,5310.45
CUST007786,Barkha Varma,Hyderabad,2024-02-12,N,Paid Search,Wallet,Occasional,4,2026-06-18,6959.0
CUST007787,Falguni Parmer,Delhi NCR,2024-07-16,Y,Paid Search,Credit/Debit Card,New,1,2026-05-31,2545.38
CUST007788,Gaurang Sandhu,Delhi NCR,2023-08-13,N,Referral,UPI,New,1,2026-04-27,1965.62
CUST007789,Kashish Gopal,Pune,2025-01-11,N,Social Media,UPI,New,1,2026-06-05,1708.41
CUST007790,Nandini Wali,Mumbai,2023-08-09,N,Social Media,UPI,Occasional,2,2026-06-24,2051.79
CUST007791,Harinakshi Sodhi,Pune,2023-07-20,N,Paid Search,UPI,Regular,9,2026-06-23,7146.51
CUST007792,Rehaan Pandit,Chennai,2023-05-07,N,Paid Search,Credit/Debit Card,Occasional,3,2026-06-28,2630.95
CUST007793,Yug Gour,Delhi NCR,2023-12-09,N,Referral,Cash on Delivery,New,1,2026-06-29,149.1
CUST007794,Imaran Jain,Pune,2025-02-21,N,Organic,Credit/Debit Card,Occasional,3,2026-06-22,1309.91
CUST007795,Warhi Khanna,Bengaluru,2025-04-23,N,Organic,UPI,Registered Only,0,,0.0
CUST007796,Girik Barman,Mumbai,2023-09-05,N,Paid Search,Credit/Debit Card,Regular,5,2026-06-11,3729.92
CUST007797,Anmol De,Mumbai,2026-02-01,N,Partner Campaign,Cash on Delivery,Occasional,3,2026-05-11,2311.6
CUST007798,Ikbal Sundaram,Mumbai,2023-04-20,Y,Paid Search,Cash on Delivery,New,1,2026-05-20,283.37
CUST007799,Harshil Jhaveri,Chennai,2026-03-21,N,Referral,Wallet,Occasional,2,2026-06-29,1361.99
CUST007800,Advik Viswanathan,Chennai,2026-01-17,Y,Organic,Wallet,Registered Only,0,,0.0
CUST007801,Ekalinga Prakash,Mumbai,2023-10-06,N,Organic,Cash on Delivery,Registered Only,0,,0.0
CUST007802,Sanaya Kala,Hyderabad,2023-12-07,Y,Social Media,Credit/Debit Card,New,1,2026-06-21,731.61
CUST007803,Jeevika Nagy,Bengaluru,2026-01-19,N,Organic,UPI,Occasional,3,2026-06-17,5599.67
CUST007804,Zinal Raj,Mumbai,2025-05-19,N,Referral,Wallet,Occasional,2,2026-06-22,724.85
CUST007805,Vaishnavi Munshi,Pune,2025-12-24,N,Organic,UPI,Premium,18,2026-06-25,15926.58
CUST007806,Pranav Nanda,Bengaluru,2025-10-08,N,Organic,UPI,New,1,2026-06-12,2370.76
CUST007807,Jyoti Raju,Mumbai,2026-03-23,N,Paid Search,UPI,Registered Only,0,,0.0
CUST007808,Harsh Grover,Chennai,2025-04-23,N,Partner Campaign,UPI,Registered Only,0,,0.0
CUST007809,Aachal Pal,Bengaluru,2025-08-13,N,Organic,Credit/Debit Card,New,1,2026-04-06,503.47
CUST007810,Oliver Prabhakar,Delhi NCR,2025-09-23,Y,Organic,Wallet,Registered Only,0,,0.0
CUST007811,Vasudha Sampath,Hyderabad,2024-06-04,N,Organic,UPI,Premium,50,2026-06-29,62551.4
CUST007812,Kashvi Sethi,Pune,2026-01-17,Y,Paid Search,UPI,Regular,5,2026-06-04,3029.21
CUST007813,Reyansh Muni,Delhi NCR,2023-11-23,N,Organic,Credit/Debit Card,New,1,2026-04-03,475.88
CUST007814,Frederick Tandon,Bengaluru,2023-04-26,N,Referral,Credit/Debit Card,Premium,13,2026-06-29,13170.42
CUST007815,Samaksh Nagarajan,Pune,2024-05-11,N,Organic,UPI,Occasional,4,2026-04-19,7169.6
CUST007816,Chaaya Raja,Bengaluru,2025-11-28,N,Social Media,Cash on Delivery,Registered Only,0,,0.0
CUST007817,Ekiya Banerjee,Bengaluru,2024-12-14,N,Organic,UPI,Premium,3,2026-06-02,11664.1
CUST007818,Max Bhakta,Hyderabad,2024-06-06,N,Social Media,UPI,Occasional,3,2026-05-25,3424.1
CUST007819,Yashasvi Hayer,Chennai,2023-07-30,N,Paid Search,Cash on Delivery,New,1,2026-06-11,291.61
CUST007820,Varsha Kurian,Chennai,2024-12-23,N,Referral,Wallet,Registered Only,0,,0.0
CUST007821,Dakshesh Bassi,Chennai,2023-09-03,N,Partner Campaign,Credit/Debit Card,Registered Only,0,,0.0
CUST007822,Keya Lala,Chennai,2023-10-29,Y,Social Media,Credit/Debit Card,Occasional,4,2026-06-27,3976.61
CUST007823,Omaja Dutt,Mumbai,2025-01-08,N,Organic,UPI,Registered Only,0,,0.0
CUST007824,Omisha Bhagat,Chennai,2024-06-01,Y,Social Media,UPI,New,1,2026-06-12,676.17
CUST007825,Samaksh Roy,Bengaluru,2026-02-03,N,Paid Search,Cash on Delivery,Occasional,3,2026-06-03,1601.34
CUST007826,Madhav Joshi,Bengaluru,2023-10-11,N,Referral,UPI,Registered Only,0,,0.0
CUST007827,Ekaraj Ramesh,Hyderabad,2024-01-28,N,Paid Search,UPI,Registered Only,0,,0.0
CUST007828,Nathan Sibal,Chennai,2024-08-31,Y,Referral,UPI,New,1,2026-06-21,377.77
CUST007829,Kashish Chand,Bengaluru,2023-06-14,N,Paid Search,Wallet,New,1,2026-05-17,2533.4
CUST007830,Lopa Nanda,Bengaluru,2025-05-21,Y,Organic,Credit/Debit Card,Registered Only,0,,0.0
CUST007831,Atharv Dhawan,Bengaluru,2026-03-18,N,Social Media,Wallet,Occasional,2,2026-06-09,1477.74
CUST007832,Gaurang Chada,Delhi NCR,2025-04-10,N,Partner Campaign,UPI,New,1,2026-05-17,726.76
CUST007833,Aditya Sinha,Mumbai,2025-02-04,N,Social Media,Credit/Debit Card,Registered Only,0,,0.0
CUST007834,Fariq Dugal,Bengaluru,2024-07-03,Y,Organic,UPI,New,1,2026-05-04,2316.44
CUST007835,Vedhika Deo,Mumbai,2024-11-20,N,Referral,Wallet,New,1,2026-06-19,1250.55
CUST007836,Krishna Guha,Hyderabad,2024-01-23,N,Paid Search,Credit/Debit Card,Registered Only,0,,0.0
CUST007837,Bhavini Mittal,Mumbai,2024-03-01,N,Partner Campaign,Credit/Debit Card,Occasional,2,2026-05-17,3415.14
CUST007838,Edhitha Khosla,Bengaluru,2025-12-20,N,Social Media,UPI,Premium,8,2026-06-28,11086.43
CUST007839,Benjamin Deshpande,Pune,2025-12-06,N,Organic,UPI,Occasional,2,2026-06-07,2296.38
CUST007840,Kiaan Nanda,Chennai,2024-08-08,N,Partner Campaign,UPI,Occasional,3,2026-06-03,2544.69
CUST007841,Lekha Deshmukh,Bengaluru,2025-07-03,Y,Referral,Credit/Debit Card,New,1,2026-04-14,0.0
CUST007842,Megha Gulati,Hyderabad,2024-09-14,Y,Organic,Credit/Debit Card,Occasional,3,2026-06-11,1700.9
CUST007843,Vyanjana Pal,Chennai,2023-12-08,N,Paid Search,Credit/Debit Card,Registered Only,0,,0.0
CUST007844,Gavin Sachdev,Bengaluru,2023-04-01,Y,Social Media,UPI,Premium,10,2026-06-23,14375.05
CUST007845,Christopher Shenoy,Bengaluru,2023-06-24,N,Organic,Credit/Debit Card,Occasional,4,2026-06-11,4172.25
CUST007846,Wridesh Narula,Delhi NCR,2024-07-27,N,Organic,Cash on Delivery,Occasional,3,2026-06-01,1632.34
CUST007847,Udarsh Pant,Delhi NCR,2023-12-22,N,Partner Campaign,Cash on Delivery,New,1,2026-06-01,159.94
CUST007848,Sanaya Gera,Pune,2024-05-03,N,Paid Search,UPI,New,1,2026-04-30,1382.05
CUST007849,Suhani Doctor,Hyderabad,2026-02-08,N,Paid Search,UPI,Registered Only,0,,0.0
CUST007850,Wahab Sampath,Hyderabad,2025-01-05,N,Organic,UPI,Occasional,3,2026-06-28,1886.59
CUST007851,Teerth Mistry,Hyderabad,2026-02-25,N,Paid Search,Credit/Debit Card,Registered Only,0,,0.0
CUST007852,Balendra Master,Bengaluru,2024-08-22,N,Social Media,UPI,New,1,2026-05-22,1070.23
CUST007853,Nachiket Aurora,Delhi NCR,2025-12-20,N,Paid Search,UPI,Regular,8,2026-06-16,6930.88
CUST007854,Oviya Dyal,Chennai,2024-06-09,N,Organic,UPI,Registered Only,0,,0.0
CUST007855,Faris Dewan,Mumbai,2024-11-05,N,Paid Search,UPI,Registered Only,0,,0.0
CUST007856,Zashil Mand,Chennai,2023-10-28,Y,Paid Search,Wallet,Occasional,4,2026-06-18,3330.78
CUST007857,Harish Agrawal,Pune,2025-10-19,Y,Referral,Credit/Debit Card,Occasional,2,2026-05-30,1249.88
CUST007858,Praneel Choudhary,Bengaluru,2023-04-18,N,Social Media,Wallet,Registered Only,0,,0.0
CUST007859,Rohan Gola,Hyderabad,2024-05-08,N,Paid Search,UPI,Occasional,2,2026-06-09,1632.42
CUST007860,Balendra Iyengar,Delhi NCR,2024-08-31,N,Paid Search,Credit/Debit Card,Premium,9,2026-05-30,11993.82
CUST007861,Darsh Maharaj,Bengaluru,2026-01-14,N,Organic,UPI,New,1,2026-04-03,0.0
CUST007862,Vedika Kibe,Chennai,2024-06-16,N,Paid Search,UPI,Registered Only,0,,0.0
CUST007863,Chavvi Murty,Bengaluru,2023-09-05,N,Partner Campaign,UPI,Registered Only,0,,0.0
CUST007864,Eiravati Tella,Bengaluru,2023-12-26,N,Organic,UPI,Occasional,2,2026-05-17,3114.25
CUST007865,Divya Dhar,Mumbai,2025-09-06,N,Organic,Wallet,Occasional,3,2026-06-29,3067.11
CUST007866,Jonathan Natt,Mumbai,2023-07-18,N,Organic,Wallet,Occasional,2,2026-06-19,591.17
CUST007867,Gunbir Guha,Chennai,2026-01-31,N,Partner Campaign,Credit/Debit Card,Occasional,3,2026-06-16,1233.95
CUST007868,Udyati Cherian,Mumbai,2025-03-20,Y,Partner Campaign,Net Banking,New,1,2026-04-06,499.16
CUST007869,Mohini Thakur,Delhi NCR,2025-11-15,N,Paid Search,Wallet,New,1,2026-05-09,1563.08
CUST007870,Abhimanyu Bhandari,Hyderabad,2025-06-27,N,Organic,Wallet,Occasional,4,2026-06-01,1801.86
CUST007871,William Dube,Chennai,2025-03-21,N,Paid Search,Credit/Debit Card,Registered Only,0,,0.0
CUST007872,Upma Mangal,Hyderabad,2023-07-06,N,Organic,UPI,Registered Only,0,,0.0
CUST007873,Jeevika Sharma,Bengaluru,2023-12-20,N,Organic,Cash on Delivery,Registered Only,0,,0.0
CUST007874,Veda Sheth,Hyderabad,2025-03-17,N,Paid Search,Credit/Debit Card,New,1,2026-05-07,734.84
CUST007875,Balendra Butala,Chennai,2023-10-08,Y,Paid Search,UPI,New,1,2026-05-20,1075.6
CUST007876,Saanvi Rastogi,Bengaluru,2023-09-09,N,Partner Campaign,UPI,Registered Only,0,,0.0
CUST007877,Samesh Raja,Delhi NCR,2023-07-20,N,Social Media,Credit/Debit Card,Premium,8,2026-06-28,8403.82
CUST007878,Janani Rao,Pune,2023-12-13,N,Paid Search,UPI,Occasional,3,2026-05-27,4150.91
CUST007879,Chaitanya Grewal,Mumbai,2024-11-03,N,Social Media,UPI,Occasional,4,2026-05-28,5205.38
CUST007880,Frederick Bhat,Delhi NCR,2024-06-11,N,Organic,UPI,New,1,2026-06-20,497.94
CUST007881,Raksha Konda,Bengaluru,2024-12-05,Y,Organic,Cash on Delivery,Occasional,2,2026-06-11,3671.87
CUST007882,Jagdish Sharaf,Hyderabad,2024-11-23,N,Paid Search,Net Banking,Premium,4,2026-06-09,10504.21
CUST007883,Gauri Johal,Mumbai,2024-04-21,N,Organic,UPI,Occasional,4,2026-06-27,6190.33
CUST007884,Abhimanyu Atwal,Mumbai,2023-10-12,N,Partner Campaign,Wallet,Registered Only,0,,0.0
CUST007885,Aarna Ranganathan,Bengaluru,2025-08-05,N,Social Media,Wallet,Occasional,2,2026-06-12,5125.82
CUST007886,Kritika Suri,Delhi NCR,2025-08-04,N,Paid Search,UPI,New,1,2026-05-30,0.0
CUST007887,Rushil Shere,Mumbai,2023-06-26,N,Paid Search,UPI,New,1,2026-05-28,949.02
CUST007888,Rohan Sagar,Mumbai,2025-09-29,N,Organic,UPI,Registered Only,0,,0.0
CUST007889,Avi Majumdar,Pune,2026-01-31,N,Referral,Wallet,New,1,2026-06-01,2465.51
CUST007890,Ucchal Tella,Bengaluru,2024-03-03,N,Referral,UPI,Occasional,2,2026-04-24,1964.88
CUST007891,Jacob Goel,Pune,2024-09-24,N,Organic,Net Banking,Registered Only,0,,0.0
CUST007892,Eshana Shankar,Bengaluru,2024-08-22,N,Organic,Credit/Debit Card,Registered Only,0,,0.0
CUST007893,Meera Sibal,Bengaluru,2025-10-09,Y,Referral,UPI,Occasional,3,2026-06-06,1427.89
CUST007894,Aachal Borra,Hyderabad,2023-08-06,N,Social Media,UPI,Registered Only,0,,0.0
CUST007895,Januja Nath,Hyderabad,2024-07-03,N,Organic,Credit/Debit Card,Premium,11,2026-06-24,9942.94
CUST007896,Saumya Behl,Bengaluru,2025-06-11,N,Paid Search,Cash on Delivery,Regular,6,2026-06-06,6942.35
CUST007897,Chaitanya Chahal,Bengaluru,2023-12-15,N,Social Media,UPI,New,1,2026-05-09,2207.69
CUST007898,Urvashi Pathak,Delhi NCR,2025-03-02,N,Referral,Net Banking,Registered Only,0,,0.0
CUST007899,Siddharth Singhal,Hyderabad,2024-05-12,Y,Organic,Cash on Delivery,New,1,2026-05-01,2264.6
CUST007900,Yutika Baral,Delhi NCR,2025-03-31,N,Social Media,Credit/Debit Card,Occasional,3,2026-06-05,2970.86
CUST007901,Ekbal Soni,Delhi NCR,2023-06-12,N,Organic,Cash on Delivery,Occasional,2,2026-05-02,2219.43
CUST007902,Neha Borah,Hyderabad,2025-03-17,Y,Referral,UPI,Registered Only,0,,0.0
CUST007903,Krishna Kala,Mumbai,2023-08-30,Y,Paid Search,Credit/Debit Card,Premium,7,2026-06-27,12247.71
CUST007904,Falak Prabhu,Pune,2025-02-14,N,Social Media,Wallet,Premium,7,2026-06-20,8128.36
CUST007905,Anay Bir,Mumbai,2025-05-25,Y,Paid Search,Cash on Delivery,Registered Only,0,,0.0
CUST007906,Dev Dube,Pune,2025-09-13,N,Social Media,UPI,Regular,6,2026-05-23,5589.33
CUST007907,Kashvi Sha,Pune,2024-12-03,N,Paid Search,Wallet,Registered Only,0,,0.0
CUST007908,Upadhriti Merchant,Pune,2025-01-16,N,Organic,Credit/Debit Card,Occasional,4,2026-06-19,6491.33
CUST007909,Watika Sandhu,Bengaluru,2026-02-14,N,Referral,Wallet,Registered Only,0,,0.0
CUST007910,Hritik Bhargava,Mumbai,2024-06-02,Y,Partner Campaign,UPI,New,1,2026-06-05,2696.07
CUST007911,Jagrati Brahmbhatt,Bengaluru,2026-01-26,Y,Social Media,UPI,Occasional,3,2026-06-28,1936.12
CUST007912,Pavani Aurora,Bengaluru,2023-05-25,N,Paid Search,Credit/Debit Card,Regular,6,2026-06-09,4890.54
CUST007913,Robert Sinha,Bengaluru,2024-06-19,N,Organic,Wallet,Registered Only,0,,0.0
CUST007914,Ubika Nagarajan,Pune,2023-09-16,N,Social Media,UPI,New,1,2026-06-10,620.89
CUST007915,Timothy Sawhney,Mumbai,2024-03-18,N,Referral,Cash on Delivery,Registered Only,0,,0.0
CUST007916,Ria Buch,Pune,2026-02-15,N,Referral,Credit/Debit Card,Registered Only,0,,0.0
CUST007917,Oscar Savant,Delhi NCR,2024-12-27,N,Referral,Credit/Debit Card,Occasional,3,2026-06-09,3979.43
CUST007918,Jacob Kaul,Mumbai,2025-07-07,N,Referral,Credit/Debit Card,Occasional,4,2026-06-15,5200.77
CUST007919,Falak Sani,Mumbai,2023-05-31,Y,Organic,UPI,Registered Only,0,,0.0
CUST007920,Aarnav Rattan,Bengaluru,2025-08-16,Y,Referral,UPI,Premium,7,2026-06-17,8522.04
CUST007921,Caleb Bhatia,Bengaluru,2025-01-21,Y,Referral,Cash on Delivery,Occasional,3,2026-05-31,3098.55
CUST007922,Hema Jhaveri,Mumbai,2023-08-02,N,Social Media,UPI,Regular,6,2026-06-25,4776.66
CUST007923,Finn Seshadri,Hyderabad,2026-01-01,N,Organic,UPI,Occasional,4,2026-06-06,5999.32
CUST007924,Falguni Bedi,Mumbai,2023-09-23,N,Social Media,UPI,Registered Only,0,,0.0
CUST007925,Vamakshi Purohit,Bengaluru,2025-02-14,N,Organic,UPI,New,1,2026-06-07,1853.32
CUST007926,Chatresh Tandon,Pune,2024-07-22,Y,Referral,Credit/Debit Card,Registered Only,0,,0.0
CUST007927,Bakhshi Virk,Pune,2023-05-20,N,Paid Search,Wallet,Registered Only,0,,0.0
CUST007928,Owen Sankaran,Hyderabad,2025-10-01,N,Organic,UPI,Occasional,2,2026-06-14,2915.19
CUST007929,Oviya Kari,Bengaluru,2024-04-23,N,Paid Search,UPI,Occasional,3,2026-06-25,759.07
CUST007930,Laksh Dave,Chennai,2023-05-26,N,Organic,UPI,New,1,2026-04-19,1006.29
CUST007931,Benjamin Chopra,Pune,2025-06-17,N,Paid Search,Cash on Delivery,Occasional,2,2026-05-22,1116.93
CUST007932,Zansi Rai,Mumbai,2024-04-30,Y,Organic,UPI,New,1,2026-06-24,1871.42
CUST007933,Madhav Kumar,Hyderabad,2025-09-03,Y,Paid Search,UPI,Regular,5,2026-06-28,4195.74
CUST007934,Viraj Dey,Mumbai,2025-03-08,N,Social Media,Credit/Debit Card,New,1,2026-04-12,1244.48
CUST007935,Yahvi Bhattacharyya,Mumbai,2024-12-30,Y,Referral,UPI,Occasional,2,2026-06-01,1920.23
CUST007936,Aashi Sethi,Bengaluru,2023-04-30,Y,Referral,Cash on Delivery,Occasional,3,2026-05-01,5508.5
CUST007937,Finn Borah,Bengaluru,2023-09-26,Y,Social Media,Credit/Debit Card,Registered Only,0,,0.0
CUST007938,Harish Sachdeva,Bengaluru,2023-05-23,N,Organic,Cash on Delivery,New,1,2026-06-21,2414.59
CUST007939,Warhi Butala,Hyderabad,2024-11-26,N,Organic,UPI,Occasional,2,2026-06-07,1996.38
CUST007940,Aarav Ram,Mumbai,2024-11-29,N,Organic,Wallet,Occasional,3,2026-06-08,4889.38
CUST007941,Geetika Madan,Bengaluru,2024-08-19,N,Organic,UPI,Registered Only,0,,0.0
CUST007942,Chameli Natt,Chennai,2025-02-23,N,Referral,Cash on Delivery,Registered Only,0,,0.0
CUST007943,Harrison Sangha,Mumbai,2023-06-04,N,Social Media,Wallet,Occasional,4,2026-06-13,3145.36
CUST007944,Tanay Viswanathan,Pune,2023-04-07,N,Social Media,UPI,Occasional,2,2026-05-07,511.74
CUST007945,Krishna Sarna,Mumbai,2026-03-07,Y,Organic,Credit/Debit Card,New,1,2026-04-25,799.83
CUST007946,Max Rajagopal,Chennai,2025-08-01,Y,Social Media,Cash on Delivery,Occasional,2,2026-06-20,1412.54
CUST007947,Zaid Sood,Bengaluru,2025-03-10,Y,Social Media,Wallet,Registered Only,0,,0.0
CUST007948,Ridhi Muni,Chennai,2025-05-24,Y,Referral,Credit/Debit Card,Registered Only,0,,0.0
CUST007949,Varenya Chauhan,Bengaluru,2024-03-29,N,Referral,Net Banking,Occasional,2,2026-06-05,416.21
CUST007950,Daksh Narasimhan,Bengaluru,2026-02-06,N,Organic,UPI,Occasional,2,2026-05-25,1241.38
CUST007951,Tara Iyengar,Mumbai,2025-05-02,Y,Paid Search,UPI,New,1,2026-06-07,318.69
CUST007952,Noah Ganesh,Hyderabad,2024-11-18,N,Partner Campaign,Credit/Debit Card,New,1,2026-05-30,540.59
CUST007953,Qabil Bansal,Bengaluru,2024-10-15,N,Organic,UPI,Occasional,4,2026-06-15,1588.92
CUST007954,Jeevika Pal,Mumbai,2025-06-18,N,Referral,UPI,Registered Only,0,,0.0
CUST007955,Pallavi Varty,Delhi NCR,2023-04-08,Y,Referral,Credit/Debit Card,New,1,2026-04-07,275.57
CUST007956,Omkaar Sridhar,Mumbai,2024-03-22,N,Referral,UPI,Registered Only,0,,0.0
CUST007957,Nitesh Varty,Delhi NCR,2025-10-23,N,Paid Search,Cash on Delivery,New,1,2026-05-20,787.33
CUST007958,Samarth Pall,Bengaluru,2025-03-17,Y,Organic,Wallet,New,1,2026-06-02,539.05
CUST007959,Harish Modi,Hyderabad,2023-04-28,Y,Partner Campaign,UPI,Registered Only,0,,0.0
CUST007960,Kai Choudhry,Chennai,2025-10-15,Y,Organic,Cash on Delivery,Premium,8,2026-06-27,9871.32
CUST007961,Yutika Sampath,Bengaluru,2023-07-16,Y,Referral,Cash on Delivery,New,1,2026-06-24,230.86
CUST007962,Qarin Nayar,Chennai,2024-02-22,N,Paid Search,UPI,Occasional,3,2026-06-17,2319.79
CUST007963,Imaran Subramaniam,Hyderabad,2023-11-14,Y,Organic,UPI,Registered Only,0,,0.0
CUST007964,Diya Sundaram,Hyderabad,2025-11-27,N,Organic,Cash on Delivery,New,1,2026-06-10,548.98
CUST007965,Kashish Saran,Hyderabad,2024-03-12,N,Social Media,Credit/Debit Card,Premium,9,2026-06-28,11839.7
CUST007966,Nimrat Hayre,Bengaluru,2025-12-31,Y,Organic,Credit/Debit Card,Occasional,3,2026-05-27,2411.49
CUST007967,Aachal Jaggi,Bengaluru,2023-12-18,N,Social Media,UPI,Registered Only,0,,0.0
CUST007968,Abhimanyu Koshy,Chennai,2023-10-23,N,Partner Campaign,UPI,Regular,5,2026-06-23,7617.91
CUST007969,Raagini Pandit,Hyderabad,2026-02-27,N,Paid Search,UPI,Registered Only,0,,0.0
CUST007970,Wishi Naidu,Delhi NCR,2025-08-26,N,Paid Search,Net Banking,Registered Only,0,,0.0
CUST007971,Naksh Sanghvi,Bengaluru,2025-07-15,N,Referral,Credit/Debit Card,Registered Only,0,,0.0
CUST007972,Rushil Bala,Bengaluru,2025-01-19,Y,Organic,Credit/Debit Card,New,1,2026-06-19,551.84
CUST007973,Hitesh Bandi,Hyderabad,2024-08-16,N,Paid Search,UPI,Regular,5,2026-06-27,5431.63
CUST007974,Wridesh Yogi,Hyderabad,2023-03-29,Y,Organic,Credit/Debit Card,Registered Only,0,,0.0
CUST007975,Ekani Kunda,Delhi NCR,2023-10-08,N,Partner Campaign,Credit/Debit Card,New,1,2026-04-03,1157.67
CUST007976,Ranbir Nadkarni,Hyderabad,2023-10-06,N,Social Media,Net Banking,Registered Only,0,,0.0
CUST007977,Ronith Morar,Mumbai,2025-10-11,N,Referral,UPI,Premium,6,2026-06-14,9759.29
CUST007978,Prisha Golla,Mumbai,2025-04-05,Y,Paid Search,UPI,Occasional,2,2026-04-20,1064.86
CUST007979,Harinakshi Minhas,Bengaluru,2025-04-11,N,Organic,Net Banking,Registered Only,0,,0.0
CUST007980,Laksh Kala,Pune,2024-05-01,N,Organic,Net Banking,Registered Only,0,,0.0
CUST007981,Ishani Wable,Hyderabad,2024-10-23,N,Organic,UPI,Registered Only,0,,0.0
CUST007982,Aryan Mammen,Pune,2024-07-31,N,Referral,Credit/Debit Card,Registered Only,0,,0.0
CUST007983,Maanas Nagarajan,Bengaluru,2026-01-13,Y,Organic,Wallet,New,1,2026-05-26,531.92
CUST007984,Gagan Badami,Bengaluru,2025-05-09,N,Organic,UPI,Registered Only,0,,0.0
CUST007985,Jagdish Bath,Chennai,2025-08-01,N,Partner Campaign,UPI,New,1,2026-05-22,164.51
CUST007986,Jonathan Yohannan,Hyderabad,2025-06-25,N,Paid Search,Credit/Debit Card,New,1,2026-05-29,646.82
CUST007987,Maya Purohit,Chennai,2023-09-05,N,Paid Search,UPI,Occasional,2,2026-04-26,3330.02
CUST007988,Chakradhar Raman,Delhi NCR,2025-05-26,N,Paid Search,Credit/Debit Card,Occasional,2,2026-06-05,81.57
CUST007989,Samuel Shah,Bengaluru,2025-02-16,N,Referral,UPI,Occasional,2,2026-05-19,4051.05
CUST007990,Yuvraj Kale,Hyderabad,2023-08-22,N,Referral,Net Banking,Occasional,4,2026-06-08,2333.53
CUST007991,Vihaan Goda,Mumbai,2023-11-23,N,Partner Campaign,UPI,Registered Only,0,,0.0
CUST007992,Omisha Hayre,Delhi NCR,2024-01-24,N,Organic,Credit/Debit Card,New,1,2026-04-09,588.24
CUST007993,Manthan Parikh,Bengaluru,2024-10-14,Y,Organic,UPI,Premium,6,2026-06-13,8831.67
CUST007994,Ishita Mohan,Bengaluru,2025-06-10,Y,Organic,UPI,Occasional,2,2026-06-02,1174.49
CUST007995,Dipta Divan,Bengaluru,2025-08-09,N,Social Media,UPI,Occasional,3,2026-05-14,2297.71
CUST007996,George Chaudhary,Bengaluru,2023-06-21,Y,Referral,Credit/Debit Card,New,1,2026-04-03,790.6
CUST007997,Gavin Sandhu,Bengaluru,2025-03-14,N,Paid Search,Cash on Delivery,Registered Only,0,,0.0
CUST007998,Anika Sant,Bengaluru,2024-01-06,N,Organic,UPI,Occasional,3,2026-06-20,2339.03
CUST007999,Daksh Kothari,Bengaluru,2024-12-09,N,Paid Search,Wallet,Registered Only,0,,0.0
CUST008000,Hemang Mangal,Bengaluru,2025-09-22,N,Paid Search,UPI,Registered Only,0,,0.0
