case_id,order_id,case_type,issue_category,case_created_timestamp,resolution_timestamp,resolution_status,resolution_hours,refund_amount,root_cause,customer_satisfaction_score
CASE000001,ORD0000003,Refund,Cancellation Dispute,2026-04-14 06:53:22,2026-04-15 08:06:01,Resolved,25.21,150.5,System Status Delay,2.0
CASE000002,ORD0000013,Refund,Missing Item,2026-06-22 11:32:43,2026-06-22 18:31:04,Resolved,6.97,174.37,Stock Reconciliation Gap,3.0
CASE000003,ORD0000034,Refund,Wrong Quantity,2026-04-15 14:25:03,2026-04-16 04:04:31,Resolved,13.66,36.44,Picking Error,2.0
CASE000004,ORD0000039,Refund,Item Unavailable,2026-04-25 22:52:34,2026-04-26 03:25:58,Resolved,4.56,419.89,Replenishment Delay,2.0
CASE000005,ORD0000048,Refund,Missing Item,2026-04-28 02:27:00,2026-04-28 06:05:07,Resolved,3.64,235.59,Picking Error,2.0
CASE000006,ORD0000051,Return,Wrong Item,2026-05-27 02:59:02,2026-05-28 00:10:22,Resolved,21.19,1010.96,Picking Error,4.0
CASE000007,ORD0000054,Refund,Missing Item,2026-04-11 22:36:37,2026-04-13 05:22:04,Resolved,30.76,68.82,Stock Reconciliation Gap,1.0
CASE000008,ORD0000056,Refund,Item Unavailable,2026-05-18 21:45:48,2026-05-19 02:11:12,Resolved,4.42,310.25,Replenishment Delay,3.0
CASE000009,ORD0000070,Refund,Item Unavailable,2026-05-31 05:37:45,2026-05-31 09:20:04,Resolved,3.71,74.47,Inventory Mismatch,5.0
CASE000010,ORD0000073,Refund,Missing Item,2026-04-04 13:55:19,2026-04-05 02:02:35,Resolved,12.12,122.89,Stock Reconciliation Gap,4.0
CASE000011,ORD0000075,Refund,Item Unavailable,2026-05-21 00:05:03,2026-05-21 06:00:14,Resolved,5.92,215.23,Inventory Mismatch,4.0
CASE000012,ORD0000078,Refund,Item Unavailable,2026-06-14 03:22:04,2026-06-14 18:38:10,Resolved,15.27,152.73,Inventory Mismatch,1.0
CASE000013,ORD0000080,Refund,Missing Item,2026-04-20 18:53:07,2026-04-21 01:49:52,Resolved,6.95,362.49,Stock Reconciliation Gap,2.0
CASE000014,ORD0000082,Refund,Item Unavailable,2026-04-18 14:15:18,2026-04-20 00:55:32,Resolved,34.67,416.5,Replenishment Delay,1.0
CASE000015,ORD0000092,Complaint,Wrong Item,2026-05-15 11:57:59,2026-05-15 20:45:22,Resolved,8.79,0.0,Picking Error,3.0
CASE000016,ORD0000096,Refund,Item Unavailable,2026-06-15 16:18:32,2026-06-16 01:09:15,Resolved,8.85,219.49,Inventory Mismatch,1.0
CASE000017,ORD0000097,Refund,Item Unavailable,2026-05-03 01:11:02,2026-05-03 04:55:34,Resolved,3.74,357.66,Inventory Mismatch,2.0
CASE000018,ORD0000098,Refund,Item Unavailable,2026-04-30 01:36:08,2026-04-30 15:49:49,Escalated,14.23,89.27,Replenishment Delay,4.0
CASE000019,ORD0000116,Refund,Missing Item,2026-05-27 23:45:28,2026-05-28 22:58:30,Resolved,23.22,355.87,Picking Error,1.0
CASE000020,ORD0000117,Refund,Missing Item,2026-06-08 21:27:21,2026-06-09 13:49:27,Resolved,16.37,276.35,Picking Error,3.0
CASE000021,ORD0000120,Refund,Wrong Quantity,2026-04-18 23:45:38,2026-04-19 15:25:25,Resolved,15.66,177.91,Picking Error,3.0
CASE000022,ORD0000124,Refund,Missing Item,2026-04-06 06:58:07,2026-04-07 02:44:31,Resolved,19.77,75.78,Picking Error,1.0
CASE000023,ORD0000138,Complaint,Quality Issue,2026-04-22 01:33:46,2026-04-22 04:50:08,Resolved,3.27,0.0,Expiry Risk,2.0
CASE000024,ORD0000145,Refund,Missing Item,2026-05-14 18:31:09,2026-05-15 04:31:35,Escalated,10.01,174.59,Stock Reconciliation Gap,3.0
CASE000025,ORD0000150,Refund,Missing Item,2026-05-06 15:12:11,2026-05-08 05:47:42,Resolved,38.59,576.01,Picking Error,4.0
CASE000026,ORD0000155,Refund,Item Unavailable,2026-05-17 22:21:16,,Open,,56.59,Replenishment Delay,
CASE000027,ORD0000156,Refund,Missing Item,2026-06-29 02:16:52,2026-06-29 10:09:54,Resolved,7.88,189.57,Stock Reconciliation Gap,2.0
CASE000028,ORD0000157,Return,Quality Issue,2026-06-23 16:44:48,2026-06-25 23:37:08,Resolved,54.87,1114.6,Supplier Quality,3.0
CASE000029,ORD0000158,Refund,Refund Delay,2026-04-26 04:23:25,2026-04-27 08:32:57,Resolved,28.16,1290.46,Manual Review,1.0
CASE000030,ORD0000176,Refund,Missing Item,2026-05-13 17:41:31,2026-05-14 01:50:22,Resolved,8.15,99.58,Stock Reconciliation Gap,4.0
CASE000031,ORD0000184,Refund,Item Unavailable,2026-05-25 09:04:28,2026-05-25 18:41:33,Resolved,9.62,184.58,Replenishment Delay,5.0
CASE000032,ORD0000187,Refund,Missing Item,2026-04-05 15:19:13,2026-04-05 19:25:49,Resolved,4.11,189.03,Picking Error,4.0
CASE000033,ORD0000188,Refund,Missing Item,2026-06-07 12:07:25,2026-06-07 14:01:19,Resolved,1.9,360.05,Stock Reconciliation Gap,4.0
CASE000034,ORD0000212,Refund,Missing Item,2026-04-08 19:48:32,2026-04-09 09:18:03,Resolved,13.49,155.13,Stock Reconciliation Gap,1.0
CASE000035,ORD0000217,Complaint,Wrong Item,2026-05-03 05:18:29,2026-05-03 19:35:22,Resolved,14.28,0.0,Picking Error,4.0
CASE000036,ORD0000224,Refund,Missing Item,2026-06-12 00:10:39,2026-06-12 07:38:46,Resolved,7.47,994.2,Picking Error,3.0
CASE000037,ORD0000229,Refund,Item Unavailable,2026-06-02 08:45:24,2026-06-02 13:26:21,Escalated,4.68,338.22,Inventory Mismatch,1.0
CASE000038,ORD0000233,Refund,Missing Item,2026-06-26 10:31:54,2026-06-27 16:02:39,Resolved,29.51,36.71,Picking Error,3.0
CASE000039,ORD0000240,Refund,Missing Item,2026-04-11 17:08:15,2026-04-12 14:52:32,Resolved,21.74,198.03,Stock Reconciliation Gap,3.0
CASE000040,ORD0000247,Complaint,Late Delivery,2026-04-20 22:15:04,2026-04-21 06:25:52,Resolved,8.18,0.0,Rider Shortage,2.0
CASE000041,ORD0000265,Refund,Missing Item,2026-04-22 22:12:51,2026-04-23 09:08:55,Resolved,10.93,527.52,Picking Error,3.0
CASE000042,ORD0000267,Return,Damaged Product,2026-06-18 18:34:05,2026-06-19 12:45:01,Resolved,18.18,2575.03,Poor Packaging,4.0
CASE000043,ORD0000269,Refund,Missing Item,2026-04-07 01:34:48,2026-04-08 03:25:36,Escalated,25.85,127.65,Picking Error,5.0
CASE000044,ORD0000272,Complaint,Quality Issue,2026-05-13 06:01:49,2026-05-14 17:01:11,Resolved,34.99,0.0,Expiry Risk,2.0
CASE000045,ORD0000278,Refund,Cancellation Dispute,2026-05-19 12:05:42,2026-05-19 22:25:51,Resolved,10.34,704.45,System Status Delay,2.0
CASE000046,ORD0000282,Complaint,Wrong Item,2026-04-06 21:58:51,2026-04-07 09:42:07,Resolved,11.72,0.0,Picking Error,3.0
CASE000047,ORD0000293,Refund,Item Unavailable,2026-06-24 16:11:05,2026-06-25 02:46:25,Resolved,10.59,682.94,Inventory Mismatch,5.0
CASE000048,ORD0000295,Refund,Missing Item,2026-06-28 05:28:06,2026-06-29 05:43:34,Resolved,24.26,219.18,Picking Error,2.0
CASE000049,ORD0000298,Refund,Wrong Quantity,2026-06-15 20:07:41,2026-06-16 18:19:07,Resolved,22.19,101.7,Picking Error,3.0
CASE000050,ORD0000304,Refund,Item Unavailable,2026-06-02 04:25:40,2026-06-02 21:04:11,Resolved,16.64,526.7,Replenishment Delay,2.0
CASE000051,ORD0000318,Refund,Missing Item,2026-04-24 05:59:10,2026-04-26 15:53:36,Resolved,57.91,327.93,Stock Reconciliation Gap,3.0
CASE000052,ORD0000320,Refund,Missing Item,2026-06-04 22:28:59,2026-06-05 11:22:53,Resolved,12.9,48.98,Picking Error,3.0
CASE000053,ORD0000322,Return,Quality Issue,2026-06-04 23:50:23,2026-06-05 00:20:23,Resolved,0.5,2482.23,Supplier Quality,4.0
CASE000054,ORD0000325,Refund,Item Unavailable,2026-05-14 23:10:45,2026-05-15 10:03:16,Resolved,10.88,103.38,Replenishment Delay,1.0
CASE000055,ORD0000328,Refund,Wrong Quantity,2026-05-20 21:11:12,2026-05-21 15:43:04,Resolved,18.53,107.82,Packing Error,1.0
CASE000056,ORD0000336,Return,Wrong Item,2026-06-26 09:29:24,2026-06-27 07:34:11,Resolved,22.08,5544.9,Picking Error,3.0
CASE000057,ORD0000340,Refund,Wrong Quantity,2026-04-19 18:34:52,2026-04-20 16:10:57,Resolved,21.6,118.69,Picking Error,2.0
CASE000058,ORD0000341,Refund,Missing Item,2026-06-13 23:43:33,2026-06-14 21:02:17,Resolved,21.31,32.89,Stock Reconciliation Gap,3.0
CASE000059,ORD0000363,Refund,Wrong Quantity,2026-06-15 14:54:42,2026-06-16 10:02:38,Resolved,19.13,69.61,Packing Error,1.0
CASE000060,ORD0000367,Refund,Missing Item,2026-05-23 19:21:50,2026-05-24 11:00:37,Resolved,15.65,121.33,Picking Error,1.0
CASE000061,ORD0000376,Refund,Missing Item,2026-06-01 06:05:04,2026-06-01 17:50:46,Resolved,11.76,255.21,Stock Reconciliation Gap,2.0
CASE000062,ORD0000378,Refund,Missing Item,2026-06-18 09:53:26,2026-06-18 17:13:33,Resolved,7.34,121.98,Picking Error,3.0
CASE000063,ORD0000394,Complaint,Late Delivery,2026-05-06 04:08:25,2026-05-06 10:45:36,Resolved,6.62,0.0,Store Processing Delay,5.0
CASE000064,ORD0000395,Refund,Wrong Quantity,2026-05-26 10:34:12,2026-05-26 22:21:30,Resolved,11.79,561.71,Picking Error,2.0
CASE000065,ORD0000397,Refund,Missing Item,2026-04-18 15:17:47,2026-04-19 13:05:14,Resolved,21.79,126.96,Picking Error,3.0
CASE000066,ORD0000401,Refund,Missing Item,2026-04-20 01:20:04,2026-04-20 04:38:23,Resolved,3.31,513.39,Picking Error,2.0
CASE000067,ORD0000402,Refund,Item Unavailable,2026-05-23 15:56:57,2026-05-23 23:07:45,Resolved,7.18,313.61,Replenishment Delay,4.0
CASE000068,ORD0000418,Refund,Item Unavailable,2026-06-17 07:12:29,2026-06-17 10:52:39,Resolved,3.67,184.76,Inventory Mismatch,3.0
CASE000069,ORD0000423,Return,Quality Issue,2026-04-10 22:55:20,2026-04-11 11:34:54,Escalated,12.66,796.55,Expiry Risk,5.0
CASE000070,ORD0000439,Refund,Item Unavailable,2026-04-23 13:32:01,2026-04-23 17:55:19,Resolved,4.39,170.93,Inventory Mismatch,1.0
CASE000071,ORD0000446,Refund,Item Unavailable,2026-05-16 13:52:26,2026-05-17 15:42:26,Resolved,25.83,223.5,Replenishment Delay,3.0
CASE000072,ORD0000450,Complaint,Wrong Item,2026-06-04 22:22:16,,Open,,0.0,Picking Error,
CASE000073,ORD0000453,Refund,Missing Item,2026-05-29 06:34:25,2026-05-30 00:40:58,Escalated,18.11,421.78,Picking Error,3.0
CASE000074,ORD0000463,Refund,Missing Item,2026-05-18 00:21:22,2026-05-19 09:31:39,Resolved,33.17,100.35,Picking Error,2.0
CASE000075,ORD0000467,Refund,Item Unavailable,2026-04-27 05:11:37,2026-04-27 22:19:33,Resolved,17.13,75.37,Inventory Mismatch,4.0
CASE000076,ORD0000469,Refund,Item Unavailable,2026-05-17 15:05:44,2026-05-17 19:32:18,Resolved,4.44,142.14,Inventory Mismatch,2.0
CASE000077,ORD0000470,Return,Quality Issue,2026-06-17 22:17:46,2026-06-18 02:18:56,Resolved,4.02,105.38,Supplier Quality,5.0
CASE000078,ORD0000477,Return,Damaged Product,2026-05-15 15:08:08,2026-05-15 22:35:46,Resolved,7.46,1321.77,Supplier Quality,3.0
CASE000079,ORD0000480,Refund,Wrong Quantity,2026-06-08 23:16:54,2026-06-09 04:56:07,Resolved,5.65,147.21,Picking Error,3.0
CASE000080,ORD0000485,Refund,Missing Item,2026-04-10 10:30:53,2026-04-10 12:18:51,Resolved,1.8,70.54,Stock Reconciliation Gap,2.0
CASE000081,ORD0000488,Refund,Missing Item,2026-06-01 23:04:54,2026-06-02 18:00:57,Escalated,18.93,60.17,Picking Error,5.0
CASE000082,ORD0000491,Complaint,Wrong Item,2026-06-12 20:36:29,2026-06-14 01:40:31,Resolved,29.07,0.0,Picking Error,3.0
CASE000083,ORD0000501,Refund,Item Unavailable,2026-04-30 07:28:14,2026-04-30 13:26:23,Escalated,5.97,198.58,Inventory Mismatch,1.0
CASE000084,ORD0000510,Refund,Missing Item,2026-06-17 04:17:26,2026-06-18 00:07:47,Resolved,19.84,60.43,Stock Reconciliation Gap,2.0
CASE000085,ORD0000511,Refund,Missing Item,2026-05-22 10:31:58,2026-05-24 08:04:08,Resolved,45.54,219.95,Stock Reconciliation Gap,1.0
CASE000086,ORD0000513,Refund,Missing Item,2026-06-01 17:21:00,2026-06-02 06:08:28,Resolved,12.79,125.02,Stock Reconciliation Gap,4.0
CASE000087,ORD0000537,Refund,Cancellation Dispute,2026-06-30 17:35:38,2026-06-30 23:38:18,Resolved,6.04,1568.37,System Status Delay,4.0
CASE000088,ORD0000554,Refund,Item Unavailable,2026-06-15 17:44:03,2026-06-16 17:46:13,Resolved,24.04,168.16,Replenishment Delay,3.0
CASE000089,ORD0000562,Refund,Item Unavailable,2026-04-06 16:10:14,2026-04-07 07:51:21,Resolved,15.69,66.24,Replenishment Delay,2.0
CASE000090,ORD0000569,Refund,Missing Item,2026-04-11 14:27:07,2026-04-12 19:35:53,Escalated,29.15,73.48,Picking Error,1.0
CASE000091,ORD0000594,Return,Damaged Product,2026-05-07 19:51:58,2026-05-07 22:13:12,Resolved,2.35,240.51,Handling Issue,1.0
CASE000092,ORD0000596,Refund,Missing Item,2026-04-13 22:21:21,2026-04-14 05:47:15,Escalated,7.43,79.97,Stock Reconciliation Gap,2.0
CASE000093,ORD0000617,Refund,Missing Item,2026-05-21 00:58:43,2026-05-21 13:33:22,Resolved,12.58,186.27,Picking Error,4.0
CASE000094,ORD0000618,Refund,Wrong Quantity,2026-05-28 15:12:32,2026-05-29 11:55:55,Escalated,20.72,205.34,Packing Error,5.0
CASE000095,ORD0000631,Complaint,Wrong Item,2026-05-24 13:54:25,2026-05-24 21:54:57,Resolved,8.01,0.0,Catalog Mapping Error,3.0
CASE000096,ORD0000632,Refund,Item Unavailable,2026-04-26 01:47:44,2026-04-26 22:00:36,Resolved,20.21,155.28,Replenishment Delay,4.0
CASE000097,ORD0000634,Refund,Missing Item,2026-05-21 07:21:46,2026-05-22 23:24:43,Resolved,40.05,121.34,Picking Error,2.0
CASE000098,ORD0000643,Refund,Item Unavailable,2026-04-19 23:05:13,2026-04-20 18:05:14,Resolved,19.0,321.96,Replenishment Delay,3.0
CASE000099,ORD0000645,Refund,Missing Item,2026-05-04 07:13:18,2026-05-04 13:07:27,Resolved,5.9,174.84,Stock Reconciliation Gap,2.0
CASE000100,ORD0000656,Refund,Missing Item,2026-06-28 16:13:22,,Open,,182.29,Stock Reconciliation Gap,
CASE000101,ORD0000663,Refund,Wrong Quantity,2026-04-18 22:12:29,2026-04-19 07:54:38,Resolved,9.7,810.83,Packing Error,2.0
CASE000102,ORD0000671,Return,Damaged Product,2026-04-06 19:50:22,2026-04-07 20:36:16,Resolved,24.76,902.84,Poor Packaging,2.0
CASE000103,ORD0000676,Refund,Payment Issue,2026-05-30 13:29:20,,Open,,36.47,Payment Gateway Error,
CASE000104,ORD0000686,Refund,Missing Item,2026-06-13 11:27:35,,Open,,149.34,Picking Error,
CASE000105,ORD0000687,Refund,Missing Item,2026-05-24 01:35:59,2026-05-24 07:40:31,Resolved,6.08,1372.13,Stock Reconciliation Gap,2.0
CASE000106,ORD0000689,Refund,Missing Item,2026-05-18 14:47:51,2026-05-19 11:36:06,Resolved,20.8,36.72,Picking Error,2.0
CASE000107,ORD0000727,Refund,Missing Item,2026-04-13 02:22:39,2026-04-14 18:01:51,Resolved,39.65,250.81,Picking Error,2.0
CASE000108,ORD0000732,Refund,Missing Item,2026-06-08 11:54:54,2026-06-08 19:56:21,Resolved,8.02,146.03,Picking Error,5.0
CASE000109,ORD0000746,Refund,Wrong Quantity,2026-05-14 09:17:24,2026-05-15 01:10:20,Resolved,15.88,204.63,Picking Error,3.0
CASE000110,ORD0000747,Refund,Item Unavailable,2026-04-10 21:54:05,2026-04-11 04:53:06,Resolved,6.98,235.27,Inventory Mismatch,1.0
CASE000111,ORD0000751,Refund,Missing Item,2026-05-09 15:52:47,,Open,,107.96,Picking Error,
CASE000112,ORD0000757,Complaint,Damaged Product,2026-05-23 12:13:55,2026-05-24 02:21:20,Resolved,14.12,0.0,Poor Packaging,3.0
CASE000113,ORD0000758,Refund,Missing Item,2026-06-07 10:48:36,2026-06-08 18:00:13,Resolved,31.19,320.43,Picking Error,3.0
CASE000114,ORD0000783,Refund,Item Unavailable,2026-06-14 12:06:08,2026-06-14 15:54:12,Resolved,3.8,151.28,Replenishment Delay,3.0
CASE000115,ORD0000786,Refund,Missing Item,2026-06-08 05:55:34,2026-06-08 15:38:01,Resolved,9.71,157.04,Picking Error,3.0
CASE000116,ORD0000788,Refund,Item Unavailable,2026-04-23 12:25:12,2026-04-24 02:20:08,Resolved,13.92,159.04,Inventory Mismatch,1.0
CASE000117,ORD0000789,Refund,Missing Item,2026-06-12 03:37:57,2026-06-12 14:09:46,Escalated,10.53,272.94,Picking Error,2.0
CASE000118,ORD0000791,Refund,Missing Item,2026-05-24 18:59:25,2026-05-25 06:12:46,Resolved,11.22,195.39,Stock Reconciliation Gap,1.0
CASE000119,ORD0000796,Return,Damaged Product,2026-06-16 17:21:48,2026-06-16 20:51:19,Resolved,3.49,217.22,Poor Packaging,3.0
CASE000120,ORD0000797,Refund,Item Unavailable,2026-05-08 13:08:24,2026-05-08 18:03:08,Resolved,4.91,168.15,Inventory Mismatch,3.0
CASE000121,ORD0000798,Refund,Wrong Quantity,2026-04-12 12:20:02,2026-04-12 23:26:53,Resolved,11.11,153.62,Packing Error,5.0
CASE000122,ORD0000799,Complaint,Wrong Item,2026-04-24 15:40:03,2026-04-25 03:13:32,Resolved,11.56,0.0,Catalog Mapping Error,4.0
CASE000123,ORD0000802,Complaint,Wrong Item,2026-06-24 10:13:08,2026-06-24 15:00:14,Resolved,4.79,0.0,Catalog Mapping Error,3.0
CASE000124,ORD0000807,Refund,Wrong Quantity,2026-04-13 03:00:11,2026-04-13 11:20:53,Resolved,8.35,98.04,Picking Error,4.0
CASE000125,ORD0000812,Complaint,Quality Issue,2026-06-04 22:49:28,2026-06-06 01:24:51,Resolved,26.59,0.0,Temperature Excursion,3.0
CASE000126,ORD0000815,Refund,Refund Delay,2026-05-02 13:27:04,2026-05-03 09:57:43,Resolved,20.51,517.23,Payment Gateway Delay,3.0
CASE000127,ORD0000825,Refund,Missing Item,2026-06-14 06:22:11,2026-06-14 17:09:38,Resolved,10.79,580.84,Stock Reconciliation Gap,2.0
CASE000128,ORD0000827,Refund,Item Unavailable,2026-04-28 04:24:54,2026-04-29 02:22:52,Resolved,21.97,376.44,Replenishment Delay,4.0
CASE000129,ORD0000829,Refund,Missing Item,2026-06-21 03:44:02,2026-06-22 09:30:14,Resolved,29.77,109.87,Picking Error,1.0
CASE000130,ORD0000834,Refund,Missing Item,2026-04-11 23:28:07,2026-04-12 02:17:21,Resolved,2.82,442.43,Stock Reconciliation Gap,4.0
CASE000131,ORD0000838,Refund,Item Unavailable,2026-05-23 08:05:25,2026-05-24 16:13:17,Resolved,32.13,115.48,Inventory Mismatch,1.0
CASE000132,ORD0000868,Refund,Missing Item,2026-04-26 12:51:23,2026-04-27 03:02:22,Resolved,14.18,361.01,Stock Reconciliation Gap,1.0
CASE000133,ORD0000884,Refund,Missing Item,2026-05-17 08:51:55,2026-05-18 12:53:01,Resolved,28.02,228.2,Picking Error,4.0
CASE000134,ORD0000890,Refund,Missing Item,2026-05-24 09:08:32,2026-05-25 07:44:37,Resolved,22.6,194.34,Picking Error,1.0
CASE000135,ORD0000892,Refund,Missing Item,2026-04-29 06:20:01,2026-04-29 21:34:12,Resolved,15.24,47.49,Picking Error,1.0
CASE000136,ORD0000893,Complaint,Late Delivery,2026-05-26 04:43:34,2026-05-28 01:34:36,Resolved,44.85,0.0,Rider Shortage,4.0
CASE000137,ORD0000896,Refund,Wrong Quantity,2026-04-26 08:06:46,2026-04-27 13:54:06,Resolved,29.79,369.84,Picking Error,5.0
CASE000138,ORD0000897,Refund,Missing Item,2026-05-03 16:08:37,2026-05-04 00:49:47,Resolved,8.69,183.81,Stock Reconciliation Gap,5.0
CASE000139,ORD0000904,Refund,Missing Item,2026-05-18 12:35:15,2026-05-18 18:59:53,Resolved,6.41,222.57,Picking Error,4.0
CASE000140,ORD0000905,Refund,Payment Issue,2026-06-19 13:45:31,2026-06-20 02:39:26,Resolved,12.9,566.18,Bank Decline,3.0
CASE000141,ORD0000906,Refund,Wrong Quantity,2026-05-31 14:19:26,2026-06-02 05:06:59,Resolved,38.79,107.97,Picking Error,3.0
CASE000142,ORD0000925,Refund,Wrong Quantity,2026-04-14 03:48:20,2026-04-14 23:41:11,Resolved,19.88,928.97,Packing Error,5.0
CASE000143,ORD0000927,Refund,Item Unavailable,2026-06-08 07:14:08,2026-06-08 14:01:00,Resolved,6.78,195.62,Inventory Mismatch,2.0
CASE000144,ORD0000931,Refund,Item Unavailable,2026-05-03 11:34:25,2026-05-04 03:26:32,Resolved,15.87,146.58,Replenishment Delay,4.0
CASE000145,ORD0000937,Refund,Missing Item,2026-04-02 18:07:15,2026-04-03 13:22:16,Resolved,19.25,47.54,Stock Reconciliation Gap,5.0
CASE000146,ORD0000965,Refund,Item Unavailable,2026-04-18 21:01:51,,Open,,238.52,Inventory Mismatch,
CASE000147,ORD0000972,Complaint,Wrong Item,2026-04-29 19:21:19,2026-04-30 18:27:30,Resolved,23.1,0.0,Picking Error,5.0
CASE000148,ORD0000974,Refund,Missing Item,2026-04-05 08:20:14,2026-04-06 01:36:41,Resolved,17.27,59.35,Picking Error,4.0
CASE000149,ORD0000985,Refund,Missing Item,2026-04-10 19:48:04,2026-04-11 17:31:31,Resolved,21.72,664.23,Picking Error,2.0
CASE000150,ORD0001002,Refund,Missing Item,2026-04-21 01:30:43,2026-04-21 13:35:57,Resolved,12.09,376.56,Picking Error,4.0
CASE000151,ORD0001019,Complaint,Damaged Product,2026-06-06 10:43:54,2026-06-06 15:11:25,Resolved,4.46,0.0,Supplier Quality,1.0
CASE000152,ORD0001024,Refund,Missing Item,2026-06-27 21:00:03,2026-06-28 04:06:35,Resolved,7.11,130.88,Picking Error,4.0
CASE000153,ORD0001027,Complaint,Wrong Item,2026-06-09 13:01:27,2026-06-09 18:52:18,Resolved,5.85,0.0,Catalog Mapping Error,4.0
CASE000154,ORD0001032,Refund,Missing Item,2026-04-20 18:42:03,2026-04-21 04:31:36,Resolved,9.83,112.3,Picking Error,3.0
CASE000155,ORD0001044,Complaint,Wrong Item,2026-04-15 20:44:21,2026-04-16 09:10:24,Resolved,12.43,0.0,Catalog Mapping Error,3.0
CASE000156,ORD0001048,Refund,Wrong Quantity,2026-06-18 18:24:48,2026-06-18 21:38:08,Resolved,3.22,120.7,Picking Error,4.0
CASE000157,ORD0001055,Return,Damaged Product,2026-04-16 10:48:52,2026-04-16 18:12:03,Resolved,7.39,376.01,Poor Packaging,5.0
CASE000158,ORD0001061,Refund,Missing Item,2026-05-17 12:12:15,2026-05-17 13:04:20,Resolved,0.87,486.67,Stock Reconciliation Gap,2.0
CASE000159,ORD0001073,Complaint,Wrong Item,2026-05-25 21:48:59,,Open,,0.0,Picking Error,
CASE000160,ORD0001074,Refund,Missing Item,2026-05-10 03:44:20,2026-05-10 17:11:39,Resolved,13.46,143.24,Picking Error,5.0
CASE000161,ORD0001081,Refund,Missing Item,2026-06-22 18:04:12,,Open,,282.9,Picking Error,
CASE000162,ORD0001085,Refund,Missing Item,2026-06-21 08:48:05,2026-06-21 20:46:46,Resolved,11.98,176.24,Picking Error,4.0
CASE000163,ORD0001092,Refund,Wrong Quantity,2026-06-01 03:44:22,2026-06-02 07:14:13,Resolved,27.5,465.45,Picking Error,4.0
CASE000164,ORD0001093,Refund,Wrong Quantity,2026-05-18 11:55:12,2026-05-19 01:46:43,Escalated,13.86,127.83,Packing Error,3.0
CASE000165,ORD0001108,Complaint,Quality Issue,2026-04-27 03:34:06,2026-04-27 06:17:42,Resolved,2.73,0.0,Expiry Risk,2.0
CASE000166,ORD0001114,Refund,Item Unavailable,2026-05-17 01:54:34,2026-05-17 22:53:29,Resolved,20.98,180.22,Replenishment Delay,4.0
CASE000167,ORD0001117,Refund,Item Unavailable,2026-06-20 22:36:12,2026-06-21 02:21:39,Resolved,3.76,111.22,Replenishment Delay,2.0
CASE000168,ORD0001121,Refund,Missing Item,2026-05-25 02:09:37,,Open,,130.0,Picking Error,
CASE000169,ORD0001127,Refund,Wrong Quantity,2026-06-19 03:53:13,2026-06-19 16:08:47,Resolved,12.26,77.84,Packing Error,3.0
CASE000170,ORD0001130,Complaint,Late Delivery,2026-06-08 04:15:56,,Open,,0.0,Rider Shortage,
CASE000171,ORD0001140,Complaint,Late Delivery,2026-04-13 04:03:50,2026-04-13 06:52:20,Resolved,2.81,0.0,Store Processing Delay,4.0
CASE000172,ORD0001141,Return,Damaged Product,2026-06-18 02:32:19,2026-06-19 01:06:22,Resolved,22.57,493.35,Supplier Quality,1.0
CASE000173,ORD0001142,Refund,Wrong Quantity,2026-04-04 21:56:28,2026-04-05 12:25:25,Escalated,14.48,83.64,Picking Error,4.0
CASE000174,ORD0001144,Refund,Missing Item,2026-06-16 12:19:26,2026-06-16 16:13:36,Resolved,3.9,496.54,Picking Error,3.0
CASE000175,ORD0001149,Complaint,Wrong Item,2026-06-07 11:56:23,2026-06-07 22:11:39,Resolved,10.25,0.0,Picking Error,5.0
CASE000176,ORD0001154,Refund,Item Unavailable,2026-04-21 13:30:37,2026-04-22 16:17:40,Resolved,26.78,136.45,Replenishment Delay,4.0
CASE000177,ORD0001163,Complaint,Damaged Product,2026-05-02 16:02:15,2026-05-03 14:44:45,Resolved,22.71,0.0,Poor Packaging,5.0
CASE000178,ORD0001164,Refund,Wrong Quantity,2026-06-08 06:59:31,2026-06-08 19:06:42,Resolved,12.12,132.21,Packing Error,3.0
CASE000179,ORD0001165,Refund,Missing Item,2026-04-12 12:43:45,2026-04-14 00:09:59,Resolved,35.44,124.62,Picking Error,3.0
CASE000180,ORD0001169,Complaint,Quality Issue,2026-05-17 13:31:21,2026-05-17 17:22:56,Resolved,3.86,0.0,Supplier Quality,1.0
CASE000181,ORD0001171,Refund,Missing Item,2026-04-30 20:36:37,2026-05-01 06:02:24,Resolved,9.43,411.73,Picking Error,4.0
CASE000182,ORD0001175,Refund,Item Unavailable,2026-05-30 05:35:07,2026-05-30 19:42:42,Resolved,14.13,108.47,Replenishment Delay,4.0
CASE000183,ORD0001176,Refund,Missing Item,2026-04-14 23:41:51,2026-04-15 11:45:44,Resolved,12.06,135.36,Picking Error,1.0
CASE000184,ORD0001189,Refund,Missing Item,2026-04-28 10:21:45,2026-04-29 01:44:10,Resolved,15.37,69.06,Picking Error,1.0
CASE000185,ORD0001194,Refund,Wrong Quantity,2026-04-02 17:45:20,2026-04-03 00:11:09,Resolved,6.43,46.17,Picking Error,1.0
CASE000186,ORD0001198,Return,Quality Issue,2026-05-17 15:25:39,2026-05-18 05:35:13,Resolved,14.16,1824.89,Supplier Quality,5.0
CASE000187,ORD0001209,Return,Damaged Product,2026-06-06 22:13:53,2026-06-07 08:36:23,Resolved,10.38,2052.49,Handling Issue,1.0
CASE000188,ORD0001221,Refund,Item Unavailable,2026-05-12 23:00:05,2026-05-13 13:23:50,Resolved,14.4,269.95,Inventory Mismatch,1.0
CASE000189,ORD0001222,Refund,Missing Item,2026-04-10 04:01:23,2026-04-10 16:04:43,Resolved,12.06,191.25,Stock Reconciliation Gap,5.0
CASE000190,ORD0001223,Refund,Item Unavailable,2026-05-13 20:26:19,2026-05-14 21:39:43,Escalated,25.22,68.33,Replenishment Delay,4.0
CASE000191,ORD0001225,Complaint,Wrong Item,2026-06-06 10:48:50,2026-06-07 02:09:14,Resolved,15.34,0.0,Catalog Mapping Error,4.0
CASE000192,ORD0001232,Refund,Item Unavailable,2026-04-12 13:07:16,2026-04-12 17:20:46,Resolved,4.23,265.61,Inventory Mismatch,3.0
CASE000193,ORD0001236,Refund,Missing Item,2026-05-07 14:49:02,2026-05-08 13:34:04,Resolved,22.75,125.54,Stock Reconciliation Gap,4.0
CASE000194,ORD0001239,Refund,Item Unavailable,2026-05-24 20:33:20,,Open,,243.38,Replenishment Delay,
CASE000195,ORD0001248,Return,Damaged Product,2026-06-24 12:37:34,2026-06-25 01:05:42,Resolved,12.47,379.7,Supplier Quality,1.0
CASE000196,ORD0001258,Refund,Missing Item,2026-04-23 19:05:55,2026-04-24 04:13:39,Resolved,9.13,445.86,Stock Reconciliation Gap,4.0
CASE000197,ORD0001259,Refund,Missing Item,2026-06-26 16:43:53,2026-06-26 23:48:09,Resolved,7.07,141.57,Picking Error,4.0
CASE000198,ORD0001260,Return,Quality Issue,2026-06-19 09:17:02,2026-06-20 01:58:15,Resolved,16.69,1340.0,Temperature Excursion,5.0
CASE000199,ORD0001261,Complaint,Damaged Product,2026-06-05 22:44:01,2026-06-06 12:46:41,Resolved,14.04,0.0,Poor Packaging,1.0
CASE000200,ORD0001268,Complaint,Late Delivery,2026-04-13 18:33:08,2026-04-14 12:01:04,Resolved,17.47,0.0,Store Processing Delay,5.0
CASE000201,ORD0001276,Refund,Missing Item,2026-05-25 20:51:40,2026-05-26 07:50:04,Escalated,10.97,339.98,Stock Reconciliation Gap,2.0
CASE000202,ORD0001277,Refund,Missing Item,2026-06-22 05:41:44,2026-06-23 08:48:01,Resolved,27.1,255.39,Stock Reconciliation Gap,5.0
CASE000203,ORD0001278,Refund,Item Unavailable,2026-04-26 17:35:15,,Open,,196.21,Replenishment Delay,
CASE000204,ORD0001280,Refund,Missing Item,2026-04-05 15:55:37,2026-04-05 17:39:06,Resolved,1.72,242.74,Stock Reconciliation Gap,2.0
CASE000205,ORD0001289,Complaint,Quality Issue,2026-04-22 04:43:42,2026-04-22 16:56:34,Resolved,12.21,0.0,Temperature Excursion,1.0
CASE000206,ORD0001291,Refund,Missing Item,2026-06-29 20:11:17,2026-06-30 15:27:59,Resolved,19.28,479.05,Stock Reconciliation Gap,2.0
CASE000207,ORD0001296,Refund,Missing Item,2026-06-19 07:48:30,2026-06-20 02:05:10,Resolved,18.28,116.65,Picking Error,1.0
CASE000208,ORD0001298,Refund,Missing Item,2026-05-07 06:35:36,2026-05-07 19:58:25,Escalated,13.38,86.88,Picking Error,3.0
CASE000209,ORD0001299,Refund,Missing Item,2026-05-18 09:52:51,2026-05-19 06:13:07,Resolved,20.34,211.82,Picking Error,3.0
CASE000210,ORD0001303,Refund,Missing Item,2026-04-05 13:06:26,2026-04-06 01:11:06,Resolved,12.08,187.71,Picking Error,2.0
CASE000211,ORD0001308,Refund,Wrong Quantity,2026-06-27 12:48:26,2026-06-27 18:31:01,Resolved,5.71,54.16,Picking Error,3.0
CASE000212,ORD0001312,Refund,Item Unavailable,2026-04-28 22:38:48,2026-04-29 13:28:48,Resolved,14.83,196.56,Inventory Mismatch,2.0
CASE000213,ORD0001314,Refund,Refund Delay,2026-05-24 15:48:34,2026-05-24 21:05:34,Resolved,5.28,1924.87,Payment Gateway Delay,4.0
CASE000214,ORD0001316,Refund,Item Unavailable,2026-05-29 16:33:27,2026-05-29 23:25:29,Escalated,6.87,175.54,Replenishment Delay,3.0
CASE000215,ORD0001325,Refund,Missing Item,2026-05-05 20:28:03,2026-05-06 04:10:42,Resolved,7.71,35.76,Picking Error,2.0
CASE000216,ORD0001328,Refund,Missing Item,2026-06-14 22:38:43,2026-06-15 17:36:56,Resolved,18.97,126.64,Picking Error,5.0
CASE000217,ORD0001331,Complaint,Rider Behaviour,2026-06-30 06:08:55,2026-07-01 17:30:49,Resolved,35.37,0.0,Training Gap,1.0
CASE000218,ORD0001363,Refund,Missing Item,2026-05-01 20:41:43,2026-05-02 11:49:06,Resolved,15.12,182.16,Picking Error,5.0
CASE000219,ORD0001383,Refund,Missing Item,2026-06-07 13:36:35,2026-06-08 16:29:22,Resolved,26.88,157.35,Picking Error,1.0
CASE000220,ORD0001402,Complaint,Late Delivery,2026-05-28 16:33:14,2026-05-29 10:42:22,Resolved,18.15,0.0,Rider Shortage,2.0
CASE000221,ORD0001409,Refund,Missing Item,2026-06-18 19:10:13,2026-06-19 09:52:31,Resolved,14.71,237.09,Stock Reconciliation Gap,4.0
CASE000222,ORD0001410,Refund,Wrong Quantity,2026-06-21 18:54:44,,Open,,254.46,Packing Error,
CASE000223,ORD0001417,Return,Quality Issue,2026-06-16 13:41:54,2026-06-16 23:36:19,Resolved,9.91,722.92,Temperature Excursion,5.0
CASE000224,ORD0001419,Return,Wrong Item,2026-06-06 01:04:59,2026-06-07 09:26:14,Resolved,32.35,803.05,Picking Error,1.0
CASE000225,ORD0001438,Refund,Missing Item,2026-06-03 03:54:07,2026-06-03 18:13:48,Resolved,14.33,106.9,Stock Reconciliation Gap,1.0
CASE000226,ORD0001442,Complaint,Rider Behaviour,2026-04-07 19:10:15,2026-04-08 13:02:55,Resolved,17.88,0.0,Conduct Issue,2.0
CASE000227,ORD0001443,Refund,Item Unavailable,2026-04-08 22:38:26,2026-04-10 07:05:01,Resolved,32.44,991.72,Inventory Mismatch,5.0
CASE000228,ORD0001446,Refund,Missing Item,2026-06-26 11:13:34,2026-06-26 16:47:21,Escalated,5.56,49.48,Stock Reconciliation Gap,5.0
CASE000229,ORD0001447,Complaint,Rider Behaviour,2026-06-24 21:33:05,2026-06-25 09:00:23,Resolved,11.45,0.0,Conduct Issue,3.0
CASE000230,ORD0001448,Refund,Item Unavailable,2026-05-05 04:26:41,2026-05-05 10:49:43,Resolved,6.38,195.9,Replenishment Delay,2.0
CASE000231,ORD0001449,Refund,Missing Item,2026-05-31 16:05:50,2026-06-01 02:13:24,Resolved,10.13,170.23,Picking Error,4.0
CASE000232,ORD0001456,Refund,Item Unavailable,2026-05-10 06:05:10,2026-05-10 22:33:50,Resolved,16.48,132.9,Replenishment Delay,5.0
CASE000233,ORD0001465,Refund,Missing Item,2026-06-18 00:05:25,2026-06-18 03:20:15,Resolved,3.25,235.92,Stock Reconciliation Gap,1.0
CASE000234,ORD0001466,Refund,Missing Item,2026-06-28 15:18:30,,Open,,131.04,Stock Reconciliation Gap,
CASE000235,ORD0001467,Complaint,Wrong Item,2026-04-16 12:04:02,,Open,,0.0,Picking Error,
CASE000236,ORD0001472,Refund,Cancellation Dispute,2026-04-14 02:52:11,2026-04-14 19:14:51,Resolved,16.38,284.76,Policy Misunderstanding,2.0
CASE000237,ORD0001476,Refund,Missing Item,2026-05-26 12:19:07,,Open,,161.3,Stock Reconciliation Gap,
CASE000238,ORD0001478,Complaint,Wrong Item,2026-05-30 13:20:42,2026-05-31 22:41:28,Resolved,33.35,0.0,Picking Error,5.0
CASE000239,ORD0001480,Complaint,Wrong Item,2026-04-10 01:38:45,2026-04-11 02:08:21,Resolved,24.49,0.0,Catalog Mapping Error,1.0
CASE000240,ORD0001481,Return,Damaged Product,2026-06-26 16:24:05,2026-06-27 03:24:03,Resolved,11.0,786.61,Handling Issue,1.0
CASE000241,ORD0001485,Refund,Missing Item,2026-04-04 10:46:54,2026-04-05 02:44:33,Resolved,15.96,282.32,Picking Error,5.0
CASE000242,ORD0001498,Refund,Item Unavailable,2026-04-21 02:13:21,2026-04-21 20:34:20,Resolved,18.35,132.74,Inventory Mismatch,1.0
CASE000243,ORD0001499,Return,Damaged Product,2026-05-20 12:08:03,2026-05-21 18:05:28,Resolved,29.96,364.09,Supplier Quality,3.0
CASE000244,ORD0001505,Refund,Missing Item,2026-05-15 14:30:30,,Open,,331.39,Picking Error,
CASE000245,ORD0001507,Refund,Missing Item,2026-05-02 12:46:47,2026-05-03 02:29:26,Resolved,13.71,565.68,Picking Error,3.0
CASE000246,ORD0001509,Refund,Item Unavailable,2026-05-27 06:52:10,2026-05-27 14:36:08,Resolved,7.73,32.41,Inventory Mismatch,2.0
CASE000247,ORD0001511,Refund,Missing Item,2026-04-10 02:44:44,2026-04-11 01:07:34,Resolved,22.38,176.35,Picking Error,5.0
CASE000248,ORD0001526,Refund,Missing Item,2026-05-10 09:02:10,2026-05-11 17:36:11,Resolved,32.57,187.42,Picking Error,2.0
CASE000249,ORD0001538,Refund,Wrong Quantity,2026-05-05 22:26:03,2026-05-06 07:38:25,Resolved,9.21,530.16,Packing Error,4.0
CASE000250,ORD0001578,Return,Quality Issue,2026-04-03 16:44:43,2026-04-05 06:40:05,Resolved,37.92,1277.87,Temperature Excursion,1.0
CASE000251,ORD0001581,Return,Quality Issue,2026-06-07 20:16:04,2026-06-09 06:08:22,Escalated,33.87,193.23,Temperature Excursion,3.0
CASE000252,ORD0001582,Refund,Missing Item,2026-05-12 06:40:10,2026-05-12 09:10:56,Resolved,2.51,308.16,Stock Reconciliation Gap,4.0
CASE000253,ORD0001585,Refund,Item Unavailable,2026-06-29 08:42:51,2026-06-30 02:29:15,Resolved,17.77,42.12,Replenishment Delay,2.0
CASE000254,ORD0001591,Refund,Item Unavailable,2026-04-16 22:30:28,2026-04-17 11:43:47,Resolved,13.22,253.74,Inventory Mismatch,2.0
CASE000255,ORD0001601,Complaint,Wrong Item,2026-05-08 21:25:39,,Open,,0.0,Catalog Mapping Error,
CASE000256,ORD0001606,Complaint,Damaged Product,2026-04-23 17:37:22,2026-04-24 10:37:14,Resolved,17.0,0.0,Handling Issue,5.0
CASE000257,ORD0001608,Return,Damaged Product,2026-05-16 19:48:40,2026-05-17 11:22:22,Resolved,15.56,1618.24,Handling Issue,1.0
CASE000258,ORD0001615,Return,Wrong Item,2026-05-24 16:28:17,2026-05-24 22:54:52,Resolved,6.44,1087.35,Catalog Mapping Error,1.0
CASE000259,ORD0001616,Refund,Wrong Quantity,2026-06-15 09:33:05,2026-06-15 13:08:44,Resolved,3.59,612.75,Picking Error,5.0
CASE000260,ORD0001618,Refund,Missing Item,2026-04-08 01:17:30,,Open,,144.06,Stock Reconciliation Gap,
CASE000261,ORD0001632,Refund,Missing Item,2026-04-22 18:46:48,2026-04-24 02:52:05,Resolved,32.09,380.02,Picking Error,4.0
CASE000262,ORD0001647,Refund,Item Unavailable,2026-06-06 01:47:59,2026-06-06 16:46:08,Resolved,14.97,164.05,Replenishment Delay,3.0
CASE000263,ORD0001655,Refund,Wrong Quantity,2026-06-05 22:15:36,2026-06-07 21:53:49,Resolved,47.64,101.55,Picking Error,2.0
CASE000264,ORD0001656,Return,Quality Issue,2026-05-03 02:16:05,2026-05-03 22:14:07,Resolved,19.97,940.81,Expiry Risk,2.0
CASE000265,ORD0001658,Refund,Item Unavailable,2026-06-28 10:22:21,2026-06-28 22:52:12,Resolved,12.5,139.48,Replenishment Delay,4.0
CASE000266,ORD0001667,Complaint,Late Delivery,2026-04-22 00:51:13,2026-04-22 10:36:24,Resolved,9.75,0.0,Traffic Delay,1.0
CASE000267,ORD0001680,Refund,Item Unavailable,2026-04-04 19:20:14,2026-04-05 04:24:03,Resolved,9.06,128.24,Inventory Mismatch,4.0
CASE000268,ORD0001681,Complaint,Quality Issue,2026-06-29 12:43:32,2026-06-30 09:02:29,Resolved,20.32,0.0,Expiry Risk,4.0
CASE000269,ORD0001699,Complaint,Rider Behaviour,2026-06-11 03:57:48,2026-06-11 19:17:53,Resolved,15.33,0.0,Conduct Issue,4.0
CASE000270,ORD0001714,Complaint,Damaged Product,2026-05-25 02:58:48,2026-05-26 05:35:23,Escalated,26.61,0.0,Poor Packaging,2.0
CASE000271,ORD0001718,Refund,Refund Delay,2026-04-11 01:25:41,2026-04-11 18:04:31,Resolved,16.65,1062.45,Payment Gateway Delay,1.0
CASE000272,ORD0001724,Refund,Wrong Quantity,2026-04-28 16:23:34,2026-04-29 05:03:04,Resolved,12.66,528.15,Packing Error,5.0
CASE000273,ORD0001731,Complaint,Wrong Item,2026-04-17 07:19:29,2026-04-17 18:08:36,Resolved,10.82,0.0,Picking Error,2.0
CASE000274,ORD0001742,Refund,Missing Item,2026-04-08 13:46:58,2026-04-09 00:48:36,Resolved,11.03,231.79,Picking Error,1.0
CASE000275,ORD0001748,Refund,Missing Item,2026-04-02 10:50:15,2026-04-03 04:58:59,Resolved,18.15,97.22,Stock Reconciliation Gap,2.0
CASE000276,ORD0001749,Refund,Missing Item,2026-04-02 02:39:47,2026-04-02 21:29:30,Resolved,18.83,366.9,Stock Reconciliation Gap,1.0
CASE000277,ORD0001753,Complaint,Late Delivery,2026-05-06 00:33:39,2026-05-06 09:18:06,Resolved,8.74,0.0,Rider Shortage,2.0
CASE000278,ORD0001755,Refund,Missing Item,2026-04-06 11:40:25,2026-04-07 06:04:02,Resolved,18.39,150.24,Picking Error,5.0
CASE000279,ORD0001756,Refund,Wrong Quantity,2026-05-19 02:55:39,2026-05-19 15:40:46,Resolved,12.75,196.94,Packing Error,2.0
CASE000280,ORD0001774,Refund,Missing Item,2026-05-03 02:16:20,2026-05-04 03:31:54,Resolved,25.26,187.79,Stock Reconciliation Gap,3.0
CASE000281,ORD0001778,Refund,Wrong Quantity,2026-04-04 19:59:23,2026-04-05 00:39:18,Resolved,4.67,427.29,Picking Error,3.0
CASE000282,ORD0001781,Complaint,Late Delivery,2026-04-15 09:49:15,2026-04-16 16:29:00,Resolved,30.66,0.0,Traffic Delay,5.0
CASE000283,ORD0001790,Complaint,Quality Issue,2026-06-20 09:18:21,,Open,,0.0,Supplier Quality,
CASE000284,ORD0001793,Complaint,Wrong Item,2026-06-22 01:24:27,2026-06-22 10:11:33,Resolved,8.78,0.0,Picking Error,4.0
CASE000285,ORD0001795,Refund,Wrong Quantity,2026-04-25 18:51:27,2026-04-26 12:19:33,Resolved,17.47,157.48,Picking Error,5.0
CASE000286,ORD0001798,Refund,Item Unavailable,2026-05-05 23:34:58,2026-05-06 13:40:23,Resolved,14.09,632.94,Inventory Mismatch,4.0
CASE000287,ORD0001810,Refund,Missing Item,2026-05-27 23:58:40,2026-05-28 08:51:06,Resolved,8.87,52.51,Stock Reconciliation Gap,3.0
CASE000288,ORD0001812,Complaint,Late Delivery,2026-04-15 01:21:43,2026-04-15 21:49:40,Resolved,20.47,0.0,Store Processing Delay,5.0
CASE000289,ORD0001818,Complaint,Late Delivery,2026-05-30 01:26:18,2026-05-31 08:59:39,Resolved,31.56,0.0,Store Processing Delay,4.0
CASE000290,ORD0001821,Refund,Item Unavailable,2026-05-21 05:11:44,2026-05-22 17:00:24,Resolved,35.81,171.24,Replenishment Delay,2.0
CASE000291,ORD0001834,Refund,Wrong Quantity,2026-05-18 22:00:47,2026-05-19 16:51:02,Resolved,18.84,547.86,Packing Error,5.0
CASE000292,ORD0001846,Complaint,Quality Issue,2026-06-28 22:16:52,2026-06-29 16:49:55,Resolved,18.55,0.0,Expiry Risk,3.0
CASE000293,ORD0001855,Complaint,Late Delivery,2026-05-15 02:44:03,2026-05-15 18:05:42,Resolved,15.36,0.0,Rider Shortage,2.0
CASE000294,ORD0001857,Refund,Item Unavailable,2026-05-03 15:49:41,2026-05-04 11:05:34,Resolved,19.26,333.8,Inventory Mismatch,2.0
CASE000295,ORD0001859,Refund,Item Unavailable,2026-05-02 18:21:36,2026-05-02 23:46:10,Resolved,5.41,184.75,Inventory Mismatch,2.0
CASE000296,ORD0001860,Refund,Missing Item,2026-04-19 21:24:04,2026-04-20 22:17:50,Resolved,24.9,178.29,Picking Error,1.0
CASE000297,ORD0001864,Refund,Missing Item,2026-04-17 05:48:18,2026-04-17 12:18:36,Resolved,6.51,342.51,Stock Reconciliation Gap,3.0
CASE000298,ORD0001865,Refund,Wrong Quantity,2026-04-17 17:38:28,2026-04-17 22:29:16,Resolved,4.85,244.3,Picking Error,2.0
CASE000299,ORD0001868,Refund,Missing Item,2026-05-15 11:33:46,2026-05-16 07:12:40,Resolved,19.65,143.95,Stock Reconciliation Gap,3.0
CASE000300,ORD0001869,Refund,Wrong Quantity,2026-04-29 08:11:17,2026-04-30 07:02:18,Resolved,22.85,116.49,Picking Error,3.0
CASE000301,ORD0001875,Refund,Missing Item,2026-05-29 11:03:21,2026-05-29 14:41:24,Resolved,3.63,90.05,Picking Error,1.0
CASE000302,ORD0001893,Complaint,Damaged Product,2026-06-19 20:09:56,2026-06-20 01:22:59,Resolved,5.22,0.0,Supplier Quality,2.0
CASE000303,ORD0001906,Refund,Missing Item,2026-04-18 14:17:13,2026-04-19 05:28:45,Resolved,15.19,135.96,Stock Reconciliation Gap,1.0
CASE000304,ORD0001915,Return,Damaged Product,2026-05-18 07:10:05,2026-05-18 20:06:18,Escalated,12.94,532.24,Poor Packaging,2.0
CASE000305,ORD0001919,Refund,Missing Item,2026-05-23 22:14:34,2026-05-24 21:14:35,Resolved,23.0,319.31,Picking Error,1.0
CASE000306,ORD0001927,Complaint,Late Delivery,2026-04-29 23:24:26,2026-04-30 07:26:12,Resolved,8.03,0.0,Rider Shortage,2.0
CASE000307,ORD0001933,Refund,Wrong Quantity,2026-04-05 18:05:42,2026-04-06 01:53:07,Resolved,7.79,35.31,Picking Error,5.0
CASE000308,ORD0001943,Refund,Refund Delay,2026-04-03 22:06:35,2026-04-04 04:16:41,Resolved,6.17,3200.37,Manual Review,1.0
CASE000309,ORD0001946,Refund,Missing Item,2026-04-11 18:39:10,2026-04-12 20:29:46,Resolved,25.84,223.7,Picking Error,3.0
CASE000310,ORD0001962,Refund,Missing Item,2026-06-07 15:22:09,2026-06-08 02:28:26,Resolved,11.1,274.26,Picking Error,2.0
CASE000311,ORD0001966,Refund,Missing Item,2026-04-14 03:03:12,2026-04-14 13:43:52,Resolved,10.68,250.32,Stock Reconciliation Gap,5.0
CASE000312,ORD0001984,Complaint,Rider Behaviour,2026-05-07 23:25:06,2026-05-08 02:28:56,Resolved,3.06,0.0,Training Gap,5.0
CASE000313,ORD0001991,Complaint,Quality Issue,2026-04-02 13:14:21,2026-04-03 14:15:02,Resolved,25.01,0.0,Temperature Excursion,3.0
CASE000314,ORD0001992,Refund,Wrong Quantity,2026-06-11 01:32:29,2026-06-11 10:46:05,Resolved,9.23,114.98,Picking Error,3.0
CASE000315,ORD0002007,Refund,Missing Item,2026-04-26 00:16:19,2026-04-26 07:26:17,Resolved,7.17,229.41,Stock Reconciliation Gap,1.0
CASE000316,ORD0002011,Complaint,Wrong Item,2026-06-15 11:35:05,2026-06-16 02:19:53,Resolved,14.75,0.0,Catalog Mapping Error,5.0
CASE000317,ORD0002016,Refund,Missing Item,2026-04-13 03:08:27,2026-04-14 03:56:25,Resolved,24.8,110.58,Picking Error,1.0
CASE000318,ORD0002042,Refund,Missing Item,2026-04-03 01:41:51,2026-04-04 02:40:03,Resolved,24.97,140.67,Picking Error,5.0
CASE000319,ORD0002050,Refund,Payment Issue,2026-05-24 17:03:01,2026-05-25 03:34:52,Resolved,10.53,87.36,Payment Gateway Error,4.0
CASE000320,ORD0002055,Refund,Item Unavailable,2026-04-25 09:54:05,2026-04-26 02:41:41,Resolved,16.79,648.49,Replenishment Delay,1.0
CASE000321,ORD0002065,Refund,Missing Item,2026-05-19 19:30:28,2026-05-20 17:47:49,Resolved,22.29,31.16,Stock Reconciliation Gap,3.0
CASE000322,ORD0002067,Refund,Item Unavailable,2026-04-19 00:48:00,2026-04-19 10:10:14,Resolved,9.37,152.3,Inventory Mismatch,1.0
CASE000323,ORD0002070,Refund,Missing Item,2026-05-05 02:04:58,2026-05-05 14:47:06,Resolved,12.7,318.48,Stock Reconciliation Gap,2.0
CASE000324,ORD0002075,Refund,Item Unavailable,2026-05-21 08:41:53,2026-05-23 07:53:15,Resolved,47.19,275.1,Inventory Mismatch,3.0
CASE000325,ORD0002081,Complaint,Late Delivery,2026-06-11 12:41:15,2026-06-12 14:47:45,Resolved,26.11,0.0,Rider Shortage,2.0
CASE000326,ORD0002100,Complaint,Late Delivery,2026-04-28 19:11:05,2026-04-29 17:50:01,Resolved,22.65,0.0,Store Processing Delay,2.0
CASE000327,ORD0002110,Refund,Wrong Quantity,2026-04-23 01:21:44,2026-04-23 02:46:07,Resolved,1.41,73.0,Packing Error,2.0
CASE000328,ORD0002111,Refund,Missing Item,2026-04-17 08:30:00,2026-04-17 17:35:17,Escalated,9.09,62.35,Picking Error,2.0
CASE000329,ORD0002121,Refund,Missing Item,2026-05-31 21:33:46,2026-06-01 13:12:13,Resolved,15.64,23.93,Picking Error,5.0
CASE000330,ORD0002142,Complaint,Late Delivery,2026-06-26 15:42:33,2026-06-27 05:51:25,Resolved,14.15,0.0,Traffic Delay,5.0
CASE000331,ORD0002145,Refund,Wrong Quantity,2026-04-16 06:03:54,2026-04-16 21:13:24,Resolved,15.16,546.32,Picking Error,4.0
CASE000332,ORD0002151,Refund,Missing Item,2026-06-24 15:28:46,2026-06-24 22:51:07,Escalated,7.37,41.76,Picking Error,2.0
CASE000333,ORD0002157,Complaint,Wrong Item,2026-05-06 17:22:14,2026-05-08 01:50:57,Resolved,32.48,0.0,Picking Error,1.0
CASE000334,ORD0002168,Complaint,Late Delivery,2026-06-30 21:40:06,2026-07-01 21:17:00,Resolved,23.61,0.0,Traffic Delay,3.0
CASE000335,ORD0002170,Refund,Item Unavailable,2026-06-10 06:37:01,2026-06-11 17:08:28,Resolved,34.52,84.44,Inventory Mismatch,2.0
CASE000336,ORD0002171,Complaint,Late Delivery,2026-05-24 21:38:53,2026-05-25 11:46:38,Resolved,14.13,0.0,Rider Shortage,5.0
CASE000337,ORD0002179,Complaint,Late Delivery,2026-06-26 17:26:03,2026-06-28 03:32:54,Resolved,34.11,0.0,Rider Shortage,2.0
CASE000338,ORD0002186,Refund,Item Unavailable,2026-04-04 00:02:20,2026-04-04 12:41:33,Resolved,12.65,138.28,Replenishment Delay,5.0
CASE000339,ORD0002190,Refund,Wrong Quantity,2026-06-13 22:37:34,2026-06-14 15:21:28,Resolved,16.73,152.31,Picking Error,5.0
CASE000340,ORD0002192,Return,Wrong Item,2026-04-11 04:36:44,2026-04-12 10:11:17,Resolved,29.58,281.11,Catalog Mapping Error,3.0
CASE000341,ORD0002197,Refund,Missing Item,2026-05-06 19:25:10,2026-05-07 14:02:41,Resolved,18.63,117.19,Stock Reconciliation Gap,3.0
CASE000342,ORD0002202,Refund,Wrong Quantity,2026-06-16 08:35:27,2026-06-17 02:19:15,Resolved,17.73,118.1,Picking Error,3.0
CASE000343,ORD0002205,Return,Damaged Product,2026-05-22 11:21:17,2026-05-22 17:30:43,Resolved,6.16,957.95,Handling Issue,1.0
CASE000344,ORD0002206,Complaint,Quality Issue,2026-06-17 16:36:30,2026-06-18 04:50:27,Resolved,12.23,0.0,Supplier Quality,3.0
CASE000345,ORD0002213,Refund,Item Unavailable,2026-04-16 08:06:01,2026-04-17 13:23:28,Resolved,29.29,38.96,Inventory Mismatch,4.0
CASE000346,ORD0002221,Return,Damaged Product,2026-04-02 20:09:00,2026-04-04 01:17:43,Resolved,29.15,2065.6,Supplier Quality,2.0
CASE000347,ORD0002228,Complaint,Late Delivery,2026-04-29 12:11:00,2026-04-30 15:35:41,Resolved,27.41,0.0,Rider Shortage,3.0
CASE000348,ORD0002235,Refund,Item Unavailable,2026-04-04 21:56:43,2026-04-06 05:54:44,Resolved,31.97,175.61,Inventory Mismatch,2.0
CASE000349,ORD0002242,Refund,Missing Item,2026-05-17 12:07:02,2026-05-19 03:07:18,Resolved,39.0,150.27,Stock Reconciliation Gap,3.0
CASE000350,ORD0002249,Complaint,Damaged Product,2026-05-20 18:50:55,2026-05-20 21:11:01,Resolved,2.33,0.0,Poor Packaging,5.0
CASE000351,ORD0002251,Refund,Missing Item,2026-05-10 02:25:59,2026-05-11 17:30:31,Resolved,39.08,551.02,Picking Error,5.0
CASE000352,ORD0002270,Refund,Item Unavailable,2026-06-26 00:49:21,2026-06-27 04:54:12,Resolved,28.08,116.22,Replenishment Delay,3.0
CASE000353,ORD0002272,Refund,Missing Item,2026-04-30 22:46:24,2026-05-01 07:06:44,Resolved,8.34,189.91,Picking Error,2.0
CASE000354,ORD0002281,Refund,Missing Item,2026-04-30 14:42:53,2026-05-02 06:18:17,Resolved,39.59,118.17,Picking Error,4.0
CASE000355,ORD0002282,Refund,Wrong Quantity,2026-06-22 20:35:11,2026-06-24 03:55:44,Resolved,31.34,295.51,Packing Error,2.0
CASE000356,ORD0002287,Refund,Missing Item,2026-04-25 15:57:49,2026-04-26 17:34:53,Resolved,25.62,230.38,Picking Error,3.0
CASE000357,ORD0002304,Refund,Missing Item,2026-06-26 00:14:15,2026-06-26 00:44:15,Resolved,0.5,708.98,Picking Error,1.0
CASE000358,ORD0002305,Refund,Wrong Quantity,2026-05-17 02:09:37,2026-05-20 13:34:14,Resolved,83.41,88.72,Picking Error,4.0
CASE000359,ORD0002308,Refund,Wrong Quantity,2026-06-15 07:59:04,2026-06-16 22:48:44,Resolved,38.83,127.28,Picking Error,5.0
CASE000360,ORD0002309,Return,Quality Issue,2026-05-30 09:53:17,2026-05-30 22:07:33,Resolved,12.24,1489.78,Expiry Risk,2.0
CASE000361,ORD0002321,Refund,Item Unavailable,2026-05-01 04:53:52,2026-05-01 18:44:22,Resolved,13.84,160.01,Inventory Mismatch,3.0
CASE000362,ORD0002322,Complaint,Quality Issue,2026-05-12 01:52:20,2026-05-12 20:52:50,Resolved,19.01,0.0,Supplier Quality,2.0
CASE000363,ORD0002323,Complaint,Damaged Product,2026-05-04 15:27:22,2026-05-04 20:58:20,Escalated,5.52,0.0,Poor Packaging,5.0
CASE000364,ORD0002332,Refund,Missing Item,2026-04-25 07:26:23,2026-04-25 15:27:00,Escalated,8.01,41.3,Stock Reconciliation Gap,2.0
CASE000365,ORD0002333,Refund,Item Unavailable,2026-05-28 11:04:11,2026-05-28 22:54:23,Resolved,11.84,126.52,Inventory Mismatch,4.0
CASE000366,ORD0002340,Refund,Missing Item,2026-06-01 00:53:17,2026-06-01 16:52:13,Resolved,15.98,323.68,Picking Error,3.0
CASE000367,ORD0002341,Refund,Missing Item,2026-06-29 18:34:27,2026-06-30 17:43:19,Resolved,23.15,225.9,Picking Error,2.0
CASE000368,ORD0002353,Refund,Missing Item,2026-04-14 15:45:14,2026-04-15 23:38:32,Resolved,31.89,201.05,Picking Error,5.0
CASE000369,ORD0002355,Refund,Missing Item,2026-05-04 08:04:32,2026-05-05 05:04:03,Resolved,20.99,206.1,Stock Reconciliation Gap,4.0
CASE000370,ORD0002363,Complaint,Rider Behaviour,2026-05-10 21:17:07,2026-05-10 23:38:42,Resolved,2.36,0.0,Conduct Issue,1.0
CASE000371,ORD0002364,Refund,Missing Item,2026-06-23 18:55:57,2026-06-24 08:20:03,Resolved,13.4,12.21,Stock Reconciliation Gap,5.0
CASE000372,ORD0002368,Refund,Missing Item,2026-06-06 09:31:41,,Open,,295.66,Stock Reconciliation Gap,
CASE000373,ORD0002377,Refund,Item Unavailable,2026-06-08 00:45:05,2026-06-08 14:44:09,Resolved,13.98,187.18,Inventory Mismatch,3.0
CASE000374,ORD0002380,Complaint,Late Delivery,2026-05-17 21:30:14,2026-05-17 22:00:14,Escalated,0.5,0.0,Store Processing Delay,2.0
CASE000375,ORD0002392,Refund,Wrong Quantity,2026-05-29 20:14:34,,Open,,303.91,Picking Error,
CASE000376,ORD0002393,Refund,Missing Item,2026-06-13 06:44:33,2026-06-13 12:52:07,Resolved,6.13,99.58,Picking Error,2.0
CASE000377,ORD0002399,Refund,Item Unavailable,2026-04-14 08:56:25,2026-04-14 21:32:07,Resolved,12.59,273.33,Replenishment Delay,1.0
CASE000378,ORD0002402,Complaint,Quality Issue,2026-04-18 20:13:50,2026-04-19 06:15:06,Resolved,10.02,0.0,Temperature Excursion,2.0
CASE000379,ORD0002405,Return,Damaged Product,2026-04-06 09:21:55,2026-04-06 20:12:31,Resolved,10.84,1072.94,Poor Packaging,5.0
CASE000380,ORD0002408,Refund,Missing Item,2026-05-26 06:05:44,2026-05-26 13:29:19,Resolved,7.39,282.92,Picking Error,3.0
CASE000381,ORD0002416,Complaint,Late Delivery,2026-05-26 17:37:20,2026-05-27 10:50:17,Resolved,17.22,0.0,Store Processing Delay,3.0
CASE000382,ORD0002429,Refund,Item Unavailable,2026-04-22 06:19:45,2026-04-22 12:20:25,Resolved,6.01,152.56,Inventory Mismatch,4.0
CASE000383,ORD0002431,Complaint,Wrong Item,2026-06-09 10:00:57,2026-06-09 14:13:21,Resolved,4.21,0.0,Picking Error,3.0
CASE000384,ORD0002433,Return,Wrong Item,2026-05-11 04:16:59,2026-05-12 10:00:45,Escalated,29.73,2842.46,Catalog Mapping Error,2.0
CASE000385,ORD0002455,Complaint,Quality Issue,2026-05-12 17:50:22,2026-05-13 01:49:05,Resolved,7.98,0.0,Supplier Quality,1.0
CASE000386,ORD0002456,Refund,Item Unavailable,2026-06-14 16:08:22,2026-06-15 04:50:19,Resolved,12.7,207.43,Replenishment Delay,3.0
CASE000387,ORD0002461,Refund,Missing Item,2026-04-02 02:29:40,2026-04-03 00:37:34,Resolved,22.13,122.37,Stock Reconciliation Gap,5.0
CASE000388,ORD0002474,Refund,Refund Delay,2026-04-12 04:20:44,2026-04-12 11:32:34,Resolved,7.2,581.39,Manual Review,4.0
CASE000389,ORD0002475,Refund,Item Unavailable,2026-04-25 14:27:03,2026-04-26 22:29:37,Resolved,32.04,108.01,Replenishment Delay,2.0
CASE000390,ORD0002489,Refund,Item Unavailable,2026-04-13 23:38:58,2026-04-14 08:50:44,Resolved,9.2,248.9,Replenishment Delay,2.0
CASE000391,ORD0002499,Refund,Wrong Quantity,2026-05-22 20:09:22,2026-05-23 09:06:53,Resolved,12.96,381.58,Packing Error,5.0
CASE000392,ORD0002503,Refund,Missing Item,2026-06-22 13:52:28,2026-06-22 19:21:09,Resolved,5.48,39.03,Picking Error,1.0
CASE000393,ORD0002507,Refund,Wrong Quantity,2026-04-03 20:21:24,2026-04-05 03:12:51,Resolved,30.86,142.72,Packing Error,1.0
CASE000394,ORD0002512,Complaint,Wrong Item,2026-06-16 20:56:34,2026-06-17 04:25:29,Resolved,7.48,0.0,Picking Error,3.0
CASE000395,ORD0002526,Refund,Missing Item,2026-04-27 04:31:23,2026-04-28 11:10:19,Resolved,30.65,198.36,Stock Reconciliation Gap,5.0
CASE000396,ORD0002531,Refund,Item Unavailable,2026-06-08 19:13:28,2026-06-08 22:55:37,Resolved,3.7,508.02,Replenishment Delay,5.0
CASE000397,ORD0002538,Refund,Item Unavailable,2026-04-15 22:51:28,2026-04-16 16:28:20,Resolved,17.61,258.88,Replenishment Delay,4.0
CASE000398,ORD0002542,Refund,Missing Item,2026-06-01 22:13:32,2026-06-02 00:21:01,Resolved,2.12,695.16,Picking Error,5.0
CASE000399,ORD0002544,Refund,Missing Item,2026-06-15 14:25:00,2026-06-16 06:18:52,Resolved,15.9,232.67,Stock Reconciliation Gap,2.0
CASE000400,ORD0002545,Refund,Missing Item,2026-06-05 03:09:55,2026-06-05 08:04:44,Escalated,4.91,133.86,Picking Error,1.0
CASE000401,ORD0002549,Refund,Missing Item,2026-05-26 20:37:33,,Open,,140.95,Picking Error,
CASE000402,ORD0002550,Refund,Missing Item,2026-05-19 21:51:47,2026-05-20 07:07:48,Resolved,9.27,361.62,Picking Error,3.0
CASE000403,ORD0002551,Refund,Item Unavailable,2026-05-09 01:23:40,,Open,,36.06,Inventory Mismatch,
CASE000404,ORD0002553,Refund,Missing Item,2026-06-07 04:33:25,2026-06-08 13:58:40,Resolved,33.42,559.51,Stock Reconciliation Gap,2.0
CASE000405,ORD0002555,Refund,Item Unavailable,2026-06-25 14:35:19,2026-06-25 21:17:23,Resolved,6.7,86.21,Replenishment Delay,1.0
CASE000406,ORD0002561,Refund,Wrong Quantity,2026-04-13 19:57:02,,Open,,26.25,Picking Error,
CASE000407,ORD0002573,Refund,Item Unavailable,2026-05-25 14:42:22,2026-05-26 01:45:41,Resolved,11.06,49.48,Inventory Mismatch,3.0
CASE000408,ORD0002580,Refund,Refund Delay,2026-06-07 10:06:03,2026-06-07 17:31:58,Resolved,7.43,962.05,Payment Gateway Delay,4.0
CASE000409,ORD0002586,Complaint,Quality Issue,2026-06-19 07:55:49,2026-06-19 12:07:47,Resolved,4.2,0.0,Temperature Excursion,2.0
CASE000410,ORD0002590,Refund,Missing Item,2026-05-24 04:26:22,2026-05-26 05:41:51,Escalated,49.26,204.41,Picking Error,2.0
CASE000411,ORD0002594,Refund,Missing Item,2026-05-16 18:28:16,2026-05-17 14:22:25,Resolved,19.9,84.07,Picking Error,2.0
CASE000412,ORD0002595,Refund,Missing Item,2026-05-16 21:46:34,2026-05-17 02:20:59,Resolved,4.57,545.99,Picking Error,3.0
CASE000413,ORD0002598,Return,Wrong Item,2026-05-18 12:22:48,2026-05-19 09:58:31,Resolved,21.6,568.81,Catalog Mapping Error,3.0
CASE000414,ORD0002608,Complaint,Quality Issue,2026-04-20 17:19:04,2026-04-21 05:44:14,Resolved,12.42,0.0,Supplier Quality,3.0
CASE000415,ORD0002629,Refund,Item Unavailable,2026-04-10 12:53:38,2026-04-11 07:42:12,Escalated,18.81,117.07,Inventory Mismatch,2.0
CASE000416,ORD0002630,Refund,Missing Item,2026-05-04 11:26:43,2026-05-04 13:03:43,Resolved,1.62,287.24,Stock Reconciliation Gap,5.0
CASE000417,ORD0002636,Refund,Item Unavailable,2026-06-22 01:26:02,2026-06-22 14:06:37,Escalated,12.68,93.09,Inventory Mismatch,1.0
CASE000418,ORD0002639,Return,Damaged Product,2026-05-29 23:15:29,,Open,,2141.5,Poor Packaging,
CASE000419,ORD0002646,Refund,Missing Item,2026-06-13 02:26:04,2026-06-13 10:54:28,Resolved,8.47,88.26,Picking Error,3.0
CASE000420,ORD0002648,Return,Wrong Item,2026-04-21 03:20:04,2026-04-21 19:18:35,Resolved,15.98,713.42,Catalog Mapping Error,1.0
CASE000421,ORD0002658,Refund,Item Unavailable,2026-04-13 12:03:15,2026-04-13 21:02:30,Resolved,8.99,261.32,Replenishment Delay,4.0
CASE000422,ORD0002660,Refund,Missing Item,2026-06-22 09:18:35,2026-06-23 14:07:25,Resolved,28.81,382.72,Picking Error,1.0
CASE000423,ORD0002665,Refund,Missing Item,2026-06-02 02:28:43,2026-06-04 00:08:33,Resolved,45.66,194.16,Stock Reconciliation Gap,2.0
CASE000424,ORD0002666,Refund,Item Unavailable,2026-04-30 17:42:35,,Open,,93.24,Replenishment Delay,
CASE000425,ORD0002675,Complaint,Rider Behaviour,2026-06-18 08:11:19,2026-06-18 19:47:53,Resolved,11.61,0.0,Training Gap,5.0
CASE000426,ORD0002679,Refund,Wrong Quantity,2026-04-12 21:00:54,2026-04-13 14:52:04,Resolved,17.85,280.98,Picking Error,4.0
CASE000427,ORD0002702,Refund,Missing Item,2026-05-25 13:11:03,2026-05-25 14:43:45,Resolved,1.55,170.74,Stock Reconciliation Gap,3.0
CASE000428,ORD0002703,Refund,Missing Item,2026-05-13 20:35:28,2026-05-13 22:22:24,Resolved,1.78,231.85,Stock Reconciliation Gap,4.0
CASE000429,ORD0002707,Complaint,Late Delivery,2026-06-03 10:31:46,2026-06-03 23:25:35,Resolved,12.9,0.0,Rider Shortage,2.0
CASE000430,ORD0002717,Refund,Item Unavailable,2026-05-27 06:58:55,2026-05-28 06:03:54,Resolved,23.08,62.03,Inventory Mismatch,4.0
CASE000431,ORD0002721,Refund,Missing Item,2026-06-13 05:22:16,2026-06-13 15:54:40,Resolved,10.54,86.09,Picking Error,4.0
CASE000432,ORD0002722,Refund,Missing Item,2026-05-17 04:24:06,2026-05-17 21:33:07,Resolved,17.15,119.77,Picking Error,5.0
CASE000433,ORD0002723,Refund,Refund Delay,2026-05-10 06:36:42,2026-05-10 17:55:02,Resolved,11.31,119.02,Payment Gateway Delay,2.0
CASE000434,ORD0002727,Complaint,Late Delivery,2026-06-30 01:08:00,2026-06-30 05:11:01,Resolved,4.05,0.0,Traffic Delay,2.0
CASE000435,ORD0002729,Complaint,Rider Behaviour,2026-05-01 08:06:15,2026-05-02 04:44:11,Resolved,20.63,0.0,Training Gap,5.0
CASE000436,ORD0002742,Refund,Item Unavailable,2026-05-20 01:44:40,2026-05-21 06:40:14,Resolved,28.93,86.88,Replenishment Delay,5.0
CASE000437,ORD0002745,Refund,Missing Item,2026-04-02 14:21:26,2026-04-03 02:39:07,Resolved,12.29,113.2,Stock Reconciliation Gap,1.0
CASE000438,ORD0002746,Refund,Wrong Quantity,2026-04-15 23:42:35,2026-04-16 04:25:05,Resolved,4.71,195.28,Picking Error,4.0
CASE000439,ORD0002754,Refund,Missing Item,2026-04-13 02:46:06,2026-04-14 04:21:56,Resolved,25.6,132.42,Stock Reconciliation Gap,1.0
CASE000440,ORD0002760,Refund,Item Unavailable,2026-05-01 22:29:49,,Open,,392.98,Replenishment Delay,
CASE000441,ORD0002761,Complaint,Late Delivery,2026-05-06 02:50:18,2026-05-07 03:43:14,Resolved,24.88,0.0,Rider Shortage,3.0
CASE000442,ORD0002771,Refund,Item Unavailable,2026-05-25 09:58:54,2026-05-25 19:21:40,Escalated,9.38,309.57,Inventory Mismatch,3.0
CASE000443,ORD0002777,Refund,Missing Item,2026-06-14 06:23:16,2026-06-14 10:26:43,Resolved,4.06,396.93,Picking Error,1.0
CASE000444,ORD0002790,Refund,Missing Item,2026-05-30 00:29:54,2026-05-30 19:54:33,Resolved,19.41,224.06,Picking Error,1.0
CASE000445,ORD0002799,Refund,Wrong Quantity,2026-06-09 16:33:36,2026-06-09 23:10:39,Resolved,6.62,95.37,Packing Error,3.0
CASE000446,ORD0002843,Refund,Item Unavailable,2026-06-19 03:57:39,2026-06-20 22:25:20,Resolved,42.46,1075.72,Replenishment Delay,2.0
CASE000447,ORD0002847,Refund,Item Unavailable,2026-06-18 14:01:50,2026-06-18 19:39:47,Resolved,5.63,256.97,Replenishment Delay,2.0
CASE000448,ORD0002855,Refund,Missing Item,2026-04-04 18:55:42,2026-04-06 19:43:20,Resolved,48.79,375.16,Picking Error,2.0
CASE000449,ORD0002863,Refund,Payment Issue,2026-05-23 06:42:54,2026-05-23 11:33:01,Resolved,4.84,438.85,Bank Decline,5.0
CASE000450,ORD0002867,Refund,Wrong Quantity,2026-04-26 11:12:40,2026-04-27 14:27:48,Resolved,27.25,274.83,Picking Error,5.0
CASE000451,ORD0002869,Complaint,Late Delivery,2026-06-03 17:04:30,2026-06-03 23:38:26,Resolved,6.57,0.0,Store Processing Delay,3.0
CASE000452,ORD0002872,Refund,Cancellation Dispute,2026-06-06 11:54:59,2026-06-06 23:28:43,Resolved,11.56,1683.11,Policy Misunderstanding,3.0
CASE000453,ORD0002876,Refund,Cancellation Dispute,2026-06-22 14:33:34,2026-06-23 02:39:42,Resolved,12.1,1967.09,Policy Misunderstanding,4.0
CASE000454,ORD0002877,Refund,Missing Item,2026-05-22 01:55:06,2026-05-22 21:22:25,Resolved,19.46,143.03,Stock Reconciliation Gap,2.0
CASE000455,ORD0002878,Complaint,Late Delivery,2026-06-22 22:36:28,,Open,,0.0,Traffic Delay,
CASE000456,ORD0002879,Refund,Item Unavailable,2026-05-05 02:26:51,2026-05-05 20:27:57,Resolved,18.02,101.03,Replenishment Delay,4.0
CASE000457,ORD0002899,Refund,Item Unavailable,2026-04-13 23:59:10,2026-04-14 00:29:10,Resolved,0.5,190.04,Replenishment Delay,4.0
CASE000458,ORD0002903,Refund,Item Unavailable,2026-04-15 13:27:53,2026-04-15 22:36:35,Resolved,9.15,469.1,Replenishment Delay,5.0
CASE000459,ORD0002911,Refund,Missing Item,2026-04-15 16:01:39,2026-04-15 22:44:41,Resolved,6.72,72.89,Stock Reconciliation Gap,4.0
CASE000460,ORD0002938,Return,Wrong Item,2026-04-14 08:44:49,2026-04-15 03:13:08,Resolved,18.47,285.28,Picking Error,4.0
CASE000461,ORD0002939,Refund,Cancellation Dispute,2026-05-04 17:25:09,2026-05-05 18:37:35,Resolved,25.21,287.76,System Status Delay,2.0
CASE000462,ORD0002941,Complaint,Wrong Item,2026-06-09 02:42:52,2026-06-09 18:31:25,Resolved,15.81,0.0,Picking Error,1.0
CASE000463,ORD0002943,Return,Wrong Item,2026-06-19 01:07:56,2026-06-19 09:58:49,Resolved,8.85,781.99,Catalog Mapping Error,2.0
CASE000464,ORD0002945,Refund,Missing Item,2026-06-22 00:03:51,2026-06-23 04:53:52,Resolved,28.83,329.78,Picking Error,2.0
CASE000465,ORD0002955,Refund,Wrong Quantity,2026-05-07 17:45:00,2026-05-08 00:23:13,Resolved,6.64,41.18,Picking Error,4.0
CASE000466,ORD0002959,Refund,Item Unavailable,2026-05-19 06:11:47,2026-05-19 17:08:17,Resolved,10.94,89.08,Replenishment Delay,1.0
CASE000467,ORD0002960,Refund,Item Unavailable,2026-04-09 04:26:20,2026-04-09 09:37:58,Resolved,5.19,83.07,Replenishment Delay,2.0
CASE000468,ORD0002963,Refund,Item Unavailable,2026-06-22 23:32:41,2026-06-23 02:36:14,Resolved,3.06,100.25,Replenishment Delay,5.0
CASE000469,ORD0002964,Refund,Missing Item,2026-05-23 19:28:10,2026-05-24 13:56:39,Resolved,18.47,362.03,Picking Error,5.0
CASE000470,ORD0002970,Refund,Missing Item,2026-06-08 00:58:36,2026-06-08 16:55:59,Resolved,15.96,252.76,Stock Reconciliation Gap,2.0
CASE000471,ORD0002982,Complaint,Late Delivery,2026-04-04 14:04:06,2026-04-04 19:55:40,Escalated,5.86,0.0,Traffic Delay,4.0
CASE000472,ORD0002987,Refund,Item Unavailable,2026-06-19 05:09:26,2026-06-19 22:27:51,Resolved,17.31,63.95,Replenishment Delay,2.0
CASE000473,ORD0002994,Refund,Wrong Quantity,2026-05-31 05:21:27,2026-05-31 07:46:45,Resolved,2.42,177.94,Picking Error,2.0
CASE000474,ORD0002996,Refund,Missing Item,2026-06-04 01:32:37,2026-06-04 06:26:07,Escalated,4.89,137.3,Stock Reconciliation Gap,5.0
CASE000475,ORD0003002,Refund,Missing Item,2026-06-21 02:00:17,2026-06-21 14:10:57,Resolved,12.18,219.3,Stock Reconciliation Gap,4.0
CASE000476,ORD0003005,Refund,Missing Item,2026-05-15 02:31:56,2026-05-15 18:50:43,Resolved,16.31,128.93,Picking Error,5.0
CASE000477,ORD0003006,Refund,Missing Item,2026-04-12 07:48:33,2026-04-12 12:21:05,Resolved,4.54,83.52,Picking Error,4.0
CASE000478,ORD0003026,Refund,Missing Item,2026-05-11 09:39:10,2026-05-12 02:56:51,Resolved,17.29,72.01,Stock Reconciliation Gap,1.0
CASE000479,ORD0003027,Refund,Wrong Quantity,2026-06-19 22:44:04,2026-06-20 13:11:40,Resolved,14.46,189.47,Picking Error,1.0
CASE000480,ORD0003030,Refund,Item Unavailable,2026-05-05 03:06:14,2026-05-05 09:52:15,Resolved,6.77,276.37,Inventory Mismatch,3.0
CASE000481,ORD0003033,Refund,Item Unavailable,2026-05-05 16:31:05,2026-05-06 11:35:00,Resolved,19.07,161.58,Replenishment Delay,5.0
CASE000482,ORD0003035,Refund,Item Unavailable,2026-05-22 14:19:25,2026-05-22 17:48:13,Resolved,3.48,105.49,Inventory Mismatch,2.0
CASE000483,ORD0003038,Refund,Item Unavailable,2026-06-25 05:11:40,2026-06-25 17:01:07,Resolved,11.82,152.47,Replenishment Delay,4.0
CASE000484,ORD0003040,Refund,Refund Delay,2026-06-09 14:37:41,2026-06-09 17:57:07,Resolved,3.32,463.04,Manual Review,4.0
CASE000485,ORD0003042,Complaint,Damaged Product,2026-05-24 15:30:34,2026-05-26 22:15:35,Resolved,54.75,0.0,Handling Issue,5.0
CASE000486,ORD0003053,Refund,Missing Item,2026-04-06 11:53:57,2026-04-08 21:15:40,Resolved,57.36,73.42,Picking Error,3.0
CASE000487,ORD0003054,Refund,Wrong Quantity,2026-06-13 16:25:38,2026-06-14 16:29:13,Resolved,24.06,240.24,Packing Error,4.0
CASE000488,ORD0003057,Complaint,Rider Behaviour,2026-06-09 22:08:13,2026-06-10 02:36:00,Escalated,4.46,0.0,Training Gap,1.0
CASE000489,ORD0003060,Refund,Missing Item,2026-06-03 00:30:30,2026-06-03 22:26:03,Escalated,21.93,56.35,Stock Reconciliation Gap,3.0
CASE000490,ORD0003071,Refund,Missing Item,2026-05-05 01:30:14,2026-05-05 12:17:55,Resolved,10.79,121.9,Stock Reconciliation Gap,5.0
CASE000491,ORD0003075,Refund,Missing Item,2026-05-11 01:20:57,2026-05-11 07:41:10,Resolved,6.34,64.03,Stock Reconciliation Gap,5.0
CASE000492,ORD0003084,Refund,Item Unavailable,2026-04-08 00:31:45,2026-04-09 16:07:14,Escalated,39.59,72.53,Replenishment Delay,4.0
CASE000493,ORD0003095,Refund,Missing Item,2026-04-16 17:32:06,2026-04-16 23:22:02,Escalated,5.83,78.61,Stock Reconciliation Gap,3.0
CASE000494,ORD0003104,Refund,Missing Item,2026-04-18 03:07:06,,Open,,729.41,Picking Error,
CASE000495,ORD0003109,Complaint,Rider Behaviour,2026-06-22 23:10:28,2026-06-23 22:21:26,Resolved,23.18,0.0,Training Gap,1.0
CASE000496,ORD0003112,Refund,Missing Item,2026-06-06 23:32:24,2026-06-07 06:18:23,Resolved,6.77,267.07,Picking Error,3.0
CASE000497,ORD0003118,Complaint,Late Delivery,2026-06-16 22:57:23,2026-06-17 01:38:52,Resolved,2.69,0.0,Store Processing Delay,4.0
CASE000498,ORD0003126,Refund,Item Unavailable,2026-05-11 05:46:28,2026-05-11 21:37:18,Resolved,15.85,289.3,Inventory Mismatch,3.0
CASE000499,ORD0003131,Refund,Item Unavailable,2026-04-25 06:36:12,2026-04-26 11:41:01,Resolved,29.08,140.22,Replenishment Delay,2.0
CASE000500,ORD0003132,Refund,Missing Item,2026-06-29 18:04:51,2026-06-30 01:13:18,Resolved,7.14,139.17,Stock Reconciliation Gap,4.0
CASE000501,ORD0003147,Refund,Missing Item,2026-06-25 02:02:13,2026-06-25 11:36:50,Escalated,9.58,198.73,Picking Error,4.0
CASE000502,ORD0003178,Refund,Item Unavailable,2026-06-27 22:56:00,2026-06-28 03:29:33,Escalated,4.56,82.48,Replenishment Delay,5.0
CASE000503,ORD0003180,Refund,Missing Item,2026-05-23 01:08:05,2026-05-24 21:06:45,Escalated,43.98,91.44,Stock Reconciliation Gap,5.0
CASE000504,ORD0003200,Return,Quality Issue,2026-05-03 09:07:54,2026-05-03 19:16:16,Resolved,10.14,2263.64,Expiry Risk,4.0
CASE000505,ORD0003206,Refund,Missing Item,2026-04-05 17:37:11,2026-04-06 04:42:02,Resolved,11.08,67.39,Picking Error,3.0
CASE000506,ORD0003232,Refund,Missing Item,2026-06-27 06:38:08,2026-06-28 10:02:36,Resolved,27.41,265.38,Picking Error,4.0
CASE000507,ORD0003243,Refund,Item Unavailable,2026-06-01 06:15:15,2026-06-02 05:36:57,Escalated,23.36,98.54,Replenishment Delay,1.0
CASE000508,ORD0003244,Complaint,Late Delivery,2026-05-30 06:28:23,2026-05-30 22:56:15,Resolved,16.46,0.0,Rider Shortage,3.0
CASE000509,ORD0003254,Return,Quality Issue,2026-06-27 14:06:49,2026-06-27 23:48:56,Resolved,9.7,567.81,Supplier Quality,1.0
CASE000510,ORD0003256,Refund,Item Unavailable,2026-04-25 14:40:40,2026-04-26 04:44:18,Resolved,14.06,543.14,Replenishment Delay,2.0
CASE000511,ORD0003263,Refund,Item Unavailable,2026-05-07 14:24:15,2026-05-08 11:06:54,Resolved,20.71,324.82,Inventory Mismatch,5.0
CASE000512,ORD0003273,Refund,Wrong Quantity,2026-05-01 17:13:34,2026-05-02 04:55:19,Resolved,11.7,174.65,Packing Error,5.0
CASE000513,ORD0003279,Refund,Cancellation Dispute,2026-05-09 02:40:37,2026-05-09 17:11:18,Resolved,14.51,486.5,Policy Misunderstanding,3.0
CASE000514,ORD0003290,Refund,Missing Item,2026-06-10 10:52:36,2026-06-11 08:45:56,Resolved,21.89,16.57,Picking Error,1.0
CASE000515,ORD0003300,Refund,Item Unavailable,2026-05-28 07:27:04,2026-05-28 20:57:22,Resolved,13.51,172.54,Replenishment Delay,3.0
CASE000516,ORD0003308,Complaint,Wrong Item,2026-05-24 04:41:20,2026-05-24 22:20:34,Resolved,17.65,0.0,Catalog Mapping Error,5.0
CASE000517,ORD0003321,Refund,Missing Item,2026-04-10 10:39:54,2026-04-11 05:21:33,Resolved,18.69,52.92,Picking Error,2.0
CASE000518,ORD0003327,Refund,Wrong Quantity,2026-06-05 21:53:44,2026-06-06 22:19:31,Resolved,24.43,109.26,Packing Error,4.0
CASE000519,ORD0003328,Refund,Missing Item,2026-06-17 15:08:00,2026-06-18 21:58:36,Resolved,30.84,245.1,Stock Reconciliation Gap,2.0
CASE000520,ORD0003333,Refund,Missing Item,2026-04-25 09:14:36,,Open,,15.0,Stock Reconciliation Gap,
CASE000521,ORD0003336,Refund,Missing Item,2026-04-18 23:57:22,2026-04-19 12:04:59,Resolved,12.13,227.77,Picking Error,3.0
CASE000522,ORD0003342,Refund,Item Unavailable,2026-06-21 13:23:03,2026-06-22 10:01:01,Resolved,20.63,131.34,Inventory Mismatch,1.0
CASE000523,ORD0003349,Refund,Missing Item,2026-06-29 23:57:20,,Open,,97.09,Stock Reconciliation Gap,
CASE000524,ORD0003355,Refund,Missing Item,2026-04-14 19:36:38,2026-04-15 12:53:14,Resolved,17.28,128.9,Picking Error,4.0
CASE000525,ORD0003361,Refund,Missing Item,2026-04-27 02:10:47,2026-04-27 14:32:24,Resolved,12.36,200.46,Stock Reconciliation Gap,5.0
CASE000526,ORD0003362,Refund,Item Unavailable,2026-06-07 02:45:28,2026-06-07 12:31:36,Resolved,9.77,59.52,Inventory Mismatch,5.0
CASE000527,ORD0003364,Return,Wrong Item,2026-05-11 22:03:31,2026-05-12 06:23:03,Resolved,8.33,290.62,Catalog Mapping Error,4.0
CASE000528,ORD0003375,Complaint,Damaged Product,2026-06-16 15:03:12,2026-06-17 17:19:12,Resolved,26.27,0.0,Supplier Quality,4.0
CASE000529,ORD0003380,Refund,Missing Item,2026-04-09 00:58:49,2026-04-09 23:01:01,Resolved,22.04,174.68,Stock Reconciliation Gap,3.0
CASE000530,ORD0003386,Refund,Missing Item,2026-04-30 11:46:32,2026-04-30 21:53:26,Resolved,10.11,114.32,Stock Reconciliation Gap,2.0
CASE000531,ORD0003387,Refund,Payment Issue,2026-04-21 04:45:44,2026-04-21 18:39:37,Escalated,13.9,585.72,Bank Decline,3.0
CASE000532,ORD0003388,Refund,Item Unavailable,2026-05-12 17:45:30,2026-05-13 17:36:48,Resolved,23.86,197.81,Inventory Mismatch,5.0
CASE000533,ORD0003393,Refund,Missing Item,2026-06-22 07:56:03,2026-06-22 18:42:48,Resolved,10.78,30.0,Picking Error,5.0
CASE000534,ORD0003400,Refund,Missing Item,2026-05-20 04:24:30,2026-05-20 15:07:50,Escalated,10.72,147.33,Stock Reconciliation Gap,1.0
CASE000535,ORD0003401,Complaint,Late Delivery,2026-06-04 15:04:08,2026-06-04 16:24:19,Resolved,1.34,0.0,Store Processing Delay,4.0
CASE000536,ORD0003412,Refund,Item Unavailable,2026-05-05 20:14:19,2026-05-07 01:29:29,Resolved,29.25,141.25,Inventory Mismatch,4.0
CASE000537,ORD0003415,Return,Wrong Item,2026-06-29 22:10:46,,Open,,654.46,Catalog Mapping Error,
CASE000538,ORD0003419,Refund,Missing Item,2026-05-04 03:25:00,2026-05-04 15:57:39,Resolved,12.54,356.47,Stock Reconciliation Gap,4.0
CASE000539,ORD0003426,Return,Quality Issue,2026-05-23 12:25:31,2026-05-23 14:51:27,Resolved,2.43,159.43,Expiry Risk,3.0
CASE000540,ORD0003431,Refund,Missing Item,2026-05-24 23:32:49,2026-05-25 05:34:19,Resolved,6.02,95.96,Picking Error,1.0
CASE000541,ORD0003435,Refund,Item Unavailable,2026-05-29 16:43:02,2026-05-30 17:27:42,Resolved,24.74,337.23,Inventory Mismatch,2.0
CASE000542,ORD0003443,Refund,Wrong Quantity,2026-06-22 08:12:08,2026-06-23 13:57:36,Resolved,29.76,92.24,Picking Error,4.0
CASE000543,ORD0003444,Refund,Missing Item,2026-05-25 03:19:39,2026-05-26 09:15:16,Resolved,29.93,169.73,Picking Error,3.0
CASE000544,ORD0003451,Refund,Wrong Quantity,2026-05-30 04:39:00,2026-05-30 08:50:08,Resolved,4.19,289.92,Packing Error,3.0
CASE000545,ORD0003453,Return,Damaged Product,2026-06-10 18:53:55,2026-06-10 22:19:12,Resolved,3.42,1067.23,Supplier Quality,4.0
CASE000546,ORD0003458,Refund,Item Unavailable,2026-04-10 20:22:59,2026-04-11 03:47:33,Resolved,7.41,53.91,Replenishment Delay,1.0
CASE000547,ORD0003461,Refund,Item Unavailable,2026-06-02 22:31:48,2026-06-03 10:01:56,Resolved,11.5,69.01,Replenishment Delay,2.0
CASE000548,ORD0003474,Refund,Missing Item,2026-05-21 15:37:47,2026-05-21 23:28:30,Resolved,7.85,350.87,Picking Error,4.0
CASE000549,ORD0003478,Complaint,Wrong Item,2026-05-03 11:22:16,2026-05-04 14:49:21,Resolved,27.45,0.0,Picking Error,5.0
CASE000550,ORD0003480,Refund,Payment Issue,2026-06-24 09:25:32,2026-06-24 18:12:03,Escalated,8.78,611.59,Payment Gateway Error,3.0
CASE000551,ORD0003482,Refund,Item Unavailable,2026-04-13 19:59:10,2026-04-14 04:29:59,Resolved,8.51,164.67,Replenishment Delay,4.0
CASE000552,ORD0003486,Complaint,Quality Issue,2026-05-15 12:23:13,2026-05-15 20:06:07,Resolved,7.72,0.0,Expiry Risk,2.0
CASE000553,ORD0003487,Complaint,Late Delivery,2026-06-10 04:45:13,2026-06-11 19:05:30,Resolved,38.34,0.0,Store Processing Delay,5.0
CASE000554,ORD0003499,Refund,Item Unavailable,2026-04-24 10:30:14,2026-04-24 15:11:26,Resolved,4.69,237.98,Replenishment Delay,4.0
CASE000555,ORD0003504,Refund,Item Unavailable,2026-05-18 12:04:42,2026-05-18 19:33:11,Resolved,7.47,141.52,Replenishment Delay,1.0
CASE000556,ORD0003514,Complaint,Quality Issue,2026-06-03 17:45:29,2026-06-04 08:13:49,Resolved,14.47,0.0,Expiry Risk,3.0
CASE000557,ORD0003521,Refund,Wrong Quantity,2026-04-22 20:20:14,2026-04-23 01:14:28,Resolved,4.9,51.24,Packing Error,5.0
CASE000558,ORD0003523,Refund,Item Unavailable,2026-05-30 06:10:40,2026-05-30 14:31:24,Resolved,8.35,167.88,Inventory Mismatch,4.0
CASE000559,ORD0003524,Refund,Missing Item,2026-05-03 18:57:24,2026-05-05 06:11:15,Resolved,35.23,83.69,Stock Reconciliation Gap,2.0
CASE000560,ORD0003532,Refund,Item Unavailable,2026-04-16 21:15:25,2026-04-17 17:33:36,Resolved,20.3,202.67,Inventory Mismatch,5.0
CASE000561,ORD0003545,Refund,Wrong Quantity,2026-06-30 09:11:50,2026-07-01 06:37:39,Resolved,21.43,115.53,Packing Error,1.0
CASE000562,ORD0003563,Complaint,Quality Issue,2026-04-10 23:32:32,2026-04-12 00:10:39,Escalated,24.64,0.0,Temperature Excursion,5.0
CASE000563,ORD0003583,Refund,Missing Item,2026-04-25 03:22:53,,Open,,612.54,Picking Error,
CASE000564,ORD0003606,Refund,Item Unavailable,2026-06-04 16:56:55,2026-06-06 06:34:22,Resolved,37.62,306.68,Replenishment Delay,4.0
CASE000565,ORD0003612,Refund,Item Unavailable,2026-05-15 11:04:38,2026-05-16 08:19:10,Resolved,21.24,461.51,Replenishment Delay,1.0
CASE000566,ORD0003618,Refund,Item Unavailable,2026-05-31 03:40:15,2026-05-31 10:57:28,Resolved,7.29,136.05,Inventory Mismatch,4.0
CASE000567,ORD0003619,Refund,Missing Item,2026-06-30 14:15:55,2026-06-30 14:59:52,Resolved,0.73,194.08,Picking Error,2.0
CASE000568,ORD0003620,Refund,Item Unavailable,2026-04-26 05:55:49,2026-04-26 19:46:35,Resolved,13.85,138.14,Replenishment Delay,5.0
CASE000569,ORD0003626,Refund,Missing Item,2026-04-03 07:22:58,2026-04-03 23:33:05,Resolved,16.17,245.65,Picking Error,1.0
CASE000570,ORD0003630,Refund,Missing Item,2026-04-30 17:36:41,2026-05-02 05:37:36,Resolved,36.02,127.66,Picking Error,1.0
CASE000571,ORD0003631,Refund,Missing Item,2026-04-03 04:51:46,2026-04-03 22:20:12,Resolved,17.47,92.24,Picking Error,1.0
CASE000572,ORD0003636,Refund,Item Unavailable,2026-05-22 21:34:47,2026-05-23 16:51:24,Resolved,19.28,378.36,Inventory Mismatch,1.0
CASE000573,ORD0003640,Refund,Missing Item,2026-04-12 02:42:31,2026-04-12 18:33:39,Resolved,15.85,1383.24,Picking Error,1.0
CASE000574,ORD0003645,Refund,Missing Item,2026-05-09 15:30:02,2026-05-10 02:18:10,Resolved,10.8,82.48,Stock Reconciliation Gap,3.0
CASE000575,ORD0003656,Refund,Missing Item,2026-04-17 07:34:09,2026-04-17 23:36:35,Resolved,16.04,66.87,Picking Error,1.0
CASE000576,ORD0003670,Refund,Missing Item,2026-05-26 01:48:47,2026-05-26 13:52:55,Resolved,12.07,260.03,Stock Reconciliation Gap,1.0
CASE000577,ORD0003675,Refund,Item Unavailable,2026-05-01 23:43:29,2026-05-02 22:38:10,Resolved,22.91,370.06,Inventory Mismatch,5.0
CASE000578,ORD0003691,Refund,Missing Item,2026-06-30 01:53:32,2026-07-01 17:51:48,Resolved,39.97,104.0,Picking Error,3.0
CASE000579,ORD0003692,Refund,Item Unavailable,2026-05-05 23:11:14,2026-05-06 15:19:16,Resolved,16.13,134.03,Inventory Mismatch,2.0
CASE000580,ORD0003705,Refund,Refund Delay,2026-05-11 11:56:36,2026-05-12 01:16:43,Resolved,13.34,596.27,Manual Review,2.0
CASE000581,ORD0003717,Complaint,Late Delivery,2026-04-27 00:16:04,2026-04-28 09:25:52,Resolved,33.16,0.0,Traffic Delay,3.0
CASE000582,ORD0003724,Refund,Item Unavailable,2026-06-10 17:52:17,2026-06-11 08:55:26,Escalated,15.05,102.27,Inventory Mismatch,2.0
CASE000583,ORD0003731,Complaint,Late Delivery,2026-05-27 20:23:08,2026-05-28 02:50:20,Resolved,6.45,0.0,Store Processing Delay,4.0
CASE000584,ORD0003732,Refund,Missing Item,2026-05-11 00:55:21,2026-05-11 11:28:29,Resolved,10.55,130.93,Picking Error,1.0
CASE000585,ORD0003744,Refund,Item Unavailable,2026-04-19 13:40:49,2026-04-19 20:07:26,Resolved,6.44,208.61,Inventory Mismatch,1.0
CASE000586,ORD0003747,Refund,Refund Delay,2026-05-13 18:48:53,2026-05-14 07:38:21,Resolved,12.82,1080.81,Payment Gateway Delay,2.0
CASE000587,ORD0003748,Refund,Item Unavailable,2026-05-17 19:54:39,2026-05-18 19:14:49,Resolved,23.34,331.77,Inventory Mismatch,5.0
CASE000588,ORD0003757,Refund,Missing Item,2026-05-14 17:49:31,2026-05-15 02:33:41,Resolved,8.74,172.72,Picking Error,3.0
CASE000589,ORD0003759,Refund,Missing Item,2026-06-28 21:14:20,2026-06-29 00:43:48,Resolved,3.49,288.15,Stock Reconciliation Gap,2.0
CASE000590,ORD0003764,Refund,Item Unavailable,2026-04-12 21:49:08,2026-04-13 07:50:43,Resolved,10.03,176.6,Replenishment Delay,3.0
CASE000591,ORD0003765,Refund,Item Unavailable,2026-05-23 22:45:12,2026-05-24 06:37:06,Resolved,7.86,388.5,Replenishment Delay,2.0
CASE000592,ORD0003769,Complaint,Late Delivery,2026-05-03 02:48:33,2026-05-03 16:26:15,Resolved,13.63,0.0,Rider Shortage,5.0
CASE000593,ORD0003775,Refund,Missing Item,2026-05-10 03:01:22,2026-05-10 08:33:13,Resolved,5.53,208.38,Stock Reconciliation Gap,3.0
CASE000594,ORD0003784,Refund,Wrong Quantity,2026-06-04 05:24:07,2026-06-05 01:51:26,Resolved,20.46,61.58,Packing Error,3.0
CASE000595,ORD0003789,Refund,Missing Item,2026-04-21 04:31:20,2026-04-21 19:55:47,Resolved,15.41,365.14,Stock Reconciliation Gap,3.0
CASE000596,ORD0003794,Refund,Missing Item,2026-04-05 07:54:01,2026-04-06 01:06:22,Resolved,17.21,181.34,Stock Reconciliation Gap,3.0
CASE000597,ORD0003795,Refund,Missing Item,2026-05-14 17:43:02,2026-05-15 06:14:02,Resolved,12.52,141.78,Picking Error,3.0
CASE000598,ORD0003797,Complaint,Late Delivery,2026-06-15 04:41:10,2026-06-15 12:35:34,Resolved,7.91,0.0,Rider Shortage,4.0
CASE000599,ORD0003801,Refund,Item Unavailable,2026-04-15 02:32:47,2026-04-15 07:41:11,Resolved,5.14,90.38,Inventory Mismatch,1.0
CASE000600,ORD0003816,Refund,Item Unavailable,2026-05-19 16:59:18,2026-05-19 23:58:29,Resolved,6.99,87.37,Inventory Mismatch,5.0
CASE000601,ORD0003842,Return,Wrong Item,2026-05-13 17:46:56,2026-05-13 19:43:58,Resolved,1.95,398.55,Picking Error,3.0
CASE000602,ORD0003858,Complaint,Late Delivery,2026-05-08 18:19:40,2026-05-09 09:21:49,Resolved,15.04,0.0,Traffic Delay,4.0
CASE000603,ORD0003870,Refund,Wrong Quantity,2026-05-13 05:08:51,2026-05-13 17:42:50,Resolved,12.57,148.0,Picking Error,5.0
CASE000604,ORD0003872,Refund,Item Unavailable,2026-06-18 12:40:44,2026-06-19 02:17:32,Resolved,13.61,521.8,Inventory Mismatch,5.0
CASE000605,ORD0003879,Refund,Item Unavailable,2026-04-06 16:56:13,2026-04-07 20:38:24,Resolved,27.7,157.62,Inventory Mismatch,2.0
CASE000606,ORD0003886,Refund,Missing Item,2026-04-03 16:07:21,2026-04-04 01:46:59,Resolved,9.66,127.23,Stock Reconciliation Gap,5.0
CASE000607,ORD0003890,Complaint,Late Delivery,2026-06-18 13:39:44,2026-06-18 17:41:08,Resolved,4.02,0.0,Store Processing Delay,2.0
CASE000608,ORD0003893,Refund,Item Unavailable,2026-04-29 09:32:51,2026-04-30 08:35:04,Resolved,23.04,84.23,Replenishment Delay,5.0
CASE000609,ORD0003899,Return,Wrong Item,2026-05-23 16:07:11,2026-05-24 08:16:03,Resolved,16.15,303.35,Picking Error,2.0
CASE000610,ORD0003900,Refund,Item Unavailable,2026-05-05 16:43:39,2026-05-05 20:53:43,Resolved,4.17,84.96,Inventory Mismatch,2.0
CASE000611,ORD0003909,Refund,Wrong Quantity,2026-05-22 11:29:56,2026-05-23 10:04:39,Escalated,22.58,67.85,Packing Error,3.0
CASE000612,ORD0003910,Refund,Missing Item,2026-06-01 13:22:11,2026-06-02 23:38:51,Resolved,34.28,273.11,Picking Error,4.0
CASE000613,ORD0003917,Complaint,Late Delivery,2026-04-07 19:32:57,2026-04-08 08:53:37,Resolved,13.34,0.0,Store Processing Delay,4.0
CASE000614,ORD0003920,Complaint,Wrong Item,2026-04-05 12:28:07,2026-04-06 08:04:06,Resolved,19.6,0.0,Catalog Mapping Error,2.0
CASE000615,ORD0003925,Refund,Missing Item,2026-04-27 01:21:14,2026-04-27 02:53:36,Resolved,1.54,107.13,Stock Reconciliation Gap,5.0
CASE000616,ORD0003933,Refund,Item Unavailable,2026-04-13 20:30:29,2026-04-14 16:21:26,Resolved,19.85,459.2,Replenishment Delay,4.0
CASE000617,ORD0003935,Refund,Missing Item,2026-06-25 22:28:11,2026-06-26 09:14:06,Resolved,10.77,166.44,Picking Error,4.0
CASE000618,ORD0003937,Refund,Item Unavailable,2026-06-03 19:40:35,2026-06-05 16:45:02,Resolved,45.07,122.81,Inventory Mismatch,5.0
CASE000619,ORD0003948,Refund,Wrong Quantity,2026-05-18 07:46:32,2026-05-19 10:55:02,Resolved,27.14,381.05,Packing Error,3.0
CASE000620,ORD0003950,Refund,Wrong Quantity,2026-04-11 10:21:17,2026-04-12 06:24:31,Resolved,20.05,167.9,Packing Error,4.0
CASE000621,ORD0003953,Refund,Missing Item,2026-06-08 19:06:15,2026-06-09 17:44:34,Resolved,22.64,41.95,Stock Reconciliation Gap,5.0
CASE000622,ORD0003955,Refund,Refund Delay,2026-04-12 04:50:08,2026-04-12 20:01:09,Resolved,15.18,211.23,Manual Review,4.0
CASE000623,ORD0003965,Complaint,Rider Behaviour,2026-06-29 01:50:06,2026-06-30 00:10:19,Resolved,22.34,0.0,Conduct Issue,4.0
CASE000624,ORD0003970,Complaint,Quality Issue,2026-06-01 07:02:48,2026-06-02 12:07:51,Resolved,29.08,0.0,Temperature Excursion,4.0
CASE000625,ORD0003977,Refund,Missing Item,2026-06-12 00:26:45,2026-06-13 01:17:46,Resolved,24.85,40.99,Stock Reconciliation Gap,3.0
CASE000626,ORD0003978,Refund,Missing Item,2026-06-04 00:37:24,2026-06-04 10:15:21,Resolved,9.63,105.47,Stock Reconciliation Gap,3.0
CASE000627,ORD0003981,Refund,Wrong Quantity,2026-05-14 02:03:22,2026-05-14 12:44:01,Resolved,10.68,90.17,Picking Error,4.0
CASE000628,ORD0003998,Return,Quality Issue,2026-06-05 04:42:06,2026-06-05 12:11:19,Resolved,7.49,1069.98,Temperature Excursion,3.0
CASE000629,ORD0004003,Return,Damaged Product,2026-05-06 09:25:37,2026-05-07 12:37:00,Resolved,27.19,806.64,Handling Issue,1.0
CASE000630,ORD0004014,Complaint,Rider Behaviour,2026-04-16 22:00:19,,Open,,0.0,Training Gap,
CASE000631,ORD0004016,Return,Damaged Product,2026-04-27 19:15:39,2026-04-27 22:40:31,Resolved,3.41,311.84,Handling Issue,2.0
CASE000632,ORD0004019,Refund,Item Unavailable,2026-04-10 19:55:43,2026-04-11 21:53:04,Resolved,25.96,613.3,Replenishment Delay,4.0
CASE000633,ORD0004022,Complaint,Rider Behaviour,2026-05-12 07:34:45,2026-05-12 18:00:08,Resolved,10.42,0.0,Conduct Issue,5.0
CASE000634,ORD0004031,Refund,Missing Item,2026-05-30 23:01:42,2026-05-31 01:05:45,Resolved,2.07,310.1,Picking Error,2.0
CASE000635,ORD0004032,Complaint,Quality Issue,2026-05-02 04:16:43,2026-05-02 11:11:44,Escalated,6.92,0.0,Expiry Risk,3.0
CASE000636,ORD0004039,Refund,Missing Item,2026-04-26 16:36:20,2026-04-27 22:18:17,Resolved,29.7,205.44,Stock Reconciliation Gap,3.0
CASE000637,ORD0004047,Return,Damaged Product,2026-04-25 09:41:34,2026-04-27 03:46:45,Resolved,42.09,1783.05,Handling Issue,1.0
CASE000638,ORD0004048,Refund,Item Unavailable,2026-06-08 19:07:07,2026-06-09 16:40:42,Resolved,21.56,152.81,Replenishment Delay,5.0
CASE000639,ORD0004058,Refund,Wrong Quantity,2026-05-24 17:38:41,,Open,,138.28,Packing Error,
CASE000640,ORD0004060,Refund,Wrong Quantity,2026-04-20 14:58:28,2026-04-22 08:18:34,Resolved,41.33,165.96,Packing Error,5.0
CASE000641,ORD0004070,Complaint,Rider Behaviour,2026-04-17 22:15:55,2026-04-19 11:24:17,Resolved,37.14,0.0,Training Gap,2.0
CASE000642,ORD0004079,Complaint,Wrong Item,2026-05-29 08:13:09,2026-05-29 18:55:15,Resolved,10.7,0.0,Picking Error,4.0
CASE000643,ORD0004083,Refund,Missing Item,2026-05-21 16:20:38,2026-05-22 16:39:20,Resolved,24.31,193.7,Picking Error,4.0
CASE000644,ORD0004095,Refund,Missing Item,2026-06-06 20:23:57,2026-06-07 05:59:48,Resolved,9.6,327.11,Picking Error,2.0
CASE000645,ORD0004102,Refund,Wrong Quantity,2026-04-08 14:53:28,2026-04-08 17:15:21,Resolved,2.36,111.72,Picking Error,2.0
CASE000646,ORD0004104,Refund,Missing Item,2026-04-21 01:12:48,2026-04-21 10:16:50,Resolved,9.07,100.05,Picking Error,4.0
CASE000647,ORD0004109,Refund,Missing Item,2026-05-11 19:12:35,2026-05-12 05:37:47,Escalated,10.42,179.43,Stock Reconciliation Gap,3.0
CASE000648,ORD0004129,Refund,Item Unavailable,2026-06-21 06:38:43,2026-06-23 05:38:33,Resolved,47.0,208.54,Replenishment Delay,4.0
CASE000649,ORD0004130,Refund,Missing Item,2026-06-27 20:27:15,2026-06-28 17:15:38,Resolved,20.81,154.57,Picking Error,3.0
CASE000650,ORD0004142,Refund,Missing Item,2026-05-05 05:56:11,2026-05-05 13:26:46,Resolved,7.51,80.2,Stock Reconciliation Gap,2.0
CASE000651,ORD0004144,Refund,Item Unavailable,2026-04-26 02:56:25,2026-04-26 15:31:49,Resolved,12.59,127.55,Replenishment Delay,2.0
CASE000652,ORD0004152,Refund,Item Unavailable,2026-06-29 02:04:46,2026-06-30 02:59:47,Resolved,24.92,187.31,Replenishment Delay,5.0
CASE000653,ORD0004167,Complaint,Late Delivery,2026-06-12 03:06:04,2026-06-12 08:12:28,Resolved,5.11,0.0,Rider Shortage,3.0
CASE000654,ORD0004172,Refund,Missing Item,2026-06-09 10:12:12,2026-06-09 19:19:38,Resolved,9.12,343.36,Stock Reconciliation Gap,4.0
CASE000655,ORD0004173,Refund,Missing Item,2026-06-15 14:38:20,2026-06-15 22:22:57,Resolved,7.74,349.41,Picking Error,4.0
CASE000656,ORD0004174,Return,Damaged Product,2026-05-07 06:25:08,2026-05-07 17:14:46,Resolved,10.83,913.4,Handling Issue,1.0
CASE000657,ORD0004176,Complaint,Rider Behaviour,2026-06-09 04:48:23,2026-06-10 07:08:57,Resolved,26.34,0.0,Conduct Issue,3.0
CASE000658,ORD0004186,Refund,Refund Delay,2026-05-27 09:16:47,2026-05-27 12:23:12,Resolved,3.11,961.62,Manual Review,3.0
CASE000659,ORD0004192,Refund,Wrong Quantity,2026-05-06 04:10:28,2026-05-06 14:32:40,Resolved,10.37,104.58,Picking Error,4.0
CASE000660,ORD0004193,Complaint,Late Delivery,2026-05-04 16:40:36,2026-05-06 09:40:34,Resolved,41.0,0.0,Rider Shortage,1.0
CASE000661,ORD0004197,Refund,Missing Item,2026-05-04 06:20:59,2026-05-05 19:23:14,Resolved,37.04,159.4,Picking Error,3.0
CASE000662,ORD0004215,Refund,Item Unavailable,2026-04-10 11:36:42,2026-04-11 09:01:29,Resolved,21.41,115.18,Replenishment Delay,4.0
CASE000663,ORD0004217,Refund,Missing Item,2026-04-24 00:59:42,2026-04-24 12:06:36,Resolved,11.12,51.06,Picking Error,2.0
CASE000664,ORD0004221,Refund,Missing Item,2026-05-18 20:28:54,2026-05-19 18:30:40,Resolved,22.03,301.06,Stock Reconciliation Gap,4.0
CASE000665,ORD0004230,Refund,Missing Item,2026-04-12 23:09:04,2026-04-13 07:34:20,Resolved,8.42,162.18,Stock Reconciliation Gap,4.0
CASE000666,ORD0004232,Refund,Missing Item,2026-04-13 02:36:38,2026-04-13 11:32:12,Escalated,8.93,268.58,Stock Reconciliation Gap,3.0
CASE000667,ORD0004236,Complaint,Late Delivery,2026-06-26 03:13:13,2026-06-26 21:52:57,Resolved,18.66,0.0,Traffic Delay,2.0
CASE000668,ORD0004243,Complaint,Late Delivery,2026-06-05 17:29:19,2026-06-06 00:02:29,Resolved,6.55,0.0,Store Processing Delay,2.0
CASE000669,ORD0004250,Refund,Payment Issue,2026-04-12 09:10:03,2026-04-12 19:16:43,Resolved,10.11,311.25,Payment Gateway Error,3.0
CASE000670,ORD0004259,Complaint,Late Delivery,2026-04-13 22:46:25,2026-04-15 00:52:16,Resolved,26.1,0.0,Store Processing Delay,1.0
CASE000671,ORD0004266,Complaint,Quality Issue,2026-06-18 07:55:13,2026-06-19 09:00:13,Resolved,25.08,0.0,Supplier Quality,3.0
CASE000672,ORD0004270,Refund,Missing Item,2026-05-25 15:34:45,2026-05-26 14:52:47,Resolved,23.3,205.5,Stock Reconciliation Gap,4.0
CASE000673,ORD0004274,Refund,Missing Item,2026-05-05 04:16:23,,Open,,176.02,Picking Error,
CASE000674,ORD0004277,Refund,Missing Item,2026-06-10 11:40:09,2026-06-11 01:00:59,Resolved,13.35,156.38,Stock Reconciliation Gap,2.0
CASE000675,ORD0004283,Refund,Refund Delay,2026-06-27 18:17:38,2026-06-28 00:18:07,Resolved,6.01,1739.17,Payment Gateway Delay,5.0
CASE000676,ORD0004285,Refund,Wrong Quantity,2026-04-28 07:11:48,2026-04-30 00:31:44,Resolved,41.33,482.11,Packing Error,1.0
CASE000677,ORD0004296,Refund,Missing Item,2026-04-13 16:16:37,2026-04-14 19:23:06,Resolved,27.11,28.73,Picking Error,5.0
CASE000678,ORD0004302,Refund,Missing Item,2026-04-10 19:09:08,2026-04-12 03:38:42,Resolved,32.49,86.07,Picking Error,1.0
CASE000679,ORD0004303,Refund,Item Unavailable,2026-06-20 01:05:43,2026-06-20 06:15:40,Resolved,5.17,57.9,Inventory Mismatch,4.0
CASE000680,ORD0004320,Refund,Missing Item,2026-05-11 19:18:38,2026-05-12 12:49:08,Resolved,17.51,65.8,Picking Error,3.0
CASE000681,ORD0004336,Refund,Missing Item,2026-04-06 16:05:21,2026-04-06 18:58:17,Resolved,2.88,199.15,Stock Reconciliation Gap,2.0
CASE000682,ORD0004342,Refund,Missing Item,2026-04-06 08:08:20,2026-04-06 20:08:28,Resolved,12.0,324.38,Picking Error,1.0
CASE000683,ORD0004350,Refund,Wrong Quantity,2026-04-28 19:59:09,2026-04-28 21:15:57,Escalated,1.28,258.86,Picking Error,4.0
CASE000684,ORD0004363,Refund,Missing Item,2026-06-08 07:17:29,2026-06-09 00:07:52,Resolved,16.84,160.03,Stock Reconciliation Gap,4.0
CASE000685,ORD0004375,Complaint,Wrong Item,2026-05-28 01:34:07,2026-05-28 11:31:02,Resolved,9.95,0.0,Catalog Mapping Error,5.0
CASE000686,ORD0004378,Refund,Missing Item,2026-05-10 20:03:18,2026-05-11 17:48:35,Resolved,21.75,151.45,Picking Error,4.0
CASE000687,ORD0004383,Refund,Missing Item,2026-04-18 16:35:43,2026-04-19 04:06:38,Resolved,11.52,80.15,Picking Error,4.0
CASE000688,ORD0004384,Complaint,Quality Issue,2026-04-24 20:43:44,2026-04-26 20:38:56,Resolved,47.92,0.0,Supplier Quality,3.0
CASE000689,ORD0004402,Refund,Missing Item,2026-04-03 08:40:06,2026-04-03 18:34:00,Resolved,9.9,207.83,Stock Reconciliation Gap,4.0
CASE000690,ORD0004405,Refund,Missing Item,2026-06-01 02:18:07,2026-06-02 17:46:44,Resolved,39.48,84.59,Picking Error,2.0
CASE000691,ORD0004414,Complaint,Quality Issue,2026-04-17 13:22:11,2026-04-18 01:56:25,Resolved,12.57,0.0,Supplier Quality,2.0
CASE000692,ORD0004417,Refund,Missing Item,2026-05-08 03:49:55,2026-05-08 08:22:29,Resolved,4.54,320.5,Stock Reconciliation Gap,1.0
CASE000693,ORD0004419,Refund,Item Unavailable,2026-05-11 18:51:02,2026-05-12 13:55:15,Resolved,19.07,493.52,Inventory Mismatch,2.0
CASE000694,ORD0004426,Refund,Missing Item,2026-04-19 02:58:24,2026-04-19 09:23:13,Resolved,6.41,43.84,Picking Error,5.0
CASE000695,ORD0004431,Return,Quality Issue,2026-06-19 14:06:12,2026-06-19 20:21:51,Resolved,6.26,846.87,Temperature Excursion,3.0
CASE000696,ORD0004437,Refund,Item Unavailable,2026-04-07 02:23:24,2026-04-07 07:24:58,Resolved,5.03,109.44,Inventory Mismatch,3.0
CASE000697,ORD0004443,Refund,Wrong Quantity,2026-05-27 19:49:41,2026-05-28 09:47:03,Resolved,13.96,186.47,Picking Error,4.0
CASE000698,ORD0004449,Refund,Missing Item,2026-05-03 05:41:48,2026-05-05 04:46:29,Resolved,47.08,256.23,Stock Reconciliation Gap,2.0
CASE000699,ORD0004455,Refund,Missing Item,2026-05-25 09:48:23,2026-05-26 10:27:49,Resolved,24.66,838.22,Picking Error,3.0
CASE000700,ORD0004482,Complaint,Late Delivery,2026-06-25 00:51:11,2026-06-25 18:06:57,Resolved,17.26,0.0,Traffic Delay,3.0
CASE000701,ORD0004486,Refund,Missing Item,2026-04-05 21:18:08,2026-04-07 08:52:41,Resolved,35.58,97.36,Stock Reconciliation Gap,2.0
CASE000702,ORD0004488,Refund,Missing Item,2026-05-09 11:13:59,2026-05-09 19:14:26,Resolved,8.01,157.47,Stock Reconciliation Gap,1.0
CASE000703,ORD0004489,Refund,Missing Item,2026-06-13 20:19:06,2026-06-14 19:42:21,Resolved,23.39,165.75,Stock Reconciliation Gap,1.0
CASE000704,ORD0004491,Refund,Missing Item,2026-04-22 19:00:05,2026-04-23 03:04:52,Escalated,8.08,193.84,Stock Reconciliation Gap,1.0
CASE000705,ORD0004505,Refund,Item Unavailable,2026-05-05 00:04:43,2026-05-06 14:03:41,Escalated,37.98,321.46,Replenishment Delay,5.0
CASE000706,ORD0004508,Refund,Missing Item,2026-06-23 22:32:38,2026-06-24 17:13:14,Resolved,18.68,372.32,Stock Reconciliation Gap,1.0
CASE000707,ORD0004510,Refund,Wrong Quantity,2026-05-09 10:39:22,2026-05-09 23:51:36,Resolved,13.2,118.09,Packing Error,2.0
CASE000708,ORD0004511,Complaint,Wrong Item,2026-05-28 12:34:45,2026-05-28 17:07:47,Resolved,4.55,0.0,Catalog Mapping Error,1.0
CASE000709,ORD0004518,Refund,Missing Item,2026-06-01 00:04:51,2026-06-01 05:11:00,Resolved,5.1,388.54,Picking Error,3.0
CASE000710,ORD0004522,Complaint,Late Delivery,2026-04-02 00:19:41,,Open,,0.0,Traffic Delay,
CASE000711,ORD0004535,Refund,Item Unavailable,2026-05-13 06:40:02,2026-05-14 07:40:49,Resolved,25.01,170.66,Inventory Mismatch,2.0
CASE000712,ORD0004537,Refund,Missing Item,2026-06-29 22:53:43,2026-06-30 05:10:43,Resolved,6.28,196.27,Stock Reconciliation Gap,1.0
CASE000713,ORD0004545,Refund,Payment Issue,2026-06-08 18:54:25,2026-06-09 03:43:53,Resolved,8.82,77.47,Payment Gateway Error,4.0
CASE000714,ORD0004549,Refund,Item Unavailable,2026-04-30 09:28:31,2026-04-30 15:52:59,Resolved,6.41,153.31,Inventory Mismatch,4.0
CASE000715,ORD0004552,Refund,Missing Item,2026-06-30 18:48:28,2026-07-01 11:05:24,Resolved,16.28,57.47,Picking Error,5.0
CASE000716,ORD0004557,Refund,Missing Item,2026-06-27 01:14:15,2026-06-27 07:47:35,Resolved,6.56,209.86,Stock Reconciliation Gap,3.0
CASE000717,ORD0004572,Complaint,Wrong Item,2026-07-01 01:17:04,2026-07-03 02:15:05,Resolved,48.97,0.0,Catalog Mapping Error,1.0
CASE000718,ORD0004573,Complaint,Late Delivery,2026-06-11 08:24:51,2026-06-12 14:48:56,Resolved,30.4,0.0,Rider Shortage,5.0
CASE000719,ORD0004579,Refund,Missing Item,2026-05-19 19:30:47,2026-05-19 23:52:06,Resolved,4.36,63.34,Picking Error,1.0
CASE000720,ORD0004590,Complaint,Late Delivery,2026-04-19 00:38:37,2026-04-19 06:56:56,Resolved,6.31,0.0,Traffic Delay,5.0
CASE000721,ORD0004602,Return,Wrong Item,2026-05-14 01:02:43,2026-05-14 15:56:53,Resolved,14.9,1471.6,Picking Error,3.0
CASE000722,ORD0004612,Refund,Wrong Quantity,2026-06-02 12:58:29,,Open,,142.87,Picking Error,
CASE000723,ORD0004614,Refund,Wrong Quantity,2026-06-02 08:21:25,2026-06-02 14:08:06,Resolved,5.78,383.64,Picking Error,5.0
CASE000724,ORD0004632,Refund,Item Unavailable,2026-04-20 22:19:12,2026-04-21 05:46:56,Resolved,7.46,225.08,Replenishment Delay,2.0
CASE000725,ORD0004638,Refund,Missing Item,2026-06-05 18:26:11,2026-06-05 19:20:36,Resolved,0.91,86.56,Stock Reconciliation Gap,1.0
CASE000726,ORD0004642,Refund,Missing Item,2026-06-25 09:15:05,2026-06-25 20:43:53,Resolved,11.48,65.2,Picking Error,4.0
CASE000727,ORD0004657,Refund,Missing Item,2026-04-15 07:41:40,,Open,,22.13,Stock Reconciliation Gap,
CASE000728,ORD0004658,Refund,Missing Item,2026-04-09 13:54:50,2026-04-09 19:06:52,Resolved,5.2,446.17,Stock Reconciliation Gap,2.0
CASE000729,ORD0004659,Refund,Item Unavailable,2026-06-02 16:00:35,2026-06-03 23:13:51,Resolved,31.22,46.69,Replenishment Delay,1.0
CASE000730,ORD0004662,Refund,Missing Item,2026-05-14 13:36:13,2026-05-16 02:52:09,Resolved,37.27,630.08,Stock Reconciliation Gap,5.0
CASE000731,ORD0004663,Complaint,Damaged Product,2026-06-03 10:02:48,2026-06-03 12:13:11,Resolved,2.17,0.0,Supplier Quality,4.0
CASE000732,ORD0004668,Refund,Refund Delay,2026-05-14 20:04:45,2026-05-15 07:16:20,Resolved,11.19,521.41,Payment Gateway Delay,4.0
CASE000733,ORD0004682,Complaint,Quality Issue,2026-04-09 03:10:07,2026-04-09 09:41:00,Resolved,6.51,0.0,Expiry Risk,5.0
CASE000734,ORD0004685,Complaint,Quality Issue,2026-05-08 10:21:45,2026-05-09 05:42:25,Resolved,19.34,0.0,Supplier Quality,2.0
CASE000735,ORD0004690,Refund,Missing Item,2026-06-18 06:33:22,2026-06-18 13:42:18,Resolved,7.15,178.77,Stock Reconciliation Gap,1.0
CASE000736,ORD0004691,Refund,Wrong Quantity,2026-05-18 00:59:06,2026-05-18 21:31:46,Resolved,20.54,90.85,Packing Error,2.0
CASE000737,ORD0004694,Complaint,Late Delivery,2026-06-29 10:28:58,2026-06-30 14:39:15,Resolved,28.17,0.0,Store Processing Delay,3.0
CASE000738,ORD0004707,Refund,Item Unavailable,2026-04-05 03:27:32,,Open,,227.98,Inventory Mismatch,
CASE000739,ORD0004713,Refund,Item Unavailable,2026-06-13 02:09:10,2026-06-13 17:13:01,Resolved,15.06,284.07,Inventory Mismatch,3.0
CASE000740,ORD0004716,Return,Damaged Product,2026-04-27 05:42:04,2026-04-30 01:36:23,Escalated,67.91,875.4,Handling Issue,1.0
CASE000741,ORD0004731,Refund,Item Unavailable,2026-06-05 08:48:41,2026-06-06 03:26:12,Resolved,18.63,114.47,Inventory Mismatch,1.0
CASE000742,ORD0004733,Refund,Missing Item,2026-05-12 19:39:44,2026-05-13 17:14:09,Resolved,21.57,39.78,Picking Error,4.0
CASE000743,ORD0004734,Refund,Item Unavailable,2026-06-02 06:30:38,2026-06-03 02:16:49,Resolved,19.77,95.72,Inventory Mismatch,2.0
CASE000744,ORD0004742,Refund,Item Unavailable,2026-05-21 14:59:27,2026-05-21 19:41:59,Escalated,4.71,182.7,Replenishment Delay,4.0
CASE000745,ORD0004751,Refund,Item Unavailable,2026-04-16 20:50:16,2026-04-17 02:16:23,Resolved,5.44,693.32,Replenishment Delay,3.0
CASE000746,ORD0004754,Refund,Item Unavailable,2026-06-18 21:50:15,2026-06-19 04:28:25,Resolved,6.64,151.82,Inventory Mismatch,3.0
CASE000747,ORD0004761,Refund,Missing Item,2026-06-09 21:19:01,2026-06-10 01:09:49,Resolved,3.85,127.94,Stock Reconciliation Gap,5.0
CASE000748,ORD0004763,Complaint,Rider Behaviour,2026-06-09 11:50:39,2026-06-09 15:28:20,Resolved,3.63,0.0,Training Gap,1.0
CASE000749,ORD0004773,Refund,Missing Item,2026-04-18 04:25:21,2026-04-18 12:07:02,Resolved,7.69,148.97,Picking Error,5.0
CASE000750,ORD0004778,Refund,Missing Item,2026-05-23 23:34:15,2026-05-24 06:38:07,Resolved,7.06,251.23,Stock Reconciliation Gap,1.0
CASE000751,ORD0004784,Refund,Missing Item,2026-05-18 09:06:07,2026-05-18 19:22:38,Resolved,10.28,1236.55,Stock Reconciliation Gap,4.0
CASE000752,ORD0004785,Refund,Refund Delay,2026-04-25 15:13:57,2026-04-25 21:04:19,Resolved,5.84,1064.56,Payment Gateway Delay,3.0
CASE000753,ORD0004813,Refund,Item Unavailable,2026-05-23 19:11:43,2026-05-23 23:06:08,Resolved,3.91,20.77,Replenishment Delay,3.0
CASE000754,ORD0004826,Refund,Item Unavailable,2026-06-15 07:59:46,,Open,,178.69,Replenishment Delay,
CASE000755,ORD0004830,Refund,Missing Item,2026-06-24 16:32:37,2026-06-25 06:04:10,Resolved,13.53,157.81,Stock Reconciliation Gap,1.0
CASE000756,ORD0004839,Refund,Missing Item,2026-05-27 08:32:53,2026-05-27 22:07:25,Resolved,13.58,270.89,Stock Reconciliation Gap,4.0
CASE000757,ORD0004845,Refund,Missing Item,2026-06-11 10:40:41,2026-06-11 18:47:16,Resolved,8.11,93.65,Picking Error,3.0
CASE000758,ORD0004846,Refund,Missing Item,2026-06-28 10:57:22,2026-06-29 11:50:27,Resolved,24.88,107.38,Stock Reconciliation Gap,1.0
CASE000759,ORD0004847,Refund,Item Unavailable,2026-06-20 15:43:42,2026-06-20 17:16:40,Resolved,1.55,185.37,Replenishment Delay,2.0
CASE000760,ORD0004865,Refund,Missing Item,2026-05-10 14:01:25,2026-05-10 19:14:06,Resolved,5.21,290.84,Picking Error,5.0
CASE000761,ORD0004867,Refund,Item Unavailable,2026-04-05 23:46:53,2026-04-06 11:52:27,Resolved,12.09,132.27,Replenishment Delay,4.0
CASE000762,ORD0004879,Refund,Missing Item,2026-04-07 06:55:03,,Open,,30.39,Stock Reconciliation Gap,
CASE000763,ORD0004885,Refund,Missing Item,2026-05-07 14:05:22,2026-05-08 13:49:33,Resolved,23.74,918.04,Picking Error,5.0
CASE000764,ORD0004901,Refund,Missing Item,2026-05-04 19:18:07,2026-05-05 01:19:55,Resolved,6.03,134.81,Stock Reconciliation Gap,1.0
CASE000765,ORD0004905,Refund,Missing Item,2026-06-10 07:51:14,2026-06-10 19:22:38,Resolved,11.52,218.73,Picking Error,5.0
CASE000766,ORD0004930,Complaint,Rider Behaviour,2026-06-10 07:55:05,2026-06-10 20:50:15,Resolved,12.92,0.0,Training Gap,4.0
CASE000767,ORD0004941,Refund,Missing Item,2026-06-16 07:16:39,,Open,,83.5,Stock Reconciliation Gap,
CASE000768,ORD0004944,Refund,Missing Item,2026-04-05 21:05:06,2026-04-07 08:50:01,Resolved,35.75,641.04,Picking Error,3.0
CASE000769,ORD0004950,Complaint,Rider Behaviour,2026-05-12 17:43:27,2026-05-13 00:38:31,Resolved,6.92,0.0,Training Gap,4.0
CASE000770,ORD0004954,Return,Damaged Product,2026-06-17 19:30:26,2026-06-18 10:36:34,Resolved,15.1,591.58,Handling Issue,4.0
CASE000771,ORD0004956,Refund,Item Unavailable,2026-04-15 22:48:17,2026-04-17 06:14:18,Resolved,31.43,80.48,Replenishment Delay,3.0
CASE000772,ORD0004957,Refund,Refund Delay,2026-04-16 10:51:29,2026-04-16 18:25:54,Resolved,7.57,1398.2,Payment Gateway Delay,2.0
CASE000773,ORD0004961,Refund,Missing Item,2026-05-10 12:14:31,2026-05-10 22:59:18,Resolved,10.75,193.01,Picking Error,2.0
CASE000774,ORD0004968,Refund,Item Unavailable,2026-06-04 08:43:07,2026-06-04 11:47:15,Escalated,3.07,204.42,Replenishment Delay,3.0
CASE000775,ORD0004974,Refund,Wrong Quantity,2026-06-15 19:30:00,2026-06-16 07:29:24,Resolved,11.99,443.78,Picking Error,1.0
CASE000776,ORD0004983,Complaint,Rider Behaviour,2026-04-18 12:46:13,2026-04-18 17:02:45,Resolved,4.28,0.0,Training Gap,2.0
CASE000777,ORD0004986,Return,Quality Issue,2026-04-04 15:19:47,2026-04-05 06:01:19,Resolved,14.69,2063.91,Temperature Excursion,3.0
CASE000778,ORD0004988,Refund,Item Unavailable,2026-05-03 23:13:00,2026-05-04 03:19:44,Resolved,4.11,411.57,Inventory Mismatch,4.0
CASE000779,ORD0004995,Refund,Item Unavailable,2026-06-24 13:23:56,2026-06-25 12:05:43,Resolved,22.7,74.47,Inventory Mismatch,1.0
CASE000780,ORD0004997,Refund,Refund Delay,2026-06-20 12:47:18,2026-06-20 23:07:17,Resolved,10.33,865.31,Manual Review,3.0
CASE000781,ORD0004998,Refund,Missing Item,2026-05-02 13:19:37,,Open,,277.72,Stock Reconciliation Gap,
CASE000782,ORD0005009,Refund,Missing Item,2026-04-07 03:28:37,2026-04-07 06:29:11,Resolved,3.01,64.09,Picking Error,5.0
CASE000783,ORD0005013,Return,Quality Issue,2026-05-05 07:30:58,2026-05-05 09:54:14,Resolved,2.39,548.49,Expiry Risk,2.0
CASE000784,ORD0005018,Return,Damaged Product,2026-06-24 03:30:48,2026-06-25 17:16:52,Resolved,37.77,506.14,Handling Issue,5.0
CASE000785,ORD0005027,Refund,Missing Item,2026-06-14 06:10:21,,Open,,560.85,Picking Error,
CASE000786,ORD0005028,Refund,Missing Item,2026-05-19 16:14:21,2026-05-20 02:20:06,Resolved,10.1,183.94,Picking Error,2.0
CASE000787,ORD0005041,Refund,Wrong Quantity,2026-06-03 06:43:12,2026-06-04 01:07:01,Resolved,18.4,327.81,Packing Error,3.0
CASE000788,ORD0005045,Refund,Missing Item,2026-04-30 14:57:43,2026-05-01 09:12:31,Resolved,18.25,207.53,Stock Reconciliation Gap,1.0
CASE000789,ORD0005049,Refund,Item Unavailable,2026-04-05 00:50:17,2026-04-06 00:25:04,Resolved,23.58,337.69,Inventory Mismatch,5.0
CASE000790,ORD0005056,Refund,Missing Item,2026-05-19 09:14:33,2026-05-19 11:56:47,Resolved,2.7,189.78,Picking Error,5.0
CASE000791,ORD0005058,Complaint,Late Delivery,2026-04-04 00:35:05,2026-04-05 05:29:51,Resolved,28.91,0.0,Store Processing Delay,2.0
CASE000792,ORD0005061,Refund,Item Unavailable,2026-05-02 05:37:16,2026-05-02 12:44:56,Escalated,7.13,206.27,Inventory Mismatch,2.0
CASE000793,ORD0005067,Refund,Missing Item,2026-06-01 20:56:47,2026-06-03 13:41:07,Resolved,40.74,123.75,Stock Reconciliation Gap,5.0
CASE000794,ORD0005074,Refund,Item Unavailable,2026-05-04 19:38:40,2026-05-04 22:49:25,Resolved,3.18,233.39,Replenishment Delay,2.0
CASE000795,ORD0005079,Refund,Missing Item,2026-06-01 19:34:01,2026-06-02 10:02:25,Resolved,14.47,259.2,Stock Reconciliation Gap,3.0
CASE000796,ORD0005087,Refund,Refund Delay,2026-05-23 00:11:30,2026-05-23 12:21:26,Resolved,12.17,842.32,Payment Gateway Delay,2.0
CASE000797,ORD0005093,Refund,Missing Item,2026-04-09 15:06:38,2026-04-11 16:23:02,Resolved,49.27,391.85,Picking Error,1.0
CASE000798,ORD0005104,Refund,Missing Item,2026-06-08 01:42:30,2026-06-08 07:36:29,Resolved,5.9,299.33,Picking Error,2.0
CASE000799,ORD0005108,Refund,Missing Item,2026-06-29 20:04:25,2026-07-01 07:35:12,Resolved,35.51,165.0,Stock Reconciliation Gap,4.0
CASE000800,ORD0005110,Return,Damaged Product,2026-06-04 09:59:32,2026-06-04 18:01:48,Resolved,8.04,926.68,Poor Packaging,4.0
CASE000801,ORD0005114,Refund,Missing Item,2026-06-14 13:14:04,2026-06-15 18:01:07,Resolved,28.78,109.03,Stock Reconciliation Gap,2.0
CASE000802,ORD0005122,Refund,Missing Item,2026-06-01 07:51:23,2026-06-01 12:23:14,Resolved,4.53,266.1,Stock Reconciliation Gap,2.0
CASE000803,ORD0005126,Refund,Missing Item,2026-05-10 00:02:53,2026-05-10 11:48:03,Resolved,11.75,41.38,Stock Reconciliation Gap,2.0
CASE000804,ORD0005131,Refund,Missing Item,2026-04-10 20:58:23,2026-04-11 11:42:00,Resolved,14.73,127.23,Picking Error,4.0
CASE000805,ORD0005134,Refund,Missing Item,2026-05-31 18:36:44,2026-06-02 00:57:27,Resolved,30.35,146.2,Stock Reconciliation Gap,1.0
CASE000806,ORD0005150,Refund,Item Unavailable,2026-06-20 01:09:03,2026-06-20 15:32:10,Resolved,14.39,52.28,Inventory Mismatch,5.0
CASE000807,ORD0005166,Refund,Missing Item,2026-05-24 02:25:10,2026-05-24 07:40:29,Resolved,5.26,309.19,Stock Reconciliation Gap,2.0
CASE000808,ORD0005187,Refund,Missing Item,2026-05-24 14:13:19,2026-05-25 02:47:07,Resolved,12.56,178.57,Stock Reconciliation Gap,2.0
CASE000809,ORD0005191,Refund,Missing Item,2026-04-13 07:10:02,2026-04-13 19:21:11,Resolved,12.19,455.67,Picking Error,3.0
CASE000810,ORD0005205,Complaint,Wrong Item,2026-06-26 20:17:25,2026-06-27 12:46:49,Resolved,16.49,0.0,Catalog Mapping Error,5.0
CASE000811,ORD0005208,Return,Quality Issue,2026-05-01 20:34:20,2026-05-02 18:25:11,Resolved,21.85,1996.64,Expiry Risk,4.0
CASE000812,ORD0005209,Return,Quality Issue,2026-05-01 20:01:39,2026-05-02 01:24:49,Resolved,5.39,1075.9,Supplier Quality,2.0
CASE000813,ORD0005212,Refund,Missing Item,2026-04-16 22:54:14,2026-04-17 15:10:11,Resolved,16.27,115.02,Stock Reconciliation Gap,4.0
CASE000814,ORD0005221,Refund,Missing Item,2026-06-01 15:36:48,,Open,,410.7,Picking Error,
CASE000815,ORD0005223,Refund,Item Unavailable,2026-05-11 05:13:26,2026-05-11 15:15:48,Resolved,10.04,139.58,Inventory Mismatch,1.0
CASE000816,ORD0005224,Refund,Item Unavailable,2026-06-13 10:49:17,2026-06-13 23:42:03,Resolved,12.88,118.42,Inventory Mismatch,2.0
CASE000817,ORD0005233,Refund,Item Unavailable,2026-04-28 06:34:11,2026-04-28 10:45:17,Resolved,4.18,283.17,Inventory Mismatch,3.0
CASE000818,ORD0005241,Refund,Item Unavailable,2026-04-03 02:27:10,2026-04-03 08:58:35,Resolved,6.52,331.71,Inventory Mismatch,4.0
CASE000819,ORD0005254,Refund,Missing Item,2026-05-25 21:26:49,2026-05-26 07:29:53,Resolved,10.05,87.25,Picking Error,5.0
CASE000820,ORD0005271,Refund,Missing Item,2026-05-11 22:23:06,2026-05-13 00:12:58,Resolved,25.83,441.08,Picking Error,2.0
CASE000821,ORD0005283,Refund,Missing Item,2026-05-31 16:15:00,2026-05-31 23:25:25,Resolved,7.17,41.66,Picking Error,1.0
CASE000822,ORD0005284,Refund,Payment Issue,2026-05-25 23:17:10,2026-05-27 06:37:52,Resolved,31.34,234.65,Payment Gateway Error,4.0
CASE000823,ORD0005285,Refund,Missing Item,2026-05-11 22:41:12,2026-05-12 07:14:46,Resolved,8.56,113.8,Picking Error,4.0
CASE000824,ORD0005287,Return,Damaged Product,2026-04-18 21:10:12,2026-04-19 00:05:37,Resolved,2.92,4542.34,Supplier Quality,4.0
CASE000825,ORD0005289,Refund,Missing Item,2026-06-26 22:23:14,2026-06-27 05:16:22,Resolved,6.89,102.97,Picking Error,5.0
CASE000826,ORD0005296,Refund,Missing Item,2026-04-20 19:22:13,2026-04-20 22:56:34,Resolved,3.57,111.19,Stock Reconciliation Gap,3.0
CASE000827,ORD0005305,Refund,Missing Item,2026-05-19 03:42:50,2026-05-19 10:06:47,Resolved,6.4,155.62,Picking Error,1.0
CASE000828,ORD0005317,Refund,Wrong Quantity,2026-06-26 07:02:43,2026-06-26 19:42:46,Escalated,12.67,250.38,Packing Error,5.0
CASE000829,ORD0005318,Refund,Item Unavailable,2026-06-07 23:34:42,2026-06-08 14:01:27,Resolved,14.45,71.32,Replenishment Delay,4.0
CASE000830,ORD0005324,Complaint,Late Delivery,2026-06-02 15:26:56,2026-06-03 00:19:11,Resolved,8.87,0.0,Traffic Delay,5.0
CASE000831,ORD0005330,Return,Wrong Item,2026-06-01 12:20:25,2026-06-02 03:30:42,Resolved,15.17,163.41,Picking Error,1.0
CASE000832,ORD0005334,Refund,Missing Item,2026-05-11 05:56:44,2026-05-11 14:08:04,Resolved,8.19,360.19,Stock Reconciliation Gap,2.0
CASE000833,ORD0005335,Complaint,Late Delivery,2026-04-02 15:02:15,2026-04-03 14:59:43,Resolved,23.96,0.0,Store Processing Delay,2.0
CASE000834,ORD0005339,Refund,Item Unavailable,2026-05-31 01:31:02,2026-05-31 05:03:31,Resolved,3.54,175.73,Inventory Mismatch,1.0
CASE000835,ORD0005340,Refund,Item Unavailable,2026-06-11 16:05:47,2026-06-12 21:53:06,Resolved,29.79,94.47,Inventory Mismatch,3.0
CASE000836,ORD0005342,Refund,Missing Item,2026-05-05 04:04:47,2026-05-05 07:26:55,Resolved,3.37,429.3,Picking Error,2.0
CASE000837,ORD0005346,Complaint,Rider Behaviour,2026-04-06 12:45:28,2026-04-07 16:25:16,Resolved,27.66,0.0,Training Gap,4.0
CASE000838,ORD0005350,Return,Damaged Product,2026-04-10 13:23:19,2026-04-10 15:02:00,Resolved,1.64,441.02,Handling Issue,3.0
CASE000839,ORD0005360,Refund,Item Unavailable,2026-06-16 06:03:47,2026-06-16 14:38:53,Resolved,8.58,166.64,Inventory Mismatch,4.0
CASE000840,ORD0005363,Complaint,Quality Issue,2026-05-10 06:20:31,2026-05-10 13:05:39,Resolved,6.75,0.0,Temperature Excursion,2.0
CASE000841,ORD0005368,Complaint,Quality Issue,2026-04-09 03:21:46,2026-04-09 15:10:23,Resolved,11.81,0.0,Supplier Quality,5.0
CASE000842,ORD0005373,Refund,Missing Item,2026-06-19 21:10:25,2026-06-20 11:19:30,Resolved,14.15,558.5,Stock Reconciliation Gap,2.0
CASE000843,ORD0005374,Refund,Missing Item,2026-04-06 21:33:49,2026-04-07 06:02:18,Resolved,8.47,544.22,Stock Reconciliation Gap,4.0
CASE000844,ORD0005392,Refund,Missing Item,2026-05-17 06:26:35,2026-05-17 17:10:07,Resolved,10.73,223.04,Picking Error,5.0
CASE000845,ORD0005395,Refund,Missing Item,2026-06-04 01:25:12,,Open,,91.47,Stock Reconciliation Gap,
CASE000846,ORD0005416,Refund,Missing Item,2026-04-19 03:17:01,2026-04-20 01:32:39,Resolved,22.26,183.98,Stock Reconciliation Gap,5.0
CASE000847,ORD0005428,Complaint,Wrong Item,2026-05-03 02:07:45,2026-05-03 05:53:34,Resolved,3.76,0.0,Catalog Mapping Error,3.0
CASE000848,ORD0005433,Refund,Refund Delay,2026-05-24 22:36:16,2026-05-25 19:49:34,Resolved,21.22,1686.3,Payment Gateway Delay,3.0
CASE000849,ORD0005447,Refund,Item Unavailable,2026-04-17 06:12:08,2026-04-18 11:56:09,Resolved,29.73,426.23,Replenishment Delay,1.0
CASE000850,ORD0005448,Complaint,Rider Behaviour,2026-04-26 08:19:01,,Open,,0.0,Training Gap,
CASE000851,ORD0005471,Refund,Missing Item,2026-06-08 20:53:41,2026-06-09 01:26:54,Resolved,4.55,198.35,Stock Reconciliation Gap,1.0
CASE000852,ORD0005474,Refund,Missing Item,2026-05-06 04:07:46,2026-05-06 21:31:12,Resolved,17.39,174.63,Picking Error,4.0
CASE000853,ORD0005481,Refund,Missing Item,2026-06-08 13:18:47,2026-06-09 21:42:01,Resolved,32.39,189.12,Stock Reconciliation Gap,3.0
CASE000854,ORD0005488,Refund,Wrong Quantity,2026-05-12 09:06:57,2026-05-13 06:11:57,Resolved,21.08,158.66,Packing Error,4.0
CASE000855,ORD0005489,Return,Wrong Item,2026-05-23 09:03:05,2026-05-23 19:22:42,Resolved,10.33,1327.45,Catalog Mapping Error,2.0
CASE000856,ORD0005491,Refund,Missing Item,2026-04-02 00:07:26,2026-04-02 09:48:49,Resolved,9.69,206.18,Picking Error,4.0
CASE000857,ORD0005493,Refund,Missing Item,2026-06-07 06:33:21,2026-06-08 08:30:35,Resolved,25.95,72.5,Picking Error,4.0
CASE000858,ORD0005500,Refund,Wrong Quantity,2026-05-08 20:12:06,,Open,,86.47,Packing Error,
CASE000859,ORD0005501,Refund,Missing Item,2026-06-17 09:23:15,2026-06-17 17:26:18,Resolved,8.05,196.81,Stock Reconciliation Gap,4.0
CASE000860,ORD0005509,Complaint,Wrong Item,2026-05-19 15:31:06,2026-05-20 06:27:01,Resolved,14.93,0.0,Catalog Mapping Error,3.0
CASE000861,ORD0005515,Complaint,Late Delivery,2026-04-19 18:37:45,2026-04-20 13:21:26,Resolved,18.73,0.0,Traffic Delay,5.0
CASE000862,ORD0005517,Refund,Missing Item,2026-04-27 00:51:33,2026-04-27 10:02:14,Resolved,9.18,192.09,Picking Error,1.0
CASE000863,ORD0005521,Refund,Item Unavailable,2026-05-13 12:12:41,2026-05-14 07:10:45,Resolved,18.97,323.22,Inventory Mismatch,1.0
CASE000864,ORD0005524,Refund,Wrong Quantity,2026-05-10 01:05:30,2026-05-10 14:42:55,Resolved,13.62,142.52,Packing Error,4.0
CASE000865,ORD0005526,Refund,Refund Delay,2026-04-29 15:01:08,,Open,,292.53,Manual Review,
CASE000866,ORD0005533,Refund,Item Unavailable,2026-04-04 12:38:29,2026-04-04 15:17:09,Resolved,2.64,376.72,Replenishment Delay,5.0
CASE000867,ORD0005539,Refund,Cancellation Dispute,2026-04-12 13:32:17,2026-04-12 19:47:16,Resolved,6.25,60.32,Policy Misunderstanding,4.0
CASE000868,ORD0005543,Return,Quality Issue,2026-04-21 05:10:25,2026-04-22 23:35:30,Resolved,42.42,410.98,Temperature Excursion,2.0
CASE000869,ORD0005545,Complaint,Rider Behaviour,2026-04-16 17:44:41,,Open,,0.0,Training Gap,
CASE000870,ORD0005546,Refund,Missing Item,2026-04-06 00:27:48,2026-04-06 17:07:55,Resolved,16.67,48.93,Stock Reconciliation Gap,3.0
CASE000871,ORD0005548,Complaint,Rider Behaviour,2026-04-02 02:18:22,2026-04-02 16:14:53,Resolved,13.94,0.0,Conduct Issue,3.0
CASE000872,ORD0005559,Refund,Missing Item,2026-05-31 15:31:04,2026-06-01 20:07:00,Resolved,28.6,232.33,Picking Error,1.0
CASE000873,ORD0005560,Refund,Item Unavailable,2026-06-14 04:38:53,2026-06-15 08:18:06,Resolved,27.65,57.92,Inventory Mismatch,3.0
CASE000874,ORD0005572,Refund,Item Unavailable,2026-04-28 06:56:37,2026-04-28 20:18:43,Resolved,13.37,138.25,Inventory Mismatch,5.0
CASE000875,ORD0005576,Refund,Missing Item,2026-04-03 17:18:46,,Open,,151.22,Stock Reconciliation Gap,
CASE000876,ORD0005585,Refund,Missing Item,2026-06-24 04:28:49,2026-06-24 09:49:47,Resolved,5.35,90.31,Stock Reconciliation Gap,5.0
CASE000877,ORD0005589,Refund,Missing Item,2026-04-20 22:26:53,2026-04-22 05:31:17,Resolved,31.07,94.3,Picking Error,4.0
CASE000878,ORD0005594,Refund,Missing Item,2026-05-17 01:43:41,2026-05-17 14:34:37,Resolved,12.85,218.66,Picking Error,1.0
CASE000879,ORD0005598,Return,Quality Issue,2026-06-04 11:21:05,2026-06-04 17:28:22,Resolved,6.12,285.31,Expiry Risk,5.0
CASE000880,ORD0005599,Refund,Missing Item,2026-05-05 03:01:19,2026-05-07 06:00:03,Escalated,50.98,188.45,Picking Error,5.0
CASE000881,ORD0005607,Return,Damaged Product,2026-05-31 09:24:04,2026-05-31 23:29:04,Resolved,14.08,693.77,Handling Issue,4.0
CASE000882,ORD0005613,Refund,Item Unavailable,2026-04-22 21:03:10,2026-04-24 05:11:26,Resolved,32.14,179.03,Inventory Mismatch,2.0
CASE000883,ORD0005615,Refund,Payment Issue,2026-06-08 17:06:55,2026-06-09 21:17:17,Resolved,28.17,933.56,Payment Gateway Error,3.0
CASE000884,ORD0005623,Refund,Missing Item,2026-05-23 00:03:31,2026-05-23 17:59:39,Resolved,17.94,128.84,Stock Reconciliation Gap,1.0
CASE000885,ORD0005635,Refund,Item Unavailable,2026-06-01 20:34:33,2026-06-02 19:42:35,Resolved,23.13,96.99,Inventory Mismatch,3.0
CASE000886,ORD0005643,Refund,Item Unavailable,2026-05-30 23:39:21,2026-05-31 21:08:09,Resolved,21.48,138.84,Replenishment Delay,2.0
CASE000887,ORD0005644,Refund,Wrong Quantity,2026-05-10 07:04:17,2026-05-11 03:48:31,Resolved,20.74,66.47,Picking Error,3.0
CASE000888,ORD0005648,Refund,Missing Item,2026-06-13 20:30:01,2026-06-14 13:54:29,Escalated,17.41,154.91,Picking Error,2.0
CASE000889,ORD0005649,Complaint,Quality Issue,2026-06-13 21:22:10,2026-06-14 02:43:25,Resolved,5.35,0.0,Temperature Excursion,5.0
CASE000890,ORD0005652,Refund,Missing Item,2026-05-17 19:17:03,2026-05-19 12:50:03,Resolved,41.55,167.26,Picking Error,1.0
CASE000891,ORD0005661,Refund,Missing Item,2026-04-21 11:44:10,2026-04-22 20:09:57,Resolved,32.43,38.83,Stock Reconciliation Gap,3.0
CASE000892,ORD0005662,Refund,Missing Item,2026-05-10 02:17:58,,Open,,466.36,Stock Reconciliation Gap,
CASE000893,ORD0005671,Refund,Refund Delay,2026-06-28 05:28:21,2026-06-30 03:34:49,Escalated,46.11,584.9,Manual Review,3.0
CASE000894,ORD0005672,Refund,Missing Item,2026-06-03 06:17:37,2026-06-04 10:25:30,Resolved,28.13,141.87,Stock Reconciliation Gap,1.0
CASE000895,ORD0005681,Refund,Missing Item,2026-06-23 19:51:38,2026-06-24 13:11:03,Resolved,17.32,51.67,Picking Error,1.0
CASE000896,ORD0005687,Complaint,Late Delivery,2026-06-07 04:27:48,2026-06-07 12:07:51,Resolved,7.67,0.0,Traffic Delay,3.0
CASE000897,ORD0005704,Refund,Refund Delay,2026-04-24 11:22:30,2026-04-25 13:59:55,Resolved,26.62,877.78,Manual Review,1.0
CASE000898,ORD0005705,Refund,Wrong Quantity,2026-06-30 02:50:56,2026-06-30 12:33:26,Resolved,9.71,145.62,Picking Error,3.0
CASE000899,ORD0005711,Refund,Payment Issue,2026-05-24 15:52:52,2026-05-24 23:33:27,Resolved,7.68,309.1,Bank Decline,2.0
CASE000900,ORD0005713,Return,Quality Issue,2026-04-05 11:05:51,2026-04-06 01:08:24,Resolved,14.04,2959.48,Expiry Risk,3.0
CASE000901,ORD0005733,Refund,Missing Item,2026-04-21 15:27:38,2026-04-21 18:02:58,Escalated,2.59,340.61,Picking Error,2.0
CASE000902,ORD0005740,Refund,Item Unavailable,2026-05-27 00:46:48,2026-05-27 18:22:02,Resolved,17.59,400.85,Replenishment Delay,5.0
CASE000903,ORD0005742,Refund,Item Unavailable,2026-06-26 12:02:52,2026-06-26 19:33:11,Resolved,7.51,87.52,Replenishment Delay,4.0
CASE000904,ORD0005759,Complaint,Late Delivery,2026-04-26 12:32:49,,Open,,0.0,Store Processing Delay,
CASE000905,ORD0005761,Complaint,Damaged Product,2026-05-29 08:20:04,2026-05-29 15:05:44,Resolved,6.76,0.0,Poor Packaging,5.0
CASE000906,ORD0005762,Complaint,Late Delivery,2026-04-26 17:02:38,2026-04-28 06:37:46,Resolved,37.59,0.0,Rider Shortage,2.0
CASE000907,ORD0005776,Refund,Missing Item,2026-06-07 09:13:42,2026-06-09 16:23:06,Resolved,55.16,152.24,Stock Reconciliation Gap,1.0
CASE000908,ORD0005783,Complaint,Quality Issue,2026-06-27 05:28:12,2026-06-27 18:07:12,Resolved,12.65,0.0,Expiry Risk,2.0
CASE000909,ORD0005785,Refund,Missing Item,2026-05-12 15:35:44,2026-05-13 11:41:09,Escalated,20.09,182.65,Picking Error,2.0
CASE000910,ORD0005789,Refund,Missing Item,2026-06-16 12:36:37,2026-06-18 05:13:01,Resolved,40.61,93.2,Picking Error,3.0
CASE000911,ORD0005790,Refund,Missing Item,2026-06-23 00:32:03,2026-06-25 03:29:20,Resolved,50.95,315.71,Stock Reconciliation Gap,3.0
CASE000912,ORD0005797,Refund,Missing Item,2026-05-11 01:19:09,2026-05-11 11:25:02,Resolved,10.1,29.14,Picking Error,3.0
CASE000913,ORD0005798,Return,Quality Issue,2026-04-25 22:39:47,2026-04-26 23:51:18,Resolved,25.19,588.2,Temperature Excursion,3.0
CASE000914,ORD0005803,Refund,Payment Issue,2026-04-20 12:45:55,,Open,,133.53,Bank Decline,
CASE000915,ORD0005812,Refund,Missing Item,2026-05-18 19:08:14,2026-05-19 08:05:13,Resolved,12.95,157.79,Stock Reconciliation Gap,3.0
CASE000916,ORD0005824,Refund,Wrong Quantity,2026-06-01 21:01:23,2026-06-02 23:18:34,Resolved,26.29,249.14,Packing Error,2.0
CASE000917,ORD0005826,Refund,Missing Item,2026-04-04 21:28:47,2026-04-05 09:35:17,Resolved,12.11,70.53,Stock Reconciliation Gap,1.0
CASE000918,ORD0005837,Refund,Missing Item,2026-04-10 01:32:20,2026-04-10 15:41:31,Resolved,14.15,68.78,Picking Error,1.0
CASE000919,ORD0005842,Refund,Missing Item,2026-04-16 00:22:31,2026-04-17 13:55:48,Resolved,37.55,211.59,Stock Reconciliation Gap,5.0
CASE000920,ORD0005865,Refund,Item Unavailable,2026-05-24 02:49:30,2026-05-24 06:41:14,Resolved,3.86,94.75,Inventory Mismatch,1.0
CASE000921,ORD0005882,Return,Quality Issue,2026-05-15 10:29:27,2026-05-16 04:21:49,Resolved,17.87,1730.2,Expiry Risk,2.0
CASE000922,ORD0005889,Refund,Wrong Quantity,2026-04-28 04:45:08,2026-04-28 15:07:31,Resolved,10.37,185.75,Packing Error,4.0
CASE000923,ORD0005902,Refund,Item Unavailable,2026-04-26 23:11:59,2026-04-27 22:08:29,Resolved,22.94,60.54,Replenishment Delay,2.0
CASE000924,ORD0005904,Refund,Wrong Quantity,2026-06-01 11:20:39,2026-06-02 13:51:16,Resolved,26.51,91.89,Packing Error,1.0
CASE000925,ORD0005906,Refund,Missing Item,2026-04-06 02:25:58,2026-04-07 09:28:34,Resolved,31.04,361.18,Picking Error,4.0
CASE000926,ORD0005907,Complaint,Late Delivery,2026-05-29 15:02:00,2026-05-30 22:19:52,Resolved,31.3,0.0,Traffic Delay,4.0
CASE000927,ORD0005915,Refund,Wrong Quantity,2026-06-27 22:46:22,2026-06-28 14:32:58,Resolved,15.78,50.5,Packing Error,1.0
CASE000928,ORD0005917,Complaint,Wrong Item,2026-05-14 05:33:34,2026-05-14 10:20:10,Resolved,4.78,0.0,Picking Error,5.0
CASE000929,ORD0005922,Refund,Missing Item,2026-05-22 22:40:07,2026-05-23 19:38:13,Resolved,20.97,141.96,Stock Reconciliation Gap,3.0
CASE000930,ORD0005932,Complaint,Damaged Product,2026-05-29 13:39:40,2026-05-30 06:01:25,Resolved,16.36,0.0,Supplier Quality,4.0
CASE000931,ORD0005940,Complaint,Late Delivery,2026-06-29 06:32:19,2026-06-30 04:02:12,Resolved,21.5,0.0,Store Processing Delay,2.0
CASE000932,ORD0005948,Refund,Missing Item,2026-06-01 13:15:39,2026-06-02 19:01:36,Resolved,29.77,263.9,Stock Reconciliation Gap,2.0
CASE000933,ORD0005963,Refund,Missing Item,2026-06-28 23:35:46,,Open,,203.34,Picking Error,
CASE000934,ORD0005964,Refund,Missing Item,2026-05-16 16:37:48,2026-05-16 18:26:55,Resolved,1.82,188.06,Picking Error,2.0
CASE000935,ORD0005979,Complaint,Late Delivery,2026-06-24 03:04:47,2026-06-24 13:39:14,Resolved,10.57,0.0,Traffic Delay,1.0
CASE000936,ORD0005984,Refund,Item Unavailable,2026-05-06 01:26:47,2026-05-06 14:26:25,Resolved,12.99,363.02,Replenishment Delay,5.0
CASE000937,ORD0005988,Refund,Missing Item,2026-05-08 20:53:21,2026-05-09 23:24:43,Resolved,26.52,156.82,Picking Error,3.0
CASE000938,ORD0005991,Complaint,Late Delivery,2026-06-06 07:25:22,2026-06-06 11:19:11,Resolved,3.9,0.0,Traffic Delay,2.0
CASE000939,ORD0006001,Complaint,Late Delivery,2026-06-01 20:21:27,2026-06-02 06:22:03,Resolved,10.01,0.0,Traffic Delay,2.0
CASE000940,ORD0006008,Refund,Missing Item,2026-06-01 00:45:24,2026-06-01 06:31:27,Resolved,5.77,573.86,Picking Error,4.0
CASE000941,ORD0006015,Refund,Missing Item,2026-05-05 12:15:07,2026-05-05 14:46:56,Resolved,2.53,253.99,Picking Error,2.0
CASE000942,ORD0006039,Refund,Item Unavailable,2026-05-10 00:05:43,2026-05-10 03:25:21,Resolved,3.33,61.72,Replenishment Delay,3.0
CASE000943,ORD0006053,Refund,Item Unavailable,2026-05-31 14:54:58,2026-06-01 01:14:25,Resolved,10.32,239.27,Replenishment Delay,1.0
CASE000944,ORD0006057,Refund,Item Unavailable,2026-06-17 04:38:13,2026-06-18 01:47:07,Resolved,21.15,197.52,Inventory Mismatch,3.0
CASE000945,ORD0006065,Complaint,Late Delivery,2026-04-02 09:27:34,2026-04-02 19:27:26,Resolved,10.0,0.0,Store Processing Delay,2.0
CASE000946,ORD0006073,Complaint,Quality Issue,2026-04-23 11:55:15,2026-04-24 02:47:08,Resolved,14.86,0.0,Expiry Risk,1.0
CASE000947,ORD0006083,Return,Damaged Product,2026-06-05 08:39:40,,Open,,747.43,Poor Packaging,
CASE000948,ORD0006084,Refund,Wrong Quantity,2026-06-15 07:45:09,2026-06-16 02:22:53,Resolved,18.63,262.39,Picking Error,5.0
CASE000949,ORD0006085,Refund,Missing Item,2026-04-12 15:04:41,2026-04-14 03:01:09,Escalated,35.94,520.17,Picking Error,2.0
CASE000950,ORD0006089,Complaint,Wrong Item,2026-05-05 13:03:21,2026-05-05 20:49:05,Resolved,7.76,0.0,Picking Error,1.0
CASE000951,ORD0006091,Refund,Missing Item,2026-04-20 01:10:41,2026-04-20 04:21:01,Resolved,3.17,96.63,Stock Reconciliation Gap,4.0
CASE000952,ORD0006095,Refund,Cancellation Dispute,2026-06-12 17:27:02,2026-06-13 15:41:00,Resolved,22.23,971.24,Policy Misunderstanding,1.0
CASE000953,ORD0006097,Refund,Wrong Quantity,2026-06-29 14:30:26,,Open,,41.4,Packing Error,
CASE000954,ORD0006102,Refund,Missing Item,2026-06-03 22:49:40,2026-06-04 15:55:12,Resolved,17.09,451.32,Stock Reconciliation Gap,5.0
CASE000955,ORD0006119,Refund,Missing Item,2026-04-02 00:33:11,2026-04-02 09:00:40,Resolved,8.46,134.76,Stock Reconciliation Gap,1.0
CASE000956,ORD0006126,Refund,Item Unavailable,2026-04-26 00:29:38,2026-04-26 18:53:53,Resolved,18.4,317.51,Inventory Mismatch,4.0
CASE000957,ORD0006146,Return,Wrong Item,2026-06-06 17:35:30,,Open,,296.68,Picking Error,
CASE000958,ORD0006147,Complaint,Quality Issue,2026-06-11 14:17:57,2026-06-13 04:06:39,Resolved,37.81,0.0,Supplier Quality,4.0
CASE000959,ORD0006157,Return,Wrong Item,2026-05-29 03:00:38,2026-05-30 07:46:19,Resolved,28.76,666.95,Picking Error,1.0
CASE000960,ORD0006158,Complaint,Late Delivery,2026-06-15 14:54:37,2026-06-16 07:06:09,Resolved,16.19,0.0,Traffic Delay,3.0
CASE000961,ORD0006166,Refund,Payment Issue,2026-05-29 19:30:11,2026-05-30 09:17:03,Resolved,13.78,744.91,Payment Gateway Error,3.0
CASE000962,ORD0006168,Refund,Missing Item,2026-06-08 22:19:47,2026-06-09 08:47:55,Resolved,10.47,389.01,Picking Error,3.0
CASE000963,ORD0006169,Refund,Item Unavailable,2026-05-26 04:17:36,2026-05-26 11:14:44,Resolved,6.95,232.62,Replenishment Delay,3.0
CASE000964,ORD0006177,Refund,Wrong Quantity,2026-05-15 11:16:55,2026-05-15 15:07:25,Resolved,3.84,62.72,Packing Error,1.0
CASE000965,ORD0006185,Refund,Wrong Quantity,2026-06-05 19:40:01,2026-06-06 14:10:40,Escalated,18.51,190.34,Packing Error,4.0
CASE000966,ORD0006186,Refund,Missing Item,2026-04-06 02:47:37,2026-04-06 21:07:32,Resolved,18.33,182.99,Stock Reconciliation Gap,5.0
CASE000967,ORD0006187,Complaint,Quality Issue,2026-05-09 04:17:00,2026-05-09 12:46:47,Escalated,8.5,0.0,Temperature Excursion,2.0
CASE000968,ORD0006189,Complaint,Late Delivery,2026-04-05 23:57:07,2026-04-07 03:12:50,Resolved,27.26,0.0,Rider Shortage,3.0
CASE000969,ORD0006195,Refund,Missing Item,2026-06-23 23:29:32,2026-06-25 02:10:11,Resolved,26.68,21.34,Picking Error,2.0
CASE000970,ORD0006198,Refund,Missing Item,2026-04-13 06:12:08,2026-04-13 13:56:07,Resolved,7.73,89.74,Stock Reconciliation Gap,5.0
CASE000971,ORD0006202,Complaint,Damaged Product,2026-04-22 15:07:17,2026-04-24 01:33:10,Resolved,34.43,0.0,Poor Packaging,3.0
CASE000972,ORD0006214,Refund,Missing Item,2026-05-25 10:08:30,2026-05-26 03:18:41,Resolved,17.17,396.85,Stock Reconciliation Gap,5.0
CASE000973,ORD0006222,Refund,Missing Item,2026-05-25 05:55:03,2026-05-25 13:19:40,Resolved,7.41,395.21,Picking Error,5.0
CASE000974,ORD0006231,Refund,Item Unavailable,2026-06-17 02:11:56,,Open,,144.88,Replenishment Delay,
CASE000975,ORD0006234,Refund,Item Unavailable,2026-06-24 22:32:11,2026-06-25 08:11:00,Resolved,9.65,219.96,Inventory Mismatch,5.0
CASE000976,ORD0006254,Refund,Missing Item,2026-06-07 02:56:53,2026-06-07 13:24:37,Resolved,10.46,99.7,Stock Reconciliation Gap,2.0
CASE000977,ORD0006264,Refund,Missing Item,2026-06-19 11:52:27,2026-06-20 14:39:04,Resolved,26.78,128.08,Picking Error,2.0
CASE000978,ORD0006266,Refund,Item Unavailable,2026-04-30 02:20:43,2026-04-30 14:50:28,Resolved,12.5,172.16,Inventory Mismatch,2.0
CASE000979,ORD0006267,Refund,Missing Item,2026-06-05 19:26:02,2026-06-06 22:59:57,Resolved,27.57,122.81,Stock Reconciliation Gap,2.0
CASE000980,ORD0006277,Refund,Item Unavailable,2026-05-04 21:28:58,2026-05-05 16:53:48,Resolved,19.41,292.48,Inventory Mismatch,1.0
CASE000981,ORD0006289,Complaint,Wrong Item,2026-05-04 05:29:46,2026-05-04 10:43:34,Resolved,5.23,0.0,Catalog Mapping Error,1.0
CASE000982,ORD0006291,Complaint,Late Delivery,2026-05-12 18:49:57,2026-05-12 21:59:24,Resolved,3.16,0.0,Traffic Delay,3.0
CASE000983,ORD0006293,Refund,Missing Item,2026-04-24 08:38:37,2026-04-25 12:43:17,Resolved,28.08,422.83,Picking Error,5.0
CASE000984,ORD0006300,Complaint,Damaged Product,2026-05-10 11:37:26,2026-05-10 22:34:26,Resolved,10.95,0.0,Poor Packaging,5.0
CASE000985,ORD0006305,Refund,Missing Item,2026-06-20 15:02:55,2026-06-21 14:48:27,Resolved,23.76,106.3,Picking Error,1.0
CASE000986,ORD0006308,Refund,Payment Issue,2026-05-14 01:08:38,2026-05-14 22:50:29,Resolved,21.7,515.14,Payment Gateway Error,2.0
CASE000987,ORD0006313,Refund,Item Unavailable,2026-06-18 01:20:47,2026-06-18 23:53:34,Resolved,22.55,86.36,Inventory Mismatch,4.0
CASE000988,ORD0006317,Complaint,Quality Issue,2026-05-31 06:52:00,2026-05-31 19:38:01,Resolved,12.77,0.0,Supplier Quality,4.0
CASE000989,ORD0006325,Refund,Refund Delay,2026-05-24 04:03:14,2026-05-24 06:25:30,Resolved,2.37,241.84,Payment Gateway Delay,5.0
CASE000990,ORD0006327,Complaint,Late Delivery,2026-04-02 23:33:01,2026-04-04 13:58:11,Resolved,38.42,0.0,Rider Shortage,1.0
CASE000991,ORD0006336,Refund,Missing Item,2026-06-10 03:06:55,2026-06-10 13:55:34,Resolved,10.81,75.32,Picking Error,5.0
CASE000992,ORD0006347,Refund,Missing Item,2026-04-08 01:02:27,2026-04-09 10:14:17,Resolved,33.2,64.52,Stock Reconciliation Gap,4.0
CASE000993,ORD0006349,Refund,Missing Item,2026-04-30 08:30:16,2026-04-30 20:59:18,Resolved,12.48,315.56,Stock Reconciliation Gap,5.0
CASE000994,ORD0006354,Refund,Item Unavailable,2026-06-08 10:05:10,2026-06-10 00:58:23,Resolved,38.89,776.33,Replenishment Delay,5.0
CASE000995,ORD0006357,Refund,Item Unavailable,2026-06-09 13:15:39,2026-06-09 14:21:18,Resolved,1.09,188.24,Replenishment Delay,3.0
CASE000996,ORD0006360,Return,Damaged Product,2026-05-24 13:36:58,2026-05-24 18:53:31,Resolved,5.28,1914.6,Supplier Quality,1.0
CASE000997,ORD0006369,Return,Damaged Product,2026-05-20 13:01:10,2026-05-21 03:13:47,Resolved,14.21,855.8,Poor Packaging,2.0
CASE000998,ORD0006372,Refund,Item Unavailable,2026-04-26 06:00:37,2026-04-26 23:55:12,Resolved,17.91,156.7,Inventory Mismatch,1.0
CASE000999,ORD0006386,Complaint,Late Delivery,2026-04-03 23:46:35,2026-04-06 01:12:02,Resolved,49.42,0.0,Traffic Delay,3.0
CASE001000,ORD0006387,Refund,Item Unavailable,2026-06-08 16:49:24,2026-06-09 08:53:10,Resolved,16.06,246.4,Replenishment Delay,1.0
CASE001001,ORD0006395,Refund,Payment Issue,2026-04-30 14:47:29,2026-05-02 18:57:17,Resolved,52.16,1870.68,Bank Decline,1.0
CASE001002,ORD0006396,Refund,Missing Item,2026-05-14 06:48:30,2026-05-15 13:36:42,Escalated,30.8,131.55,Stock Reconciliation Gap,1.0
CASE001003,ORD0006407,Refund,Missing Item,2026-04-28 14:31:26,2026-04-28 23:17:00,Resolved,8.76,90.48,Stock Reconciliation Gap,3.0
CASE001004,ORD0006411,Refund,Missing Item,2026-06-21 11:28:16,2026-06-22 11:01:48,Resolved,23.56,51.4,Stock Reconciliation Gap,4.0
CASE001005,ORD0006413,Return,Quality Issue,2026-06-08 16:31:29,2026-06-09 00:38:19,Resolved,8.11,444.22,Expiry Risk,5.0
CASE001006,ORD0006416,Refund,Missing Item,2026-05-27 08:31:31,2026-05-27 20:57:50,Resolved,12.44,284.89,Picking Error,5.0
CASE001007,ORD0006432,Complaint,Damaged Product,2026-05-20 23:33:12,2026-05-21 22:33:56,Resolved,23.01,0.0,Poor Packaging,4.0
CASE001008,ORD0006442,Refund,Missing Item,2026-05-09 13:47:37,2026-05-09 19:43:33,Escalated,5.93,74.53,Stock Reconciliation Gap,5.0
CASE001009,ORD0006465,Refund,Missing Item,2026-06-22 12:44:32,2026-06-22 23:26:31,Resolved,10.7,434.71,Stock Reconciliation Gap,5.0
CASE001010,ORD0006504,Refund,Item Unavailable,2026-06-28 03:52:06,2026-06-29 14:45:04,Resolved,34.88,68.45,Inventory Mismatch,4.0
CASE001011,ORD0006510,Refund,Item Unavailable,2026-04-29 02:52:27,2026-04-30 14:03:02,Resolved,35.18,189.82,Replenishment Delay,4.0
CASE001012,ORD0006522,Refund,Missing Item,2026-04-27 03:06:55,2026-04-27 22:26:20,Resolved,19.32,220.72,Stock Reconciliation Gap,2.0
CASE001013,ORD0006538,Refund,Item Unavailable,2026-06-07 20:43:11,2026-06-08 03:54:08,Escalated,7.18,662.95,Replenishment Delay,3.0
CASE001014,ORD0006544,Complaint,Quality Issue,2026-06-16 00:29:34,2026-06-17 05:21:07,Resolved,28.86,0.0,Supplier Quality,5.0
CASE001015,ORD0006554,Complaint,Wrong Item,2026-05-30 21:24:01,2026-05-31 12:57:26,Resolved,15.56,0.0,Catalog Mapping Error,3.0
CASE001016,ORD0006564,Refund,Item Unavailable,2026-04-17 00:15:18,2026-04-17 23:45:59,Resolved,23.51,158.79,Replenishment Delay,5.0
CASE001017,ORD0006566,Refund,Missing Item,2026-05-03 03:37:36,2026-05-04 08:43:35,Resolved,29.1,139.77,Stock Reconciliation Gap,2.0
CASE001018,ORD0006570,Refund,Missing Item,2026-04-05 05:00:42,2026-04-05 14:14:52,Escalated,9.24,209.59,Stock Reconciliation Gap,3.0
CASE001019,ORD0006571,Refund,Missing Item,2026-06-04 23:23:42,2026-06-05 07:44:31,Resolved,8.35,541.77,Picking Error,5.0
CASE001020,ORD0006578,Return,Damaged Product,2026-06-24 12:51:05,2026-06-25 14:28:59,Resolved,25.63,723.59,Handling Issue,2.0
CASE001021,ORD0006582,Refund,Item Unavailable,2026-04-04 16:49:45,2026-04-06 04:27:14,Resolved,35.62,58.2,Replenishment Delay,1.0
CASE001022,ORD0006588,Refund,Missing Item,2026-06-19 17:40:00,2026-06-21 08:13:46,Resolved,38.56,194.43,Picking Error,5.0
CASE001023,ORD0006597,Complaint,Late Delivery,2026-04-11 10:08:06,2026-04-12 04:59:31,Resolved,18.86,0.0,Rider Shortage,1.0
CASE001024,ORD0006598,Refund,Item Unavailable,2026-06-11 11:06:25,2026-06-11 22:16:25,Resolved,11.17,135.69,Replenishment Delay,1.0
CASE001025,ORD0006606,Refund,Item Unavailable,2026-05-29 22:45:09,2026-05-30 18:23:18,Resolved,19.64,281.55,Replenishment Delay,5.0
CASE001026,ORD0006607,Refund,Missing Item,2026-04-29 19:12:08,2026-04-30 08:30:39,Resolved,13.31,256.7,Stock Reconciliation Gap,1.0
CASE001027,ORD0006622,Refund,Missing Item,2026-05-04 12:17:47,2026-05-04 14:24:30,Resolved,2.11,56.08,Picking Error,5.0
CASE001028,ORD0006627,Refund,Missing Item,2026-04-08 07:29:25,2026-04-10 19:06:03,Resolved,59.61,149.76,Picking Error,1.0
CASE001029,ORD0006637,Refund,Missing Item,2026-04-04 06:22:06,2026-04-05 07:37:31,Resolved,25.26,301.58,Stock Reconciliation Gap,1.0
CASE001030,ORD0006646,Complaint,Late Delivery,2026-04-20 15:14:35,2026-04-21 01:07:53,Resolved,9.89,0.0,Traffic Delay,1.0
CASE001031,ORD0006649,Refund,Item Unavailable,2026-04-19 23:42:53,2026-04-21 07:22:01,Resolved,31.65,109.7,Replenishment Delay,4.0
CASE001032,ORD0006654,Refund,Missing Item,2026-05-10 16:45:08,2026-05-11 16:06:19,Resolved,23.35,261.27,Picking Error,1.0
CASE001033,ORD0006662,Refund,Item Unavailable,2026-06-02 17:00:14,2026-06-02 20:05:26,Resolved,3.09,228.12,Inventory Mismatch,3.0
CASE001034,ORD0006667,Refund,Missing Item,2026-05-17 11:10:40,2026-05-17 19:43:35,Resolved,8.55,86.98,Picking Error,1.0
CASE001035,ORD0006669,Refund,Missing Item,2026-05-16 12:59:37,2026-05-17 23:52:41,Resolved,34.88,218.04,Picking Error,2.0
CASE001036,ORD0006671,Refund,Missing Item,2026-04-19 17:56:22,2026-04-20 08:16:50,Resolved,14.34,981.26,Picking Error,4.0
CASE001037,ORD0006674,Return,Quality Issue,2026-05-18 00:20:26,2026-05-18 11:27:27,Resolved,11.12,337.1,Expiry Risk,2.0
CASE001038,ORD0006681,Complaint,Late Delivery,2026-04-12 15:02:59,2026-04-12 22:02:26,Resolved,6.99,0.0,Rider Shortage,5.0
CASE001039,ORD0006689,Refund,Missing Item,2026-05-10 16:21:18,2026-05-11 10:58:06,Resolved,18.61,484.11,Picking Error,3.0
CASE001040,ORD0006697,Refund,Missing Item,2026-06-26 21:08:00,2026-06-27 08:41:49,Resolved,11.56,104.81,Picking Error,2.0
CASE001041,ORD0006701,Refund,Item Unavailable,2026-05-03 05:51:03,2026-05-04 14:53:43,Resolved,33.04,76.16,Inventory Mismatch,3.0
CASE001042,ORD0006702,Complaint,Damaged Product,2026-04-11 00:19:51,2026-04-11 10:47:52,Resolved,10.47,0.0,Supplier Quality,3.0
CASE001043,ORD0006704,Refund,Item Unavailable,2026-04-08 21:27:06,2026-04-10 08:28:02,Resolved,35.02,152.66,Inventory Mismatch,3.0
CASE001044,ORD0006705,Refund,Item Unavailable,2026-04-28 02:16:52,2026-04-28 19:22:50,Resolved,17.1,82.77,Replenishment Delay,1.0
CASE001045,ORD0006710,Refund,Missing Item,2026-05-13 13:59:55,2026-05-13 15:48:43,Resolved,1.81,181.18,Picking Error,5.0
CASE001046,ORD0006718,Refund,Missing Item,2026-05-30 20:50:59,2026-05-31 12:52:29,Resolved,16.03,347.43,Picking Error,1.0
CASE001047,ORD0006729,Refund,Item Unavailable,2026-04-08 18:15:36,2026-04-08 23:50:08,Resolved,5.58,191.56,Replenishment Delay,1.0
CASE001048,ORD0006746,Refund,Wrong Quantity,2026-06-07 09:35:57,,Open,,178.96,Picking Error,
CASE001049,ORD0006757,Refund,Item Unavailable,2026-05-16 03:21:50,2026-05-16 12:56:09,Resolved,9.57,276.74,Replenishment Delay,5.0
CASE001050,ORD0006764,Complaint,Damaged Product,2026-04-11 15:50:58,2026-04-12 00:09:25,Resolved,8.31,0.0,Supplier Quality,4.0
CASE001051,ORD0006767,Refund,Missing Item,2026-05-14 09:40:23,2026-05-14 14:38:36,Resolved,4.97,124.39,Picking Error,4.0
CASE001052,ORD0006777,Refund,Wrong Quantity,2026-06-02 07:25:51,2026-06-03 18:48:30,Resolved,35.38,269.76,Packing Error,1.0
CASE001053,ORD0006788,Return,Quality Issue,2026-05-03 01:57:33,2026-05-03 16:11:12,Resolved,14.23,797.45,Supplier Quality,4.0
CASE001054,ORD0006800,Refund,Missing Item,2026-06-21 14:28:33,2026-06-22 20:25:26,Resolved,29.95,162.14,Stock Reconciliation Gap,5.0
CASE001055,ORD0006804,Refund,Missing Item,2026-05-08 09:53:46,2026-05-09 08:21:29,Escalated,22.46,90.79,Picking Error,3.0
CASE001056,ORD0006806,Refund,Missing Item,2026-06-21 20:54:09,2026-06-22 02:10:10,Resolved,5.27,505.59,Picking Error,5.0
CASE001057,ORD0006809,Refund,Item Unavailable,2026-05-21 06:12:02,,Open,,241.64,Inventory Mismatch,
CASE001058,ORD0006825,Complaint,Rider Behaviour,2026-05-25 05:33:58,2026-05-25 06:14:47,Resolved,0.68,0.0,Training Gap,3.0
CASE001059,ORD0006854,Return,Quality Issue,2026-05-07 14:13:56,,Open,,604.52,Supplier Quality,
CASE001060,ORD0006871,Refund,Missing Item,2026-04-14 00:16:55,2026-04-15 02:41:47,Resolved,26.41,28.55,Picking Error,3.0
CASE001061,ORD0006876,Refund,Item Unavailable,2026-05-07 23:59:00,2026-05-08 13:27:11,Resolved,13.47,1025.59,Replenishment Delay,2.0
CASE001062,ORD0006877,Refund,Missing Item,2026-06-16 04:08:17,2026-06-16 17:21:15,Resolved,13.22,183.32,Picking Error,5.0
CASE001063,ORD0006880,Return,Quality Issue,2026-06-11 06:45:55,2026-06-11 19:02:55,Resolved,12.28,135.6,Temperature Excursion,2.0
CASE001064,ORD0006888,Complaint,Damaged Product,2026-05-16 03:30:47,2026-05-16 18:43:20,Resolved,15.21,0.0,Handling Issue,1.0
CASE001065,ORD0006895,Refund,Missing Item,2026-04-03 12:53:04,2026-04-04 01:41:16,Resolved,12.8,555.83,Picking Error,2.0
CASE001066,ORD0006907,Refund,Missing Item,2026-06-25 07:21:35,2026-06-25 16:14:15,Resolved,8.88,125.5,Picking Error,4.0
CASE001067,ORD0006908,Complaint,Quality Issue,2026-05-09 22:21:55,2026-05-10 08:38:59,Resolved,10.28,0.0,Temperature Excursion,3.0
CASE001068,ORD0006909,Refund,Missing Item,2026-06-04 04:00:22,2026-06-04 14:05:02,Resolved,10.08,172.0,Picking Error,3.0
CASE001069,ORD0006910,Refund,Wrong Quantity,2026-04-07 04:21:16,2026-04-07 19:15:05,Resolved,14.9,355.02,Packing Error,1.0
CASE001070,ORD0006911,Refund,Item Unavailable,2026-04-07 11:28:25,2026-04-07 17:55:16,Resolved,6.45,123.51,Inventory Mismatch,3.0
CASE001071,ORD0006914,Refund,Refund Delay,2026-04-11 08:26:11,2026-04-12 03:16:50,Resolved,18.84,968.97,Manual Review,2.0
CASE001072,ORD0006918,Complaint,Damaged Product,2026-05-14 05:16:36,2026-05-15 01:22:21,Resolved,20.1,0.0,Poor Packaging,2.0
CASE001073,ORD0006920,Refund,Missing Item,2026-06-01 16:20:17,2026-06-01 18:30:22,Resolved,2.17,163.37,Picking Error,4.0
CASE001074,ORD0006923,Refund,Item Unavailable,2026-04-20 19:19:39,2026-04-21 15:58:50,Resolved,20.65,117.39,Replenishment Delay,3.0
CASE001075,ORD0006927,Refund,Wrong Quantity,2026-06-08 00:05:44,2026-06-08 11:54:50,Resolved,11.82,191.71,Packing Error,3.0
CASE001076,ORD0006929,Refund,Wrong Quantity,2026-06-23 17:08:41,2026-06-24 03:44:18,Resolved,10.59,333.87,Picking Error,2.0
CASE001077,ORD0006931,Refund,Wrong Quantity,2026-05-24 17:28:51,2026-05-25 19:01:35,Resolved,25.55,122.66,Picking Error,1.0
CASE001078,ORD0006937,Return,Quality Issue,2026-05-26 05:08:30,2026-05-26 10:52:04,Escalated,5.73,2576.58,Supplier Quality,3.0
CASE001079,ORD0006963,Refund,Missing Item,2026-06-06 03:52:53,2026-06-06 15:25:55,Resolved,11.55,477.73,Stock Reconciliation Gap,1.0
CASE001080,ORD0006966,Complaint,Late Delivery,2026-05-29 12:20:19,2026-05-29 21:00:31,Resolved,8.67,0.0,Store Processing Delay,1.0
CASE001081,ORD0006970,Refund,Missing Item,2026-04-10 23:57:21,2026-04-11 13:19:40,Resolved,13.37,217.2,Stock Reconciliation Gap,3.0
CASE001082,ORD0006980,Refund,Missing Item,2026-04-24 22:25:38,,Open,,51.66,Stock Reconciliation Gap,
CASE001083,ORD0006988,Complaint,Quality Issue,2026-06-20 07:16:23,2026-06-22 03:27:50,Resolved,44.19,0.0,Expiry Risk,4.0
CASE001084,ORD0006989,Refund,Missing Item,2026-05-30 14:43:07,2026-05-31 04:23:50,Resolved,13.68,511.75,Picking Error,3.0
CASE001085,ORD0006991,Refund,Wrong Quantity,2026-05-17 08:12:46,2026-05-17 10:01:52,Resolved,1.82,173.31,Picking Error,3.0
CASE001086,ORD0006993,Complaint,Damaged Product,2026-04-15 06:13:24,,Open,,0.0,Poor Packaging,
CASE001087,ORD0007001,Refund,Missing Item,2026-04-16 01:49:53,2026-04-18 12:36:50,Resolved,58.78,263.06,Stock Reconciliation Gap,3.0
CASE001088,ORD0007005,Complaint,Late Delivery,2026-05-15 15:58:31,2026-05-18 01:14:25,Resolved,57.27,0.0,Traffic Delay,3.0
CASE001089,ORD0007022,Refund,Missing Item,2026-05-04 03:29:19,2026-05-04 23:51:14,Resolved,20.37,59.55,Stock Reconciliation Gap,3.0
CASE001090,ORD0007024,Complaint,Damaged Product,2026-05-14 22:21:38,2026-05-15 20:34:09,Resolved,22.21,0.0,Handling Issue,1.0
CASE001091,ORD0007025,Refund,Item Unavailable,2026-05-27 18:07:31,2026-05-27 22:41:42,Resolved,4.57,52.09,Replenishment Delay,3.0
CASE001092,ORD0007029,Complaint,Late Delivery,2026-05-23 17:04:06,2026-05-24 03:21:01,Resolved,10.28,0.0,Rider Shortage,5.0
CASE001093,ORD0007033,Refund,Missing Item,2026-06-22 04:51:07,2026-06-23 05:14:49,Resolved,24.39,60.56,Stock Reconciliation Gap,2.0
CASE001094,ORD0007036,Refund,Missing Item,2026-05-07 12:39:36,2026-05-08 19:56:43,Resolved,31.29,37.59,Stock Reconciliation Gap,2.0
CASE001095,ORD0007047,Refund,Missing Item,2026-05-17 04:17:54,2026-05-17 22:42:03,Resolved,18.4,142.65,Picking Error,4.0
CASE001096,ORD0007050,Return,Quality Issue,2026-04-19 20:13:50,2026-04-20 05:15:08,Resolved,9.02,599.16,Supplier Quality,1.0
CASE001097,ORD0007052,Refund,Missing Item,2026-06-23 02:58:18,2026-06-23 21:16:08,Escalated,18.3,202.27,Picking Error,3.0
CASE001098,ORD0007060,Refund,Missing Item,2026-04-13 18:05:13,2026-04-14 03:22:51,Resolved,9.29,132.54,Stock Reconciliation Gap,2.0
CASE001099,ORD0007063,Complaint,Late Delivery,2026-05-12 02:39:13,2026-05-12 05:11:22,Resolved,2.54,0.0,Traffic Delay,4.0
CASE001100,ORD0007073,Refund,Missing Item,2026-05-04 17:28:53,2026-05-05 02:19:35,Resolved,8.84,188.96,Stock Reconciliation Gap,3.0
CASE001101,ORD0007075,Refund,Missing Item,2026-06-21 14:05:15,2026-06-22 17:40:02,Resolved,27.58,36.9,Picking Error,2.0
CASE001102,ORD0007077,Refund,Wrong Quantity,2026-04-20 23:44:15,2026-04-21 16:34:45,Resolved,16.84,84.14,Picking Error,5.0
CASE001103,ORD0007094,Complaint,Wrong Item,2026-04-24 23:34:16,2026-04-25 16:25:51,Resolved,16.86,0.0,Picking Error,4.0
CASE001104,ORD0007107,Refund,Item Unavailable,2026-04-20 02:46:14,2026-04-20 17:30:57,Resolved,14.75,51.46,Replenishment Delay,2.0
CASE001105,ORD0007110,Refund,Missing Item,2026-05-29 15:44:49,2026-05-30 00:40:37,Resolved,8.93,58.12,Picking Error,1.0
CASE001106,ORD0007113,Complaint,Wrong Item,2026-06-05 15:12:50,2026-06-07 11:40:31,Resolved,44.46,0.0,Picking Error,2.0
CASE001107,ORD0007122,Refund,Missing Item,2026-04-07 13:05:04,2026-04-08 20:27:14,Escalated,31.37,569.43,Picking Error,1.0
CASE001108,ORD0007129,Refund,Missing Item,2026-06-25 01:34:16,,Open,,122.07,Picking Error,
CASE001109,ORD0007138,Complaint,Late Delivery,2026-06-08 05:45:30,2026-06-08 14:59:00,Resolved,9.22,0.0,Store Processing Delay,3.0
CASE001110,ORD0007139,Complaint,Rider Behaviour,2026-06-14 13:29:06,2026-06-14 21:59:33,Resolved,8.51,0.0,Training Gap,2.0
CASE001111,ORD0007144,Refund,Refund Delay,2026-05-11 20:12:28,2026-05-12 01:52:45,Resolved,5.67,127.89,Payment Gateway Delay,3.0
CASE001112,ORD0007147,Refund,Missing Item,2026-06-19 22:43:05,2026-06-20 12:24:47,Resolved,13.7,59.18,Picking Error,4.0
CASE001113,ORD0007152,Complaint,Damaged Product,2026-04-27 01:59:09,2026-04-28 03:56:07,Resolved,25.95,0.0,Poor Packaging,5.0
CASE001114,ORD0007155,Refund,Missing Item,2026-06-15 21:52:54,2026-06-16 03:01:11,Resolved,5.14,73.02,Picking Error,5.0
CASE001115,ORD0007157,Refund,Missing Item,2026-06-16 01:29:56,2026-06-16 13:18:32,Resolved,11.81,155.86,Picking Error,2.0
CASE001116,ORD0007161,Complaint,Late Delivery,2026-05-07 21:57:09,2026-05-07 23:59:58,Resolved,2.05,0.0,Store Processing Delay,1.0
CASE001117,ORD0007172,Refund,Missing Item,2026-05-17 08:41:27,2026-05-17 14:17:28,Resolved,5.6,73.36,Stock Reconciliation Gap,1.0
CASE001118,ORD0007179,Refund,Item Unavailable,2026-06-23 17:59:17,2026-06-24 02:14:51,Resolved,8.26,327.01,Inventory Mismatch,4.0
CASE001119,ORD0007187,Refund,Wrong Quantity,2026-06-22 19:36:15,2026-06-23 12:01:29,Resolved,16.42,555.18,Packing Error,1.0
CASE001120,ORD0007188,Refund,Missing Item,2026-05-12 22:45:32,2026-05-13 20:57:26,Resolved,22.2,92.77,Stock Reconciliation Gap,1.0
CASE001121,ORD0007191,Refund,Wrong Quantity,2026-05-11 17:42:02,2026-05-12 02:26:12,Resolved,8.74,176.66,Picking Error,1.0
CASE001122,ORD0007223,Refund,Item Unavailable,2026-06-22 03:12:55,2026-06-22 04:35:10,Resolved,1.37,94.23,Inventory Mismatch,3.0
CASE001123,ORD0007226,Return,Wrong Item,2026-04-18 05:08:51,2026-04-19 10:23:27,Resolved,29.24,1637.75,Catalog Mapping Error,3.0
CASE001124,ORD0007233,Refund,Missing Item,2026-05-22 17:45:42,2026-05-23 21:06:34,Resolved,27.35,227.11,Stock Reconciliation Gap,5.0
CASE001125,ORD0007234,Refund,Item Unavailable,2026-05-24 02:59:01,2026-05-24 14:47:21,Resolved,11.81,224.65,Replenishment Delay,1.0
CASE001126,ORD0007235,Refund,Missing Item,2026-06-24 20:33:14,2026-06-26 00:01:17,Resolved,27.47,183.63,Picking Error,4.0
CASE001127,ORD0007244,Complaint,Quality Issue,2026-06-08 02:34:12,2026-06-08 14:25:58,Resolved,11.86,0.0,Temperature Excursion,5.0
CASE001128,ORD0007250,Refund,Item Unavailable,2026-06-01 23:30:21,2026-06-02 05:44:30,Resolved,6.24,15.51,Inventory Mismatch,1.0
CASE001129,ORD0007258,Refund,Missing Item,2026-05-16 20:31:14,,Open,,121.96,Stock Reconciliation Gap,
CASE001130,ORD0007263,Refund,Wrong Quantity,2026-04-22 03:15:47,2026-04-22 16:22:24,Escalated,13.11,108.83,Picking Error,1.0
CASE001131,ORD0007264,Refund,Missing Item,2026-06-06 20:51:54,2026-06-07 04:00:58,Resolved,7.15,113.05,Picking Error,4.0
CASE001132,ORD0007266,Complaint,Late Delivery,2026-04-05 04:05:48,2026-04-06 02:41:10,Resolved,22.59,0.0,Store Processing Delay,1.0
CASE001133,ORD0007267,Refund,Missing Item,2026-05-25 02:29:07,2026-05-25 21:17:43,Resolved,18.81,341.8,Picking Error,2.0
CASE001134,ORD0007268,Refund,Missing Item,2026-04-06 10:43:44,2026-04-07 00:43:43,Resolved,14.0,139.13,Picking Error,3.0
CASE001135,ORD0007277,Refund,Wrong Quantity,2026-04-21 00:39:25,2026-04-21 12:08:02,Resolved,11.48,65.92,Picking Error,3.0
CASE001136,ORD0007281,Refund,Missing Item,2026-04-06 14:56:12,2026-04-07 10:30:22,Escalated,19.57,74.79,Stock Reconciliation Gap,5.0
CASE001137,ORD0007285,Refund,Wrong Quantity,2026-05-22 20:15:14,2026-05-23 11:41:19,Resolved,15.43,195.56,Picking Error,5.0
CASE001138,ORD0007298,Refund,Missing Item,2026-06-04 08:15:12,2026-06-04 15:40:00,Escalated,7.41,148.44,Stock Reconciliation Gap,2.0
CASE001139,ORD0007310,Refund,Cancellation Dispute,2026-05-21 11:33:49,2026-05-21 16:17:48,Escalated,4.73,3703.3,Policy Misunderstanding,3.0
CASE001140,ORD0007313,Refund,Missing Item,2026-06-24 01:06:17,2026-06-25 07:19:12,Resolved,30.22,81.35,Picking Error,5.0
CASE001141,ORD0007314,Refund,Missing Item,2026-04-19 21:31:59,,Open,,126.11,Stock Reconciliation Gap,
CASE001142,ORD0007316,Refund,Missing Item,2026-04-13 04:51:10,2026-04-13 18:02:05,Resolved,13.18,63.4,Picking Error,4.0
CASE001143,ORD0007319,Refund,Wrong Quantity,2026-06-27 01:40:37,2026-06-27 22:31:26,Resolved,20.85,256.74,Picking Error,1.0
CASE001144,ORD0007324,Refund,Item Unavailable,2026-04-10 09:28:11,2026-04-11 01:53:26,Escalated,16.42,257.83,Replenishment Delay,2.0
CASE001145,ORD0007346,Refund,Item Unavailable,2026-06-28 02:28:02,2026-06-28 12:42:55,Resolved,10.25,82.43,Replenishment Delay,3.0
CASE001146,ORD0007360,Complaint,Wrong Item,2026-06-27 15:18:06,2026-06-27 18:54:24,Resolved,3.6,0.0,Catalog Mapping Error,3.0
CASE001147,ORD0007362,Refund,Missing Item,2026-04-01 21:51:11,2026-04-03 01:01:02,Resolved,27.16,171.72,Stock Reconciliation Gap,1.0
CASE001148,ORD0007363,Refund,Missing Item,2026-04-25 17:39:47,2026-04-26 17:18:41,Resolved,23.65,90.58,Stock Reconciliation Gap,4.0
CASE001149,ORD0007368,Refund,Item Unavailable,2026-05-04 07:31:10,2026-05-05 11:47:38,Resolved,28.27,111.06,Inventory Mismatch,3.0
CASE001150,ORD0007392,Refund,Missing Item,2026-06-24 20:59:53,2026-06-25 05:41:26,Escalated,8.69,76.85,Stock Reconciliation Gap,1.0
CASE001151,ORD0007396,Refund,Missing Item,2026-04-15 20:17:09,2026-04-16 10:48:28,Resolved,14.52,407.21,Stock Reconciliation Gap,5.0
CASE001152,ORD0007403,Refund,Missing Item,2026-05-29 04:08:58,2026-05-29 20:49:22,Resolved,16.67,423.36,Picking Error,3.0
CASE001153,ORD0007413,Refund,Missing Item,2026-06-21 09:38:37,2026-06-22 04:43:17,Resolved,19.08,77.3,Stock Reconciliation Gap,3.0
CASE001154,ORD0007414,Refund,Missing Item,2026-05-12 19:01:35,2026-05-13 08:33:45,Resolved,13.54,15.0,Picking Error,4.0
CASE001155,ORD0007418,Refund,Item Unavailable,2026-05-26 13:44:04,2026-05-28 15:12:18,Resolved,49.47,134.57,Replenishment Delay,3.0
CASE001156,ORD0007423,Refund,Refund Delay,2026-05-18 05:36:02,2026-05-19 13:50:53,Resolved,32.25,747.46,Manual Review,2.0
CASE001157,ORD0007425,Refund,Wrong Quantity,2026-05-09 16:41:48,2026-05-11 19:31:37,Resolved,50.83,372.16,Picking Error,5.0
CASE001158,ORD0007453,Refund,Missing Item,2026-05-23 21:58:35,2026-05-24 11:25:40,Resolved,13.45,198.25,Picking Error,3.0
CASE001159,ORD0007455,Return,Quality Issue,2026-06-07 11:31:12,2026-06-07 22:57:03,Resolved,11.43,378.71,Supplier Quality,1.0
CASE001160,ORD0007463,Refund,Item Unavailable,2026-04-15 22:13:55,2026-04-16 10:57:40,Resolved,12.73,139.68,Inventory Mismatch,1.0
CASE001161,ORD0007465,Complaint,Wrong Item,2026-05-02 18:45:44,2026-05-03 20:09:22,Resolved,25.39,0.0,Catalog Mapping Error,1.0
CASE001162,ORD0007474,Complaint,Damaged Product,2026-06-06 07:44:18,2026-06-06 22:36:25,Resolved,14.87,0.0,Supplier Quality,1.0
CASE001163,ORD0007483,Refund,Item Unavailable,2026-05-10 16:15:11,2026-05-10 21:43:14,Resolved,5.47,47.49,Replenishment Delay,2.0
CASE001164,ORD0007485,Refund,Wrong Quantity,2026-04-23 16:47:28,2026-04-25 02:23:58,Resolved,33.61,215.34,Picking Error,5.0
CASE001165,ORD0007486,Refund,Missing Item,2026-05-07 15:45:47,2026-05-09 07:53:15,Resolved,40.12,422.24,Picking Error,1.0
CASE001166,ORD0007489,Refund,Missing Item,2026-05-17 11:12:59,2026-05-17 14:15:03,Resolved,3.03,90.91,Picking Error,2.0
CASE001167,ORD0007490,Refund,Missing Item,2026-06-08 15:29:36,2026-06-09 06:10:22,Resolved,14.68,65.06,Stock Reconciliation Gap,2.0
CASE001168,ORD0007494,Refund,Missing Item,2026-04-27 00:14:59,2026-04-27 06:39:11,Resolved,6.4,265.29,Stock Reconciliation Gap,1.0
CASE001169,ORD0007513,Refund,Missing Item,2026-05-21 15:23:05,2026-05-22 01:32:04,Resolved,10.15,179.77,Stock Reconciliation Gap,4.0
CASE001170,ORD0007519,Complaint,Late Delivery,2026-05-06 17:27:49,2026-05-07 01:14:44,Resolved,7.78,0.0,Rider Shortage,2.0
CASE001171,ORD0007525,Complaint,Quality Issue,2026-05-24 20:38:32,2026-05-24 23:35:17,Resolved,2.95,0.0,Temperature Excursion,3.0
CASE001172,ORD0007533,Refund,Missing Item,2026-05-07 09:25:29,2026-05-08 07:20:03,Resolved,21.91,121.56,Picking Error,2.0
CASE001173,ORD0007543,Refund,Item Unavailable,2026-05-05 04:18:28,2026-05-05 13:37:52,Resolved,9.32,39.2,Replenishment Delay,4.0
CASE001174,ORD0007562,Refund,Item Unavailable,2026-04-13 03:17:32,2026-04-13 06:41:19,Resolved,3.4,662.78,Inventory Mismatch,4.0
CASE001175,ORD0007564,Refund,Missing Item,2026-05-20 15:02:04,2026-05-21 05:27:12,Resolved,14.42,57.16,Stock Reconciliation Gap,4.0
CASE001176,ORD0007565,Refund,Missing Item,2026-04-23 08:38:10,2026-04-24 11:23:14,Resolved,26.75,123.92,Picking Error,4.0
CASE001177,ORD0007575,Return,Quality Issue,2026-05-24 20:04:50,2026-05-25 19:42:25,Resolved,23.63,512.5,Supplier Quality,3.0
CASE001178,ORD0007577,Complaint,Late Delivery,2026-05-15 04:42:20,2026-05-15 10:32:06,Resolved,5.83,0.0,Store Processing Delay,4.0
CASE001179,ORD0007580,Refund,Item Unavailable,2026-04-03 23:22:53,2026-04-05 21:24:17,Resolved,46.02,795.71,Replenishment Delay,5.0
CASE001180,ORD0007583,Complaint,Quality Issue,2026-06-23 09:13:29,2026-06-24 08:38:00,Escalated,23.41,0.0,Expiry Risk,4.0
CASE001181,ORD0007595,Refund,Item Unavailable,2026-04-06 18:06:28,2026-04-06 22:37:23,Resolved,4.52,110.68,Replenishment Delay,4.0
CASE001182,ORD0007598,Refund,Wrong Quantity,2026-05-04 17:09:24,2026-05-05 15:02:45,Resolved,21.89,98.71,Packing Error,4.0
CASE001183,ORD0007604,Refund,Missing Item,2026-04-19 10:47:29,2026-04-20 04:51:35,Resolved,18.07,120.19,Stock Reconciliation Gap,5.0
CASE001184,ORD0007606,Refund,Item Unavailable,2026-04-26 22:40:19,2026-04-27 02:00:28,Resolved,3.34,148.2,Inventory Mismatch,5.0
CASE001185,ORD0007614,Refund,Refund Delay,2026-04-21 07:02:10,2026-04-21 10:28:09,Resolved,3.43,2053.08,Manual Review,2.0
CASE001186,ORD0007618,Refund,Wrong Quantity,2026-04-24 05:56:49,2026-04-25 02:59:13,Resolved,21.04,118.91,Picking Error,4.0
CASE001187,ORD0007621,Refund,Cancellation Dispute,2026-05-03 16:42:55,2026-05-04 07:40:01,Resolved,14.95,1145.15,Policy Misunderstanding,1.0
CASE001188,ORD0007622,Refund,Missing Item,2026-05-07 22:26:56,2026-05-08 13:29:48,Resolved,15.05,137.16,Picking Error,4.0
CASE001189,ORD0007631,Refund,Missing Item,2026-05-11 05:35:23,2026-05-11 16:14:25,Resolved,10.65,114.78,Picking Error,1.0
CASE001190,ORD0007632,Refund,Missing Item,2026-05-24 12:18:03,2026-05-25 07:45:40,Resolved,19.46,109.32,Stock Reconciliation Gap,5.0
CASE001191,ORD0007633,Refund,Missing Item,2026-04-13 21:38:06,2026-04-14 05:27:02,Resolved,7.82,193.26,Stock Reconciliation Gap,4.0
CASE001192,ORD0007635,Refund,Wrong Quantity,2026-04-11 16:54:28,2026-04-12 12:35:46,Resolved,19.69,423.49,Picking Error,3.0
CASE001193,ORD0007659,Refund,Missing Item,2026-05-16 17:11:22,2026-05-17 09:23:17,Resolved,16.2,257.33,Stock Reconciliation Gap,5.0
CASE001194,ORD0007674,Refund,Item Unavailable,2026-05-06 21:57:55,2026-05-07 22:09:23,Resolved,24.19,159.81,Replenishment Delay,5.0
CASE001195,ORD0007677,Refund,Missing Item,2026-06-03 10:22:30,2026-06-04 08:49:25,Resolved,22.45,513.96,Stock Reconciliation Gap,1.0
CASE001196,ORD0007685,Refund,Missing Item,2026-05-30 08:03:05,2026-05-31 15:04:27,Resolved,31.02,169.6,Picking Error,3.0
CASE001197,ORD0007697,Complaint,Quality Issue,2026-05-21 06:17:39,2026-05-21 15:50:16,Resolved,9.54,0.0,Supplier Quality,2.0
CASE001198,ORD0007703,Refund,Payment Issue,2026-06-20 13:28:26,2026-06-20 19:17:46,Resolved,5.82,514.95,Payment Gateway Error,5.0
CASE001199,ORD0007707,Return,Damaged Product,2026-04-10 07:31:58,2026-04-10 23:16:37,Resolved,15.74,729.58,Supplier Quality,4.0
CASE001200,ORD0007708,Complaint,Damaged Product,2026-04-04 17:05:36,2026-04-05 20:34:54,Resolved,27.49,0.0,Supplier Quality,1.0
CASE001201,ORD0007750,Refund,Item Unavailable,2026-04-29 22:46:51,2026-04-30 01:52:50,Resolved,3.1,246.5,Inventory Mismatch,1.0
CASE001202,ORD0007758,Refund,Missing Item,2026-05-19 04:53:17,2026-05-20 13:04:01,Resolved,32.18,57.64,Picking Error,4.0
CASE001203,ORD0007760,Refund,Wrong Quantity,2026-04-30 04:07:55,2026-04-30 21:33:35,Resolved,17.43,96.98,Packing Error,1.0
CASE001204,ORD0007763,Refund,Missing Item,2026-06-25 00:34:27,,Open,,345.83,Stock Reconciliation Gap,
CASE001205,ORD0007768,Refund,Missing Item,2026-06-20 23:31:13,2026-06-23 07:58:41,Resolved,56.46,194.11,Stock Reconciliation Gap,5.0
CASE001206,ORD0007769,Return,Wrong Item,2026-04-14 22:16:57,2026-04-15 07:27:32,Resolved,9.18,649.3,Catalog Mapping Error,1.0
CASE001207,ORD0007772,Return,Quality Issue,2026-05-22 01:08:26,2026-05-22 19:07:21,Resolved,17.98,585.22,Supplier Quality,3.0
CASE001208,ORD0007778,Refund,Missing Item,2026-04-27 17:11:26,,Open,,138.17,Stock Reconciliation Gap,
CASE001209,ORD0007787,Return,Damaged Product,2026-04-20 22:14:27,,Open,,1473.98,Poor Packaging,
CASE001210,ORD0007790,Refund,Item Unavailable,2026-06-29 00:31:09,,Open,,199.69,Inventory Mismatch,
CASE001211,ORD0007792,Refund,Item Unavailable,2026-06-02 18:45:23,2026-06-03 09:19:31,Resolved,14.57,196.07,Inventory Mismatch,5.0
CASE001212,ORD0007794,Refund,Missing Item,2026-04-25 08:01:58,2026-04-25 17:03:39,Resolved,9.03,183.62,Stock Reconciliation Gap,2.0
CASE001213,ORD0007799,Complaint,Quality Issue,2026-04-13 01:05:14,2026-04-13 04:41:42,Resolved,3.61,0.0,Supplier Quality,3.0
CASE001214,ORD0007800,Refund,Missing Item,2026-04-08 01:49:39,2026-04-08 15:12:25,Resolved,13.38,557.52,Picking Error,1.0
CASE001215,ORD0007805,Refund,Missing Item,2026-05-10 20:44:45,2026-05-11 14:40:24,Resolved,17.93,383.24,Stock Reconciliation Gap,2.0
CASE001216,ORD0007818,Complaint,Late Delivery,2026-06-03 09:48:45,2026-06-04 09:43:33,Resolved,23.91,0.0,Store Processing Delay,1.0
CASE001217,ORD0007824,Refund,Wrong Quantity,2026-04-12 06:02:41,2026-04-13 00:05:11,Resolved,18.04,257.87,Packing Error,1.0
CASE001218,ORD0007825,Refund,Missing Item,2026-05-11 14:22:29,2026-05-11 19:03:23,Resolved,4.68,129.22,Stock Reconciliation Gap,3.0
CASE001219,ORD0007845,Refund,Missing Item,2026-06-15 21:15:32,2026-06-16 02:21:01,Escalated,5.09,269.17,Picking Error,1.0
CASE001220,ORD0007848,Return,Quality Issue,2026-05-20 06:03:02,2026-05-20 10:00:25,Escalated,3.96,426.77,Expiry Risk,1.0
CASE001221,ORD0007854,Refund,Wrong Quantity,2026-04-20 18:36:15,2026-04-21 05:48:53,Resolved,11.21,31.42,Packing Error,4.0
CASE001222,ORD0007863,Refund,Missing Item,2026-04-26 09:41:12,2026-04-27 03:42:09,Resolved,18.02,130.67,Stock Reconciliation Gap,1.0
CASE001223,ORD0007866,Return,Wrong Item,2026-04-15 02:19:27,2026-04-15 18:37:01,Resolved,16.29,208.67,Catalog Mapping Error,3.0
CASE001224,ORD0007873,Refund,Missing Item,2026-05-06 05:29:12,2026-05-06 06:21:25,Resolved,0.87,999.07,Picking Error,2.0
CASE001225,ORD0007877,Refund,Item Unavailable,2026-05-29 22:32:14,2026-05-30 05:46:37,Resolved,7.24,186.95,Replenishment Delay,1.0
CASE001226,ORD0007882,Refund,Item Unavailable,2026-06-21 16:52:41,2026-06-22 22:11:31,Resolved,29.31,270.59,Inventory Mismatch,4.0
CASE001227,ORD0007883,Refund,Wrong Quantity,2026-05-18 09:27:18,2026-05-19 01:19:16,Resolved,15.87,249.89,Picking Error,1.0
CASE001228,ORD0007896,Refund,Missing Item,2026-06-01 05:27:17,2026-06-02 00:32:59,Resolved,19.1,94.22,Picking Error,5.0
CASE001229,ORD0007897,Refund,Missing Item,2026-05-02 21:12:08,2026-05-04 03:01:02,Resolved,29.82,395.06,Stock Reconciliation Gap,4.0
CASE001230,ORD0007906,Refund,Missing Item,2026-04-11 08:15:17,2026-04-11 17:33:06,Resolved,9.3,503.72,Picking Error,5.0
CASE001231,ORD0007907,Refund,Missing Item,2026-04-27 08:50:21,2026-04-28 07:19:02,Resolved,22.48,157.16,Stock Reconciliation Gap,1.0
CASE001232,ORD0007912,Return,Damaged Product,2026-04-04 18:37:55,2026-04-04 23:43:06,Resolved,5.09,96.41,Poor Packaging,4.0
CASE001233,ORD0007914,Refund,Item Unavailable,2026-04-02 17:05:18,2026-04-03 21:32:54,Resolved,28.46,81.65,Replenishment Delay,4.0
CASE001234,ORD0007916,Refund,Wrong Quantity,2026-06-06 10:48:55,2026-06-07 00:37:28,Resolved,13.81,165.25,Packing Error,5.0
CASE001235,ORD0007917,Refund,Wrong Quantity,2026-04-14 01:40:53,2026-04-14 08:27:51,Resolved,6.78,306.2,Picking Error,4.0
CASE001236,ORD0007923,Refund,Missing Item,2026-05-31 15:01:12,2026-06-01 05:56:34,Escalated,14.92,235.9,Picking Error,1.0
CASE001237,ORD0007929,Refund,Item Unavailable,2026-05-12 20:37:00,2026-05-13 15:23:38,Resolved,18.78,161.14,Inventory Mismatch,4.0
CASE001238,ORD0007983,Refund,Item Unavailable,2026-05-30 10:45:11,2026-05-30 18:07:37,Escalated,7.37,206.28,Inventory Mismatch,5.0
CASE001239,ORD0007985,Refund,Missing Item,2026-04-26 10:04:40,2026-04-26 14:17:11,Resolved,4.21,76.46,Picking Error,4.0
CASE001240,ORD0007994,Refund,Missing Item,2026-04-04 07:24:30,2026-04-04 22:47:41,Escalated,15.39,68.5,Stock Reconciliation Gap,2.0
CASE001241,ORD0007999,Refund,Item Unavailable,2026-04-29 21:14:50,2026-05-01 10:52:01,Resolved,37.62,161.39,Inventory Mismatch,1.0
CASE001242,ORD0008012,Refund,Missing Item,2026-05-06 20:54:58,2026-05-07 06:12:06,Resolved,9.29,184.15,Picking Error,1.0
CASE001243,ORD0008016,Complaint,Wrong Item,2026-06-15 17:32:53,2026-06-16 04:51:19,Resolved,11.31,0.0,Catalog Mapping Error,5.0
CASE001244,ORD0008028,Refund,Missing Item,2026-06-09 07:58:43,2026-06-11 00:24:32,Resolved,40.43,279.1,Stock Reconciliation Gap,4.0
CASE001245,ORD0008031,Refund,Missing Item,2026-06-25 19:38:29,,Open,,385.4,Picking Error,
CASE001246,ORD0008039,Refund,Item Unavailable,2026-04-14 22:11:48,2026-04-16 06:21:44,Resolved,32.17,647.68,Replenishment Delay,3.0
CASE001247,ORD0008061,Refund,Missing Item,2026-05-10 09:28:31,2026-05-11 19:01:00,Escalated,33.54,130.31,Picking Error,5.0
CASE001248,ORD0008063,Refund,Missing Item,2026-04-13 05:43:07,2026-04-14 13:10:47,Resolved,31.46,525.39,Stock Reconciliation Gap,3.0
CASE001249,ORD0008068,Refund,Item Unavailable,2026-06-02 07:06:22,2026-06-03 04:02:19,Resolved,20.93,372.66,Replenishment Delay,1.0
CASE001250,ORD0008070,Refund,Missing Item,2026-06-11 02:35:44,2026-06-11 10:55:08,Resolved,8.32,205.11,Picking Error,1.0
CASE001251,ORD0008089,Refund,Wrong Quantity,2026-06-07 09:31:37,,Open,,464.44,Packing Error,
CASE001252,ORD0008091,Refund,Item Unavailable,2026-04-28 04:33:36,2026-04-30 02:20:36,Resolved,45.78,412.06,Inventory Mismatch,4.0
CASE001253,ORD0008100,Refund,Missing Item,2026-04-24 13:29:09,2026-04-24 16:44:18,Escalated,3.25,73.44,Stock Reconciliation Gap,4.0
CASE001254,ORD0008105,Refund,Item Unavailable,2026-06-09 04:38:53,2026-06-10 05:33:34,Resolved,24.91,91.23,Replenishment Delay,1.0
CASE001255,ORD0008107,Complaint,Late Delivery,2026-06-28 05:51:22,2026-06-28 15:32:59,Resolved,9.69,0.0,Store Processing Delay,4.0
CASE001256,ORD0008113,Complaint,Quality Issue,2026-06-13 21:04:07,2026-06-14 00:39:55,Resolved,3.6,0.0,Supplier Quality,2.0
CASE001257,ORD0008116,Refund,Missing Item,2026-06-05 17:47:11,2026-06-06 08:18:44,Resolved,14.53,90.34,Stock Reconciliation Gap,5.0
CASE001258,ORD0008119,Refund,Wrong Quantity,2026-04-04 15:39:57,2026-04-04 18:58:33,Resolved,3.31,72.2,Picking Error,3.0
CASE001259,ORD0008133,Complaint,Rider Behaviour,2026-05-14 04:12:38,2026-05-14 05:52:11,Resolved,1.66,0.0,Conduct Issue,1.0
CASE001260,ORD0008139,Complaint,Damaged Product,2026-05-25 22:39:20,2026-05-26 12:26:23,Resolved,13.78,0.0,Handling Issue,1.0
CASE001261,ORD0008140,Refund,Refund Delay,2026-04-07 11:05:10,2026-04-10 16:17:30,Resolved,77.21,399.62,Manual Review,1.0
CASE001262,ORD0008142,Refund,Wrong Quantity,2026-06-16 23:05:43,2026-06-17 06:03:29,Resolved,6.96,438.85,Packing Error,1.0
CASE001263,ORD0008151,Return,Wrong Item,2026-05-15 19:08:11,2026-05-16 22:11:10,Resolved,27.05,203.45,Picking Error,1.0
CASE001264,ORD0008157,Refund,Item Unavailable,2026-04-25 23:14:50,2026-04-27 05:08:48,Resolved,29.9,148.5,Inventory Mismatch,3.0
CASE001265,ORD0008162,Refund,Item Unavailable,2026-04-27 20:12:31,2026-04-27 22:41:21,Resolved,2.48,83.84,Inventory Mismatch,5.0
CASE001266,ORD0008169,Refund,Missing Item,2026-05-05 14:50:47,2026-05-06 05:58:08,Resolved,15.12,97.13,Stock Reconciliation Gap,2.0
CASE001267,ORD0008173,Refund,Item Unavailable,2026-04-08 00:30:07,2026-04-09 05:57:21,Resolved,29.45,383.45,Inventory Mismatch,4.0
CASE001268,ORD0008177,Refund,Missing Item,2026-05-11 01:36:30,2026-05-11 04:06:17,Escalated,2.5,361.03,Picking Error,2.0
CASE001269,ORD0008182,Complaint,Damaged Product,2026-04-07 22:54:02,2026-04-08 15:19:50,Resolved,16.43,0.0,Poor Packaging,1.0
CASE001270,ORD0008186,Refund,Item Unavailable,2026-06-12 05:07:13,2026-06-12 07:51:47,Resolved,2.74,72.44,Replenishment Delay,5.0
CASE001271,ORD0008187,Return,Quality Issue,2026-05-19 10:48:57,2026-05-19 14:01:26,Resolved,3.21,1621.31,Supplier Quality,4.0
CASE001272,ORD0008189,Refund,Missing Item,2026-05-10 18:02:21,2026-05-12 09:21:54,Resolved,39.33,361.6,Stock Reconciliation Gap,5.0
CASE001273,ORD0008201,Refund,Missing Item,2026-05-07 21:26:52,2026-05-08 16:33:24,Resolved,19.11,183.36,Picking Error,2.0
CASE001274,ORD0008216,Return,Damaged Product,2026-06-20 04:52:51,2026-06-21 09:18:32,Resolved,28.43,707.42,Handling Issue,3.0
CASE001275,ORD0008217,Refund,Missing Item,2026-05-24 23:42:43,2026-05-25 07:03:44,Resolved,7.35,171.94,Stock Reconciliation Gap,1.0
CASE001276,ORD0008218,Refund,Missing Item,2026-05-28 17:21:15,2026-05-28 21:31:56,Resolved,4.18,202.2,Stock Reconciliation Gap,4.0
CASE001277,ORD0008248,Complaint,Quality Issue,2026-06-08 09:22:41,2026-06-08 16:10:04,Resolved,6.79,0.0,Expiry Risk,3.0
CASE001278,ORD0008251,Complaint,Wrong Item,2026-06-03 06:06:50,2026-06-05 04:22:29,Resolved,46.26,0.0,Picking Error,3.0
CASE001279,ORD0008252,Refund,Missing Item,2026-06-19 17:25:45,2026-06-20 08:48:09,Resolved,15.37,772.11,Picking Error,2.0
CASE001280,ORD0008253,Refund,Item Unavailable,2026-06-06 04:04:31,2026-06-06 06:08:39,Resolved,2.07,124.15,Replenishment Delay,1.0
CASE001281,ORD0008256,Refund,Wrong Quantity,2026-04-19 15:58:30,2026-04-19 19:24:33,Resolved,3.43,325.75,Picking Error,1.0
CASE001282,ORD0008268,Refund,Missing Item,2026-06-29 01:22:01,2026-06-29 20:49:33,Resolved,19.46,92.66,Picking Error,5.0
CASE001283,ORD0008270,Refund,Item Unavailable,2026-04-11 13:04:51,2026-04-11 18:24:56,Resolved,5.33,339.58,Replenishment Delay,3.0
CASE001284,ORD0008275,Complaint,Quality Issue,2026-05-29 14:08:53,2026-05-29 23:34:30,Resolved,9.43,0.0,Expiry Risk,1.0
CASE001285,ORD0008286,Refund,Item Unavailable,2026-06-01 17:54:11,2026-06-01 21:52:55,Resolved,3.98,286.28,Replenishment Delay,4.0
CASE001286,ORD0008291,Complaint,Late Delivery,2026-04-20 08:34:58,2026-04-20 23:15:47,Resolved,14.68,0.0,Store Processing Delay,1.0
CASE001287,ORD0008293,Refund,Item Unavailable,2026-06-01 16:55:10,,Open,,178.85,Replenishment Delay,
CASE001288,ORD0008302,Refund,Missing Item,2026-04-26 07:47:25,2026-04-26 13:06:39,Resolved,5.32,485.81,Stock Reconciliation Gap,4.0
CASE001289,ORD0008303,Refund,Missing Item,2026-06-15 17:34:53,2026-06-16 12:11:10,Resolved,18.6,732.75,Picking Error,4.0
CASE001290,ORD0008314,Refund,Missing Item,2026-04-26 00:30:00,2026-04-26 20:08:08,Resolved,19.64,164.82,Picking Error,4.0
CASE001291,ORD0008315,Refund,Missing Item,2026-06-02 08:48:31,2026-06-03 03:28:07,Resolved,18.66,581.89,Stock Reconciliation Gap,3.0
CASE001292,ORD0008328,Refund,Missing Item,2026-04-18 04:55:22,2026-04-19 06:44:13,Resolved,25.81,133.33,Stock Reconciliation Gap,2.0
CASE001293,ORD0008329,Refund,Item Unavailable,2026-05-23 14:54:16,2026-05-24 06:06:36,Resolved,15.21,263.51,Inventory Mismatch,1.0
CASE001294,ORD0008337,Refund,Missing Item,2026-06-23 08:37:14,2026-06-24 03:22:29,Resolved,18.75,319.69,Stock Reconciliation Gap,1.0
CASE001295,ORD0008340,Return,Damaged Product,2026-06-24 05:28:49,,Open,,4622.78,Poor Packaging,
CASE001296,ORD0008352,Refund,Missing Item,2026-05-30 11:31:43,2026-05-30 21:30:02,Resolved,9.97,107.3,Picking Error,1.0
CASE001297,ORD0008353,Return,Quality Issue,2026-05-08 05:45:24,2026-05-09 12:17:42,Resolved,30.54,181.69,Temperature Excursion,2.0
CASE001298,ORD0008358,Complaint,Late Delivery,2026-04-25 02:17:44,2026-04-25 16:19:44,Resolved,14.03,0.0,Rider Shortage,2.0
CASE001299,ORD0008362,Refund,Item Unavailable,2026-06-18 11:38:03,,Open,,673.14,Replenishment Delay,
CASE001300,ORD0008372,Refund,Item Unavailable,2026-05-13 14:54:11,2026-05-13 17:51:42,Resolved,2.96,20.0,Replenishment Delay,1.0
CASE001301,ORD0008383,Refund,Missing Item,2026-06-21 15:57:58,2026-06-21 18:32:44,Resolved,2.58,273.82,Stock Reconciliation Gap,5.0
CASE001302,ORD0008385,Refund,Missing Item,2026-06-02 03:09:59,2026-06-03 10:17:25,Resolved,31.12,48.7,Picking Error,3.0
CASE001303,ORD0008389,Refund,Missing Item,2026-04-27 03:55:09,,Open,,245.16,Picking Error,
CASE001304,ORD0008396,Refund,Missing Item,2026-06-07 23:36:58,2026-06-08 02:04:04,Resolved,2.45,65.5,Picking Error,5.0
CASE001305,ORD0008398,Refund,Missing Item,2026-04-28 00:10:09,2026-04-28 14:39:02,Resolved,14.48,73.31,Picking Error,2.0
CASE001306,ORD0008412,Complaint,Late Delivery,2026-06-29 16:37:24,2026-07-01 07:56:41,Resolved,39.32,0.0,Store Processing Delay,1.0
CASE001307,ORD0008414,Refund,Missing Item,2026-06-13 13:16:49,,Open,,101.98,Picking Error,
CASE001308,ORD0008432,Refund,Missing Item,2026-04-12 01:14:12,2026-04-12 18:21:49,Resolved,17.13,498.44,Stock Reconciliation Gap,4.0
CASE001309,ORD0008435,Return,Quality Issue,2026-04-16 01:41:39,2026-04-16 11:06:12,Escalated,9.41,2122.83,Temperature Excursion,1.0
CASE001310,ORD0008448,Refund,Refund Delay,2026-06-16 00:03:30,2026-06-17 04:06:14,Resolved,28.05,528.93,Payment Gateway Delay,3.0
CASE001311,ORD0008452,Refund,Missing Item,2026-06-11 09:54:05,2026-06-12 03:30:58,Resolved,17.61,118.91,Stock Reconciliation Gap,2.0
CASE001312,ORD0008461,Refund,Missing Item,2026-05-13 17:20:58,2026-05-14 13:23:33,Resolved,20.04,74.02,Picking Error,2.0
CASE001313,ORD0008463,Refund,Missing Item,2026-05-25 05:08:19,2026-05-25 10:53:30,Resolved,5.75,670.77,Stock Reconciliation Gap,4.0
CASE001314,ORD0008465,Refund,Item Unavailable,2026-05-19 06:48:07,2026-05-19 11:01:24,Resolved,4.22,258.13,Replenishment Delay,1.0
CASE001315,ORD0008477,Complaint,Rider Behaviour,2026-06-20 07:40:59,2026-06-22 00:52:01,Resolved,41.18,0.0,Training Gap,3.0
CASE001316,ORD0008479,Refund,Item Unavailable,2026-06-24 18:36:21,,Open,,46.95,Replenishment Delay,
CASE001317,ORD0008489,Refund,Wrong Quantity,2026-04-10 10:59:58,2026-04-10 16:13:37,Resolved,5.23,261.88,Packing Error,4.0
CASE001318,ORD0008502,Refund,Missing Item,2026-06-27 16:08:09,2026-06-28 04:03:01,Resolved,11.91,57.32,Stock Reconciliation Gap,5.0
CASE001319,ORD0008503,Complaint,Late Delivery,2026-06-17 10:18:34,2026-06-18 04:31:26,Resolved,18.21,0.0,Store Processing Delay,1.0
CASE001320,ORD0008505,Refund,Item Unavailable,2026-04-12 03:24:27,2026-04-12 15:50:46,Resolved,12.44,73.54,Replenishment Delay,4.0
CASE001321,ORD0008506,Refund,Missing Item,2026-04-26 03:22:21,2026-04-26 23:47:09,Resolved,20.41,127.66,Stock Reconciliation Gap,2.0
CASE001322,ORD0008518,Refund,Item Unavailable,2026-05-09 21:25:08,2026-05-10 11:14:31,Resolved,13.82,150.41,Replenishment Delay,4.0
CASE001323,ORD0008521,Return,Wrong Item,2026-06-02 23:46:22,2026-06-03 06:40:36,Resolved,6.9,83.16,Catalog Mapping Error,3.0
CASE001324,ORD0008523,Refund,Wrong Quantity,2026-04-12 07:37:03,2026-04-12 11:29:07,Resolved,3.87,112.2,Packing Error,2.0
CASE001325,ORD0008530,Complaint,Late Delivery,2026-06-21 20:11:46,2026-06-23 13:42:13,Resolved,41.51,0.0,Store Processing Delay,5.0
CASE001326,ORD0008532,Complaint,Quality Issue,2026-05-26 04:40:28,2026-05-26 09:10:38,Resolved,4.5,0.0,Expiry Risk,4.0
CASE001327,ORD0008534,Refund,Missing Item,2026-04-20 15:42:27,2026-04-20 22:53:29,Resolved,7.18,125.14,Stock Reconciliation Gap,2.0
CASE001328,ORD0008535,Refund,Wrong Quantity,2026-05-25 11:14:23,2026-05-25 15:00:38,Resolved,3.77,157.81,Packing Error,5.0
CASE001329,ORD0008537,Refund,Missing Item,2026-04-12 02:03:12,2026-04-12 12:45:43,Resolved,10.71,121.55,Picking Error,4.0
CASE001330,ORD0008548,Refund,Missing Item,2026-05-29 00:47:27,2026-05-29 06:31:26,Resolved,5.73,142.08,Picking Error,5.0
CASE001331,ORD0008549,Refund,Missing Item,2026-05-06 22:43:28,2026-05-09 00:13:49,Resolved,49.51,302.49,Stock Reconciliation Gap,3.0
CASE001332,ORD0008551,Refund,Wrong Quantity,2026-04-30 21:47:39,2026-05-01 10:05:10,Resolved,12.29,168.75,Picking Error,5.0
CASE001333,ORD0008552,Refund,Missing Item,2026-06-11 19:09:35,2026-06-11 21:25:07,Resolved,2.26,250.21,Stock Reconciliation Gap,1.0
CASE001334,ORD0008554,Refund,Missing Item,2026-04-07 03:02:23,2026-04-07 04:53:54,Resolved,1.86,198.13,Stock Reconciliation Gap,4.0
CASE001335,ORD0008557,Complaint,Late Delivery,2026-05-11 07:10:38,2026-05-12 16:04:44,Resolved,32.9,0.0,Traffic Delay,5.0
CASE001336,ORD0008561,Refund,Missing Item,2026-05-22 01:29:26,2026-05-23 00:22:38,Resolved,22.89,119.93,Stock Reconciliation Gap,1.0
CASE001337,ORD0008580,Refund,Missing Item,2026-06-04 12:53:01,2026-06-05 00:10:38,Resolved,11.29,301.29,Picking Error,5.0
CASE001338,ORD0008590,Refund,Cancellation Dispute,2026-06-23 14:53:28,2026-06-23 21:03:33,Resolved,6.17,624.72,System Status Delay,1.0
CASE001339,ORD0008595,Refund,Missing Item,2026-04-02 11:55:00,2026-04-02 21:37:39,Resolved,9.71,100.41,Picking Error,3.0
CASE001340,ORD0008601,Refund,Missing Item,2026-05-13 18:05:13,2026-05-14 17:49:55,Resolved,23.74,162.83,Stock Reconciliation Gap,2.0
CASE001341,ORD0008605,Complaint,Late Delivery,2026-06-10 12:37:45,2026-06-11 08:38:26,Resolved,20.01,0.0,Rider Shortage,2.0
CASE001342,ORD0008613,Complaint,Quality Issue,2026-05-14 11:58:54,2026-05-15 15:09:16,Resolved,27.17,0.0,Temperature Excursion,3.0
CASE001343,ORD0008616,Complaint,Wrong Item,2026-05-30 14:04:54,2026-05-30 18:40:05,Resolved,4.59,0.0,Catalog Mapping Error,1.0
CASE001344,ORD0008620,Refund,Missing Item,2026-04-29 14:35:17,2026-04-30 01:15:55,Resolved,10.68,154.6,Picking Error,5.0
CASE001345,ORD0008624,Refund,Cancellation Dispute,2026-04-21 04:21:51,2026-04-22 16:07:28,Resolved,35.76,1556.59,System Status Delay,3.0
CASE001346,ORD0008631,Refund,Missing Item,2026-05-19 15:11:37,2026-05-19 22:06:51,Resolved,6.92,98.89,Stock Reconciliation Gap,2.0
CASE001347,ORD0008646,Refund,Missing Item,2026-04-10 10:07:24,2026-04-11 11:32:48,Resolved,25.42,180.25,Picking Error,3.0
CASE001348,ORD0008650,Refund,Wrong Quantity,2026-04-13 07:32:33,,Open,,143.79,Picking Error,
CASE001349,ORD0008660,Refund,Missing Item,2026-06-17 00:38:46,2026-06-18 03:04:07,Resolved,26.42,162.18,Stock Reconciliation Gap,3.0
CASE001350,ORD0008679,Refund,Missing Item,2026-04-14 00:25:18,2026-04-15 09:39:05,Resolved,33.23,92.02,Stock Reconciliation Gap,2.0
CASE001351,ORD0008685,Refund,Missing Item,2026-04-27 13:53:51,2026-04-28 03:10:12,Resolved,13.27,147.98,Picking Error,1.0
CASE001352,ORD0008698,Refund,Item Unavailable,2026-05-17 00:34:49,2026-05-17 08:48:29,Resolved,8.23,130.75,Replenishment Delay,5.0
CASE001353,ORD0008700,Refund,Item Unavailable,2026-06-15 00:20:22,2026-06-15 04:44:07,Resolved,4.4,247.49,Inventory Mismatch,5.0
CASE001354,ORD0008701,Refund,Wrong Quantity,2026-04-20 05:10:50,2026-04-20 09:57:21,Resolved,4.78,92.04,Picking Error,5.0
CASE001355,ORD0008702,Refund,Item Unavailable,2026-05-31 18:45:52,2026-06-01 22:26:06,Resolved,27.67,66.44,Replenishment Delay,4.0
CASE001356,ORD0008715,Complaint,Late Delivery,2026-04-26 00:36:26,2026-04-27 10:32:29,Resolved,33.93,0.0,Store Processing Delay,3.0
CASE001357,ORD0008722,Complaint,Wrong Item,2026-06-29 17:50:01,2026-06-29 18:43:33,Resolved,0.89,0.0,Picking Error,3.0
CASE001358,ORD0008726,Refund,Item Unavailable,2026-06-01 11:07:09,2026-06-02 11:09:18,Resolved,24.04,137.6,Replenishment Delay,2.0
CASE001359,ORD0008732,Refund,Missing Item,2026-04-22 12:57:38,2026-04-22 23:33:12,Resolved,10.59,226.72,Stock Reconciliation Gap,5.0
CASE001360,ORD0008736,Complaint,Damaged Product,2026-04-28 01:49:31,2026-04-28 06:26:01,Resolved,4.61,0.0,Handling Issue,4.0
CASE001361,ORD0008742,Complaint,Quality Issue,2026-06-12 01:14:57,2026-06-12 06:06:51,Resolved,4.86,0.0,Expiry Risk,5.0
CASE001362,ORD0008751,Refund,Missing Item,2026-05-27 02:25:52,2026-05-28 03:13:03,Escalated,24.79,701.55,Stock Reconciliation Gap,1.0
CASE001363,ORD0008752,Refund,Missing Item,2026-05-30 02:10:09,2026-05-30 16:07:27,Resolved,13.95,119.72,Stock Reconciliation Gap,4.0
CASE001364,ORD0008757,Refund,Missing Item,2026-05-14 20:14:10,2026-05-15 17:02:38,Resolved,20.81,271.42,Picking Error,4.0
CASE001365,ORD0008765,Refund,Item Unavailable,2026-06-03 16:35:57,2026-06-04 07:56:28,Resolved,15.34,134.43,Replenishment Delay,3.0
CASE001366,ORD0008766,Refund,Wrong Quantity,2026-05-27 08:40:58,2026-05-27 12:29:27,Resolved,3.81,29.8,Picking Error,2.0
CASE001367,ORD0008768,Complaint,Damaged Product,2026-04-28 20:13:24,2026-04-29 14:49:59,Resolved,18.61,0.0,Supplier Quality,4.0
CASE001368,ORD0008778,Refund,Payment Issue,2026-05-07 13:56:52,2026-05-07 21:12:49,Resolved,7.27,1348.84,Bank Decline,4.0
CASE001369,ORD0008785,Return,Wrong Item,2026-05-31 15:33:33,2026-06-01 06:41:23,Resolved,15.13,470.16,Catalog Mapping Error,3.0
CASE001370,ORD0008788,Refund,Item Unavailable,2026-04-05 17:42:54,2026-04-06 01:25:28,Resolved,7.71,139.92,Inventory Mismatch,2.0
CASE001371,ORD0008790,Refund,Missing Item,2026-04-12 18:51:56,2026-04-14 05:42:35,Resolved,34.84,293.74,Stock Reconciliation Gap,1.0
CASE001372,ORD0008792,Refund,Missing Item,2026-05-16 00:07:22,2026-05-16 05:45:24,Resolved,5.63,664.91,Stock Reconciliation Gap,4.0
CASE001373,ORD0008802,Refund,Item Unavailable,2026-04-27 04:07:22,2026-04-27 10:22:47,Resolved,6.26,230.45,Inventory Mismatch,3.0
CASE001374,ORD0008809,Refund,Item Unavailable,2026-04-23 01:19:05,2026-04-23 07:26:28,Resolved,6.12,236.81,Replenishment Delay,1.0
CASE001375,ORD0008823,Return,Wrong Item,2026-05-17 01:26:02,2026-05-17 20:46:07,Resolved,19.33,579.68,Picking Error,1.0
CASE001376,ORD0008853,Refund,Missing Item,2026-06-10 04:20:23,2026-06-10 12:26:35,Resolved,8.1,169.47,Stock Reconciliation Gap,2.0
CASE001377,ORD0008862,Refund,Item Unavailable,2026-04-09 06:28:51,2026-04-10 17:35:07,Resolved,35.1,223.05,Inventory Mismatch,2.0
CASE001378,ORD0008868,Refund,Wrong Quantity,2026-06-20 20:28:19,2026-06-21 10:01:58,Resolved,13.56,54.19,Packing Error,5.0
CASE001379,ORD0008869,Refund,Missing Item,2026-04-27 15:02:16,2026-04-28 03:24:30,Resolved,12.37,203.38,Picking Error,4.0
CASE001380,ORD0008870,Refund,Wrong Quantity,2026-06-06 22:16:59,2026-06-07 00:43:14,Resolved,2.44,129.28,Picking Error,3.0
CASE001381,ORD0008873,Return,Quality Issue,2026-06-18 16:22:43,2026-06-19 05:23:05,Resolved,13.01,445.79,Supplier Quality,1.0
CASE001382,ORD0008880,Refund,Missing Item,2026-04-23 08:45:28,2026-04-23 19:41:52,Resolved,10.94,65.59,Stock Reconciliation Gap,4.0
CASE001383,ORD0008881,Complaint,Late Delivery,2026-05-10 07:28:45,,Open,,0.0,Store Processing Delay,
CASE001384,ORD0008893,Complaint,Damaged Product,2026-05-04 05:53:51,2026-05-04 09:00:41,Resolved,3.11,0.0,Handling Issue,5.0
CASE001385,ORD0008897,Complaint,Wrong Item,2026-05-08 21:27:26,2026-05-09 11:22:43,Resolved,13.92,0.0,Catalog Mapping Error,1.0
CASE001386,ORD0008907,Refund,Item Unavailable,2026-05-26 22:39:54,2026-05-27 13:32:08,Resolved,14.87,82.57,Inventory Mismatch,4.0
CASE001387,ORD0008913,Return,Wrong Item,2026-05-24 16:02:58,2026-05-25 07:02:28,Resolved,14.99,546.23,Catalog Mapping Error,2.0
CASE001388,ORD0008916,Complaint,Rider Behaviour,2026-05-25 13:08:37,2026-05-26 03:54:29,Resolved,14.76,0.0,Training Gap,4.0
CASE001389,ORD0008925,Complaint,Damaged Product,2026-04-06 11:13:45,2026-04-07 03:17:01,Resolved,16.05,0.0,Supplier Quality,5.0
CASE001390,ORD0008928,Refund,Missing Item,2026-05-24 22:48:04,2026-05-25 12:29:02,Resolved,13.68,51.06,Picking Error,4.0
CASE001391,ORD0008931,Refund,Missing Item,2026-05-11 14:49:23,2026-05-11 21:42:22,Resolved,6.88,173.82,Stock Reconciliation Gap,2.0
CASE001392,ORD0008939,Complaint,Late Delivery,2026-06-09 11:38:05,2026-06-10 08:13:05,Resolved,20.58,0.0,Rider Shortage,3.0
CASE001393,ORD0008950,Complaint,Rider Behaviour,2026-06-30 03:12:54,2026-06-30 17:00:56,Resolved,13.8,0.0,Conduct Issue,2.0
CASE001394,ORD0008952,Refund,Missing Item,2026-05-28 10:17:33,2026-05-29 00:20:17,Resolved,14.05,426.68,Picking Error,2.0
CASE001395,ORD0008965,Refund,Wrong Quantity,2026-05-31 21:06:20,2026-06-01 02:47:44,Resolved,5.69,57.67,Picking Error,2.0
CASE001396,ORD0008973,Refund,Refund Delay,2026-05-09 12:08:05,2026-05-09 16:50:27,Resolved,4.71,786.83,Manual Review,5.0
CASE001397,ORD0008977,Refund,Item Unavailable,2026-05-28 20:12:45,2026-05-30 01:17:30,Resolved,29.08,133.81,Inventory Mismatch,2.0
CASE001398,ORD0008978,Refund,Missing Item,2026-04-19 04:54:50,2026-04-19 08:40:39,Resolved,3.76,422.62,Picking Error,5.0
CASE001399,ORD0008983,Refund,Missing Item,2026-05-16 13:23:50,2026-05-16 14:23:01,Resolved,0.99,163.04,Stock Reconciliation Gap,5.0
CASE001400,ORD0008984,Refund,Item Unavailable,2026-06-03 06:34:27,,Open,,42.2,Replenishment Delay,
CASE001401,ORD0008986,Refund,Item Unavailable,2026-04-15 21:19:23,2026-04-16 05:16:41,Resolved,7.95,304.04,Inventory Mismatch,1.0
CASE001402,ORD0008988,Refund,Missing Item,2026-04-26 22:34:05,2026-04-28 06:47:25,Resolved,32.22,199.45,Picking Error,2.0
CASE001403,ORD0008994,Refund,Missing Item,2026-06-04 04:48:26,2026-06-04 12:59:39,Resolved,8.19,195.12,Picking Error,3.0
CASE001404,ORD0009000,Complaint,Late Delivery,2026-06-04 12:28:50,,Open,,0.0,Rider Shortage,
CASE001405,ORD0009003,Refund,Missing Item,2026-05-27 20:12:23,2026-05-29 04:32:30,Resolved,32.34,137.08,Picking Error,1.0
CASE001406,ORD0009006,Refund,Wrong Quantity,2026-04-23 19:59:18,2026-04-24 04:37:48,Resolved,8.64,208.57,Packing Error,3.0
CASE001407,ORD0009009,Refund,Item Unavailable,2026-04-30 01:36:25,2026-04-30 14:28:10,Resolved,12.86,309.64,Inventory Mismatch,4.0
CASE001408,ORD0009028,Refund,Missing Item,2026-05-17 21:55:18,2026-05-18 02:18:53,Escalated,4.39,60.13,Picking Error,4.0
CASE001409,ORD0009043,Refund,Item Unavailable,2026-06-05 20:16:28,2026-06-06 04:23:02,Resolved,8.11,162.2,Replenishment Delay,2.0
CASE001410,ORD0009044,Refund,Payment Issue,2026-05-16 06:45:28,2026-05-17 18:07:07,Resolved,35.36,537.69,Payment Gateway Error,3.0
CASE001411,ORD0009048,Refund,Missing Item,2026-04-08 05:01:19,,Open,,155.6,Picking Error,
CASE001412,ORD0009060,Refund,Refund Delay,2026-04-14 01:00:25,2026-04-14 11:56:18,Resolved,10.93,1602.97,Manual Review,4.0
CASE001413,ORD0009065,Refund,Item Unavailable,2026-05-12 18:10:44,2026-05-13 15:56:49,Resolved,21.77,155.56,Replenishment Delay,3.0
CASE001414,ORD0009075,Return,Damaged Product,2026-05-08 19:37:17,2026-05-09 04:09:23,Escalated,8.54,124.2,Handling Issue,4.0
CASE001415,ORD0009077,Refund,Missing Item,2026-04-16 18:19:10,2026-04-17 13:02:26,Resolved,18.72,50.17,Stock Reconciliation Gap,3.0
CASE001416,ORD0009083,Refund,Missing Item,2026-06-15 02:43:34,2026-06-16 16:03:28,Resolved,37.33,169.92,Stock Reconciliation Gap,1.0
CASE001417,ORD0009090,Complaint,Late Delivery,2026-06-05 15:17:52,2026-06-06 06:30:17,Resolved,15.21,0.0,Store Processing Delay,2.0
CASE001418,ORD0009099,Refund,Wrong Quantity,2026-05-21 04:15:17,,Open,,22.75,Picking Error,
CASE001419,ORD0009107,Refund,Item Unavailable,2026-04-17 03:02:57,2026-04-17 12:30:52,Resolved,9.47,145.84,Replenishment Delay,1.0
CASE001420,ORD0009110,Complaint,Damaged Product,2026-04-22 12:21:18,2026-04-22 18:30:08,Resolved,6.15,0.0,Poor Packaging,5.0
CASE001421,ORD0009119,Complaint,Quality Issue,2026-05-18 01:29:55,2026-05-18 07:00:12,Escalated,5.5,0.0,Temperature Excursion,2.0
CASE001422,ORD0009121,Complaint,Wrong Item,2026-06-24 13:32:22,2026-06-24 18:24:07,Resolved,4.86,0.0,Catalog Mapping Error,3.0
CASE001423,ORD0009127,Complaint,Late Delivery,2026-06-17 01:31:03,2026-06-17 09:39:29,Resolved,8.14,0.0,Store Processing Delay,4.0
CASE001424,ORD0009128,Refund,Missing Item,2026-05-03 05:54:51,2026-05-03 14:56:37,Resolved,9.03,152.83,Stock Reconciliation Gap,1.0
CASE001425,ORD0009130,Refund,Missing Item,2026-06-04 11:43:54,2026-06-05 00:45:33,Resolved,13.03,294.38,Stock Reconciliation Gap,5.0
CASE001426,ORD0009133,Refund,Item Unavailable,2026-06-05 02:09:47,2026-06-05 06:37:03,Resolved,4.45,225.16,Inventory Mismatch,5.0
CASE001427,ORD0009140,Refund,Missing Item,2026-04-30 03:51:13,2026-04-30 12:40:10,Resolved,8.82,144.33,Stock Reconciliation Gap,2.0
CASE001428,ORD0009141,Refund,Item Unavailable,2026-04-12 17:40:52,2026-04-13 06:39:43,Resolved,12.98,182.71,Replenishment Delay,4.0
CASE001429,ORD0009144,Complaint,Late Delivery,2026-04-22 05:27:54,2026-04-22 22:31:26,Resolved,17.06,0.0,Store Processing Delay,2.0
CASE001430,ORD0009148,Refund,Item Unavailable,2026-04-13 12:54:38,,Open,,72.45,Replenishment Delay,
CASE001431,ORD0009151,Refund,Missing Item,2026-05-23 21:45:23,2026-05-23 23:28:24,Resolved,1.72,149.81,Stock Reconciliation Gap,2.0
CASE001432,ORD0009171,Refund,Wrong Quantity,2026-06-10 14:53:25,,Open,,110.24,Picking Error,
CASE001433,ORD0009178,Refund,Item Unavailable,2026-05-12 05:57:43,2026-05-13 21:27:03,Resolved,39.49,163.35,Inventory Mismatch,1.0
CASE001434,ORD0009199,Refund,Missing Item,2026-04-10 01:41:31,2026-04-10 15:53:29,Resolved,14.2,107.5,Stock Reconciliation Gap,4.0
CASE001435,ORD0009206,Refund,Missing Item,2026-05-28 03:10:13,2026-05-28 22:01:59,Resolved,18.86,195.51,Picking Error,2.0
CASE001436,ORD0009220,Refund,Missing Item,2026-05-04 01:04:19,2026-05-04 02:13:14,Resolved,1.15,382.68,Picking Error,1.0
CASE001437,ORD0009226,Refund,Item Unavailable,2026-06-08 09:31:55,2026-06-09 09:13:47,Resolved,23.7,252.24,Inventory Mismatch,3.0
CASE001438,ORD0009229,Refund,Payment Issue,2026-05-25 00:29:31,2026-05-25 08:00:34,Resolved,7.52,301.7,Payment Gateway Error,1.0
CASE001439,ORD0009233,Complaint,Rider Behaviour,2026-04-26 17:14:35,2026-04-27 10:29:40,Resolved,17.25,0.0,Training Gap,2.0
CASE001440,ORD0009235,Refund,Item Unavailable,2026-05-26 21:23:07,2026-05-27 18:47:08,Resolved,21.4,226.05,Replenishment Delay,1.0
CASE001441,ORD0009252,Refund,Wrong Quantity,2026-05-10 08:09:35,2026-05-11 12:03:13,Resolved,27.89,263.32,Packing Error,3.0
CASE001442,ORD0009255,Refund,Item Unavailable,2026-04-02 06:15:25,2026-04-03 07:47:04,Resolved,25.53,107.16,Replenishment Delay,1.0
CASE001443,ORD0009277,Refund,Wrong Quantity,2026-04-02 19:42:43,2026-04-03 12:33:33,Resolved,16.85,305.31,Picking Error,3.0
CASE001444,ORD0009294,Refund,Wrong Quantity,2026-05-01 18:55:41,2026-05-01 21:00:52,Resolved,2.09,160.25,Picking Error,2.0
CASE001445,ORD0009302,Complaint,Damaged Product,2026-06-15 13:44:50,2026-06-16 15:06:36,Resolved,25.36,0.0,Supplier Quality,2.0
CASE001446,ORD0009314,Complaint,Late Delivery,2026-04-28 14:20:00,2026-04-28 19:41:44,Resolved,5.36,0.0,Rider Shortage,4.0
CASE001447,ORD0009323,Refund,Missing Item,2026-06-22 15:31:24,2026-06-23 04:08:05,Resolved,12.61,237.55,Stock Reconciliation Gap,4.0
CASE001448,ORD0009328,Complaint,Rider Behaviour,2026-04-02 08:19:17,2026-04-03 05:15:37,Resolved,20.94,0.0,Conduct Issue,4.0
CASE001449,ORD0009338,Refund,Wrong Quantity,2026-04-07 07:00:08,2026-04-07 12:29:10,Resolved,5.48,267.51,Picking Error,3.0
CASE001450,ORD0009345,Complaint,Quality Issue,2026-04-27 00:22:30,2026-04-27 15:20:39,Resolved,14.97,0.0,Supplier Quality,1.0
CASE001451,ORD0009348,Refund,Refund Delay,2026-04-11 20:48:48,2026-04-12 16:31:01,Resolved,19.7,520.13,Payment Gateway Delay,1.0
CASE001452,ORD0009350,Refund,Missing Item,2026-05-10 21:34:49,2026-05-11 15:00:06,Resolved,17.42,558.59,Picking Error,4.0
CASE001453,ORD0009356,Refund,Missing Item,2026-04-19 13:42:44,2026-04-20 17:04:15,Resolved,27.36,129.32,Stock Reconciliation Gap,4.0
CASE001454,ORD0009359,Refund,Payment Issue,2026-05-05 21:43:05,2026-05-06 22:57:43,Resolved,25.24,1248.51,Bank Decline,1.0
CASE001455,ORD0009369,Return,Damaged Product,2026-04-27 15:54:46,2026-04-28 15:43:14,Resolved,23.81,201.78,Poor Packaging,3.0
CASE001456,ORD0009373,Refund,Payment Issue,2026-04-18 20:39:14,2026-04-19 21:36:12,Resolved,24.95,217.91,Bank Decline,5.0
CASE001457,ORD0009380,Refund,Missing Item,2026-05-17 14:12:48,2026-05-18 10:46:40,Resolved,20.56,523.09,Stock Reconciliation Gap,3.0
CASE001458,ORD0009381,Refund,Wrong Quantity,2026-06-07 18:16:01,2026-06-08 03:30:58,Resolved,9.25,57.56,Packing Error,1.0
CASE001459,ORD0009382,Refund,Refund Delay,2026-05-26 07:05:05,2026-05-26 16:50:45,Resolved,9.76,517.82,Manual Review,5.0
CASE001460,ORD0009383,Complaint,Late Delivery,2026-06-30 11:56:12,2026-07-02 03:15:41,Resolved,39.32,0.0,Store Processing Delay,1.0
CASE001461,ORD0009408,Complaint,Wrong Item,2026-05-15 00:17:52,2026-05-15 05:48:49,Resolved,5.52,0.0,Catalog Mapping Error,5.0
CASE001462,ORD0009410,Refund,Item Unavailable,2026-06-29 22:16:07,2026-06-30 17:58:29,Resolved,19.71,181.88,Inventory Mismatch,4.0
CASE001463,ORD0009415,Refund,Item Unavailable,2026-05-04 19:41:34,2026-05-05 11:38:21,Resolved,15.95,192.38,Replenishment Delay,2.0
CASE001464,ORD0009416,Refund,Refund Delay,2026-06-15 19:13:48,2026-06-16 01:33:59,Resolved,6.34,157.42,Manual Review,2.0
CASE001465,ORD0009418,Refund,Missing Item,2026-05-23 04:21:18,2026-05-23 15:01:43,Resolved,10.67,192.26,Stock Reconciliation Gap,5.0
CASE001466,ORD0009428,Refund,Item Unavailable,2026-05-03 00:08:49,2026-05-04 21:31:09,Resolved,45.37,150.38,Replenishment Delay,1.0
CASE001467,ORD0009429,Refund,Missing Item,2026-06-19 11:02:34,2026-06-19 20:08:38,Resolved,9.1,129.01,Picking Error,3.0
CASE001468,ORD0009435,Complaint,Wrong Item,2026-05-22 04:28:25,2026-05-22 06:36:16,Resolved,2.13,0.0,Picking Error,4.0
CASE001469,ORD0009444,Refund,Refund Delay,2026-05-30 19:18:28,2026-05-30 21:01:29,Escalated,1.72,1614.74,Payment Gateway Delay,5.0
CASE001470,ORD0009446,Return,Quality Issue,2026-04-13 12:02:11,2026-04-13 15:14:30,Resolved,3.21,533.92,Expiry Risk,1.0
CASE001471,ORD0009451,Return,Damaged Product,2026-04-22 01:01:46,2026-04-22 10:03:41,Resolved,9.03,663.39,Poor Packaging,4.0
CASE001472,ORD0009459,Complaint,Late Delivery,2026-05-15 08:46:28,2026-05-15 16:55:23,Resolved,8.15,0.0,Traffic Delay,1.0
CASE001473,ORD0009474,Refund,Item Unavailable,2026-05-31 00:01:06,2026-05-31 22:29:08,Resolved,22.47,433.42,Replenishment Delay,2.0
CASE001474,ORD0009476,Refund,Item Unavailable,2026-06-01 21:01:13,2026-06-03 02:51:30,Resolved,29.84,290.06,Inventory Mismatch,5.0
CASE001475,ORD0009486,Complaint,Damaged Product,2026-06-10 20:08:08,2026-06-11 23:21:45,Resolved,27.23,0.0,Handling Issue,3.0
CASE001476,ORD0009489,Refund,Item Unavailable,2026-04-13 17:22:58,2026-04-14 00:48:31,Resolved,7.43,131.28,Inventory Mismatch,3.0
CASE001477,ORD0009493,Refund,Item Unavailable,2026-04-05 13:46:50,,Open,,255.77,Inventory Mismatch,
CASE001478,ORD0009496,Refund,Missing Item,2026-05-03 00:47:59,,Open,,28.17,Picking Error,
CASE001479,ORD0009499,Return,Damaged Product,2026-06-25 04:48:47,,Open,,1181.08,Supplier Quality,
CASE001480,ORD0009500,Refund,Refund Delay,2026-05-12 19:14:02,,Open,,45.31,Payment Gateway Delay,
CASE001481,ORD0009504,Complaint,Late Delivery,2026-06-02 20:09:59,2026-06-02 23:20:33,Resolved,3.18,0.0,Store Processing Delay,5.0
CASE001482,ORD0009505,Refund,Wrong Quantity,2026-06-17 01:51:39,2026-06-17 09:32:56,Resolved,7.69,412.25,Packing Error,5.0
CASE001483,ORD0009515,Refund,Item Unavailable,2026-06-16 08:03:33,2026-06-17 14:41:41,Resolved,30.64,236.7,Replenishment Delay,4.0
CASE001484,ORD0009517,Refund,Missing Item,2026-04-14 03:26:27,2026-04-14 10:57:48,Resolved,7.52,304.7,Picking Error,1.0
CASE001485,ORD0009521,Refund,Missing Item,2026-04-06 02:07:40,2026-04-07 11:44:20,Resolved,33.61,70.96,Picking Error,5.0
CASE001486,ORD0009527,Refund,Missing Item,2026-05-13 04:14:34,,Open,,162.39,Stock Reconciliation Gap,
CASE001487,ORD0009530,Refund,Missing Item,2026-06-20 21:20:26,2026-06-21 09:34:33,Resolved,12.24,173.11,Picking Error,2.0
CASE001488,ORD0009537,Refund,Payment Issue,2026-06-19 22:16:13,2026-06-20 21:04:13,Resolved,22.8,798.75,Bank Decline,3.0
CASE001489,ORD0009541,Refund,Missing Item,2026-06-19 01:11:55,2026-06-19 11:15:26,Escalated,10.06,130.89,Stock Reconciliation Gap,5.0
CASE001490,ORD0009558,Complaint,Wrong Item,2026-06-19 20:47:48,2026-06-20 02:49:40,Resolved,6.03,0.0,Catalog Mapping Error,1.0
CASE001491,ORD0009561,Refund,Missing Item,2026-06-15 05:56:43,2026-06-15 15:40:16,Escalated,9.73,361.25,Stock Reconciliation Gap,4.0
CASE001492,ORD0009564,Refund,Missing Item,2026-06-14 04:48:45,2026-06-15 00:40:46,Resolved,19.87,302.58,Stock Reconciliation Gap,2.0
CASE001493,ORD0009574,Return,Damaged Product,2026-04-06 04:29:42,2026-04-06 20:52:15,Resolved,16.38,267.01,Handling Issue,5.0
CASE001494,ORD0009587,Complaint,Quality Issue,2026-06-10 19:49:33,2026-06-10 23:43:19,Resolved,3.9,0.0,Expiry Risk,3.0
CASE001495,ORD0009589,Refund,Missing Item,2026-06-01 08:40:29,2026-06-02 20:50:09,Resolved,36.16,145.66,Picking Error,4.0
CASE001496,ORD0009593,Refund,Item Unavailable,2026-05-19 02:52:29,2026-05-19 17:18:52,Resolved,14.44,266.85,Replenishment Delay,5.0
CASE001497,ORD0009603,Refund,Missing Item,2026-05-26 21:03:24,2026-05-27 10:07:30,Resolved,13.07,264.21,Stock Reconciliation Gap,5.0
CASE001498,ORD0009604,Complaint,Late Delivery,2026-06-14 22:47:06,2026-06-15 02:31:30,Escalated,3.74,0.0,Traffic Delay,1.0
CASE001499,ORD0009609,Refund,Missing Item,2026-06-03 07:08:57,2026-06-03 18:06:47,Resolved,10.96,167.88,Stock Reconciliation Gap,3.0
CASE001500,ORD0009640,Complaint,Quality Issue,2026-05-30 19:21:52,2026-06-01 10:36:51,Resolved,39.25,0.0,Supplier Quality,2.0
CASE001501,ORD0009645,Complaint,Late Delivery,2026-04-26 16:20:20,2026-04-26 18:17:17,Escalated,1.95,0.0,Traffic Delay,5.0
CASE001502,ORD0009651,Refund,Missing Item,2026-05-05 04:18:26,2026-05-05 12:12:57,Resolved,7.91,235.32,Stock Reconciliation Gap,4.0
CASE001503,ORD0009657,Return,Damaged Product,2026-05-21 17:15:23,2026-05-23 06:07:12,Resolved,36.86,626.7,Supplier Quality,4.0
CASE001504,ORD0009661,Complaint,Quality Issue,2026-04-05 04:10:08,2026-04-05 15:10:08,Resolved,11.0,0.0,Expiry Risk,2.0
CASE001505,ORD0009664,Complaint,Late Delivery,2026-04-05 20:29:35,2026-04-06 03:00:09,Resolved,6.51,0.0,Traffic Delay,3.0
CASE001506,ORD0009671,Refund,Wrong Quantity,2026-05-03 09:39:08,2026-05-03 16:14:21,Escalated,6.59,365.47,Packing Error,5.0
CASE001507,ORD0009673,Refund,Missing Item,2026-04-23 15:29:41,2026-04-23 22:33:16,Resolved,7.06,65.33,Picking Error,1.0
CASE001508,ORD0009677,Complaint,Late Delivery,2026-04-09 17:54:20,2026-04-10 06:59:19,Resolved,13.08,0.0,Rider Shortage,1.0
CASE001509,ORD0009702,Complaint,Quality Issue,2026-05-01 01:25:53,2026-05-01 11:15:25,Resolved,9.83,0.0,Supplier Quality,1.0
CASE001510,ORD0009704,Refund,Missing Item,2026-04-22 08:07:52,2026-04-22 12:02:13,Resolved,3.91,122.76,Stock Reconciliation Gap,2.0
CASE001511,ORD0009718,Refund,Missing Item,2026-04-26 04:57:31,2026-04-27 10:30:16,Resolved,29.55,550.17,Picking Error,5.0
CASE001512,ORD0009728,Refund,Missing Item,2026-05-03 02:31:11,2026-05-03 06:30:16,Resolved,3.98,45.53,Picking Error,1.0
CASE001513,ORD0009737,Refund,Missing Item,2026-05-11 03:20:10,2026-05-12 17:02:21,Resolved,37.7,87.39,Stock Reconciliation Gap,5.0
CASE001514,ORD0009745,Refund,Missing Item,2026-04-01 22:05:53,2026-04-03 00:28:07,Resolved,26.37,415.25,Picking Error,5.0
CASE001515,ORD0009761,Refund,Wrong Quantity,2026-04-09 13:41:04,2026-04-10 10:31:06,Resolved,20.83,302.76,Picking Error,1.0
CASE001516,ORD0009764,Complaint,Damaged Product,2026-04-04 12:59:46,2026-04-04 22:14:40,Resolved,9.25,0.0,Supplier Quality,3.0
CASE001517,ORD0009769,Refund,Item Unavailable,2026-06-06 11:53:30,2026-06-07 09:17:02,Resolved,21.39,119.08,Replenishment Delay,3.0
CASE001518,ORD0009784,Complaint,Late Delivery,2026-04-04 19:16:46,2026-04-06 02:08:47,Resolved,30.87,0.0,Store Processing Delay,3.0
CASE001519,ORD0009787,Refund,Missing Item,2026-05-06 23:10:49,2026-05-07 18:04:36,Resolved,18.9,284.06,Picking Error,1.0
CASE001520,ORD0009788,Refund,Missing Item,2026-04-26 12:44:20,2026-04-28 03:56:23,Resolved,39.2,166.04,Picking Error,5.0
CASE001521,ORD0009800,Refund,Wrong Quantity,2026-05-20 07:36:12,2026-05-20 13:40:37,Resolved,6.07,398.5,Picking Error,3.0
CASE001522,ORD0009803,Refund,Wrong Quantity,2026-06-14 15:33:00,2026-06-15 01:49:16,Resolved,10.27,48.76,Packing Error,4.0
CASE001523,ORD0009805,Refund,Missing Item,2026-05-01 19:06:18,,Open,,88.09,Picking Error,
CASE001524,ORD0009830,Refund,Item Unavailable,2026-06-20 11:13:11,2026-06-20 22:10:51,Resolved,10.96,294.34,Inventory Mismatch,1.0
CASE001525,ORD0009831,Refund,Item Unavailable,2026-06-07 13:28:35,,Open,,168.05,Inventory Mismatch,
CASE001526,ORD0009832,Complaint,Late Delivery,2026-04-19 00:46:02,2026-04-19 12:33:27,Resolved,11.79,0.0,Traffic Delay,1.0
CASE001527,ORD0009834,Refund,Missing Item,2026-06-14 05:16:41,2026-06-16 07:31:36,Resolved,50.25,246.99,Stock Reconciliation Gap,1.0
CASE001528,ORD0009843,Refund,Missing Item,2026-04-19 18:45:38,2026-04-20 11:55:37,Resolved,17.17,106.31,Picking Error,3.0
CASE001529,ORD0009844,Complaint,Damaged Product,2026-05-11 13:23:47,2026-05-11 20:29:24,Resolved,7.09,0.0,Supplier Quality,4.0
CASE001530,ORD0009847,Refund,Missing Item,2026-05-30 22:23:35,2026-05-31 06:53:53,Resolved,8.51,181.0,Stock Reconciliation Gap,1.0
CASE001531,ORD0009853,Complaint,Rider Behaviour,2026-06-02 12:11:18,2026-06-03 10:14:04,Resolved,22.05,0.0,Conduct Issue,3.0
CASE001532,ORD0009854,Refund,Missing Item,2026-05-14 00:55:12,,Open,,358.9,Picking Error,
CASE001533,ORD0009862,Refund,Item Unavailable,2026-04-21 17:56:39,2026-04-22 20:52:20,Resolved,26.93,216.35,Inventory Mismatch,3.0
CASE001534,ORD0009867,Refund,Missing Item,2026-04-12 15:09:03,2026-04-13 02:20:06,Resolved,11.18,129.9,Stock Reconciliation Gap,1.0
CASE001535,ORD0009874,Refund,Wrong Quantity,2026-04-09 12:09:38,2026-04-10 14:58:26,Resolved,26.81,206.28,Picking Error,5.0
CASE001536,ORD0009876,Complaint,Late Delivery,2026-04-17 12:00:53,2026-04-18 14:26:08,Resolved,26.42,0.0,Store Processing Delay,1.0
CASE001537,ORD0009881,Refund,Missing Item,2026-06-24 17:56:20,2026-06-25 03:19:49,Resolved,9.39,772.37,Picking Error,3.0
CASE001538,ORD0009882,Refund,Missing Item,2026-04-16 04:03:19,2026-04-17 00:59:19,Resolved,20.93,230.88,Stock Reconciliation Gap,1.0
CASE001539,ORD0009896,Refund,Missing Item,2026-06-04 11:04:18,2026-06-04 15:36:11,Resolved,4.53,196.98,Stock Reconciliation Gap,1.0
CASE001540,ORD0009898,Refund,Wrong Quantity,2026-04-24 17:23:18,2026-04-25 17:54:18,Resolved,24.52,125.17,Packing Error,2.0
CASE001541,ORD0009903,Refund,Missing Item,2026-06-11 10:19:20,2026-06-11 16:25:03,Resolved,6.1,33.84,Stock Reconciliation Gap,3.0
CASE001542,ORD0009907,Refund,Missing Item,2026-06-28 22:52:58,2026-06-29 05:51:54,Resolved,6.98,52.39,Stock Reconciliation Gap,5.0
CASE001543,ORD0009909,Refund,Missing Item,2026-04-24 01:27:30,2026-04-24 10:48:28,Resolved,9.35,160.53,Stock Reconciliation Gap,1.0
CASE001544,ORD0009915,Refund,Wrong Quantity,2026-05-20 00:15:20,2026-05-20 07:45:28,Resolved,7.5,389.81,Picking Error,4.0
CASE001545,ORD0009916,Refund,Missing Item,2026-04-22 20:38:55,2026-04-23 07:09:25,Resolved,10.51,104.02,Stock Reconciliation Gap,3.0
CASE001546,ORD0009922,Return,Wrong Item,2026-05-12 02:10:05,2026-05-13 13:47:53,Resolved,35.63,503.9,Catalog Mapping Error,1.0
CASE001547,ORD0009925,Return,Damaged Product,2026-06-12 04:53:08,2026-06-12 21:59:42,Resolved,17.11,574.28,Handling Issue,4.0
CASE001548,ORD0009938,Refund,Item Unavailable,2026-05-30 14:17:23,2026-05-31 09:01:47,Resolved,18.74,525.12,Replenishment Delay,1.0
CASE001549,ORD0009940,Refund,Item Unavailable,2026-04-21 08:11:40,2026-04-21 23:30:46,Resolved,15.32,138.95,Replenishment Delay,2.0
CASE001550,ORD0009966,Refund,Item Unavailable,2026-05-23 14:36:49,2026-05-24 00:33:36,Resolved,9.95,161.05,Replenishment Delay,3.0
CASE001551,ORD0009973,Complaint,Late Delivery,2026-04-23 10:43:27,2026-04-23 18:40:02,Resolved,7.94,0.0,Store Processing Delay,3.0
CASE001552,ORD0009979,Complaint,Damaged Product,2026-06-30 02:25:13,2026-06-30 09:05:56,Resolved,6.68,0.0,Supplier Quality,5.0
CASE001553,ORD0009997,Complaint,Damaged Product,2026-05-08 02:42:09,2026-05-08 04:55:20,Resolved,2.22,0.0,Handling Issue,4.0
CASE001554,ORD0010008,Refund,Missing Item,2026-06-25 23:47:56,2026-06-26 18:36:58,Escalated,18.82,36.9,Stock Reconciliation Gap,2.0
CASE001555,ORD0010009,Refund,Wrong Quantity,2026-05-01 07:46:32,2026-05-02 02:58:45,Resolved,19.2,163.65,Picking Error,3.0
CASE001556,ORD0010022,Refund,Item Unavailable,2026-05-27 09:24:15,2026-05-28 03:10:55,Escalated,17.78,156.68,Replenishment Delay,2.0
CASE001557,ORD0010023,Complaint,Late Delivery,2026-04-17 23:35:47,2026-04-18 01:32:07,Resolved,1.94,0.0,Rider Shortage,1.0
CASE001558,ORD0010028,Refund,Missing Item,2026-05-05 19:00:20,2026-05-06 05:08:30,Resolved,10.14,219.42,Stock Reconciliation Gap,5.0
CASE001559,ORD0010044,Refund,Item Unavailable,2026-04-28 00:09:05,2026-04-29 08:23:26,Escalated,32.24,341.43,Inventory Mismatch,5.0
CASE001560,ORD0010048,Refund,Item Unavailable,2026-05-18 15:25:15,2026-05-19 08:01:17,Resolved,16.6,264.05,Inventory Mismatch,2.0
CASE001561,ORD0010057,Refund,Missing Item,2026-04-28 06:39:34,2026-04-28 16:50:21,Resolved,10.18,131.98,Picking Error,5.0
CASE001562,ORD0010073,Refund,Missing Item,2026-05-23 12:35:38,2026-05-24 15:20:52,Resolved,26.75,570.67,Picking Error,3.0
CASE001563,ORD0010074,Refund,Missing Item,2026-06-18 04:17:13,2026-06-18 15:25:33,Resolved,11.14,139.99,Picking Error,4.0
CASE001564,ORD0010077,Refund,Item Unavailable,2026-06-05 18:46:48,2026-06-05 21:07:00,Resolved,2.34,44.54,Inventory Mismatch,4.0
CASE001565,ORD0010078,Refund,Missing Item,2026-05-03 11:45:26,2026-05-04 23:39:11,Resolved,35.9,122.33,Stock Reconciliation Gap,5.0
CASE001566,ORD0010087,Refund,Missing Item,2026-06-22 00:18:25,2026-06-22 05:02:33,Resolved,4.74,166.98,Picking Error,5.0
CASE001567,ORD0010098,Refund,Missing Item,2026-04-12 08:01:14,2026-04-12 13:38:59,Resolved,5.63,675.49,Stock Reconciliation Gap,4.0
CASE001568,ORD0010111,Refund,Missing Item,2026-06-16 01:32:47,,Open,,109.59,Stock Reconciliation Gap,
CASE001569,ORD0010118,Refund,Missing Item,2026-04-05 20:08:35,2026-04-07 07:41:03,Resolved,35.54,109.73,Stock Reconciliation Gap,1.0
CASE001570,ORD0010123,Complaint,Wrong Item,2026-05-30 13:52:26,2026-05-31 03:23:49,Resolved,13.52,0.0,Picking Error,1.0
CASE001571,ORD0010136,Refund,Item Unavailable,2026-05-22 22:46:55,2026-05-23 04:38:05,Resolved,5.85,276.4,Inventory Mismatch,4.0
CASE001572,ORD0010148,Refund,Missing Item,2026-05-04 02:23:54,2026-05-06 09:01:31,Resolved,54.63,250.5,Picking Error,2.0
CASE001573,ORD0010160,Return,Damaged Product,2026-06-19 23:46:36,2026-06-21 01:44:10,Resolved,25.96,1437.37,Poor Packaging,4.0
CASE001574,ORD0010161,Refund,Missing Item,2026-05-16 03:55:56,2026-05-17 09:10:47,Escalated,29.25,137.82,Picking Error,5.0
CASE001575,ORD0010162,Complaint,Quality Issue,2026-05-04 01:34:47,2026-05-04 07:03:34,Resolved,5.48,0.0,Temperature Excursion,4.0
CASE001576,ORD0010182,Complaint,Wrong Item,2026-06-10 08:15:46,2026-06-10 18:30:13,Resolved,10.24,0.0,Picking Error,1.0
CASE001577,ORD0010191,Refund,Missing Item,2026-04-09 10:34:52,2026-04-10 11:39:43,Resolved,25.08,158.49,Stock Reconciliation Gap,3.0
CASE001578,ORD0010196,Refund,Missing Item,2026-04-27 03:15:13,2026-04-28 03:33:47,Resolved,24.31,423.9,Stock Reconciliation Gap,1.0
CASE001579,ORD0010214,Refund,Missing Item,2026-06-25 16:08:22,2026-06-25 21:40:24,Resolved,5.53,240.85,Stock Reconciliation Gap,1.0
CASE001580,ORD0010217,Refund,Missing Item,2026-05-04 12:22:54,2026-05-04 12:52:54,Resolved,0.5,133.82,Stock Reconciliation Gap,5.0
CASE001581,ORD0010219,Return,Damaged Product,2026-05-30 01:50:29,2026-05-30 14:23:16,Resolved,12.55,551.19,Handling Issue,5.0
CASE001582,ORD0010225,Refund,Missing Item,2026-06-26 19:49:40,,Open,,136.2,Picking Error,
CASE001583,ORD0010227,Complaint,Damaged Product,2026-05-25 16:21:14,2026-05-26 06:10:26,Resolved,13.82,0.0,Handling Issue,3.0
CASE001584,ORD0010233,Refund,Missing Item,2026-06-01 01:19:44,2026-06-01 06:56:51,Resolved,5.62,303.98,Picking Error,4.0
CASE001585,ORD0010241,Complaint,Rider Behaviour,2026-05-18 14:16:46,2026-05-19 00:56:53,Resolved,10.67,0.0,Training Gap,3.0
CASE001586,ORD0010242,Refund,Item Unavailable,2026-04-21 22:08:50,2026-04-22 03:08:58,Resolved,5.0,331.22,Replenishment Delay,4.0
CASE001587,ORD0010252,Complaint,Damaged Product,2026-06-26 08:04:17,2026-06-27 04:56:48,Escalated,20.88,0.0,Poor Packaging,5.0
CASE001588,ORD0010253,Refund,Refund Delay,2026-04-30 14:39:27,2026-05-01 07:08:25,Escalated,16.48,826.75,Manual Review,2.0
CASE001589,ORD0010257,Refund,Missing Item,2026-06-15 03:28:30,2026-06-15 10:05:10,Resolved,6.61,153.01,Picking Error,5.0
CASE001590,ORD0010267,Refund,Item Unavailable,2026-06-10 05:35:19,2026-06-11 08:14:13,Resolved,26.65,173.53,Replenishment Delay,4.0
CASE001591,ORD0010275,Refund,Missing Item,2026-05-29 23:38:30,2026-05-30 22:42:43,Resolved,23.07,139.86,Picking Error,3.0
CASE001592,ORD0010280,Refund,Missing Item,2026-05-17 20:04:08,2026-05-18 02:54:37,Escalated,6.84,222.16,Picking Error,2.0
CASE001593,ORD0010291,Refund,Missing Item,2026-06-23 11:48:32,2026-06-24 00:10:32,Resolved,12.37,33.32,Stock Reconciliation Gap,3.0
CASE001594,ORD0010292,Refund,Item Unavailable,2026-06-29 12:00:50,,Open,,328.97,Replenishment Delay,
CASE001595,ORD0010315,Refund,Missing Item,2026-05-22 15:50:35,2026-05-23 14:56:36,Escalated,23.1,230.11,Picking Error,4.0
CASE001596,ORD0010335,Complaint,Late Delivery,2026-05-13 14:56:30,,Open,,0.0,Store Processing Delay,
CASE001597,ORD0010338,Refund,Wrong Quantity,2026-05-26 01:45:16,2026-05-26 18:03:59,Resolved,16.31,335.3,Packing Error,3.0
CASE001598,ORD0010340,Refund,Missing Item,2026-06-10 21:57:19,2026-06-11 07:40:37,Resolved,9.72,95.55,Stock Reconciliation Gap,2.0
CASE001599,ORD0010345,Refund,Wrong Quantity,2026-06-10 18:02:07,2026-06-11 02:51:29,Resolved,8.82,198.79,Picking Error,2.0
CASE001600,ORD0010356,Refund,Item Unavailable,2026-04-24 11:52:33,2026-04-26 01:17:28,Resolved,37.42,126.85,Inventory Mismatch,3.0
CASE001601,ORD0010358,Refund,Missing Item,2026-05-19 17:20:37,2026-05-20 01:52:13,Resolved,8.53,333.19,Stock Reconciliation Gap,5.0
CASE001602,ORD0010359,Refund,Refund Delay,2026-04-30 03:53:49,2026-04-30 08:16:39,Resolved,4.38,20.0,Manual Review,1.0
CASE001603,ORD0010376,Refund,Item Unavailable,2026-06-07 06:50:01,2026-06-07 10:00:54,Resolved,3.18,242.37,Replenishment Delay,2.0
CASE001604,ORD0010390,Complaint,Late Delivery,2026-04-27 00:00:25,2026-04-27 05:19:26,Resolved,5.32,0.0,Store Processing Delay,3.0
CASE001605,ORD0010395,Complaint,Quality Issue,2026-04-14 07:17:32,2026-04-14 18:29:35,Resolved,11.2,0.0,Supplier Quality,5.0
CASE001606,ORD0010418,Refund,Missing Item,2026-05-18 02:42:47,2026-05-19 12:31:27,Resolved,33.81,356.83,Stock Reconciliation Gap,2.0
CASE001607,ORD0010423,Refund,Missing Item,2026-05-31 13:10:19,2026-05-31 23:55:16,Resolved,10.75,102.95,Picking Error,4.0
CASE001608,ORD0010425,Refund,Item Unavailable,2026-05-05 12:22:51,,Open,,133.45,Inventory Mismatch,
CASE001609,ORD0010441,Refund,Missing Item,2026-05-12 10:23:05,2026-05-12 20:21:08,Escalated,9.97,318.49,Picking Error,1.0
CASE001610,ORD0010445,Refund,Missing Item,2026-06-16 18:53:08,,Open,,374.09,Picking Error,
CASE001611,ORD0010446,Refund,Missing Item,2026-06-14 10:39:41,2026-06-14 23:52:03,Resolved,13.21,389.13,Stock Reconciliation Gap,2.0
CASE001612,ORD0010454,Complaint,Rider Behaviour,2026-05-29 09:32:03,2026-05-29 11:16:26,Resolved,1.74,0.0,Conduct Issue,2.0
CASE001613,ORD0010461,Complaint,Late Delivery,2026-04-28 00:01:49,2026-04-28 17:40:09,Resolved,17.64,0.0,Rider Shortage,4.0
CASE001614,ORD0010464,Refund,Wrong Quantity,2026-04-04 17:50:46,2026-04-06 07:11:31,Resolved,37.35,96.73,Picking Error,1.0
CASE001615,ORD0010470,Refund,Missing Item,2026-06-01 21:03:05,2026-06-02 15:57:21,Resolved,18.9,45.38,Picking Error,4.0
CASE001616,ORD0010471,Refund,Missing Item,2026-04-16 09:58:57,2026-04-16 23:06:47,Escalated,13.13,1163.45,Stock Reconciliation Gap,4.0
CASE001617,ORD0010473,Refund,Missing Item,2026-05-05 04:34:00,2026-05-05 12:58:46,Resolved,8.41,107.03,Picking Error,5.0
CASE001618,ORD0010478,Refund,Item Unavailable,2026-06-14 23:31:35,2026-06-15 06:57:01,Resolved,7.42,278.49,Replenishment Delay,5.0
CASE001619,ORD0010479,Complaint,Damaged Product,2026-05-05 04:01:23,2026-05-05 12:42:00,Resolved,8.68,0.0,Handling Issue,3.0
CASE001620,ORD0010483,Refund,Missing Item,2026-06-26 04:59:57,2026-06-27 06:39:47,Resolved,25.66,272.21,Stock Reconciliation Gap,4.0
CASE001621,ORD0010489,Refund,Missing Item,2026-05-28 19:53:19,2026-05-28 22:57:17,Resolved,3.07,145.75,Stock Reconciliation Gap,1.0
CASE001622,ORD0010492,Refund,Missing Item,2026-05-03 19:47:22,2026-05-04 22:07:11,Resolved,26.33,257.95,Stock Reconciliation Gap,4.0
CASE001623,ORD0010517,Refund,Item Unavailable,2026-06-29 09:29:14,2026-06-29 14:25:45,Resolved,4.94,136.59,Inventory Mismatch,2.0
CASE001624,ORD0010531,Refund,Item Unavailable,2026-05-16 14:34:19,2026-05-16 17:08:05,Resolved,2.56,123.85,Inventory Mismatch,1.0
CASE001625,ORD0010540,Refund,Cancellation Dispute,2026-05-31 08:47:05,2026-06-01 16:22:40,Resolved,31.59,387.32,System Status Delay,2.0
CASE001626,ORD0010541,Refund,Missing Item,2026-04-06 22:26:25,2026-04-07 13:34:59,Resolved,15.14,148.33,Picking Error,2.0
CASE001627,ORD0010542,Refund,Missing Item,2026-04-11 01:27:10,2026-04-11 18:40:01,Resolved,17.21,163.6,Picking Error,3.0
CASE001628,ORD0010546,Complaint,Quality Issue,2026-06-29 15:35:29,2026-06-30 03:01:38,Escalated,11.44,0.0,Supplier Quality,2.0
CASE001629,ORD0010547,Refund,Missing Item,2026-05-12 09:38:58,2026-05-13 16:49:19,Resolved,31.17,43.34,Picking Error,4.0
CASE001630,ORD0010549,Refund,Missing Item,2026-05-09 09:33:42,2026-05-09 15:57:45,Resolved,6.4,69.6,Picking Error,5.0
CASE001631,ORD0010551,Complaint,Late Delivery,2026-05-02 01:48:55,2026-05-03 12:41:14,Resolved,34.87,0.0,Store Processing Delay,1.0
CASE001632,ORD0010555,Refund,Item Unavailable,2026-05-19 15:12:00,2026-05-20 02:42:45,Resolved,11.51,63.06,Replenishment Delay,2.0
CASE001633,ORD0010556,Complaint,Late Delivery,2026-04-26 07:33:23,2026-04-26 18:41:31,Resolved,11.14,0.0,Rider Shortage,4.0
CASE001634,ORD0010557,Complaint,Late Delivery,2026-06-13 02:59:36,2026-06-13 12:55:43,Resolved,9.94,0.0,Traffic Delay,1.0
CASE001635,ORD0010564,Refund,Missing Item,2026-05-28 22:47:13,2026-05-29 08:38:50,Resolved,9.86,184.95,Picking Error,5.0
CASE001636,ORD0010570,Return,Quality Issue,2026-05-21 04:25:57,2026-05-22 07:53:03,Escalated,27.45,320.72,Temperature Excursion,1.0
CASE001637,ORD0010587,Refund,Missing Item,2026-06-14 16:57:20,2026-06-15 10:21:52,Resolved,17.41,102.68,Stock Reconciliation Gap,5.0
CASE001638,ORD0010594,Refund,Missing Item,2026-06-02 17:40:16,2026-06-03 02:52:05,Resolved,9.2,55.31,Picking Error,3.0
CASE001639,ORD0010613,Complaint,Rider Behaviour,2026-05-06 07:08:31,2026-05-06 13:39:45,Resolved,6.52,0.0,Training Gap,2.0
CASE001640,ORD0010616,Refund,Wrong Quantity,2026-06-06 03:11:30,2026-06-06 08:02:39,Resolved,4.85,185.16,Packing Error,1.0
CASE001641,ORD0010651,Complaint,Late Delivery,2026-06-11 01:11:40,2026-06-11 09:37:59,Resolved,8.44,0.0,Traffic Delay,2.0
CASE001642,ORD0010681,Complaint,Quality Issue,2026-06-10 23:42:46,2026-06-11 18:13:30,Resolved,18.51,0.0,Expiry Risk,2.0
CASE001643,ORD0010688,Refund,Missing Item,2026-06-21 15:34:14,2026-06-22 06:16:39,Resolved,14.71,205.55,Picking Error,1.0
CASE001644,ORD0010705,Complaint,Wrong Item,2026-06-27 04:35:06,2026-06-27 11:04:26,Resolved,6.49,0.0,Picking Error,1.0
CASE001645,ORD0010710,Refund,Missing Item,2026-06-05 17:15:35,2026-06-06 18:25:56,Resolved,25.17,142.17,Stock Reconciliation Gap,1.0
CASE001646,ORD0010712,Complaint,Late Delivery,2026-05-20 04:33:51,2026-05-20 22:08:54,Resolved,17.58,0.0,Store Processing Delay,4.0
CASE001647,ORD0010716,Refund,Missing Item,2026-06-10 19:44:41,2026-06-11 02:59:44,Resolved,7.25,103.92,Picking Error,4.0
CASE001648,ORD0010718,Complaint,Damaged Product,2026-04-15 09:05:22,2026-04-16 06:06:56,Resolved,21.03,0.0,Poor Packaging,4.0
CASE001649,ORD0010727,Refund,Missing Item,2026-04-12 03:08:52,,Open,,580.66,Picking Error,
CASE001650,ORD0010733,Complaint,Wrong Item,2026-06-11 13:55:41,2026-06-12 02:28:43,Resolved,12.55,0.0,Catalog Mapping Error,1.0
CASE001651,ORD0010736,Refund,Missing Item,2026-04-21 09:56:24,2026-04-21 17:17:29,Resolved,7.35,91.63,Picking Error,1.0
CASE001652,ORD0010738,Refund,Item Unavailable,2026-05-12 09:54:30,2026-05-13 06:35:00,Resolved,20.68,106.34,Inventory Mismatch,3.0
CASE001653,ORD0010742,Return,Damaged Product,2026-05-16 06:22:20,2026-05-16 13:01:22,Resolved,6.65,537.92,Supplier Quality,3.0
CASE001654,ORD0010750,Return,Damaged Product,2026-06-13 01:54:39,2026-06-13 19:19:16,Resolved,17.41,432.13,Poor Packaging,1.0
CASE001655,ORD0010753,Complaint,Wrong Item,2026-04-18 11:28:42,2026-04-18 19:03:54,Resolved,7.59,0.0,Catalog Mapping Error,4.0
CASE001656,ORD0010754,Refund,Missing Item,2026-04-26 22:25:56,2026-04-27 12:19:00,Resolved,13.88,366.61,Picking Error,4.0
CASE001657,ORD0010755,Refund,Missing Item,2026-05-08 12:52:04,,Open,,155.66,Picking Error,
CASE001658,ORD0010756,Complaint,Late Delivery,2026-04-16 21:38:02,2026-04-19 00:54:30,Resolved,51.27,0.0,Store Processing Delay,2.0
CASE001659,ORD0010767,Refund,Missing Item,2026-04-06 09:36:53,2026-04-07 01:00:28,Resolved,15.39,183.42,Stock Reconciliation Gap,2.0
CASE001660,ORD0010771,Refund,Item Unavailable,2026-06-28 05:17:07,2026-06-28 20:25:36,Resolved,15.14,235.97,Replenishment Delay,2.0
CASE001661,ORD0010774,Refund,Item Unavailable,2026-06-29 19:42:33,2026-07-01 13:21:51,Resolved,41.66,257.39,Inventory Mismatch,5.0
CASE001662,ORD0010775,Return,Wrong Item,2026-04-02 14:28:17,2026-04-03 11:48:14,Resolved,21.33,718.1,Picking Error,4.0
CASE001663,ORD0010780,Refund,Item Unavailable,2026-06-05 03:46:15,2026-06-05 08:08:02,Resolved,4.36,126.3,Replenishment Delay,3.0
CASE001664,ORD0010795,Refund,Payment Issue,2026-07-01 03:25:14,2026-07-01 17:06:17,Resolved,13.68,424.24,Payment Gateway Error,2.0
CASE001665,ORD0010804,Refund,Payment Issue,2026-04-18 15:15:14,2026-04-19 08:56:57,Resolved,17.7,1943.33,Bank Decline,1.0
CASE001666,ORD0010814,Refund,Wrong Quantity,2026-07-01 01:51:51,2026-07-02 19:49:22,Resolved,41.96,99.73,Picking Error,3.0
CASE001667,ORD0010815,Refund,Cancellation Dispute,2026-06-19 06:34:51,2026-06-19 22:16:10,Resolved,15.69,265.21,Policy Misunderstanding,1.0
CASE001668,ORD0010822,Refund,Item Unavailable,2026-04-19 14:10:52,2026-04-19 22:38:13,Resolved,8.46,367.65,Replenishment Delay,1.0
CASE001669,ORD0010826,Refund,Wrong Quantity,2026-06-16 13:11:18,2026-06-17 02:37:18,Escalated,13.43,101.93,Picking Error,5.0
CASE001670,ORD0010830,Refund,Missing Item,2026-06-28 15:37:09,2026-06-29 10:19:59,Resolved,18.71,76.17,Picking Error,3.0
CASE001671,ORD0010836,Refund,Missing Item,2026-06-21 15:42:21,2026-06-21 22:58:12,Resolved,7.26,346.04,Picking Error,5.0
CASE001672,ORD0010837,Refund,Missing Item,2026-05-11 02:14:36,2026-05-12 09:17:39,Resolved,31.05,285.97,Stock Reconciliation Gap,5.0
CASE001673,ORD0010838,Refund,Item Unavailable,2026-06-01 15:53:04,2026-06-01 23:10:05,Resolved,7.28,676.96,Inventory Mismatch,3.0
CASE001674,ORD0010840,Refund,Missing Item,2026-04-26 16:28:00,2026-04-26 22:35:00,Resolved,6.12,198.29,Picking Error,5.0
CASE001675,ORD0010848,Refund,Missing Item,2026-04-04 13:12:15,2026-04-05 15:55:03,Escalated,26.71,112.67,Stock Reconciliation Gap,1.0
CASE001676,ORD0010851,Refund,Missing Item,2026-06-05 01:35:43,2026-06-06 02:57:40,Resolved,25.37,294.92,Stock Reconciliation Gap,5.0
CASE001677,ORD0010854,Refund,Item Unavailable,2026-04-24 13:37:08,2026-04-25 06:59:53,Resolved,17.38,78.41,Inventory Mismatch,3.0
CASE001678,ORD0010881,Refund,Missing Item,2026-04-25 03:32:34,2026-04-25 20:03:18,Resolved,16.51,41.05,Stock Reconciliation Gap,1.0
CASE001679,ORD0010901,Refund,Missing Item,2026-06-03 23:21:57,2026-06-04 01:21:37,Resolved,1.99,455.89,Stock Reconciliation Gap,1.0
CASE001680,ORD0010905,Refund,Missing Item,2026-06-23 18:22:20,2026-06-24 14:53:30,Escalated,20.52,622.25,Stock Reconciliation Gap,4.0
CASE001681,ORD0010936,Complaint,Late Delivery,2026-06-26 05:30:05,2026-06-27 16:41:41,Resolved,35.19,0.0,Store Processing Delay,5.0
CASE001682,ORD0010943,Complaint,Late Delivery,2026-05-13 03:57:36,2026-05-13 21:44:45,Resolved,17.79,0.0,Store Processing Delay,1.0
CASE001683,ORD0010946,Refund,Missing Item,2026-05-07 16:37:16,2026-05-08 16:32:14,Resolved,23.92,298.48,Picking Error,4.0
CASE001684,ORD0010956,Complaint,Damaged Product,2026-04-09 06:53:57,2026-04-09 11:38:09,Escalated,4.74,0.0,Supplier Quality,3.0
CASE001685,ORD0010968,Refund,Item Unavailable,2026-04-13 19:32:10,2026-04-15 10:57:46,Escalated,39.43,313.4,Replenishment Delay,4.0
CASE001686,ORD0010993,Refund,Item Unavailable,2026-04-04 18:18:32,2026-04-05 10:13:42,Resolved,15.92,165.28,Replenishment Delay,3.0
CASE001687,ORD0010998,Refund,Missing Item,2026-05-01 08:11:51,2026-05-02 08:23:31,Resolved,24.19,166.03,Picking Error,4.0
CASE001688,ORD0011001,Refund,Missing Item,2026-04-20 03:07:20,2026-04-20 15:21:54,Resolved,12.24,133.22,Picking Error,1.0
CASE001689,ORD0011003,Refund,Item Unavailable,2026-04-10 04:18:14,2026-04-10 10:26:28,Resolved,6.14,76.38,Inventory Mismatch,4.0
CASE001690,ORD0011005,Complaint,Quality Issue,2026-05-14 09:33:49,2026-05-14 19:40:47,Resolved,10.12,0.0,Expiry Risk,3.0
CASE001691,ORD0011017,Refund,Missing Item,2026-04-05 05:53:34,2026-04-05 12:26:43,Resolved,6.55,287.76,Picking Error,1.0
CASE001692,ORD0011020,Refund,Item Unavailable,2026-05-11 23:08:01,2026-05-12 17:17:23,Resolved,18.16,173.58,Replenishment Delay,5.0
CASE001693,ORD0011034,Refund,Item Unavailable,2026-06-23 20:41:40,2026-06-24 00:41:36,Resolved,4.0,134.55,Replenishment Delay,4.0
CASE001694,ORD0011038,Refund,Missing Item,2026-05-11 10:21:13,2026-05-12 12:06:47,Resolved,25.76,104.63,Stock Reconciliation Gap,2.0
CASE001695,ORD0011046,Complaint,Damaged Product,2026-06-09 00:43:14,2026-06-10 13:03:45,Escalated,36.34,0.0,Handling Issue,1.0
CASE001696,ORD0011051,Refund,Wrong Quantity,2026-04-02 09:00:22,2026-04-03 01:02:59,Resolved,16.04,149.38,Picking Error,4.0
CASE001697,ORD0011056,Refund,Missing Item,2026-06-20 01:24:39,2026-06-20 09:07:34,Resolved,7.72,100.38,Stock Reconciliation Gap,2.0
CASE001698,ORD0011061,Refund,Wrong Quantity,2026-05-21 16:43:28,,Open,,86.61,Picking Error,
CASE001699,ORD0011073,Refund,Missing Item,2026-06-09 16:35:41,2026-06-09 19:11:45,Resolved,2.6,191.7,Stock Reconciliation Gap,3.0
CASE001700,ORD0011085,Refund,Wrong Quantity,2026-06-14 18:15:48,2026-06-15 03:09:42,Resolved,8.9,272.8,Packing Error,1.0
CASE001701,ORD0011088,Refund,Item Unavailable,2026-04-21 20:31:20,2026-04-21 21:49:36,Resolved,1.3,346.59,Inventory Mismatch,4.0
CASE001702,ORD0011095,Refund,Item Unavailable,2026-05-08 05:35:06,2026-05-08 13:37:43,Resolved,8.04,381.36,Replenishment Delay,2.0
CASE001703,ORD0011103,Refund,Wrong Quantity,2026-06-13 18:52:59,2026-06-14 18:29:10,Resolved,23.6,55.7,Packing Error,2.0
CASE001704,ORD0011104,Refund,Missing Item,2026-06-29 06:23:48,,Open,,170.66,Picking Error,
CASE001705,ORD0011105,Refund,Missing Item,2026-04-30 20:22:02,2026-05-01 23:56:03,Resolved,27.57,62.31,Stock Reconciliation Gap,3.0
CASE001706,ORD0011107,Refund,Missing Item,2026-06-03 15:20:13,2026-06-04 12:38:03,Resolved,21.3,365.36,Stock Reconciliation Gap,4.0
CASE001707,ORD0011110,Refund,Missing Item,2026-05-10 23:41:09,2026-05-11 06:52:18,Resolved,7.19,248.71,Stock Reconciliation Gap,1.0
CASE001708,ORD0011117,Refund,Item Unavailable,2026-05-09 23:20:11,2026-05-10 05:06:12,Resolved,5.77,801.17,Replenishment Delay,5.0
CASE001709,ORD0011118,Refund,Missing Item,2026-04-17 20:53:00,2026-04-18 14:18:01,Resolved,17.42,151.5,Stock Reconciliation Gap,1.0
CASE001710,ORD0011129,Refund,Wrong Quantity,2026-06-09 04:33:19,2026-06-09 06:31:53,Resolved,1.98,604.73,Picking Error,5.0
CASE001711,ORD0011136,Refund,Missing Item,2026-06-29 03:09:58,2026-06-30 19:22:16,Resolved,40.2,46.33,Picking Error,1.0
CASE001712,ORD0011138,Refund,Item Unavailable,2026-05-19 07:50:32,2026-05-19 10:40:40,Resolved,2.84,169.68,Replenishment Delay,4.0
CASE001713,ORD0011149,Refund,Missing Item,2026-06-28 05:08:08,2026-06-29 11:13:00,Resolved,30.08,81.76,Picking Error,4.0
CASE001714,ORD0011155,Refund,Missing Item,2026-06-09 05:22:06,2026-06-10 00:32:12,Resolved,19.17,101.9,Stock Reconciliation Gap,1.0
CASE001715,ORD0011159,Refund,Missing Item,2026-04-05 04:10:54,2026-04-05 10:49:06,Resolved,6.64,296.41,Stock Reconciliation Gap,3.0
CASE001716,ORD0011160,Refund,Item Unavailable,2026-05-02 16:03:30,2026-05-02 18:11:22,Resolved,2.13,172.15,Replenishment Delay,2.0
CASE001717,ORD0011162,Refund,Payment Issue,2026-05-20 19:59:04,2026-05-21 01:59:50,Resolved,6.01,1872.73,Payment Gateway Error,5.0
CASE001718,ORD0011170,Refund,Item Unavailable,2026-06-26 09:13:31,,Open,,217.58,Replenishment Delay,
CASE001719,ORD0011171,Complaint,Quality Issue,2026-04-20 13:51:17,2026-04-21 22:11:16,Resolved,32.33,0.0,Temperature Excursion,3.0
CASE001720,ORD0011179,Refund,Missing Item,2026-05-18 02:12:58,2026-05-20 00:38:08,Resolved,46.42,777.85,Picking Error,3.0
CASE001721,ORD0011193,Refund,Item Unavailable,2026-06-21 19:02:18,2026-06-23 01:46:15,Resolved,30.73,245.66,Replenishment Delay,2.0
CASE001722,ORD0011197,Refund,Item Unavailable,2026-06-26 15:19:26,,Open,,295.12,Replenishment Delay,
CASE001723,ORD0011204,Complaint,Damaged Product,2026-05-27 10:22:56,2026-05-29 02:34:59,Resolved,40.2,0.0,Poor Packaging,3.0
CASE001724,ORD0011205,Refund,Missing Item,2026-05-22 02:36:13,2026-05-22 10:09:41,Resolved,7.56,220.73,Stock Reconciliation Gap,5.0
CASE001725,ORD0011211,Refund,Missing Item,2026-04-26 15:30:53,2026-04-28 10:06:58,Resolved,42.6,99.95,Stock Reconciliation Gap,1.0
CASE001726,ORD0011215,Refund,Refund Delay,2026-04-13 15:31:05,,Open,,59.8,Payment Gateway Delay,
CASE001727,ORD0011220,Refund,Missing Item,2026-06-29 09:47:31,2026-06-30 05:42:44,Resolved,19.92,185.7,Picking Error,2.0
CASE001728,ORD0011225,Complaint,Quality Issue,2026-05-12 23:34:21,2026-05-13 19:04:21,Resolved,19.5,0.0,Expiry Risk,3.0
CASE001729,ORD0011248,Refund,Item Unavailable,2026-06-12 19:18:16,2026-06-14 06:18:07,Resolved,35.0,162.72,Inventory Mismatch,1.0
CASE001730,ORD0011257,Refund,Missing Item,2026-04-05 18:32:14,2026-04-06 00:10:24,Resolved,5.64,205.36,Picking Error,3.0
CASE001731,ORD0011284,Refund,Wrong Quantity,2026-05-03 19:38:01,2026-05-04 06:43:56,Resolved,11.1,96.81,Packing Error,2.0
CASE001732,ORD0011304,Refund,Wrong Quantity,2026-06-16 03:08:03,2026-06-17 10:24:55,Resolved,31.28,67.52,Picking Error,5.0
CASE001733,ORD0011314,Refund,Wrong Quantity,2026-06-10 11:46:13,2026-06-11 06:50:29,Resolved,19.07,255.16,Picking Error,1.0
CASE001734,ORD0011328,Refund,Refund Delay,2026-06-28 15:10:59,2026-06-29 07:09:09,Resolved,15.97,1130.25,Payment Gateway Delay,2.0
CASE001735,ORD0011329,Refund,Payment Issue,2026-06-17 07:30:18,2026-06-17 21:13:49,Resolved,13.73,3994.47,Bank Decline,5.0
CASE001736,ORD0011332,Refund,Item Unavailable,2026-04-20 22:45:28,2026-04-21 15:11:23,Resolved,16.43,181.61,Inventory Mismatch,2.0
CASE001737,ORD0011336,Refund,Wrong Quantity,2026-05-02 04:07:10,2026-05-03 06:39:06,Resolved,26.53,100.97,Picking Error,2.0
CASE001738,ORD0011337,Complaint,Quality Issue,2026-05-11 04:34:06,2026-05-11 13:57:50,Resolved,9.4,0.0,Supplier Quality,1.0
CASE001739,ORD0011339,Refund,Item Unavailable,2026-06-01 20:35:38,2026-06-03 02:20:21,Resolved,29.75,105.46,Replenishment Delay,1.0
CASE001740,ORD0011343,Refund,Missing Item,2026-06-17 09:09:00,,Open,,119.25,Stock Reconciliation Gap,
CASE001741,ORD0011345,Refund,Missing Item,2026-04-09 17:56:12,2026-04-10 17:25:25,Escalated,23.49,99.95,Stock Reconciliation Gap,5.0
CASE001742,ORD0011351,Refund,Missing Item,2026-06-01 09:29:34,2026-06-01 23:36:49,Resolved,14.12,53.93,Stock Reconciliation Gap,4.0
CASE001743,ORD0011361,Refund,Missing Item,2026-06-07 14:57:46,2026-06-08 00:34:25,Resolved,9.61,197.97,Stock Reconciliation Gap,4.0
CASE001744,ORD0011362,Refund,Wrong Quantity,2026-05-09 03:45:08,2026-05-09 21:29:28,Resolved,17.74,206.35,Packing Error,3.0
CASE001745,ORD0011372,Refund,Item Unavailable,2026-06-30 00:14:23,2026-06-30 23:23:51,Resolved,23.16,304.7,Inventory Mismatch,2.0
CASE001746,ORD0011373,Refund,Missing Item,2026-05-01 21:57:27,2026-05-02 07:45:44,Resolved,9.8,133.73,Stock Reconciliation Gap,1.0
CASE001747,ORD0011390,Refund,Item Unavailable,2026-06-06 03:21:28,2026-06-06 19:36:33,Resolved,16.25,15.55,Inventory Mismatch,5.0
CASE001748,ORD0011396,Return,Wrong Item,2026-04-12 15:40:08,2026-04-13 00:18:36,Resolved,8.64,165.17,Catalog Mapping Error,5.0
CASE001749,ORD0011402,Refund,Missing Item,2026-05-20 05:49:47,2026-05-20 19:43:46,Resolved,13.9,137.56,Stock Reconciliation Gap,3.0
CASE001750,ORD0011411,Complaint,Late Delivery,2026-04-03 21:47:58,2026-04-04 18:00:04,Resolved,20.2,0.0,Store Processing Delay,2.0
CASE001751,ORD0011437,Refund,Missing Item,2026-05-03 12:30:23,2026-05-04 17:51:00,Resolved,29.34,116.14,Picking Error,2.0
CASE001752,ORD0011453,Refund,Refund Delay,2026-05-20 12:54:40,2026-05-21 18:08:56,Resolved,29.24,133.72,Manual Review,4.0
CASE001753,ORD0011454,Refund,Missing Item,2026-05-24 07:26:23,2026-05-24 17:52:56,Resolved,10.44,881.79,Picking Error,2.0
CASE001754,ORD0011458,Refund,Missing Item,2026-05-26 20:20:53,2026-05-27 10:40:14,Resolved,14.32,239.16,Stock Reconciliation Gap,1.0
CASE001755,ORD0011472,Complaint,Damaged Product,2026-05-30 23:43:18,2026-05-31 09:51:24,Resolved,10.13,0.0,Supplier Quality,4.0
CASE001756,ORD0011474,Refund,Missing Item,2026-05-28 14:14:46,2026-05-28 17:47:57,Resolved,3.55,279.25,Picking Error,2.0
CASE001757,ORD0011481,Complaint,Wrong Item,2026-06-08 09:25:23,2026-06-08 23:32:29,Resolved,14.12,0.0,Catalog Mapping Error,2.0
CASE001758,ORD0011486,Return,Wrong Item,2026-06-04 13:16:15,2026-06-05 00:35:42,Resolved,11.32,986.22,Catalog Mapping Error,5.0
CASE001759,ORD0011487,Refund,Refund Delay,2026-04-14 17:59:38,2026-04-15 15:50:52,Resolved,21.85,668.61,Manual Review,3.0
CASE001760,ORD0011489,Refund,Missing Item,2026-04-21 00:01:56,2026-04-21 04:28:44,Resolved,4.45,582.98,Stock Reconciliation Gap,3.0
CASE001761,ORD0011490,Refund,Wrong Quantity,2026-06-12 06:19:46,2026-06-12 20:21:33,Resolved,14.03,73.62,Packing Error,2.0
CASE001762,ORD0011513,Refund,Item Unavailable,2026-04-28 05:13:01,2026-04-29 13:37:02,Resolved,32.4,114.14,Replenishment Delay,1.0
CASE001763,ORD0011525,Return,Wrong Item,2026-04-30 09:51:15,2026-04-30 22:53:48,Resolved,13.04,1638.3,Picking Error,4.0
CASE001764,ORD0011526,Refund,Item Unavailable,2026-05-29 17:14:12,2026-05-29 20:57:02,Resolved,3.71,118.16,Inventory Mismatch,3.0
CASE001765,ORD0011535,Return,Quality Issue,2026-06-29 08:41:22,2026-06-30 06:15:11,Resolved,21.56,1219.88,Temperature Excursion,2.0
CASE001766,ORD0011545,Refund,Missing Item,2026-06-14 23:33:44,2026-06-15 01:24:52,Resolved,1.85,125.64,Picking Error,1.0
CASE001767,ORD0011564,Refund,Missing Item,2026-05-16 14:55:43,,Open,,224.88,Picking Error,
CASE001768,ORD0011566,Refund,Missing Item,2026-04-20 02:51:58,2026-04-22 10:45:22,Resolved,55.89,92.23,Picking Error,2.0
CASE001769,ORD0011576,Refund,Item Unavailable,2026-06-29 00:20:34,,Open,,94.28,Inventory Mismatch,
CASE001770,ORD0011577,Refund,Wrong Quantity,2026-05-27 15:51:20,2026-05-29 00:24:03,Resolved,32.55,133.64,Packing Error,2.0
CASE001771,ORD0011585,Complaint,Damaged Product,2026-05-29 08:51:34,2026-05-29 15:52:12,Resolved,7.01,0.0,Supplier Quality,4.0
CASE001772,ORD0011589,Refund,Item Unavailable,2026-06-15 05:24:31,2026-06-15 11:56:57,Resolved,6.54,686.65,Replenishment Delay,4.0
CASE001773,ORD0011594,Refund,Cancellation Dispute,2026-06-30 18:58:10,2026-06-30 22:34:07,Resolved,3.6,746.49,Policy Misunderstanding,4.0
CASE001774,ORD0011604,Complaint,Late Delivery,2026-05-28 08:17:23,2026-05-28 11:58:32,Resolved,3.69,0.0,Store Processing Delay,2.0
CASE001775,ORD0011606,Refund,Missing Item,2026-05-18 04:04:57,2026-05-18 17:44:20,Escalated,13.66,17.29,Picking Error,3.0
CASE001776,ORD0011613,Refund,Missing Item,2026-04-26 09:39:03,2026-04-27 00:43:56,Resolved,15.08,188.83,Picking Error,5.0
CASE001777,ORD0011619,Refund,Cancellation Dispute,2026-06-22 18:33:22,2026-06-23 07:28:33,Resolved,12.92,766.78,System Status Delay,1.0
CASE001778,ORD0011628,Return,Wrong Item,2026-06-24 09:32:38,2026-06-25 02:38:29,Resolved,17.1,1179.0,Catalog Mapping Error,5.0
CASE001779,ORD0011643,Refund,Wrong Quantity,2026-06-16 05:39:11,2026-06-17 08:24:24,Resolved,26.75,30.54,Packing Error,1.0
CASE001780,ORD0011646,Complaint,Damaged Product,2026-06-05 06:20:20,2026-06-07 07:33:51,Resolved,49.23,0.0,Supplier Quality,3.0
CASE001781,ORD0011648,Refund,Wrong Quantity,2026-05-08 11:58:08,2026-05-09 03:48:22,Escalated,15.84,197.5,Packing Error,1.0
CASE001782,ORD0011650,Refund,Missing Item,2026-06-08 14:48:26,2026-06-09 02:04:29,Resolved,11.27,60.15,Stock Reconciliation Gap,1.0
CASE001783,ORD0011658,Complaint,Quality Issue,2026-06-05 00:50:12,2026-06-05 13:18:00,Resolved,12.46,0.0,Supplier Quality,4.0
CASE001784,ORD0011664,Refund,Missing Item,2026-05-12 13:20:00,2026-05-12 21:04:19,Resolved,7.74,102.19,Stock Reconciliation Gap,3.0
CASE001785,ORD0011669,Refund,Item Unavailable,2026-04-15 22:13:05,2026-04-16 14:43:42,Resolved,16.51,204.42,Inventory Mismatch,2.0
CASE001786,ORD0011670,Refund,Missing Item,2026-06-24 15:12:16,2026-06-25 00:28:57,Escalated,9.28,173.14,Picking Error,4.0
CASE001787,ORD0011677,Refund,Missing Item,2026-04-26 20:35:09,2026-04-27 11:43:08,Resolved,15.13,54.76,Stock Reconciliation Gap,4.0
CASE001788,ORD0011689,Refund,Missing Item,2026-05-19 17:42:55,2026-05-20 09:40:36,Resolved,15.96,77.61,Stock Reconciliation Gap,3.0
CASE001789,ORD0011696,Refund,Missing Item,2026-05-04 01:58:36,2026-05-04 10:16:49,Resolved,8.3,663.09,Stock Reconciliation Gap,2.0
CASE001790,ORD0011710,Return,Quality Issue,2026-04-19 02:19:45,2026-04-19 21:29:28,Resolved,19.16,659.29,Temperature Excursion,1.0
CASE001791,ORD0011740,Refund,Item Unavailable,2026-06-30 00:49:59,2026-06-30 20:56:04,Resolved,20.1,149.96,Replenishment Delay,2.0
CASE001792,ORD0011764,Refund,Wrong Quantity,2026-04-20 11:52:53,2026-04-21 15:06:57,Resolved,27.23,99.57,Packing Error,5.0
CASE001793,ORD0011777,Refund,Refund Delay,2026-06-15 11:45:12,,Open,,262.3,Manual Review,
CASE001794,ORD0011790,Complaint,Quality Issue,2026-05-01 11:21:56,2026-05-02 04:43:20,Escalated,17.36,0.0,Temperature Excursion,3.0
CASE001795,ORD0011814,Complaint,Quality Issue,2026-06-25 02:09:29,2026-06-26 02:01:06,Escalated,23.86,0.0,Supplier Quality,5.0
CASE001796,ORD0011824,Refund,Item Unavailable,2026-05-11 16:56:49,2026-05-13 15:14:57,Resolved,46.3,112.32,Inventory Mismatch,1.0
CASE001797,ORD0011827,Refund,Missing Item,2026-05-02 18:02:32,2026-05-03 08:41:54,Resolved,14.66,371.26,Stock Reconciliation Gap,5.0
CASE001798,ORD0011834,Refund,Missing Item,2026-04-06 01:42:46,2026-04-06 06:23:05,Resolved,4.67,529.64,Picking Error,1.0
CASE001799,ORD0011837,Complaint,Quality Issue,2026-06-15 17:37:08,,Open,,0.0,Expiry Risk,
CASE001800,ORD0011844,Refund,Missing Item,2026-05-31 17:28:43,2026-06-01 14:26:19,Resolved,20.96,784.61,Stock Reconciliation Gap,4.0
CASE001801,ORD0011847,Refund,Wrong Quantity,2026-06-20 05:40:51,2026-06-20 08:58:24,Resolved,3.29,208.93,Picking Error,2.0
CASE001802,ORD0011887,Refund,Wrong Quantity,2026-05-02 20:26:59,2026-05-03 00:14:59,Resolved,3.8,20.0,Packing Error,2.0
CASE001803,ORD0011891,Return,Quality Issue,2026-05-21 23:57:34,2026-05-22 07:32:02,Resolved,7.57,288.46,Temperature Excursion,2.0
CASE001804,ORD0011893,Complaint,Quality Issue,2026-05-05 14:45:22,2026-05-06 03:31:45,Resolved,12.77,0.0,Temperature Excursion,3.0
CASE001805,ORD0011894,Refund,Missing Item,2026-04-23 11:31:03,2026-04-25 00:48:55,Resolved,37.3,45.58,Picking Error,4.0
CASE001806,ORD0011901,Refund,Payment Issue,2026-05-11 16:58:46,2026-05-13 19:58:18,Resolved,50.99,1237.4,Payment Gateway Error,2.0
CASE001807,ORD0011902,Refund,Missing Item,2026-05-15 16:24:56,2026-05-15 21:25:48,Resolved,5.01,225.86,Stock Reconciliation Gap,1.0
CASE001808,ORD0011904,Complaint,Late Delivery,2026-06-07 15:03:20,2026-06-08 08:19:00,Resolved,17.26,0.0,Store Processing Delay,3.0
CASE001809,ORD0011905,Refund,Wrong Quantity,2026-05-09 07:19:11,2026-05-09 21:33:57,Resolved,14.25,124.77,Packing Error,3.0
CASE001810,ORD0011906,Return,Wrong Item,2026-04-18 21:11:32,2026-04-19 19:41:23,Resolved,22.5,371.17,Picking Error,4.0
CASE001811,ORD0011912,Refund,Item Unavailable,2026-04-05 14:13:46,2026-04-05 22:37:51,Resolved,8.4,209.33,Inventory Mismatch,4.0
CASE001812,ORD0011921,Refund,Wrong Quantity,2026-04-15 15:09:37,2026-04-15 23:04:59,Resolved,7.92,331.17,Packing Error,4.0
CASE001813,ORD0011925,Complaint,Quality Issue,2026-06-23 14:07:09,2026-06-24 18:10:19,Resolved,28.05,0.0,Expiry Risk,5.0
CASE001814,ORD0011926,Complaint,Late Delivery,2026-06-11 05:36:22,2026-06-12 00:54:13,Resolved,19.3,0.0,Traffic Delay,5.0
CASE001815,ORD0011927,Refund,Missing Item,2026-05-10 16:56:36,,Open,,127.03,Picking Error,
CASE001816,ORD0011928,Refund,Missing Item,2026-04-14 17:56:30,2026-04-16 05:15:05,Resolved,35.31,117.54,Picking Error,1.0
CASE001817,ORD0011944,Return,Damaged Product,2026-04-12 07:46:35,2026-04-12 16:25:55,Resolved,8.66,151.32,Poor Packaging,5.0
CASE001818,ORD0011959,Refund,Missing Item,2026-06-27 01:56:04,2026-06-27 16:22:39,Resolved,14.44,80.09,Stock Reconciliation Gap,3.0
CASE001819,ORD0011960,Complaint,Damaged Product,2026-06-11 17:05:38,2026-06-11 20:37:25,Escalated,3.53,0.0,Handling Issue,2.0
CASE001820,ORD0011962,Complaint,Damaged Product,2026-06-19 06:20:20,2026-06-19 22:09:41,Resolved,15.82,0.0,Handling Issue,4.0
CASE001821,ORD0011974,Refund,Missing Item,2026-06-17 09:31:42,2026-06-19 06:53:17,Resolved,45.36,146.65,Stock Reconciliation Gap,4.0
CASE001822,ORD0012005,Refund,Missing Item,2026-06-17 12:38:27,2026-06-19 17:16:42,Resolved,52.64,248.71,Stock Reconciliation Gap,3.0
CASE001823,ORD0012009,Refund,Item Unavailable,2026-04-15 23:35:11,2026-04-16 23:38:29,Resolved,24.05,130.89,Inventory Mismatch,4.0
CASE001824,ORD0012017,Refund,Wrong Quantity,2026-04-10 09:31:20,2026-04-10 20:52:10,Resolved,11.35,85.89,Picking Error,3.0
CASE001825,ORD0012030,Refund,Missing Item,2026-06-23 02:07:36,2026-06-23 10:25:36,Resolved,8.3,150.43,Stock Reconciliation Gap,2.0
CASE001826,ORD0012032,Refund,Missing Item,2026-04-20 15:01:09,2026-04-21 05:25:28,Resolved,14.41,123.5,Stock Reconciliation Gap,5.0
CASE001827,ORD0012034,Refund,Item Unavailable,2026-06-29 19:39:57,2026-06-30 10:16:47,Escalated,14.61,109.04,Inventory Mismatch,4.0
CASE001828,ORD0012036,Refund,Refund Delay,2026-04-13 09:39:17,2026-04-14 03:25:53,Resolved,17.78,1919.09,Manual Review,2.0
CASE001829,ORD0012039,Refund,Payment Issue,2026-05-12 00:23:27,2026-05-12 10:07:37,Resolved,9.74,487.96,Payment Gateway Error,2.0
CASE001830,ORD0012047,Refund,Payment Issue,2026-05-19 03:34:02,2026-05-19 07:14:11,Resolved,3.67,617.15,Payment Gateway Error,1.0
CASE001831,ORD0012051,Refund,Item Unavailable,2026-05-03 03:19:32,2026-05-03 16:29:10,Resolved,13.16,236.1,Inventory Mismatch,2.0
CASE001832,ORD0012068,Refund,Wrong Quantity,2026-05-11 15:09:32,2026-05-12 23:10:01,Resolved,32.01,293.41,Packing Error,1.0
CASE001833,ORD0012077,Refund,Missing Item,2026-06-28 13:18:47,2026-06-28 20:21:16,Resolved,7.04,186.72,Picking Error,5.0
CASE001834,ORD0012080,Refund,Missing Item,2026-04-11 02:03:13,2026-04-11 12:34:20,Resolved,10.52,266.81,Picking Error,5.0
CASE001835,ORD0012083,Refund,Missing Item,2026-04-21 00:14:00,,Open,,65.42,Picking Error,
CASE001836,ORD0012085,Complaint,Late Delivery,2026-06-17 02:11:47,2026-06-17 20:30:24,Resolved,18.31,0.0,Traffic Delay,2.0
CASE001837,ORD0012093,Refund,Wrong Quantity,2026-04-09 01:20:21,2026-04-09 16:13:59,Resolved,14.89,167.35,Packing Error,2.0
CASE001838,ORD0012106,Refund,Payment Issue,2026-06-21 19:54:15,,Open,,79.97,Bank Decline,
CASE001839,ORD0012110,Refund,Wrong Quantity,2026-06-01 19:57:55,2026-06-02 09:34:39,Escalated,13.61,159.91,Picking Error,4.0
CASE001840,ORD0012115,Complaint,Quality Issue,2026-04-20 08:40:44,2026-04-20 13:52:20,Resolved,5.19,0.0,Expiry Risk,5.0
CASE001841,ORD0012116,Return,Quality Issue,2026-06-20 09:12:36,2026-06-21 21:34:40,Resolved,36.37,113.22,Expiry Risk,3.0
CASE001842,ORD0012122,Refund,Missing Item,2026-04-12 11:52:17,2026-04-13 00:07:45,Resolved,12.26,303.74,Picking Error,1.0
CASE001843,ORD0012127,Refund,Missing Item,2026-04-29 16:53:49,2026-04-30 09:49:56,Resolved,16.94,76.46,Picking Error,3.0
CASE001844,ORD0012129,Return,Damaged Product,2026-06-02 02:33:23,2026-06-02 15:04:13,Resolved,12.51,1287.75,Handling Issue,4.0
CASE001845,ORD0012130,Refund,Item Unavailable,2026-06-29 01:05:47,2026-06-29 23:11:39,Resolved,22.1,122.83,Inventory Mismatch,4.0
CASE001846,ORD0012131,Refund,Item Unavailable,2026-05-16 07:31:32,2026-05-17 10:27:53,Escalated,26.94,137.2,Inventory Mismatch,1.0
CASE001847,ORD0012134,Refund,Missing Item,2026-05-20 20:35:03,2026-05-21 17:24:31,Resolved,20.82,102.38,Stock Reconciliation Gap,1.0
CASE001848,ORD0012137,Refund,Item Unavailable,2026-04-07 14:11:47,2026-04-08 00:00:28,Resolved,9.81,153.41,Replenishment Delay,4.0
CASE001849,ORD0012142,Refund,Missing Item,2026-05-04 15:50:19,2026-05-05 19:09:50,Resolved,27.33,239.68,Stock Reconciliation Gap,5.0
CASE001850,ORD0012153,Refund,Missing Item,2026-04-17 02:03:39,2026-04-18 04:30:56,Resolved,26.45,47.82,Picking Error,2.0
CASE001851,ORD0012154,Refund,Missing Item,2026-04-03 03:54:26,,Open,,153.33,Stock Reconciliation Gap,
CASE001852,ORD0012176,Complaint,Quality Issue,2026-06-05 02:12:23,2026-06-05 07:06:02,Resolved,4.89,0.0,Expiry Risk,4.0
CASE001853,ORD0012186,Complaint,Damaged Product,2026-04-11 07:21:07,2026-04-12 03:13:19,Resolved,19.87,0.0,Handling Issue,5.0
CASE001854,ORD0012194,Complaint,Late Delivery,2026-06-29 03:06:54,2026-06-29 13:53:30,Resolved,10.78,0.0,Rider Shortage,1.0
CASE001855,ORD0012205,Refund,Missing Item,2026-05-10 03:02:57,2026-05-10 17:18:19,Resolved,14.26,118.97,Picking Error,4.0
CASE001856,ORD0012206,Refund,Item Unavailable,2026-05-06 21:25:10,2026-05-07 06:09:04,Resolved,8.73,494.04,Inventory Mismatch,1.0
CASE001857,ORD0012209,Complaint,Quality Issue,2026-06-07 15:23:45,2026-06-08 01:07:29,Resolved,9.73,0.0,Temperature Excursion,1.0
CASE001858,ORD0012220,Complaint,Quality Issue,2026-04-07 07:43:56,2026-04-09 03:55:48,Resolved,44.2,0.0,Supplier Quality,2.0
CASE001859,ORD0012224,Complaint,Wrong Item,2026-04-19 21:47:02,2026-04-22 07:11:43,Resolved,57.41,0.0,Catalog Mapping Error,1.0
CASE001860,ORD0012232,Complaint,Late Delivery,2026-06-05 20:40:54,2026-06-06 08:37:41,Resolved,11.95,0.0,Store Processing Delay,1.0
CASE001861,ORD0012247,Complaint,Late Delivery,2026-05-19 14:24:05,2026-05-19 15:59:40,Resolved,1.59,0.0,Rider Shortage,1.0
CASE001862,ORD0012249,Refund,Missing Item,2026-06-10 20:06:00,2026-06-12 08:15:22,Resolved,36.16,190.38,Picking Error,1.0
CASE001863,ORD0012263,Refund,Missing Item,2026-04-28 20:25:44,2026-04-30 23:57:15,Resolved,51.53,385.61,Picking Error,4.0
CASE001864,ORD0012266,Return,Quality Issue,2026-06-15 13:06:02,2026-06-16 04:38:06,Resolved,15.53,63.95,Expiry Risk,3.0
CASE001865,ORD0012268,Refund,Missing Item,2026-04-04 14:35:20,2026-04-06 04:34:15,Resolved,37.98,761.48,Stock Reconciliation Gap,5.0
CASE001866,ORD0012274,Refund,Cancellation Dispute,2026-06-28 09:26:17,2026-06-28 15:25:13,Resolved,5.98,1134.39,System Status Delay,5.0
CASE001867,ORD0012277,Complaint,Late Delivery,2026-06-13 20:03:11,2026-06-14 02:23:37,Resolved,6.34,0.0,Traffic Delay,1.0
CASE001868,ORD0012280,Complaint,Quality Issue,2026-05-18 03:28:43,2026-05-18 19:31:50,Resolved,16.05,0.0,Expiry Risk,2.0
CASE001869,ORD0012294,Refund,Item Unavailable,2026-05-21 19:11:49,2026-05-22 00:04:53,Resolved,4.88,257.1,Replenishment Delay,4.0
CASE001870,ORD0012295,Refund,Missing Item,2026-06-12 01:57:39,2026-06-12 18:33:21,Escalated,16.6,233.19,Stock Reconciliation Gap,5.0
CASE001871,ORD0012300,Refund,Payment Issue,2026-06-15 01:23:28,2026-06-17 02:05:36,Resolved,48.7,563.66,Bank Decline,4.0
CASE001872,ORD0012310,Return,Damaged Product,2026-05-30 18:14:41,2026-05-31 19:38:11,Resolved,25.39,109.22,Handling Issue,3.0
CASE001873,ORD0012312,Refund,Refund Delay,2026-04-25 17:43:15,2026-04-26 20:10:07,Resolved,26.45,1537.23,Payment Gateway Delay,5.0
CASE001874,ORD0012318,Refund,Wrong Quantity,2026-06-19 14:32:49,2026-06-20 06:14:26,Resolved,15.69,39.6,Packing Error,2.0
CASE001875,ORD0012322,Refund,Item Unavailable,2026-06-09 11:23:50,2026-06-09 15:43:38,Resolved,4.33,245.54,Replenishment Delay,3.0
CASE001876,ORD0012334,Refund,Missing Item,2026-06-06 14:22:11,2026-06-06 22:43:08,Resolved,8.35,179.9,Picking Error,3.0
CASE001877,ORD0012338,Refund,Item Unavailable,2026-05-02 19:10:31,,Open,,269.38,Inventory Mismatch,
CASE001878,ORD0012342,Refund,Missing Item,2026-06-05 13:19:45,2026-06-05 23:16:05,Resolved,9.94,244.78,Stock Reconciliation Gap,2.0
CASE001879,ORD0012363,Refund,Item Unavailable,2026-04-19 05:56:27,2026-04-19 14:27:44,Resolved,8.52,20.81,Inventory Mismatch,3.0
CASE001880,ORD0012373,Refund,Missing Item,2026-05-27 04:44:45,2026-05-28 17:33:43,Resolved,36.82,199.89,Picking Error,5.0
CASE001881,ORD0012375,Refund,Wrong Quantity,2026-06-07 04:38:26,2026-06-08 15:52:35,Resolved,35.24,112.85,Packing Error,1.0
CASE001882,ORD0012395,Refund,Wrong Quantity,2026-05-03 12:53:00,2026-05-04 01:50:33,Resolved,12.96,265.09,Packing Error,2.0
CASE001883,ORD0012406,Refund,Missing Item,2026-04-27 01:01:52,2026-04-27 13:35:40,Resolved,12.56,200.3,Picking Error,3.0
CASE001884,ORD0012407,Refund,Missing Item,2026-05-26 08:52:47,2026-05-26 10:09:28,Resolved,1.28,261.78,Stock Reconciliation Gap,4.0
CASE001885,ORD0012417,Refund,Item Unavailable,2026-04-19 22:21:07,2026-04-20 14:28:43,Resolved,16.13,125.76,Inventory Mismatch,3.0
CASE001886,ORD0012424,Refund,Item Unavailable,2026-04-04 03:39:56,2026-04-05 01:31:40,Resolved,21.86,245.89,Inventory Mismatch,2.0
CASE001887,ORD0012426,Refund,Missing Item,2026-04-13 14:01:05,2026-04-14 00:55:52,Resolved,10.91,125.54,Picking Error,4.0
CASE001888,ORD0012427,Refund,Item Unavailable,2026-05-23 08:51:20,,Open,,48.19,Replenishment Delay,
CASE001889,ORD0012430,Refund,Missing Item,2026-05-13 12:27:48,2026-05-13 22:25:01,Resolved,9.95,164.64,Stock Reconciliation Gap,4.0
CASE001890,ORD0012436,Refund,Wrong Quantity,2026-04-26 03:36:29,2026-04-27 00:24:45,Resolved,20.8,685.58,Packing Error,2.0
CASE001891,ORD0012438,Return,Quality Issue,2026-04-23 07:39:01,2026-04-23 16:35:53,Resolved,8.95,966.44,Expiry Risk,2.0
CASE001892,ORD0012441,Complaint,Late Delivery,2026-06-05 21:00:40,2026-06-06 05:20:08,Escalated,8.32,0.0,Rider Shortage,3.0
CASE001893,ORD0012451,Refund,Missing Item,2026-06-19 13:31:00,2026-06-19 19:38:03,Resolved,6.12,152.01,Picking Error,2.0
CASE001894,ORD0012452,Refund,Item Unavailable,2026-06-16 23:33:09,2026-06-18 20:21:31,Resolved,44.81,241.29,Replenishment Delay,5.0
CASE001895,ORD0012470,Refund,Cancellation Dispute,2026-05-30 02:50:15,2026-05-31 04:05:12,Resolved,25.25,488.88,Policy Misunderstanding,5.0
CASE001896,ORD0012472,Complaint,Late Delivery,2026-05-23 00:03:36,2026-05-23 04:19:45,Resolved,4.27,0.0,Traffic Delay,5.0
CASE001897,ORD0012480,Refund,Wrong Quantity,2026-05-20 21:58:52,2026-05-21 23:24:32,Resolved,25.43,552.42,Packing Error,5.0
CASE001898,ORD0012483,Refund,Payment Issue,2026-04-04 22:40:58,2026-04-05 09:26:39,Resolved,10.76,1140.11,Bank Decline,4.0
CASE001899,ORD0012484,Refund,Item Unavailable,2026-06-28 11:05:45,2026-06-28 17:49:45,Escalated,6.73,208.18,Inventory Mismatch,1.0
CASE001900,ORD0012491,Refund,Item Unavailable,2026-05-20 11:59:23,2026-05-21 17:03:11,Resolved,29.06,206.56,Replenishment Delay,3.0
CASE001901,ORD0012503,Complaint,Quality Issue,2026-04-23 00:01:06,2026-04-23 11:54:59,Resolved,11.9,0.0,Temperature Excursion,2.0
CASE001902,ORD0012512,Complaint,Late Delivery,2026-04-13 05:30:17,2026-04-13 15:30:09,Resolved,10.0,0.0,Traffic Delay,2.0
CASE001903,ORD0012513,Refund,Item Unavailable,2026-06-03 14:40:47,2026-06-04 07:34:40,Resolved,16.9,292.92,Inventory Mismatch,5.0
CASE001904,ORD0012528,Refund,Wrong Quantity,2026-05-13 20:24:15,2026-05-14 04:57:06,Resolved,8.55,323.16,Picking Error,3.0
CASE001905,ORD0012534,Refund,Missing Item,2026-05-15 11:38:56,2026-05-16 08:41:04,Resolved,21.04,343.81,Picking Error,2.0
CASE001906,ORD0012536,Refund,Missing Item,2026-06-24 10:19:14,2026-06-24 12:59:33,Resolved,2.67,60.13,Stock Reconciliation Gap,3.0
CASE001907,ORD0012539,Refund,Missing Item,2026-04-14 09:19:45,2026-04-14 21:36:36,Resolved,12.28,63.54,Picking Error,2.0
CASE001908,ORD0012561,Refund,Item Unavailable,2026-06-28 08:14:47,2026-06-28 17:10:33,Resolved,8.93,504.19,Replenishment Delay,1.0
CASE001909,ORD0012563,Refund,Missing Item,2026-06-26 13:10:59,2026-06-27 06:23:44,Resolved,17.21,115.64,Stock Reconciliation Gap,4.0
CASE001910,ORD0012564,Refund,Item Unavailable,2026-05-19 15:56:59,2026-05-20 02:31:32,Resolved,10.58,227.81,Replenishment Delay,4.0
CASE001911,ORD0012568,Refund,Wrong Quantity,2026-05-28 19:51:41,2026-05-29 09:24:02,Resolved,13.54,175.55,Packing Error,5.0
CASE001912,ORD0012576,Return,Damaged Product,2026-04-26 10:44:57,2026-04-27 04:24:40,Resolved,17.66,2381.49,Handling Issue,5.0
CASE001913,ORD0012578,Refund,Missing Item,2026-06-14 01:00:56,,Open,,165.57,Stock Reconciliation Gap,
CASE001914,ORD0012582,Refund,Missing Item,2026-04-14 21:05:50,2026-04-15 15:37:13,Resolved,18.52,72.82,Stock Reconciliation Gap,2.0
CASE001915,ORD0012583,Return,Quality Issue,2026-05-05 04:06:30,2026-05-05 19:12:40,Resolved,15.1,620.72,Expiry Risk,5.0
CASE001916,ORD0012585,Refund,Missing Item,2026-05-26 10:03:19,2026-05-26 13:33:18,Resolved,3.5,573.84,Picking Error,4.0
CASE001917,ORD0012593,Refund,Wrong Quantity,2026-05-18 20:23:13,2026-05-19 17:07:20,Resolved,20.74,342.69,Picking Error,5.0
CASE001918,ORD0012601,Refund,Wrong Quantity,2026-06-15 04:42:45,,Open,,183.11,Packing Error,
CASE001919,ORD0012602,Complaint,Damaged Product,2026-05-23 02:55:53,2026-05-23 14:37:13,Escalated,11.69,0.0,Handling Issue,1.0
CASE001920,ORD0012608,Refund,Wrong Quantity,2026-06-10 06:26:48,2026-06-10 10:39:57,Resolved,4.22,302.42,Packing Error,5.0
CASE001921,ORD0012613,Refund,Missing Item,2026-04-04 21:09:20,2026-04-05 08:32:52,Escalated,11.39,371.66,Stock Reconciliation Gap,5.0
CASE001922,ORD0012618,Complaint,Damaged Product,2026-06-04 09:11:28,2026-06-04 14:19:19,Resolved,5.13,0.0,Handling Issue,5.0
CASE001923,ORD0012622,Refund,Wrong Quantity,2026-05-06 20:13:56,2026-05-07 03:36:17,Resolved,7.37,600.04,Packing Error,4.0
CASE001924,ORD0012624,Refund,Item Unavailable,2026-05-02 15:42:49,2026-05-03 20:11:57,Resolved,28.49,212.39,Replenishment Delay,5.0
CASE001925,ORD0012629,Refund,Item Unavailable,2026-06-18 05:24:28,,Open,,666.49,Replenishment Delay,
CASE001926,ORD0012630,Refund,Missing Item,2026-04-21 21:02:47,2026-04-22 09:41:25,Resolved,12.64,85.68,Picking Error,2.0
CASE001927,ORD0012634,Refund,Payment Issue,2026-04-14 22:55:08,2026-04-15 14:11:00,Resolved,15.26,524.86,Bank Decline,4.0
CASE001928,ORD0012635,Return,Wrong Item,2026-05-29 21:44:41,2026-05-30 22:19:30,Resolved,24.58,4555.75,Picking Error,3.0
CASE001929,ORD0012639,Refund,Missing Item,2026-04-26 22:29:01,2026-04-27 16:22:40,Resolved,17.89,923.15,Stock Reconciliation Gap,5.0
CASE001930,ORD0012654,Refund,Missing Item,2026-04-22 15:19:50,2026-04-23 07:41:58,Resolved,16.37,308.3,Picking Error,4.0
CASE001931,ORD0012656,Refund,Wrong Quantity,2026-06-26 00:30:58,2026-06-27 01:01:28,Resolved,24.51,214.52,Packing Error,3.0
CASE001932,ORD0012657,Refund,Missing Item,2026-04-27 04:11:15,2026-04-27 09:57:22,Resolved,5.77,70.89,Picking Error,1.0
CASE001933,ORD0012658,Refund,Missing Item,2026-06-26 01:52:44,2026-06-26 21:40:30,Resolved,19.8,180.85,Picking Error,3.0
CASE001934,ORD0012664,Refund,Item Unavailable,2026-06-29 18:05:47,2026-07-01 04:55:00,Resolved,34.82,395.1,Replenishment Delay,3.0
CASE001935,ORD0012670,Return,Quality Issue,2026-04-12 13:20:37,2026-04-14 18:03:04,Resolved,52.71,280.96,Expiry Risk,4.0
CASE001936,ORD0012671,Refund,Missing Item,2026-05-19 20:23:14,2026-05-19 23:45:53,Resolved,3.38,154.86,Picking Error,2.0
CASE001937,ORD0012687,Refund,Missing Item,2026-05-17 16:32:34,2026-05-19 00:07:00,Resolved,31.57,68.82,Picking Error,5.0
CASE001938,ORD0012700,Refund,Wrong Quantity,2026-06-11 00:01:45,2026-06-12 20:21:03,Resolved,44.32,268.09,Picking Error,1.0
CASE001939,ORD0012705,Refund,Payment Issue,2026-05-24 18:52:05,,Open,,334.93,Bank Decline,
CASE001940,ORD0012709,Return,Damaged Product,2026-04-30 20:42:44,2026-05-01 02:14:07,Escalated,5.52,189.1,Handling Issue,2.0
CASE001941,ORD0012710,Refund,Missing Item,2026-06-14 14:55:01,2026-06-15 21:01:14,Resolved,30.1,268.09,Picking Error,3.0
CASE001942,ORD0012713,Refund,Missing Item,2026-04-21 03:45:08,2026-04-21 20:31:02,Resolved,16.77,42.53,Picking Error,1.0
CASE001943,ORD0012715,Refund,Item Unavailable,2026-05-05 03:16:17,2026-05-05 14:37:49,Resolved,11.36,71.67,Replenishment Delay,3.0
CASE001944,ORD0012719,Refund,Item Unavailable,2026-05-22 17:27:43,2026-05-23 07:37:59,Resolved,14.17,190.01,Replenishment Delay,5.0
CASE001945,ORD0012730,Refund,Missing Item,2026-05-25 01:40:59,2026-05-25 18:17:47,Resolved,16.61,149.68,Picking Error,3.0
CASE001946,ORD0012738,Refund,Missing Item,2026-06-20 00:22:56,2026-06-21 10:02:44,Resolved,33.66,73.06,Stock Reconciliation Gap,1.0
CASE001947,ORD0012744,Return,Quality Issue,2026-05-27 02:11:33,2026-05-29 14:19:54,Resolved,60.14,1416.46,Temperature Excursion,3.0
CASE001948,ORD0012750,Complaint,Rider Behaviour,2026-06-22 05:00:26,2026-06-22 07:09:32,Resolved,2.15,0.0,Conduct Issue,4.0
CASE001949,ORD0012751,Refund,Item Unavailable,2026-04-10 21:50:12,2026-04-13 08:55:53,Resolved,59.09,338.14,Inventory Mismatch,1.0
CASE001950,ORD0012769,Refund,Item Unavailable,2026-05-28 09:05:59,2026-05-28 23:12:50,Resolved,14.11,48.17,Inventory Mismatch,3.0
CASE001951,ORD0012782,Refund,Item Unavailable,2026-06-29 00:45:46,2026-06-29 16:50:05,Resolved,16.07,137.5,Replenishment Delay,4.0
CASE001952,ORD0012785,Refund,Wrong Quantity,2026-06-25 14:21:02,2026-06-26 01:05:57,Resolved,10.75,77.58,Packing Error,1.0
CASE001953,ORD0012790,Refund,Missing Item,2026-05-27 17:03:50,2026-05-27 22:30:50,Resolved,5.45,281.81,Stock Reconciliation Gap,2.0
CASE001954,ORD0012791,Complaint,Late Delivery,2026-06-18 21:05:47,2026-06-18 21:35:47,Escalated,0.5,0.0,Store Processing Delay,4.0
CASE001955,ORD0012797,Complaint,Rider Behaviour,2026-06-25 04:48:13,2026-06-25 07:32:56,Resolved,2.75,0.0,Training Gap,4.0
CASE001956,ORD0012803,Refund,Missing Item,2026-06-30 06:29:27,2026-06-30 19:31:29,Resolved,13.03,209.05,Picking Error,5.0
CASE001957,ORD0012808,Refund,Item Unavailable,2026-05-31 19:40:17,2026-06-02 10:48:32,Resolved,39.14,461.69,Replenishment Delay,5.0
CASE001958,ORD0012817,Refund,Missing Item,2026-05-22 18:19:36,,Open,,226.02,Stock Reconciliation Gap,
CASE001959,ORD0012832,Return,Wrong Item,2026-05-20 09:56:04,2026-05-20 13:08:18,Resolved,3.2,665.9,Picking Error,1.0
CASE001960,ORD0012835,Complaint,Late Delivery,2026-06-22 04:56:03,2026-06-22 22:21:06,Resolved,17.42,0.0,Rider Shortage,3.0
CASE001961,ORD0012836,Complaint,Late Delivery,2026-04-12 15:08:40,2026-04-13 13:22:17,Resolved,22.23,0.0,Traffic Delay,4.0
CASE001962,ORD0012845,Complaint,Wrong Item,2026-05-30 12:23:33,2026-05-30 18:58:33,Resolved,6.58,0.0,Catalog Mapping Error,1.0
CASE001963,ORD0012847,Refund,Missing Item,2026-05-05 02:34:22,2026-05-06 00:06:14,Resolved,21.53,65.79,Picking Error,4.0
CASE001964,ORD0012850,Complaint,Late Delivery,2026-05-11 01:25:14,2026-05-11 15:55:10,Resolved,14.5,0.0,Traffic Delay,2.0
CASE001965,ORD0012869,Refund,Item Unavailable,2026-05-06 13:41:47,2026-05-06 18:50:58,Resolved,5.15,58.4,Inventory Mismatch,4.0
CASE001966,ORD0012874,Refund,Payment Issue,2026-04-20 10:53:15,2026-04-20 20:07:59,Resolved,9.25,1471.39,Bank Decline,5.0
CASE001967,ORD0012876,Refund,Wrong Quantity,2026-05-20 08:57:54,2026-05-21 23:17:12,Resolved,38.32,213.27,Packing Error,3.0
CASE001968,ORD0012883,Refund,Missing Item,2026-04-19 23:37:02,2026-04-20 07:03:24,Resolved,7.44,36.94,Stock Reconciliation Gap,4.0
CASE001969,ORD0012894,Refund,Wrong Quantity,2026-05-17 03:15:59,2026-05-18 20:25:18,Resolved,41.16,81.68,Packing Error,3.0
CASE001970,ORD0012900,Refund,Refund Delay,2026-05-13 07:39:41,2026-05-14 20:34:13,Resolved,36.91,1483.88,Payment Gateway Delay,5.0
CASE001971,ORD0012901,Complaint,Damaged Product,2026-06-02 04:58:36,,Open,,0.0,Supplier Quality,
CASE001972,ORD0012902,Refund,Item Unavailable,2026-06-10 06:40:54,2026-06-11 18:51:46,Resolved,36.18,127.55,Inventory Mismatch,4.0
CASE001973,ORD0012912,Complaint,Late Delivery,2026-05-05 02:23:29,2026-05-05 20:41:14,Resolved,18.3,0.0,Traffic Delay,2.0
CASE001974,ORD0012913,Refund,Missing Item,2026-06-27 17:58:52,2026-06-27 22:05:59,Resolved,4.12,193.53,Stock Reconciliation Gap,4.0
CASE001975,ORD0012919,Refund,Missing Item,2026-04-19 17:17:56,2026-04-19 22:32:54,Resolved,5.25,69.73,Picking Error,3.0
CASE001976,ORD0012921,Refund,Missing Item,2026-04-26 22:13:22,2026-04-27 10:34:39,Resolved,12.35,243.11,Stock Reconciliation Gap,4.0
CASE001977,ORD0012940,Refund,Item Unavailable,2026-05-27 22:45:14,,Open,,169.72,Inventory Mismatch,
CASE001978,ORD0012943,Refund,Item Unavailable,2026-06-30 23:56:37,2026-07-01 07:49:35,Resolved,7.88,98.63,Replenishment Delay,3.0
CASE001979,ORD0012949,Refund,Missing Item,2026-04-27 21:08:57,2026-04-28 08:41:07,Resolved,11.54,238.17,Picking Error,5.0
CASE001980,ORD0012961,Refund,Missing Item,2026-04-10 02:04:59,2026-04-10 06:57:10,Resolved,4.87,412.25,Stock Reconciliation Gap,5.0
CASE001981,ORD0012966,Complaint,Late Delivery,2026-05-01 02:52:36,2026-05-01 08:23:24,Resolved,5.51,0.0,Store Processing Delay,5.0
CASE001982,ORD0012969,Refund,Wrong Quantity,2026-04-20 04:10:53,2026-04-20 21:02:37,Resolved,16.86,58.03,Picking Error,5.0
CASE001983,ORD0012974,Refund,Missing Item,2026-04-11 21:14:20,2026-04-12 17:59:36,Resolved,20.75,74.13,Stock Reconciliation Gap,5.0
CASE001984,ORD0012980,Return,Wrong Item,2026-05-24 19:59:03,2026-05-25 05:04:24,Resolved,9.09,1951.24,Catalog Mapping Error,4.0
CASE001985,ORD0012991,Refund,Wrong Quantity,2026-04-25 23:30:29,2026-04-27 06:22:26,Resolved,30.87,188.66,Picking Error,1.0
CASE001986,ORD0013001,Refund,Missing Item,2026-06-01 02:20:03,2026-06-02 09:42:47,Resolved,31.38,493.97,Picking Error,2.0
CASE001987,ORD0013009,Refund,Item Unavailable,2026-06-17 04:46:17,2026-06-18 03:31:46,Resolved,22.76,321.79,Replenishment Delay,2.0
CASE001988,ORD0013016,Refund,Item Unavailable,2026-05-15 23:04:36,2026-05-16 07:47:56,Resolved,8.72,234.76,Inventory Mismatch,3.0
CASE001989,ORD0013026,Refund,Wrong Quantity,2026-06-29 22:21:31,2026-06-30 10:40:10,Escalated,12.31,362.03,Picking Error,4.0
CASE001990,ORD0013035,Refund,Item Unavailable,2026-05-07 20:13:53,2026-05-08 13:29:26,Escalated,17.26,87.09,Replenishment Delay,5.0
CASE001991,ORD0013036,Refund,Missing Item,2026-04-11 16:29:42,2026-04-12 00:36:50,Resolved,8.12,157.91,Picking Error,2.0
CASE001992,ORD0013051,Refund,Payment Issue,2026-06-07 17:16:10,2026-06-08 02:05:21,Resolved,8.82,373.94,Payment Gateway Error,5.0
CASE001993,ORD0013052,Complaint,Damaged Product,2026-04-22 16:49:05,2026-04-23 04:22:57,Resolved,11.56,0.0,Poor Packaging,5.0
CASE001994,ORD0013053,Refund,Refund Delay,2026-05-16 19:04:50,2026-05-17 01:22:18,Resolved,6.29,151.96,Manual Review,3.0
CASE001995,ORD0013056,Complaint,Wrong Item,2026-05-17 23:20:08,2026-05-18 05:00:14,Resolved,5.67,0.0,Catalog Mapping Error,5.0
CASE001996,ORD0013058,Refund,Missing Item,2026-04-20 07:12:38,2026-04-21 02:02:56,Resolved,18.84,262.18,Stock Reconciliation Gap,2.0
CASE001997,ORD0013060,Complaint,Wrong Item,2026-04-14 07:17:39,2026-04-15 00:49:39,Resolved,17.53,0.0,Catalog Mapping Error,1.0
CASE001998,ORD0013062,Return,Quality Issue,2026-06-16 22:54:50,2026-06-17 17:25:17,Resolved,18.51,1162.88,Supplier Quality,3.0
CASE001999,ORD0013069,Refund,Missing Item,2026-06-22 23:47:11,2026-06-23 09:35:12,Resolved,9.8,309.49,Picking Error,2.0
CASE002000,ORD0013076,Complaint,Damaged Product,2026-06-26 04:48:15,2026-06-26 11:14:04,Resolved,6.43,0.0,Poor Packaging,2.0
CASE002001,ORD0013078,Refund,Missing Item,2026-05-01 02:00:39,2026-05-01 10:25:22,Resolved,8.41,223.38,Stock Reconciliation Gap,2.0
CASE002002,ORD0013090,Refund,Item Unavailable,2026-04-05 03:21:22,2026-04-05 13:16:29,Escalated,9.92,183.51,Inventory Mismatch,2.0
CASE002003,ORD0013094,Refund,Missing Item,2026-06-01 09:16:10,,Open,,158.02,Stock Reconciliation Gap,
CASE002004,ORD0013103,Complaint,Late Delivery,2026-04-04 02:23:09,2026-04-04 11:08:39,Resolved,8.76,0.0,Rider Shortage,5.0
CASE002005,ORD0013119,Complaint,Late Delivery,2026-05-05 16:33:27,2026-05-07 04:25:10,Resolved,35.86,0.0,Rider Shortage,3.0
CASE002006,ORD0013121,Refund,Missing Item,2026-04-27 18:05:01,2026-04-28 15:42:16,Resolved,21.62,130.62,Picking Error,3.0
CASE002007,ORD0013133,Complaint,Late Delivery,2026-06-09 01:56:30,2026-06-09 11:27:56,Resolved,9.52,0.0,Traffic Delay,5.0
CASE002008,ORD0013145,Complaint,Late Delivery,2026-04-16 10:55:39,2026-04-16 14:07:27,Resolved,3.2,0.0,Store Processing Delay,4.0
CASE002009,ORD0013161,Refund,Missing Item,2026-05-05 20:04:46,2026-05-06 21:19:44,Resolved,25.25,48.11,Stock Reconciliation Gap,1.0
CASE002010,ORD0013163,Complaint,Rider Behaviour,2026-05-14 11:36:37,2026-05-14 21:26:59,Resolved,9.84,0.0,Training Gap,3.0
CASE002011,ORD0013164,Refund,Wrong Quantity,2026-04-08 15:02:54,2026-04-09 10:21:24,Resolved,19.31,208.31,Picking Error,2.0
CASE002012,ORD0013165,Complaint,Late Delivery,2026-04-03 16:59:53,2026-04-04 07:03:36,Resolved,14.06,0.0,Store Processing Delay,4.0
CASE002013,ORD0013170,Refund,Missing Item,2026-05-12 10:45:23,2026-05-13 15:36:36,Resolved,28.85,126.96,Stock Reconciliation Gap,5.0
CASE002014,ORD0013173,Complaint,Late Delivery,2026-04-05 05:12:41,2026-04-06 02:48:09,Resolved,21.59,0.0,Store Processing Delay,3.0
CASE002015,ORD0013174,Complaint,Wrong Item,2026-06-07 05:24:30,2026-06-09 03:30:13,Resolved,46.1,0.0,Picking Error,4.0
CASE002016,ORD0013176,Complaint,Damaged Product,2026-04-12 13:28:06,2026-04-12 22:15:34,Resolved,8.79,0.0,Poor Packaging,5.0
CASE002017,ORD0013177,Refund,Missing Item,2026-05-25 20:41:08,2026-05-26 07:37:52,Resolved,10.95,261.8,Picking Error,4.0
CASE002018,ORD0013183,Complaint,Late Delivery,2026-05-30 10:05:18,2026-05-31 04:47:37,Resolved,18.71,0.0,Store Processing Delay,3.0
CASE002019,ORD0013184,Refund,Missing Item,2026-06-14 09:51:37,2026-06-15 12:13:45,Resolved,26.37,126.39,Stock Reconciliation Gap,4.0
CASE002020,ORD0013188,Refund,Item Unavailable,2026-04-13 10:49:22,,Open,,92.51,Replenishment Delay,
CASE002021,ORD0013195,Complaint,Quality Issue,2026-05-16 22:39:49,2026-05-17 02:38:53,Resolved,3.98,0.0,Temperature Excursion,5.0
CASE002022,ORD0013213,Refund,Item Unavailable,2026-05-02 04:34:37,2026-05-04 07:25:45,Escalated,50.85,38.69,Inventory Mismatch,2.0
CASE002023,ORD0013214,Refund,Cancellation Dispute,2026-04-18 10:13:33,2026-04-19 00:12:20,Resolved,13.98,222.64,Policy Misunderstanding,2.0
CASE002024,ORD0013216,Complaint,Quality Issue,2026-05-03 22:13:07,2026-05-06 08:21:34,Resolved,58.14,0.0,Expiry Risk,3.0
CASE002025,ORD0013220,Refund,Missing Item,2026-06-22 04:24:26,2026-06-24 04:51:42,Resolved,48.45,216.77,Picking Error,5.0
CASE002026,ORD0013228,Refund,Missing Item,2026-05-25 19:02:00,2026-05-26 03:48:20,Resolved,8.77,368.76,Stock Reconciliation Gap,4.0
CASE002027,ORD0013229,Refund,Wrong Quantity,2026-05-29 23:02:30,2026-05-30 12:50:10,Resolved,13.79,123.88,Packing Error,3.0
CASE002028,ORD0013241,Refund,Missing Item,2026-05-31 17:06:14,2026-06-01 08:37:59,Resolved,15.53,113.13,Stock Reconciliation Gap,3.0
CASE002029,ORD0013245,Refund,Missing Item,2026-04-03 19:35:04,2026-04-04 07:36:23,Resolved,12.02,100.35,Picking Error,1.0
CASE002030,ORD0013255,Refund,Missing Item,2026-04-08 02:54:22,2026-04-08 05:56:28,Resolved,3.03,121.51,Stock Reconciliation Gap,2.0
CASE002031,ORD0013256,Refund,Wrong Quantity,2026-04-27 11:31:43,2026-04-28 02:27:47,Resolved,14.93,97.16,Picking Error,2.0
CASE002032,ORD0013263,Refund,Missing Item,2026-04-08 10:10:48,2026-04-09 01:46:18,Resolved,15.59,180.17,Stock Reconciliation Gap,1.0
CASE002033,ORD0013273,Complaint,Late Delivery,2026-05-17 12:55:09,,Open,,0.0,Store Processing Delay,
CASE002034,ORD0013282,Refund,Missing Item,2026-04-11 10:02:59,2026-04-11 21:05:39,Resolved,11.04,220.0,Picking Error,3.0
CASE002035,ORD0013283,Refund,Item Unavailable,2026-06-08 07:21:52,2026-06-08 10:25:54,Resolved,3.07,462.35,Inventory Mismatch,5.0
CASE002036,ORD0013285,Refund,Missing Item,2026-04-20 17:27:55,2026-04-22 05:56:06,Resolved,36.47,385.42,Stock Reconciliation Gap,3.0
CASE002037,ORD0013287,Refund,Item Unavailable,2026-06-28 07:58:33,2026-06-28 10:48:25,Resolved,2.83,65.85,Inventory Mismatch,4.0
CASE002038,ORD0013288,Refund,Item Unavailable,2026-04-13 16:52:26,,Open,,208.63,Replenishment Delay,
CASE002039,ORD0013297,Refund,Missing Item,2026-04-29 16:16:43,2026-04-30 17:55:44,Resolved,25.65,120.88,Picking Error,5.0
CASE002040,ORD0013298,Refund,Item Unavailable,2026-04-26 20:24:50,2026-04-27 18:05:21,Resolved,21.68,141.47,Replenishment Delay,3.0
CASE002041,ORD0013299,Refund,Item Unavailable,2026-06-21 08:45:23,2026-06-21 18:24:14,Resolved,9.65,493.25,Replenishment Delay,5.0
CASE002042,ORD0013300,Refund,Missing Item,2026-06-24 22:14:58,2026-06-25 16:12:25,Resolved,17.96,43.78,Stock Reconciliation Gap,2.0
CASE002043,ORD0013304,Refund,Missing Item,2026-05-28 12:46:58,2026-05-29 08:19:34,Resolved,19.54,266.33,Picking Error,3.0
CASE002044,ORD0013313,Refund,Wrong Quantity,2026-05-21 17:53:24,2026-05-22 04:45:29,Resolved,10.87,287.79,Picking Error,4.0
CASE002045,ORD0013320,Return,Quality Issue,2026-05-05 10:02:42,2026-05-05 20:20:27,Resolved,10.3,722.35,Temperature Excursion,4.0
CASE002046,ORD0013329,Refund,Item Unavailable,2026-06-04 03:08:17,2026-06-04 17:15:02,Escalated,14.11,352.3,Replenishment Delay,1.0
CASE002047,ORD0013331,Refund,Item Unavailable,2026-06-04 00:45:38,2026-06-05 03:43:32,Resolved,26.96,165.98,Replenishment Delay,2.0
CASE002048,ORD0013333,Complaint,Rider Behaviour,2026-06-19 12:57:00,2026-06-20 02:22:59,Resolved,13.43,0.0,Training Gap,3.0
CASE002049,ORD0013336,Refund,Missing Item,2026-06-27 21:28:16,2026-06-28 06:37:57,Resolved,9.16,72.86,Picking Error,3.0
CASE002050,ORD0013347,Complaint,Quality Issue,2026-04-15 04:32:26,2026-04-15 15:03:03,Resolved,10.51,0.0,Expiry Risk,5.0
CASE002051,ORD0013355,Return,Damaged Product,2026-06-01 00:44:46,2026-06-01 06:06:50,Resolved,5.37,600.72,Handling Issue,3.0
CASE002052,ORD0013358,Refund,Missing Item,2026-05-08 13:23:20,2026-05-09 00:58:27,Resolved,11.59,94.01,Picking Error,1.0
CASE002053,ORD0013366,Complaint,Late Delivery,2026-05-26 18:49:27,,Open,,0.0,Rider Shortage,
CASE002054,ORD0013374,Refund,Missing Item,2026-05-05 03:10:59,2026-05-06 01:50:03,Resolved,22.65,203.23,Stock Reconciliation Gap,2.0
CASE002055,ORD0013376,Refund,Missing Item,2026-04-20 11:24:23,2026-04-20 20:25:47,Resolved,9.02,100.79,Stock Reconciliation Gap,1.0
CASE002056,ORD0013391,Refund,Item Unavailable,2026-05-04 15:14:51,2026-05-05 14:50:50,Escalated,23.6,168.61,Inventory Mismatch,5.0
CASE002057,ORD0013395,Refund,Refund Delay,2026-06-28 10:01:34,2026-06-28 23:28:45,Resolved,13.45,413.77,Payment Gateway Delay,3.0
CASE002058,ORD0013397,Refund,Missing Item,2026-04-17 09:14:23,2026-04-18 12:01:39,Resolved,26.79,173.34,Picking Error,2.0
CASE002059,ORD0013400,Refund,Payment Issue,2026-05-06 14:50:08,2026-05-08 02:12:05,Resolved,35.37,1185.09,Payment Gateway Error,3.0
CASE002060,ORD0013417,Refund,Missing Item,2026-05-17 09:25:51,2026-05-18 10:45:04,Resolved,25.32,129.24,Picking Error,1.0
CASE002061,ORD0013419,Refund,Missing Item,2026-06-18 20:38:25,2026-06-19 03:24:44,Resolved,6.77,185.62,Stock Reconciliation Gap,4.0
CASE002062,ORD0013438,Refund,Missing Item,2026-05-03 06:01:26,,Open,,173.85,Picking Error,
CASE002063,ORD0013440,Refund,Payment Issue,2026-05-26 06:22:36,2026-05-27 05:15:37,Resolved,22.88,173.15,Bank Decline,4.0
CASE002064,ORD0013447,Refund,Wrong Quantity,2026-04-19 01:23:28,2026-04-20 14:41:11,Resolved,37.3,174.42,Packing Error,3.0
CASE002065,ORD0013448,Complaint,Wrong Item,2026-05-22 23:51:05,2026-05-23 10:49:17,Resolved,10.97,0.0,Picking Error,2.0
CASE002066,ORD0013461,Refund,Item Unavailable,2026-06-12 22:00:03,2026-06-13 16:21:58,Resolved,18.37,59.98,Replenishment Delay,5.0
CASE002067,ORD0013471,Refund,Missing Item,2026-05-16 03:09:50,2026-05-17 04:12:18,Resolved,25.04,489.92,Picking Error,3.0
CASE002068,ORD0013479,Refund,Item Unavailable,2026-04-08 02:03:20,2026-04-08 18:13:14,Resolved,16.16,208.57,Inventory Mismatch,3.0
CASE002069,ORD0013484,Refund,Wrong Quantity,2026-06-07 00:37:08,2026-06-07 07:04:38,Escalated,6.46,240.67,Packing Error,1.0
CASE002070,ORD0013487,Refund,Missing Item,2026-04-18 16:25:14,2026-04-19 10:01:30,Resolved,17.6,337.31,Stock Reconciliation Gap,5.0
CASE002071,ORD0013492,Refund,Item Unavailable,2026-04-22 18:04:47,2026-04-22 23:31:08,Escalated,5.44,112.8,Inventory Mismatch,5.0
CASE002072,ORD0013497,Refund,Item Unavailable,2026-04-13 08:37:51,2026-04-13 13:30:12,Resolved,4.87,172.84,Replenishment Delay,1.0
CASE002073,ORD0013501,Refund,Wrong Quantity,2026-04-08 16:44:44,2026-04-08 19:27:02,Resolved,2.71,177.49,Packing Error,4.0
CASE002074,ORD0013512,Refund,Missing Item,2026-06-28 08:25:59,2026-06-29 00:33:32,Resolved,16.13,188.78,Stock Reconciliation Gap,2.0
CASE002075,ORD0013522,Complaint,Late Delivery,2026-04-27 17:14:52,2026-04-28 03:09:47,Resolved,9.92,0.0,Rider Shortage,4.0
CASE002076,ORD0013524,Complaint,Quality Issue,2026-04-24 12:31:20,2026-04-25 22:12:22,Resolved,33.68,0.0,Temperature Excursion,3.0
CASE002077,ORD0013530,Complaint,Quality Issue,2026-06-28 13:52:01,2026-06-29 07:17:04,Resolved,17.42,0.0,Temperature Excursion,4.0
CASE002078,ORD0013537,Refund,Missing Item,2026-04-26 15:48:36,2026-04-27 12:22:59,Escalated,20.57,524.99,Stock Reconciliation Gap,1.0
CASE002079,ORD0013543,Refund,Item Unavailable,2026-04-15 07:56:37,2026-04-16 13:25:05,Resolved,29.47,50.79,Replenishment Delay,2.0
CASE002080,ORD0013549,Refund,Missing Item,2026-05-18 15:52:27,2026-05-19 05:38:59,Resolved,13.78,294.32,Picking Error,4.0
CASE002081,ORD0013557,Refund,Missing Item,2026-06-19 18:43:05,2026-06-20 08:09:34,Resolved,13.44,311.0,Stock Reconciliation Gap,1.0
CASE002082,ORD0013564,Refund,Item Unavailable,2026-04-14 11:34:21,2026-04-14 15:32:41,Resolved,3.97,211.42,Replenishment Delay,2.0
CASE002083,ORD0013576,Complaint,Damaged Product,2026-05-10 08:19:13,2026-05-10 18:09:18,Resolved,9.83,0.0,Supplier Quality,4.0
CASE002084,ORD0013583,Refund,Missing Item,2026-06-09 01:17:05,2026-06-09 08:00:47,Resolved,6.73,152.18,Picking Error,1.0
CASE002085,ORD0013588,Complaint,Late Delivery,2026-04-12 08:11:18,2026-04-13 00:58:48,Resolved,16.79,0.0,Traffic Delay,5.0
CASE002086,ORD0013590,Refund,Missing Item,2026-05-25 06:39:35,,Open,,351.06,Picking Error,
CASE002087,ORD0013594,Refund,Missing Item,2026-06-03 06:09:27,2026-06-03 12:49:25,Resolved,6.67,343.15,Picking Error,1.0
CASE002088,ORD0013601,Refund,Missing Item,2026-06-30 00:27:08,2026-06-30 07:19:51,Resolved,6.88,64.86,Picking Error,3.0
CASE002089,ORD0013638,Complaint,Late Delivery,2026-05-22 00:26:16,2026-05-22 13:28:58,Resolved,13.05,0.0,Store Processing Delay,3.0
CASE002090,ORD0013641,Refund,Wrong Quantity,2026-06-05 08:38:34,,Open,,245.45,Packing Error,
CASE002091,ORD0013651,Refund,Wrong Quantity,2026-04-30 21:59:43,2026-05-01 21:53:51,Resolved,23.9,48.98,Packing Error,4.0
CASE002092,ORD0013654,Refund,Missing Item,2026-06-01 20:43:52,2026-06-02 03:55:44,Resolved,7.2,86.49,Picking Error,1.0
CASE002093,ORD0013655,Refund,Missing Item,2026-05-21 16:57:43,2026-05-22 04:32:53,Resolved,11.59,167.8,Stock Reconciliation Gap,4.0
CASE002094,ORD0013657,Refund,Missing Item,2026-04-03 05:25:20,2026-04-03 21:30:17,Resolved,16.08,89.62,Picking Error,3.0
CASE002095,ORD0013659,Complaint,Wrong Item,2026-04-05 15:58:20,2026-04-06 14:17:27,Resolved,22.32,0.0,Picking Error,5.0
CASE002096,ORD0013663,Refund,Missing Item,2026-04-26 22:24:46,2026-04-27 00:33:53,Resolved,2.15,967.89,Stock Reconciliation Gap,1.0
CASE002097,ORD0013676,Refund,Missing Item,2026-04-30 08:17:30,2026-05-01 06:49:56,Resolved,22.54,78.12,Stock Reconciliation Gap,5.0
CASE002098,ORD0013687,Refund,Wrong Quantity,2026-06-05 22:55:03,,Open,,98.64,Picking Error,
CASE002099,ORD0013688,Refund,Missing Item,2026-04-14 13:01:30,2026-04-14 20:15:46,Resolved,7.24,58.42,Picking Error,2.0
CASE002100,ORD0013700,Complaint,Late Delivery,2026-06-29 15:55:58,,Open,,0.0,Traffic Delay,
CASE002101,ORD0013708,Refund,Wrong Quantity,2026-04-26 21:58:31,2026-04-27 06:26:22,Resolved,8.46,278.05,Picking Error,3.0
CASE002102,ORD0013709,Return,Quality Issue,2026-06-30 02:09:11,2026-06-30 21:12:18,Resolved,19.05,1900.52,Expiry Risk,5.0
CASE002103,ORD0013710,Refund,Missing Item,2026-06-27 05:38:46,2026-06-28 03:29:45,Resolved,21.85,72.51,Stock Reconciliation Gap,2.0
CASE002104,ORD0013713,Refund,Missing Item,2026-05-18 11:26:45,2026-05-20 09:47:25,Resolved,46.34,193.38,Stock Reconciliation Gap,1.0
CASE002105,ORD0013720,Refund,Missing Item,2026-06-13 19:22:20,2026-06-14 13:05:34,Resolved,17.72,45.47,Stock Reconciliation Gap,3.0
CASE002106,ORD0013724,Refund,Missing Item,2026-04-15 15:00:19,2026-04-15 18:37:49,Resolved,3.62,845.86,Picking Error,3.0
CASE002107,ORD0013740,Refund,Item Unavailable,2026-06-30 08:45:26,2026-07-02 01:14:28,Resolved,40.48,356.83,Replenishment Delay,3.0
CASE002108,ORD0013749,Refund,Missing Item,2026-06-16 17:37:28,2026-06-17 08:11:53,Resolved,14.57,80.66,Picking Error,5.0
CASE002109,ORD0013750,Return,Wrong Item,2026-04-14 16:37:13,,Open,,1307.24,Catalog Mapping Error,
CASE002110,ORD0013752,Refund,Missing Item,2026-05-17 21:10:03,2026-05-18 15:28:52,Resolved,18.31,34.64,Stock Reconciliation Gap,4.0
CASE002111,ORD0013754,Refund,Item Unavailable,2026-05-18 05:50:12,2026-05-18 14:02:12,Resolved,8.2,184.38,Replenishment Delay,5.0
CASE002112,ORD0013773,Complaint,Quality Issue,2026-04-13 15:19:48,2026-04-13 19:27:36,Resolved,4.13,0.0,Supplier Quality,5.0
CASE002113,ORD0013787,Refund,Missing Item,2026-04-10 12:00:43,2026-04-10 17:34:31,Resolved,5.56,629.3,Picking Error,5.0
CASE002114,ORD0013797,Refund,Missing Item,2026-04-27 17:27:29,2026-04-28 11:32:11,Resolved,18.08,220.11,Stock Reconciliation Gap,5.0
CASE002115,ORD0013816,Complaint,Rider Behaviour,2026-04-21 16:29:37,2026-04-22 00:22:50,Resolved,7.89,0.0,Training Gap,2.0
CASE002116,ORD0013817,Complaint,Damaged Product,2026-05-31 22:29:14,2026-06-01 21:09:22,Escalated,22.67,0.0,Supplier Quality,5.0
CASE002117,ORD0013826,Refund,Missing Item,2026-05-24 02:31:20,2026-05-24 13:47:23,Resolved,11.27,81.74,Stock Reconciliation Gap,2.0
CASE002118,ORD0013827,Refund,Missing Item,2026-06-23 00:17:50,,Open,,113.3,Stock Reconciliation Gap,
CASE002119,ORD0013839,Refund,Item Unavailable,2026-06-30 07:29:28,2026-06-30 18:40:38,Resolved,11.19,94.53,Inventory Mismatch,4.0
CASE002120,ORD0013846,Complaint,Damaged Product,2026-06-09 22:44:50,2026-06-10 02:26:11,Resolved,3.69,0.0,Handling Issue,3.0
CASE002121,ORD0013849,Refund,Item Unavailable,2026-04-14 09:31:40,,Open,,168.13,Replenishment Delay,
CASE002122,ORD0013851,Refund,Missing Item,2026-04-17 18:35:53,2026-04-18 03:53:08,Resolved,9.29,114.58,Stock Reconciliation Gap,3.0
CASE002123,ORD0013859,Refund,Missing Item,2026-06-27 22:32:05,2026-06-28 13:47:55,Resolved,15.26,257.15,Picking Error,2.0
CASE002124,ORD0013860,Refund,Wrong Quantity,2026-04-13 23:51:09,2026-04-15 09:57:39,Resolved,34.11,197.72,Picking Error,1.0
CASE002125,ORD0013873,Refund,Missing Item,2026-04-24 19:54:36,2026-04-25 02:51:02,Resolved,6.94,250.07,Stock Reconciliation Gap,3.0
CASE002126,ORD0013896,Refund,Missing Item,2026-04-28 06:42:33,2026-04-28 11:37:11,Resolved,4.91,111.41,Picking Error,5.0
CASE002127,ORD0013923,Complaint,Damaged Product,2026-06-11 15:27:17,2026-06-12 10:37:46,Resolved,19.17,0.0,Poor Packaging,3.0
CASE002128,ORD0013935,Refund,Missing Item,2026-06-07 10:03:25,2026-06-07 19:10:24,Resolved,9.12,176.12,Stock Reconciliation Gap,3.0
CASE002129,ORD0013946,Refund,Missing Item,2026-05-04 10:08:06,2026-05-04 16:53:40,Resolved,6.76,1614.77,Picking Error,3.0
CASE002130,ORD0013965,Refund,Item Unavailable,2026-04-11 10:33:22,2026-04-11 17:02:33,Resolved,6.49,246.7,Inventory Mismatch,4.0
CASE002131,ORD0013972,Refund,Item Unavailable,2026-04-30 15:21:07,2026-04-30 21:49:47,Resolved,6.48,111.88,Replenishment Delay,5.0
CASE002132,ORD0013974,Return,Quality Issue,2026-06-07 17:45:25,2026-06-08 08:04:10,Resolved,14.31,983.94,Expiry Risk,3.0
CASE002133,ORD0013976,Complaint,Late Delivery,2026-05-22 14:26:21,2026-05-23 04:09:21,Resolved,13.72,0.0,Rider Shortage,4.0
CASE002134,ORD0013978,Refund,Missing Item,2026-04-25 19:35:26,2026-04-26 21:19:32,Resolved,25.73,217.71,Picking Error,1.0
CASE002135,ORD0013980,Complaint,Wrong Item,2026-04-04 06:15:12,2026-04-04 09:56:47,Resolved,3.69,0.0,Catalog Mapping Error,2.0
CASE002136,ORD0013991,Return,Damaged Product,2026-06-05 13:30:46,,Open,,1038.51,Supplier Quality,
CASE002137,ORD0013995,Refund,Missing Item,2026-05-08 21:40:48,2026-05-08 22:48:15,Resolved,1.12,323.88,Stock Reconciliation Gap,3.0
CASE002138,ORD0014003,Refund,Wrong Quantity,2026-04-17 08:19:41,2026-04-18 11:52:16,Resolved,27.54,57.34,Picking Error,2.0
CASE002139,ORD0014006,Refund,Item Unavailable,2026-05-23 15:02:22,2026-05-23 22:36:54,Resolved,7.58,271.91,Replenishment Delay,4.0
CASE002140,ORD0014021,Refund,Wrong Quantity,2026-05-06 12:19:42,2026-05-06 18:39:21,Resolved,6.33,282.21,Picking Error,3.0
CASE002141,ORD0014025,Refund,Missing Item,2026-05-04 04:11:25,2026-05-04 16:00:18,Resolved,11.81,102.35,Picking Error,5.0
CASE002142,ORD0014032,Complaint,Late Delivery,2026-05-04 17:24:55,2026-05-05 05:26:05,Resolved,12.02,0.0,Store Processing Delay,1.0
CASE002143,ORD0014043,Refund,Missing Item,2026-05-02 23:03:10,2026-05-04 06:46:53,Resolved,31.73,247.53,Picking Error,1.0
CASE002144,ORD0014047,Refund,Missing Item,2026-06-19 04:04:06,2026-06-20 00:50:13,Resolved,20.77,155.66,Stock Reconciliation Gap,1.0
CASE002145,ORD0014061,Refund,Missing Item,2026-06-03 03:16:18,2026-06-03 23:26:05,Resolved,20.16,197.65,Stock Reconciliation Gap,2.0
CASE002146,ORD0014062,Return,Quality Issue,2026-04-28 18:35:04,2026-05-01 10:05:04,Resolved,63.5,376.86,Expiry Risk,5.0
CASE002147,ORD0014063,Refund,Item Unavailable,2026-04-30 20:07:18,2026-05-02 17:10:59,Resolved,45.06,253.89,Inventory Mismatch,1.0
CASE002148,ORD0014065,Refund,Missing Item,2026-04-29 20:23:46,2026-04-30 11:07:32,Resolved,14.73,120.09,Stock Reconciliation Gap,3.0
CASE002149,ORD0014091,Refund,Missing Item,2026-05-25 20:33:26,2026-05-25 22:34:08,Resolved,2.01,272.03,Picking Error,5.0
CASE002150,ORD0014102,Refund,Missing Item,2026-06-03 12:23:12,2026-06-05 12:22:00,Escalated,47.98,160.69,Picking Error,3.0
CASE002151,ORD0014104,Refund,Missing Item,2026-04-29 08:35:13,2026-04-29 16:42:27,Resolved,8.12,253.25,Picking Error,1.0
CASE002152,ORD0014110,Refund,Item Unavailable,2026-04-06 12:30:21,,Open,,387.87,Replenishment Delay,
CASE002153,ORD0014113,Refund,Item Unavailable,2026-04-25 16:50:13,2026-04-25 21:29:47,Resolved,4.66,124.88,Replenishment Delay,1.0
CASE002154,ORD0014118,Complaint,Quality Issue,2026-06-13 08:31:50,2026-06-13 19:10:52,Resolved,10.65,0.0,Supplier Quality,4.0
CASE002155,ORD0014122,Refund,Item Unavailable,2026-06-07 01:32:10,2026-06-07 12:33:50,Resolved,11.03,91.38,Inventory Mismatch,5.0
CASE002156,ORD0014129,Refund,Item Unavailable,2026-04-12 09:52:59,2026-04-12 23:27:16,Resolved,13.57,918.0,Inventory Mismatch,4.0
CASE002157,ORD0014133,Return,Damaged Product,2026-06-22 00:10:11,2026-06-22 23:10:35,Resolved,23.01,331.58,Poor Packaging,1.0
CASE002158,ORD0014139,Return,Damaged Product,2026-05-01 14:48:33,2026-05-01 20:26:20,Resolved,5.63,144.7,Handling Issue,5.0
CASE002159,ORD0014142,Complaint,Damaged Product,2026-04-30 18:11:09,2026-05-01 03:05:11,Resolved,8.9,0.0,Handling Issue,1.0
CASE002160,ORD0014148,Refund,Wrong Quantity,2026-05-14 08:06:31,,Open,,72.37,Packing Error,
CASE002161,ORD0014152,Return,Quality Issue,2026-05-26 21:53:55,2026-05-27 13:21:52,Resolved,15.47,1502.27,Expiry Risk,1.0
CASE002162,ORD0014164,Complaint,Late Delivery,2026-06-12 23:03:30,2026-06-13 05:20:18,Resolved,6.28,0.0,Store Processing Delay,1.0
CASE002163,ORD0014176,Complaint,Late Delivery,2026-06-29 03:38:17,2026-06-29 19:32:47,Resolved,15.91,0.0,Store Processing Delay,3.0
CASE002164,ORD0014179,Refund,Missing Item,2026-04-23 11:09:04,2026-04-24 12:56:26,Resolved,25.79,114.86,Stock Reconciliation Gap,1.0
CASE002165,ORD0014183,Refund,Wrong Quantity,2026-06-18 01:20:29,2026-06-19 04:24:14,Resolved,27.06,488.02,Packing Error,2.0
CASE002166,ORD0014187,Return,Damaged Product,2026-04-28 13:57:37,2026-04-28 19:34:35,Resolved,5.62,346.64,Poor Packaging,4.0
CASE002167,ORD0014192,Complaint,Wrong Item,2026-06-28 08:30:09,2026-06-28 20:25:58,Resolved,11.93,0.0,Catalog Mapping Error,3.0
CASE002168,ORD0014194,Refund,Wrong Quantity,2026-05-21 03:14:34,2026-05-21 10:29:16,Escalated,7.25,181.88,Packing Error,2.0
CASE002169,ORD0014197,Refund,Missing Item,2026-05-27 19:51:03,2026-05-28 11:48:44,Resolved,15.96,134.28,Stock Reconciliation Gap,5.0
CASE002170,ORD0014203,Refund,Refund Delay,2026-05-21 10:48:08,2026-05-22 02:25:39,Resolved,15.63,854.15,Payment Gateway Delay,4.0
CASE002171,ORD0014215,Refund,Cancellation Dispute,2026-05-29 10:27:00,2026-05-29 19:02:31,Escalated,8.59,2715.26,Policy Misunderstanding,3.0
CASE002172,ORD0014216,Refund,Missing Item,2026-04-03 23:19:03,2026-04-05 02:51:17,Resolved,27.54,134.2,Picking Error,5.0
CASE002173,ORD0014250,Refund,Missing Item,2026-06-12 10:02:51,2026-06-13 04:18:40,Resolved,18.26,115.71,Stock Reconciliation Gap,2.0
CASE002174,ORD0014253,Refund,Item Unavailable,2026-05-31 12:55:32,2026-05-31 20:17:03,Resolved,7.36,327.86,Inventory Mismatch,1.0
CASE002175,ORD0014264,Refund,Wrong Quantity,2026-06-22 00:31:08,2026-06-22 08:00:24,Resolved,7.49,91.41,Packing Error,1.0
CASE002176,ORD0014268,Refund,Item Unavailable,2026-06-29 18:59:51,2026-06-30 12:42:44,Resolved,17.71,180.5,Replenishment Delay,3.0
CASE002177,ORD0014272,Refund,Wrong Quantity,2026-05-29 07:15:20,2026-05-29 15:08:50,Escalated,7.89,149.04,Picking Error,2.0
CASE002178,ORD0014273,Refund,Missing Item,2026-05-03 15:42:20,2026-05-04 19:02:23,Resolved,27.33,83.2,Picking Error,5.0
CASE002179,ORD0014278,Refund,Refund Delay,2026-06-06 13:42:26,2026-06-07 14:06:01,Escalated,24.39,567.79,Payment Gateway Delay,2.0
CASE002180,ORD0014282,Complaint,Late Delivery,2026-05-18 23:06:28,2026-05-20 07:51:14,Resolved,32.75,0.0,Traffic Delay,5.0
CASE002181,ORD0014289,Refund,Item Unavailable,2026-04-27 05:34:06,2026-04-28 15:34:52,Resolved,34.01,557.36,Replenishment Delay,4.0
CASE002182,ORD0014305,Refund,Item Unavailable,2026-04-02 13:38:20,2026-04-02 20:17:12,Resolved,6.65,124.68,Inventory Mismatch,3.0
CASE002183,ORD0014306,Complaint,Quality Issue,2026-05-26 14:26:30,2026-05-27 08:53:02,Escalated,18.44,0.0,Supplier Quality,3.0
CASE002184,ORD0014341,Refund,Item Unavailable,2026-05-07 01:45:25,2026-05-08 05:53:54,Resolved,28.14,115.91,Replenishment Delay,1.0
CASE002185,ORD0014342,Refund,Payment Issue,2026-04-24 19:10:32,2026-04-25 07:18:56,Resolved,12.14,1827.84,Payment Gateway Error,1.0
CASE002186,ORD0014346,Refund,Item Unavailable,2026-06-27 15:27:19,2026-06-28 15:39:47,Resolved,24.21,53.86,Replenishment Delay,2.0
CASE002187,ORD0014351,Refund,Wrong Quantity,2026-05-05 06:47:23,2026-05-05 22:12:38,Resolved,15.42,144.28,Picking Error,1.0
CASE002188,ORD0014352,Refund,Missing Item,2026-06-03 00:29:50,2026-06-03 19:17:58,Resolved,18.8,350.85,Stock Reconciliation Gap,2.0
CASE002189,ORD0014377,Return,Damaged Product,2026-04-03 20:35:06,2026-04-04 05:16:59,Resolved,8.7,3547.58,Handling Issue,4.0
CASE002190,ORD0014381,Refund,Missing Item,2026-05-30 18:34:59,2026-05-31 14:21:12,Resolved,19.77,206.79,Stock Reconciliation Gap,1.0
CASE002191,ORD0014384,Complaint,Quality Issue,2026-05-26 16:47:23,2026-05-28 08:49:59,Resolved,40.04,0.0,Temperature Excursion,1.0
CASE002192,ORD0014401,Refund,Missing Item,2026-05-14 18:58:43,2026-05-14 20:48:43,Resolved,1.83,1805.89,Picking Error,2.0
CASE002193,ORD0014414,Refund,Item Unavailable,2026-06-25 07:58:07,2026-06-26 04:52:43,Resolved,20.91,192.39,Replenishment Delay,5.0
CASE002194,ORD0014419,Return,Quality Issue,2026-06-27 06:46:22,2026-06-28 03:36:31,Resolved,20.84,419.1,Expiry Risk,5.0
CASE002195,ORD0014426,Refund,Missing Item,2026-05-15 11:31:14,2026-05-16 01:03:57,Resolved,13.55,123.43,Picking Error,1.0
CASE002196,ORD0014427,Complaint,Damaged Product,2026-05-26 00:30:02,2026-05-27 05:25:54,Resolved,28.93,0.0,Poor Packaging,3.0
CASE002197,ORD0014437,Refund,Item Unavailable,2026-05-15 07:49:03,2026-05-15 10:17:38,Resolved,2.48,113.11,Inventory Mismatch,3.0
CASE002198,ORD0014444,Refund,Missing Item,2026-04-14 08:13:34,2026-04-15 02:56:47,Escalated,18.72,25.0,Stock Reconciliation Gap,3.0
CASE002199,ORD0014458,Refund,Missing Item,2026-06-30 11:28:19,2026-07-01 01:38:17,Resolved,14.17,225.49,Picking Error,3.0
CASE002200,ORD0014459,Refund,Missing Item,2026-06-22 09:06:32,2026-06-22 20:40:31,Escalated,11.57,316.56,Picking Error,5.0
CASE002201,ORD0014462,Refund,Wrong Quantity,2026-05-08 09:30:49,2026-05-08 14:40:42,Resolved,5.16,299.33,Picking Error,2.0
CASE002202,ORD0014463,Refund,Missing Item,2026-04-03 09:48:35,2026-04-05 03:43:50,Resolved,41.92,173.74,Stock Reconciliation Gap,2.0
CASE002203,ORD0014465,Refund,Payment Issue,2026-04-12 09:46:08,2026-04-13 02:06:52,Resolved,16.35,103.8,Bank Decline,2.0
CASE002204,ORD0014474,Complaint,Quality Issue,2026-06-12 04:59:15,2026-06-13 04:29:43,Resolved,23.51,0.0,Supplier Quality,1.0
CASE002205,ORD0014476,Refund,Missing Item,2026-05-22 09:11:38,2026-05-23 07:52:47,Resolved,22.69,244.29,Stock Reconciliation Gap,4.0
CASE002206,ORD0014477,Refund,Missing Item,2026-06-20 23:32:15,2026-06-22 01:38:06,Resolved,26.1,199.31,Stock Reconciliation Gap,5.0
CASE002207,ORD0014478,Refund,Item Unavailable,2026-05-24 15:55:08,2026-05-24 20:32:10,Resolved,4.62,393.24,Inventory Mismatch,2.0
CASE002208,ORD0014491,Complaint,Quality Issue,2026-06-21 19:14:06,2026-06-22 10:22:06,Resolved,15.13,0.0,Temperature Excursion,2.0
CASE002209,ORD0014495,Refund,Item Unavailable,2026-05-11 19:17:26,2026-05-12 07:52:37,Resolved,12.59,203.04,Inventory Mismatch,4.0
CASE002210,ORD0014496,Refund,Wrong Quantity,2026-04-16 14:25:07,2026-04-17 04:48:07,Resolved,14.38,54.28,Picking Error,1.0
CASE002211,ORD0014517,Refund,Missing Item,2026-04-24 15:17:14,,Open,,241.43,Picking Error,
CASE002212,ORD0014520,Return,Wrong Item,2026-06-01 20:31:52,,Open,,454.25,Picking Error,
CASE002213,ORD0014532,Refund,Missing Item,2026-06-03 08:06:41,2026-06-04 06:04:50,Resolved,21.97,88.86,Stock Reconciliation Gap,2.0
CASE002214,ORD0014535,Refund,Item Unavailable,2026-05-03 23:33:08,2026-05-04 03:10:06,Resolved,3.62,61.57,Inventory Mismatch,5.0
CASE002215,ORD0014536,Refund,Missing Item,2026-04-24 05:13:30,2026-04-24 15:34:27,Resolved,10.35,41.93,Stock Reconciliation Gap,3.0
CASE002216,ORD0014547,Complaint,Damaged Product,2026-05-24 19:56:19,2026-05-25 01:45:48,Resolved,5.82,0.0,Supplier Quality,4.0
CASE002217,ORD0014553,Refund,Missing Item,2026-05-21 12:25:07,2026-05-21 22:33:44,Resolved,10.14,121.06,Stock Reconciliation Gap,1.0
CASE002218,ORD0014561,Refund,Missing Item,2026-04-26 22:05:17,2026-04-28 04:24:54,Resolved,30.33,386.75,Picking Error,4.0
CASE002219,ORD0014571,Refund,Wrong Quantity,2026-04-07 04:09:44,2026-04-08 05:07:15,Resolved,24.96,81.99,Picking Error,1.0
CASE002220,ORD0014583,Refund,Missing Item,2026-04-22 23:16:46,2026-04-24 01:02:18,Resolved,25.76,218.17,Picking Error,4.0
CASE002221,ORD0014587,Refund,Missing Item,2026-05-30 14:48:14,2026-05-31 08:42:16,Resolved,17.9,212.67,Stock Reconciliation Gap,4.0
CASE002222,ORD0014597,Refund,Missing Item,2026-05-25 18:42:12,2026-05-26 11:34:31,Resolved,16.87,91.95,Stock Reconciliation Gap,1.0
CASE002223,ORD0014601,Return,Damaged Product,2026-05-04 11:11:45,2026-05-05 07:07:11,Resolved,19.92,329.52,Supplier Quality,3.0
CASE002224,ORD0014603,Refund,Refund Delay,2026-04-03 20:56:31,2026-04-04 07:58:16,Resolved,11.03,543.49,Payment Gateway Delay,4.0
CASE002225,ORD0014604,Refund,Missing Item,2026-06-27 12:49:47,2026-06-28 16:14:49,Resolved,27.42,307.81,Stock Reconciliation Gap,4.0
CASE002226,ORD0014606,Refund,Wrong Quantity,2026-05-03 00:37:33,2026-05-03 19:36:16,Resolved,18.98,152.93,Picking Error,2.0
CASE002227,ORD0014613,Refund,Item Unavailable,2026-04-05 08:06:16,2026-04-06 13:08:50,Resolved,29.04,149.42,Inventory Mismatch,1.0
CASE002228,ORD0014616,Refund,Missing Item,2026-05-18 15:18:07,2026-05-19 00:22:16,Resolved,9.07,32.14,Picking Error,5.0
CASE002229,ORD0014618,Refund,Missing Item,2026-05-12 03:01:00,,Open,,200.65,Stock Reconciliation Gap,
CASE002230,ORD0014620,Refund,Item Unavailable,2026-04-06 22:45:41,2026-04-07 12:27:10,Resolved,13.69,131.66,Replenishment Delay,1.0
CASE002231,ORD0014623,Refund,Wrong Quantity,2026-04-05 20:07:41,2026-04-06 12:42:08,Resolved,16.57,70.92,Packing Error,3.0
CASE002232,ORD0014626,Refund,Item Unavailable,2026-05-04 00:00:05,2026-05-04 19:12:22,Resolved,19.2,97.68,Inventory Mismatch,3.0
CASE002233,ORD0014630,Refund,Missing Item,2026-04-28 22:04:50,2026-04-29 18:36:40,Resolved,20.53,79.41,Picking Error,2.0
CASE002234,ORD0014642,Refund,Wrong Quantity,2026-06-07 03:01:43,2026-06-07 11:24:40,Resolved,8.38,137.26,Picking Error,1.0
CASE002235,ORD0014647,Refund,Missing Item,2026-05-17 10:13:59,2026-05-18 06:32:36,Resolved,20.31,125.27,Stock Reconciliation Gap,2.0
CASE002236,ORD0014653,Refund,Missing Item,2026-06-01 07:27:18,2026-06-02 00:06:07,Resolved,16.65,61.76,Stock Reconciliation Gap,3.0
CASE002237,ORD0014655,Refund,Missing Item,2026-05-10 02:42:08,2026-05-11 05:52:36,Resolved,27.17,281.32,Stock Reconciliation Gap,4.0
CASE002238,ORD0014660,Refund,Missing Item,2026-04-09 02:50:29,2026-04-09 15:33:37,Resolved,12.72,108.12,Stock Reconciliation Gap,4.0
CASE002239,ORD0014663,Refund,Missing Item,2026-05-03 04:19:15,2026-05-03 06:38:09,Resolved,2.31,273.69,Picking Error,5.0
CASE002240,ORD0014665,Complaint,Wrong Item,2026-04-07 07:07:40,2026-04-07 16:17:18,Resolved,9.16,0.0,Picking Error,2.0
CASE002241,ORD0014672,Refund,Missing Item,2026-05-10 18:43:39,2026-05-11 10:19:59,Resolved,15.61,441.49,Picking Error,3.0
CASE002242,ORD0014683,Refund,Wrong Quantity,2026-05-09 04:23:02,2026-05-09 17:53:30,Resolved,13.51,64.27,Packing Error,4.0
CASE002243,ORD0014690,Refund,Item Unavailable,2026-06-17 09:11:19,2026-06-17 13:13:58,Resolved,4.04,431.41,Inventory Mismatch,1.0
CASE002244,ORD0014719,Refund,Missing Item,2026-04-20 02:00:11,2026-04-21 19:23:54,Resolved,41.4,210.37,Picking Error,3.0
CASE002245,ORD0014720,Refund,Missing Item,2026-04-27 09:08:57,2026-04-28 00:36:47,Resolved,15.46,144.95,Picking Error,4.0
CASE002246,ORD0014730,Refund,Wrong Quantity,2026-06-03 11:09:33,2026-06-04 12:45:17,Resolved,25.6,189.87,Packing Error,4.0
CASE002247,ORD0014745,Refund,Missing Item,2026-06-04 21:11:42,2026-06-05 10:10:22,Resolved,12.98,187.44,Picking Error,5.0
CASE002248,ORD0014759,Refund,Missing Item,2026-05-23 06:09:06,2026-05-24 21:43:19,Resolved,39.57,117.27,Picking Error,1.0
CASE002249,ORD0014762,Refund,Item Unavailable,2026-06-22 11:46:50,2026-06-23 03:09:30,Resolved,15.38,515.75,Replenishment Delay,1.0
CASE002250,ORD0014763,Refund,Wrong Quantity,2026-06-21 19:56:56,2026-06-22 18:08:10,Resolved,22.19,145.15,Packing Error,2.0
CASE002251,ORD0014771,Refund,Item Unavailable,2026-06-25 13:54:05,2026-06-26 16:58:57,Resolved,27.08,180.78,Replenishment Delay,3.0
CASE002252,ORD0014773,Refund,Wrong Quantity,2026-06-05 17:36:29,2026-06-06 13:13:08,Resolved,19.61,76.45,Packing Error,4.0
CASE002253,ORD0014788,Complaint,Quality Issue,2026-05-24 18:51:56,2026-05-25 16:34:02,Escalated,21.7,0.0,Expiry Risk,5.0
CASE002254,ORD0014790,Refund,Missing Item,2026-05-17 09:27:07,2026-05-17 14:08:21,Resolved,4.69,143.93,Stock Reconciliation Gap,2.0
CASE002255,ORD0014798,Refund,Missing Item,2026-04-10 18:09:01,2026-04-11 10:49:24,Resolved,16.67,123.84,Stock Reconciliation Gap,1.0
CASE002256,ORD0014803,Complaint,Quality Issue,2026-04-04 02:19:48,2026-04-04 12:13:41,Resolved,9.9,0.0,Expiry Risk,1.0
CASE002257,ORD0014807,Refund,Missing Item,2026-04-26 21:41:44,2026-04-27 04:08:37,Resolved,6.45,170.15,Stock Reconciliation Gap,4.0
CASE002258,ORD0014809,Complaint,Wrong Item,2026-04-30 04:22:48,2026-05-01 04:31:24,Resolved,24.14,0.0,Picking Error,4.0
CASE002259,ORD0014829,Refund,Missing Item,2026-04-25 21:07:54,2026-04-26 08:15:58,Resolved,11.13,299.62,Picking Error,1.0
CASE002260,ORD0014832,Refund,Wrong Quantity,2026-06-30 16:16:30,2026-07-01 12:43:07,Resolved,20.44,81.66,Packing Error,3.0
CASE002261,ORD0014834,Complaint,Damaged Product,2026-05-17 06:53:23,2026-05-18 15:55:15,Resolved,33.03,0.0,Handling Issue,1.0
CASE002262,ORD0014840,Complaint,Damaged Product,2026-06-15 06:37:29,2026-06-15 20:11:04,Resolved,13.56,0.0,Poor Packaging,4.0
CASE002263,ORD0014843,Refund,Missing Item,2026-06-27 08:32:38,2026-06-27 19:44:23,Resolved,11.2,340.56,Stock Reconciliation Gap,5.0
CASE002264,ORD0014844,Return,Damaged Product,2026-05-31 05:19:50,2026-05-31 10:22:55,Resolved,5.05,247.21,Handling Issue,4.0
CASE002265,ORD0014845,Refund,Refund Delay,2026-06-18 12:19:47,2026-06-18 22:14:51,Resolved,9.92,597.27,Payment Gateway Delay,1.0
CASE002266,ORD0014854,Refund,Missing Item,2026-05-11 21:22:39,2026-05-12 11:13:00,Resolved,13.84,74.22,Stock Reconciliation Gap,4.0
CASE002267,ORD0014858,Refund,Wrong Quantity,2026-05-09 04:59:44,2026-05-10 14:29:44,Resolved,33.5,157.74,Packing Error,3.0
CASE002268,ORD0014860,Refund,Missing Item,2026-05-26 03:13:03,2026-05-27 01:31:18,Resolved,22.3,242.35,Stock Reconciliation Gap,3.0
CASE002269,ORD0014867,Refund,Wrong Quantity,2026-06-25 21:32:29,2026-06-26 06:35:04,Resolved,9.04,119.47,Packing Error,5.0
CASE002270,ORD0014883,Return,Quality Issue,2026-06-05 12:27:42,2026-06-06 17:53:58,Resolved,29.44,761.82,Expiry Risk,4.0
CASE002271,ORD0014889,Return,Quality Issue,2026-06-29 05:21:21,,Open,,100.34,Temperature Excursion,
CASE002272,ORD0014891,Complaint,Quality Issue,2026-04-17 23:53:55,2026-04-18 10:03:08,Resolved,10.15,0.0,Temperature Excursion,2.0
CASE002273,ORD0014897,Complaint,Quality Issue,2026-06-18 20:58:56,2026-06-19 21:29:21,Resolved,24.51,0.0,Temperature Excursion,2.0
CASE002274,ORD0014901,Refund,Missing Item,2026-05-05 19:34:52,2026-05-06 14:07:35,Resolved,18.55,157.53,Stock Reconciliation Gap,3.0
CASE002275,ORD0014903,Complaint,Quality Issue,2026-06-11 02:17:41,2026-06-11 15:25:29,Resolved,13.13,0.0,Expiry Risk,2.0
CASE002276,ORD0014905,Refund,Missing Item,2026-06-24 15:23:42,2026-06-26 06:28:32,Resolved,39.08,121.34,Stock Reconciliation Gap,2.0
CASE002277,ORD0014906,Refund,Wrong Quantity,2026-05-18 05:20:11,2026-05-18 13:51:41,Resolved,8.52,139.31,Packing Error,2.0
CASE002278,ORD0014912,Refund,Item Unavailable,2026-05-30 12:08:00,2026-05-30 20:11:03,Resolved,8.05,141.16,Replenishment Delay,4.0
CASE002279,ORD0014913,Refund,Item Unavailable,2026-04-27 23:14:39,2026-04-28 03:10:22,Resolved,3.93,404.39,Inventory Mismatch,1.0
CASE002280,ORD0014920,Refund,Missing Item,2026-04-04 11:41:39,2026-04-06 02:09:54,Resolved,38.47,277.5,Stock Reconciliation Gap,4.0
CASE002281,ORD0014921,Complaint,Late Delivery,2026-06-04 07:43:10,2026-06-06 01:30:15,Resolved,41.78,0.0,Store Processing Delay,2.0
CASE002282,ORD0014922,Refund,Missing Item,2026-05-10 21:52:19,2026-05-12 02:44:56,Resolved,28.88,86.15,Stock Reconciliation Gap,3.0
CASE002283,ORD0014924,Refund,Missing Item,2026-06-14 23:16:59,2026-06-17 03:20:35,Resolved,52.06,363.89,Picking Error,4.0
CASE002284,ORD0014929,Return,Damaged Product,2026-04-28 21:33:25,2026-04-29 21:05:10,Resolved,23.53,1371.11,Supplier Quality,2.0
CASE002285,ORD0014932,Refund,Missing Item,2026-07-01 07:51:28,2026-07-01 12:07:03,Resolved,4.26,137.57,Stock Reconciliation Gap,2.0
CASE002286,ORD0014934,Refund,Missing Item,2026-05-07 16:59:49,2026-05-08 11:39:47,Resolved,18.67,143.34,Stock Reconciliation Gap,3.0
CASE002287,ORD0014941,Refund,Item Unavailable,2026-05-31 06:51:01,2026-05-31 22:33:19,Resolved,15.7,238.45,Replenishment Delay,2.0
CASE002288,ORD0014947,Return,Damaged Product,2026-04-20 23:53:56,2026-04-21 12:26:12,Resolved,12.54,2560.27,Poor Packaging,5.0
CASE002289,ORD0014949,Refund,Item Unavailable,2026-04-27 21:39:27,2026-04-28 12:48:15,Resolved,15.15,244.46,Inventory Mismatch,4.0
CASE002290,ORD0014962,Return,Quality Issue,2026-04-09 19:19:59,2026-04-10 05:31:18,Resolved,10.19,595.36,Temperature Excursion,4.0
CASE002291,ORD0014972,Return,Quality Issue,2026-05-10 18:15:47,2026-05-10 22:05:33,Resolved,3.83,1396.25,Temperature Excursion,1.0
CASE002292,ORD0014978,Refund,Missing Item,2026-04-06 04:50:26,2026-04-06 06:55:07,Resolved,2.08,111.69,Stock Reconciliation Gap,3.0
CASE002293,ORD0014986,Refund,Missing Item,2026-06-20 00:38:48,2026-06-21 11:44:09,Resolved,35.09,296.41,Stock Reconciliation Gap,5.0
CASE002294,ORD0014996,Refund,Missing Item,2026-06-22 11:42:17,2026-06-23 07:31:23,Resolved,19.82,250.12,Stock Reconciliation Gap,1.0
CASE002295,ORD0015007,Refund,Missing Item,2026-06-29 13:16:55,2026-06-29 17:48:44,Resolved,4.53,102.28,Stock Reconciliation Gap,1.0
CASE002296,ORD0015010,Refund,Item Unavailable,2026-04-01 15:45:56,2026-04-02 05:35:26,Resolved,13.83,128.45,Replenishment Delay,5.0
CASE002297,ORD0015020,Refund,Missing Item,2026-05-31 03:05:13,2026-06-01 00:11:30,Resolved,21.1,110.28,Stock Reconciliation Gap,3.0
CASE002298,ORD0015038,Refund,Missing Item,2026-06-07 03:30:22,2026-06-09 04:54:06,Resolved,49.4,151.31,Picking Error,2.0
CASE002299,ORD0015039,Complaint,Late Delivery,2026-04-22 20:33:22,2026-04-23 09:16:47,Resolved,12.72,0.0,Traffic Delay,3.0
CASE002300,ORD0015044,Refund,Missing Item,2026-06-26 16:51:35,2026-06-26 20:49:41,Resolved,3.97,702.76,Picking Error,2.0
CASE002301,ORD0015054,Return,Wrong Item,2026-04-22 17:42:18,2026-04-22 18:48:42,Resolved,1.11,2257.4,Picking Error,4.0
CASE002302,ORD0015055,Refund,Missing Item,2026-06-16 11:48:15,2026-06-17 07:19:08,Resolved,19.51,217.13,Picking Error,4.0
CASE002303,ORD0015071,Refund,Payment Issue,2026-05-14 05:46:28,2026-05-14 13:17:39,Escalated,7.52,369.2,Bank Decline,1.0
CASE002304,ORD0015083,Refund,Wrong Quantity,2026-06-14 01:13:24,2026-06-14 05:09:38,Resolved,3.94,49.12,Packing Error,5.0
CASE002305,ORD0015090,Refund,Missing Item,2026-04-16 03:21:25,2026-04-16 06:59:56,Resolved,3.64,121.0,Stock Reconciliation Gap,1.0
CASE002306,ORD0015095,Refund,Missing Item,2026-04-12 15:34:19,2026-04-13 03:30:08,Resolved,11.93,203.86,Stock Reconciliation Gap,2.0
CASE002307,ORD0015099,Return,Damaged Product,2026-06-19 09:04:38,2026-06-19 15:24:11,Resolved,6.33,1465.35,Poor Packaging,1.0
CASE002308,ORD0015107,Return,Quality Issue,2026-06-14 16:09:07,2026-06-16 09:26:35,Resolved,41.29,915.3,Temperature Excursion,3.0
CASE002309,ORD0015121,Refund,Item Unavailable,2026-06-29 20:45:28,2026-07-02 00:02:29,Resolved,51.28,25.83,Replenishment Delay,4.0
CASE002310,ORD0015146,Refund,Missing Item,2026-05-08 17:51:08,2026-05-09 00:53:14,Escalated,7.03,74.14,Picking Error,2.0
CASE002311,ORD0015149,Refund,Missing Item,2026-06-08 16:00:59,2026-06-09 18:16:39,Resolved,26.26,79.48,Picking Error,1.0
CASE002312,ORD0015150,Refund,Wrong Quantity,2026-05-11 16:16:57,,Open,,133.91,Picking Error,
CASE002313,ORD0015151,Refund,Item Unavailable,2026-05-18 07:42:49,2026-05-20 03:02:17,Resolved,43.32,70.83,Replenishment Delay,1.0
CASE002314,ORD0015154,Complaint,Late Delivery,2026-05-28 05:47:45,2026-05-28 09:07:15,Resolved,3.33,0.0,Rider Shortage,3.0
CASE002315,ORD0015172,Refund,Missing Item,2026-05-27 21:06:36,2026-05-28 13:47:44,Resolved,16.69,131.49,Stock Reconciliation Gap,2.0
CASE002316,ORD0015174,Complaint,Wrong Item,2026-04-27 14:47:26,2026-04-27 23:25:26,Resolved,8.63,0.0,Catalog Mapping Error,1.0
CASE002317,ORD0015177,Refund,Wrong Quantity,2026-05-12 01:55:20,2026-05-13 00:58:58,Resolved,23.06,28.63,Packing Error,5.0
CASE002318,ORD0015179,Complaint,Late Delivery,2026-04-27 10:49:24,2026-04-28 07:54:39,Resolved,21.09,0.0,Traffic Delay,4.0
CASE002319,ORD0015183,Complaint,Late Delivery,2026-06-22 02:14:28,2026-06-22 13:28:46,Resolved,11.24,0.0,Store Processing Delay,3.0
CASE002320,ORD0015202,Refund,Missing Item,2026-05-05 06:04:39,2026-05-05 17:00:24,Resolved,10.93,126.15,Picking Error,5.0
CASE002321,ORD0015221,Refund,Wrong Quantity,2026-05-26 20:52:19,2026-05-27 01:41:08,Resolved,4.81,252.5,Picking Error,3.0
CASE002322,ORD0015229,Refund,Missing Item,2026-06-11 16:27:51,2026-06-12 03:18:31,Resolved,10.84,206.94,Picking Error,4.0
CASE002323,ORD0015230,Refund,Missing Item,2026-06-26 10:19:48,,Open,,168.2,Stock Reconciliation Gap,
CASE002324,ORD0015231,Refund,Missing Item,2026-04-18 01:14:50,2026-04-19 17:36:23,Resolved,40.36,195.37,Picking Error,2.0
CASE002325,ORD0015241,Refund,Wrong Quantity,2026-06-27 19:00:06,2026-06-28 19:35:38,Resolved,24.59,110.77,Packing Error,3.0
CASE002326,ORD0015245,Refund,Missing Item,2026-06-06 01:26:11,2026-06-06 10:01:13,Resolved,8.58,291.9,Picking Error,4.0
CASE002327,ORD0015248,Complaint,Late Delivery,2026-05-17 02:13:21,,Open,,0.0,Rider Shortage,
CASE002328,ORD0015252,Refund,Item Unavailable,2026-06-28 11:48:15,2026-06-29 13:46:32,Resolved,25.97,186.14,Replenishment Delay,5.0
CASE002329,ORD0015261,Refund,Wrong Quantity,2026-05-02 16:37:30,2026-05-02 23:29:04,Resolved,6.86,492.18,Packing Error,1.0
CASE002330,ORD0015265,Complaint,Late Delivery,2026-04-12 22:25:24,,Open,,0.0,Store Processing Delay,
CASE002331,ORD0015267,Refund,Missing Item,2026-04-29 09:58:03,,Open,,105.23,Picking Error,
CASE002332,ORD0015271,Refund,Item Unavailable,2026-05-13 20:54:02,2026-05-14 05:40:40,Resolved,8.78,126.67,Replenishment Delay,5.0
CASE002333,ORD0015272,Refund,Missing Item,2026-04-21 05:29:32,2026-04-21 20:15:51,Resolved,14.77,35.76,Picking Error,3.0
CASE002334,ORD0015280,Refund,Item Unavailable,2026-04-28 19:49:02,2026-05-01 00:23:48,Resolved,52.58,89.97,Inventory Mismatch,5.0
CASE002335,ORD0015282,Refund,Item Unavailable,2026-06-21 13:03:37,2026-06-22 01:46:48,Resolved,12.72,95.46,Inventory Mismatch,5.0
CASE002336,ORD0015288,Refund,Wrong Quantity,2026-06-10 17:50:04,2026-06-12 09:14:36,Resolved,39.41,82.71,Picking Error,4.0
CASE002337,ORD0015297,Refund,Item Unavailable,2026-04-04 19:57:55,2026-04-05 00:53:35,Resolved,4.93,613.53,Inventory Mismatch,5.0
CASE002338,ORD0015298,Refund,Wrong Quantity,2026-05-24 10:08:09,2026-05-25 02:31:09,Resolved,16.38,1076.24,Packing Error,1.0
CASE002339,ORD0015299,Refund,Missing Item,2026-05-25 00:18:27,2026-05-26 17:33:09,Resolved,41.24,512.99,Stock Reconciliation Gap,1.0
CASE002340,ORD0015304,Refund,Missing Item,2026-06-10 06:41:55,2026-06-10 22:58:55,Resolved,16.28,460.07,Stock Reconciliation Gap,5.0
CASE002341,ORD0015305,Refund,Wrong Quantity,2026-04-04 10:46:39,2026-04-04 15:53:22,Resolved,5.11,371.44,Packing Error,3.0
CASE002342,ORD0015312,Refund,Item Unavailable,2026-06-15 18:08:13,,Open,,86.39,Inventory Mismatch,
CASE002343,ORD0015329,Refund,Payment Issue,2026-06-28 03:24:44,2026-06-28 19:14:08,Resolved,15.82,3393.99,Payment Gateway Error,3.0
CASE002344,ORD0015335,Refund,Missing Item,2026-04-02 14:18:38,2026-04-03 00:59:35,Resolved,10.68,354.61,Picking Error,4.0
CASE002345,ORD0015345,Complaint,Rider Behaviour,2026-05-11 05:10:06,2026-05-12 18:01:31,Resolved,36.86,0.0,Conduct Issue,5.0
CASE002346,ORD0015352,Refund,Missing Item,2026-04-08 21:41:15,2026-04-10 00:13:40,Resolved,26.54,124.39,Picking Error,2.0
CASE002347,ORD0015355,Refund,Missing Item,2026-05-11 19:00:25,2026-05-13 09:23:14,Resolved,38.38,282.47,Picking Error,2.0
CASE002348,ORD0015365,Complaint,Quality Issue,2026-05-18 13:24:34,,Open,,0.0,Expiry Risk,
CASE002349,ORD0015380,Refund,Item Unavailable,2026-05-18 00:41:33,2026-05-18 20:46:44,Resolved,20.09,160.35,Replenishment Delay,2.0
CASE002350,ORD0015385,Refund,Wrong Quantity,2026-06-04 08:38:25,2026-06-05 11:19:02,Escalated,26.68,165.81,Picking Error,1.0
CASE002351,ORD0015389,Refund,Missing Item,2026-05-10 12:35:06,2026-05-11 01:53:44,Resolved,13.31,118.45,Picking Error,2.0
CASE002352,ORD0015399,Refund,Missing Item,2026-04-03 20:37:40,2026-04-04 06:30:27,Escalated,9.88,125.8,Picking Error,3.0
CASE002353,ORD0015413,Complaint,Late Delivery,2026-06-05 18:06:01,,Open,,0.0,Traffic Delay,
CASE002354,ORD0015415,Complaint,Damaged Product,2026-06-10 23:25:16,,Open,,0.0,Handling Issue,
CASE002355,ORD0015419,Return,Damaged Product,2026-04-30 22:47:48,2026-05-01 07:59:30,Resolved,9.19,169.99,Handling Issue,2.0
CASE002356,ORD0015421,Refund,Missing Item,2026-04-17 00:40:17,2026-04-17 16:15:15,Resolved,15.58,293.12,Picking Error,1.0
CASE002357,ORD0015426,Refund,Wrong Quantity,2026-06-15 20:23:40,2026-06-16 12:44:47,Resolved,16.35,58.91,Packing Error,5.0
CASE002358,ORD0015428,Refund,Wrong Quantity,2026-04-28 00:37:08,2026-04-28 16:47:22,Resolved,16.17,130.83,Picking Error,3.0
CASE002359,ORD0015433,Refund,Missing Item,2026-04-23 01:22:11,2026-04-23 04:49:18,Resolved,3.45,121.45,Stock Reconciliation Gap,2.0
CASE002360,ORD0015434,Return,Damaged Product,2026-06-16 05:52:33,2026-06-16 17:04:44,Resolved,11.2,629.58,Poor Packaging,4.0
CASE002361,ORD0015435,Refund,Item Unavailable,2026-06-17 02:51:54,2026-06-17 20:56:55,Resolved,18.08,284.31,Replenishment Delay,4.0
CASE002362,ORD0015445,Refund,Missing Item,2026-06-27 12:59:21,2026-06-27 21:59:01,Resolved,8.99,118.43,Stock Reconciliation Gap,5.0
CASE002363,ORD0015455,Refund,Missing Item,2026-04-20 20:16:41,2026-04-21 20:37:20,Resolved,24.34,157.91,Stock Reconciliation Gap,3.0
CASE002364,ORD0015463,Refund,Missing Item,2026-05-27 12:37:33,2026-05-27 20:54:20,Resolved,8.28,79.02,Picking Error,2.0
CASE002365,ORD0015475,Refund,Missing Item,2026-04-09 18:05:12,2026-04-10 12:33:18,Resolved,18.47,46.15,Stock Reconciliation Gap,4.0
CASE002366,ORD0015484,Refund,Missing Item,2026-04-16 08:44:17,2026-04-16 14:11:52,Resolved,5.46,482.36,Picking Error,3.0
CASE002367,ORD0015498,Complaint,Quality Issue,2026-05-17 19:34:21,2026-05-18 20:53:21,Escalated,25.32,0.0,Expiry Risk,5.0
CASE002368,ORD0015499,Refund,Missing Item,2026-05-16 04:46:08,2026-05-17 20:43:17,Resolved,39.95,42.66,Stock Reconciliation Gap,1.0
CASE002369,ORD0015521,Refund,Missing Item,2026-04-14 00:24:00,2026-04-14 22:30:42,Resolved,22.11,209.33,Picking Error,3.0
CASE002370,ORD0015527,Refund,Wrong Quantity,2026-06-11 13:46:16,,Open,,747.3,Packing Error,
CASE002371,ORD0015529,Refund,Missing Item,2026-04-17 00:37:51,2026-04-17 10:14:27,Resolved,9.61,69.3,Stock Reconciliation Gap,5.0
CASE002372,ORD0015542,Refund,Item Unavailable,2026-05-17 16:48:34,2026-05-18 09:42:40,Resolved,16.9,88.64,Inventory Mismatch,4.0
CASE002373,ORD0015553,Complaint,Quality Issue,2026-05-08 12:34:05,2026-05-08 18:02:37,Resolved,5.48,0.0,Supplier Quality,3.0
CASE002374,ORD0015557,Refund,Missing Item,2026-06-23 04:28:34,2026-06-23 19:05:17,Resolved,14.61,102.9,Picking Error,2.0
CASE002375,ORD0015563,Refund,Missing Item,2026-06-15 09:30:54,2026-06-15 11:54:35,Escalated,2.39,105.0,Picking Error,4.0
CASE002376,ORD0015575,Refund,Wrong Quantity,2026-04-04 22:15:20,2026-04-05 08:38:01,Resolved,10.38,156.06,Packing Error,2.0
CASE002377,ORD0015587,Complaint,Late Delivery,2026-06-05 01:43:17,2026-06-05 07:03:20,Escalated,5.33,0.0,Store Processing Delay,5.0
CASE002378,ORD0015603,Refund,Item Unavailable,2026-04-18 09:21:49,2026-04-18 13:23:07,Resolved,4.02,143.68,Replenishment Delay,2.0
CASE002379,ORD0015604,Refund,Missing Item,2026-05-12 08:45:22,2026-05-12 11:58:29,Resolved,3.22,134.13,Stock Reconciliation Gap,3.0
CASE002380,ORD0015607,Complaint,Damaged Product,2026-04-02 23:17:34,2026-04-03 14:25:13,Resolved,15.13,0.0,Handling Issue,1.0
CASE002381,ORD0015612,Refund,Missing Item,2026-04-15 04:47:18,2026-04-15 18:15:21,Resolved,13.47,109.26,Stock Reconciliation Gap,5.0
CASE002382,ORD0015617,Complaint,Quality Issue,2026-06-14 00:06:52,2026-06-14 09:25:06,Resolved,9.3,0.0,Temperature Excursion,1.0
CASE002383,ORD0015619,Refund,Missing Item,2026-06-28 12:25:19,2026-06-29 05:46:19,Resolved,17.35,282.59,Stock Reconciliation Gap,2.0
CASE002384,ORD0015626,Refund,Item Unavailable,2026-06-18 17:05:45,2026-06-19 07:18:17,Resolved,14.21,216.7,Inventory Mismatch,5.0
CASE002385,ORD0015628,Refund,Missing Item,2026-04-12 02:08:28,2026-04-12 11:30:14,Resolved,9.36,100.7,Stock Reconciliation Gap,2.0
CASE002386,ORD0015644,Refund,Item Unavailable,2026-05-17 22:42:54,,Open,,313.81,Replenishment Delay,
CASE002387,ORD0015651,Complaint,Damaged Product,2026-06-25 03:17:39,2026-06-25 20:53:12,Resolved,17.59,0.0,Poor Packaging,4.0
CASE002388,ORD0015673,Refund,Missing Item,2026-04-11 10:29:07,2026-04-12 08:05:53,Resolved,21.61,60.59,Picking Error,3.0
CASE002389,ORD0015675,Refund,Missing Item,2026-06-09 23:31:03,2026-06-10 14:17:18,Resolved,14.77,191.51,Stock Reconciliation Gap,1.0
CASE002390,ORD0015678,Return,Damaged Product,2026-04-04 17:58:30,2026-04-05 03:14:55,Resolved,9.27,1270.11,Handling Issue,1.0
CASE002391,ORD0015683,Refund,Item Unavailable,2026-06-04 12:03:36,2026-06-05 11:40:20,Resolved,23.61,76.54,Replenishment Delay,4.0
CASE002392,ORD0015695,Complaint,Wrong Item,2026-06-04 11:11:49,2026-06-05 00:39:15,Resolved,13.46,0.0,Catalog Mapping Error,2.0
CASE002393,ORD0015739,Refund,Missing Item,2026-06-09 23:04:52,2026-06-10 02:49:25,Resolved,3.74,458.82,Stock Reconciliation Gap,5.0
CASE002394,ORD0015744,Refund,Missing Item,2026-05-18 03:02:35,2026-05-18 23:42:31,Resolved,20.67,208.63,Stock Reconciliation Gap,2.0
CASE002395,ORD0015748,Refund,Missing Item,2026-06-14 22:43:35,2026-06-15 19:48:09,Resolved,21.08,58.48,Stock Reconciliation Gap,1.0
CASE002396,ORD0015754,Refund,Missing Item,2026-05-03 12:36:13,2026-05-04 04:12:41,Resolved,15.61,72.79,Picking Error,2.0
CASE002397,ORD0015755,Refund,Wrong Quantity,2026-05-25 06:57:13,2026-05-26 00:31:49,Resolved,17.58,191.04,Packing Error,2.0
CASE002398,ORD0015757,Refund,Missing Item,2026-06-15 11:06:01,2026-06-16 04:30:52,Resolved,17.41,52.26,Stock Reconciliation Gap,2.0
CASE002399,ORD0015761,Complaint,Wrong Item,2026-06-29 18:40:51,2026-06-30 03:47:59,Resolved,9.12,0.0,Catalog Mapping Error,4.0
CASE002400,ORD0015781,Complaint,Late Delivery,2026-05-09 17:13:19,2026-05-10 05:57:59,Resolved,12.74,0.0,Traffic Delay,4.0
CASE002401,ORD0015783,Return,Wrong Item,2026-04-07 18:07:01,2026-04-08 11:14:00,Resolved,17.12,2297.48,Catalog Mapping Error,1.0
CASE002402,ORD0015789,Refund,Missing Item,2026-06-07 10:48:03,2026-06-09 00:34:08,Resolved,37.77,218.05,Stock Reconciliation Gap,5.0
CASE002403,ORD0015794,Refund,Missing Item,2026-05-09 00:29:57,2026-05-09 04:11:30,Resolved,3.69,156.71,Stock Reconciliation Gap,5.0
CASE002404,ORD0015808,Refund,Missing Item,2026-06-27 00:43:50,2026-06-27 10:57:26,Resolved,10.23,247.99,Picking Error,2.0
CASE002405,ORD0015812,Complaint,Wrong Item,2026-05-14 06:49:26,2026-05-14 13:47:43,Resolved,6.97,0.0,Catalog Mapping Error,1.0
CASE002406,ORD0015826,Refund,Missing Item,2026-06-02 11:37:22,2026-06-03 08:25:22,Resolved,20.8,169.99,Picking Error,2.0
CASE002407,ORD0015831,Refund,Item Unavailable,2026-04-18 00:54:52,2026-04-18 17:16:12,Resolved,16.36,47.26,Inventory Mismatch,3.0
CASE002408,ORD0015847,Refund,Item Unavailable,2026-05-02 21:24:34,2026-05-04 00:30:07,Resolved,27.09,63.74,Inventory Mismatch,2.0
CASE002409,ORD0015851,Refund,Item Unavailable,2026-05-16 20:38:23,2026-05-17 15:47:06,Resolved,19.15,187.78,Inventory Mismatch,2.0
CASE002410,ORD0015861,Refund,Item Unavailable,2026-06-05 19:55:13,2026-06-07 03:24:06,Resolved,31.48,226.49,Replenishment Delay,5.0
CASE002411,ORD0015877,Refund,Missing Item,2026-05-07 13:05:44,,Open,,132.24,Picking Error,
CASE002412,ORD0015889,Refund,Missing Item,2026-06-29 13:20:27,2026-06-30 02:00:54,Resolved,12.67,205.41,Stock Reconciliation Gap,4.0
CASE002413,ORD0015890,Refund,Wrong Quantity,2026-04-09 11:55:44,2026-04-10 00:17:07,Resolved,12.36,273.36,Packing Error,4.0
CASE002414,ORD0015899,Refund,Item Unavailable,2026-04-08 09:10:05,2026-04-08 22:01:37,Resolved,12.86,124.28,Inventory Mismatch,1.0
CASE002415,ORD0015904,Refund,Missing Item,2026-06-04 03:12:17,2026-06-04 20:56:49,Resolved,17.74,161.33,Stock Reconciliation Gap,3.0
CASE002416,ORD0015906,Complaint,Late Delivery,2026-04-11 22:07:34,2026-04-12 00:52:19,Resolved,2.75,0.0,Rider Shortage,2.0
CASE002417,ORD0015912,Complaint,Wrong Item,2026-06-14 06:37:51,2026-06-14 10:02:33,Resolved,3.41,0.0,Picking Error,4.0
CASE002418,ORD0015916,Refund,Cancellation Dispute,2026-04-07 19:27:44,2026-04-09 02:54:22,Resolved,31.44,421.71,Policy Misunderstanding,3.0
CASE002419,ORD0015923,Refund,Wrong Quantity,2026-04-12 11:36:12,2026-04-13 02:23:51,Resolved,14.79,643.94,Picking Error,1.0
CASE002420,ORD0015926,Refund,Item Unavailable,2026-05-17 12:44:45,2026-05-18 09:10:58,Resolved,20.44,216.75,Inventory Mismatch,3.0
CASE002421,ORD0015931,Complaint,Damaged Product,2026-04-12 23:00:40,2026-04-13 18:12:12,Resolved,19.19,0.0,Handling Issue,5.0
CASE002422,ORD0015939,Refund,Missing Item,2026-06-06 16:36:33,2026-06-07 06:13:12,Resolved,13.61,147.75,Picking Error,5.0
CASE002423,ORD0015943,Refund,Missing Item,2026-04-04 17:42:49,2026-04-04 20:17:06,Resolved,2.57,156.05,Picking Error,2.0
CASE002424,ORD0015955,Refund,Missing Item,2026-05-09 18:41:44,2026-05-10 00:03:20,Resolved,5.36,74.56,Picking Error,1.0
CASE002425,ORD0015963,Refund,Refund Delay,2026-06-29 10:06:34,2026-06-30 13:36:07,Resolved,27.49,1040.59,Manual Review,4.0
CASE002426,ORD0015966,Refund,Item Unavailable,2026-05-20 09:47:06,2026-05-20 14:08:47,Resolved,4.36,157.1,Replenishment Delay,1.0
CASE002427,ORD0015967,Refund,Item Unavailable,2026-05-26 21:59:06,2026-05-27 15:57:52,Resolved,17.98,95.16,Inventory Mismatch,4.0
CASE002428,ORD0015980,Refund,Missing Item,2026-05-02 10:10:05,2026-05-03 05:24:13,Resolved,19.24,133.89,Stock Reconciliation Gap,2.0
CASE002429,ORD0015984,Complaint,Damaged Product,2026-06-15 18:15:20,2026-06-16 14:25:55,Resolved,20.18,0.0,Poor Packaging,2.0
CASE002430,ORD0015993,Complaint,Late Delivery,2026-05-04 01:50:52,2026-05-04 16:43:47,Escalated,14.88,0.0,Traffic Delay,2.0
CASE002431,ORD0015995,Refund,Payment Issue,2026-04-23 04:26:44,2026-04-23 08:42:08,Resolved,4.26,96.65,Bank Decline,4.0
CASE002432,ORD0015997,Refund,Missing Item,2026-06-26 10:51:17,2026-06-27 02:30:10,Escalated,15.65,114.71,Stock Reconciliation Gap,1.0
CASE002433,ORD0016000,Refund,Wrong Quantity,2026-04-13 04:23:25,2026-04-13 11:17:46,Escalated,6.91,53.83,Picking Error,3.0
CASE002434,ORD0016011,Return,Damaged Product,2026-04-22 06:19:15,2026-04-22 15:02:44,Resolved,8.72,516.49,Poor Packaging,1.0
CASE002435,ORD0016024,Refund,Missing Item,2026-05-13 05:32:17,2026-05-15 01:00:13,Resolved,43.47,323.88,Picking Error,2.0
CASE002436,ORD0016025,Refund,Item Unavailable,2026-05-01 05:59:40,2026-05-02 20:38:24,Escalated,38.65,255.47,Replenishment Delay,3.0
CASE002437,ORD0016028,Refund,Missing Item,2026-06-14 17:53:11,2026-06-15 06:15:13,Escalated,12.37,136.44,Picking Error,4.0
CASE002438,ORD0016035,Refund,Missing Item,2026-04-20 22:17:56,2026-04-21 08:43:29,Escalated,10.43,265.05,Picking Error,3.0
CASE002439,ORD0016043,Refund,Missing Item,2026-05-26 07:45:05,2026-05-26 17:17:06,Escalated,9.53,364.96,Stock Reconciliation Gap,1.0
CASE002440,ORD0016045,Refund,Missing Item,2026-06-24 03:59:35,2026-06-24 06:54:15,Resolved,2.91,108.99,Picking Error,1.0
CASE002441,ORD0016056,Complaint,Late Delivery,2026-06-05 06:22:10,,Open,,0.0,Traffic Delay,
CASE002442,ORD0016057,Refund,Missing Item,2026-04-27 10:15:34,2026-04-28 17:05:07,Resolved,30.83,196.72,Picking Error,2.0
CASE002443,ORD0016060,Refund,Item Unavailable,2026-06-14 19:40:15,2026-06-15 10:48:59,Resolved,15.15,275.75,Replenishment Delay,5.0
CASE002444,ORD0016063,Refund,Missing Item,2026-04-28 23:38:43,2026-04-30 02:48:34,Escalated,27.16,317.47,Picking Error,2.0
CASE002445,ORD0016072,Refund,Missing Item,2026-05-25 23:08:23,2026-05-26 06:16:04,Resolved,7.13,396.09,Picking Error,5.0
CASE002446,ORD0016078,Refund,Missing Item,2026-04-18 19:18:28,2026-04-19 12:37:03,Resolved,17.31,76.63,Stock Reconciliation Gap,5.0
CASE002447,ORD0016089,Refund,Wrong Quantity,2026-04-12 15:34:48,2026-04-12 18:25:44,Resolved,2.85,211.5,Packing Error,2.0
CASE002448,ORD0016090,Complaint,Wrong Item,2026-06-17 00:37:55,2026-06-17 11:42:31,Resolved,11.08,0.0,Picking Error,5.0
CASE002449,ORD0016094,Refund,Wrong Quantity,2026-05-10 18:58:28,2026-05-11 08:54:25,Escalated,13.93,101.06,Packing Error,2.0
CASE002450,ORD0016103,Refund,Missing Item,2026-04-23 14:33:08,2026-04-24 06:39:05,Resolved,16.1,122.45,Stock Reconciliation Gap,4.0
CASE002451,ORD0016109,Refund,Missing Item,2026-05-11 21:44:04,2026-05-12 23:05:26,Resolved,25.36,180.57,Picking Error,3.0
CASE002452,ORD0016110,Refund,Missing Item,2026-05-27 03:46:46,2026-05-27 15:55:05,Resolved,12.14,138.33,Stock Reconciliation Gap,4.0
CASE002453,ORD0016121,Refund,Wrong Quantity,2026-06-08 17:10:56,2026-06-09 04:01:54,Resolved,10.85,523.35,Packing Error,1.0
CASE002454,ORD0016132,Refund,Missing Item,2026-04-02 05:01:06,2026-04-02 11:52:39,Resolved,6.86,177.05,Picking Error,4.0
CASE002455,ORD0016139,Complaint,Wrong Item,2026-04-12 15:28:23,2026-04-13 16:37:37,Resolved,25.15,0.0,Catalog Mapping Error,2.0
CASE002456,ORD0016153,Refund,Wrong Quantity,2026-05-22 23:39:01,2026-05-24 03:47:08,Resolved,28.14,120.01,Packing Error,4.0
CASE002457,ORD0016156,Refund,Missing Item,2026-06-17 21:32:07,,Open,,71.22,Picking Error,
CASE002458,ORD0016164,Refund,Wrong Quantity,2026-05-25 17:01:09,2026-05-27 01:39:06,Resolved,32.63,703.31,Picking Error,1.0
CASE002459,ORD0016176,Refund,Missing Item,2026-05-17 00:20:44,,Open,,46.16,Picking Error,
CASE002460,ORD0016181,Complaint,Late Delivery,2026-06-18 23:17:03,2026-06-20 06:21:32,Resolved,31.07,0.0,Rider Shortage,4.0
CASE002461,ORD0016191,Refund,Missing Item,2026-05-04 01:37:39,2026-05-05 00:01:39,Resolved,22.4,93.79,Picking Error,2.0
CASE002462,ORD0016198,Complaint,Late Delivery,2026-04-06 18:10:16,2026-04-07 04:47:56,Resolved,10.63,0.0,Traffic Delay,5.0
CASE002463,ORD0016209,Refund,Missing Item,2026-04-28 06:31:45,2026-04-29 12:10:32,Resolved,29.65,197.62,Stock Reconciliation Gap,5.0
CASE002464,ORD0016210,Refund,Wrong Quantity,2026-06-16 11:39:31,2026-06-17 15:21:03,Resolved,27.69,104.5,Packing Error,2.0
CASE002465,ORD0016219,Refund,Missing Item,2026-05-10 18:32:26,2026-05-12 12:38:06,Resolved,42.09,210.93,Stock Reconciliation Gap,1.0
CASE002466,ORD0016222,Refund,Wrong Quantity,2026-06-13 13:54:25,2026-06-13 21:55:00,Resolved,8.01,326.43,Packing Error,1.0
CASE002467,ORD0016224,Refund,Missing Item,2026-05-29 02:12:30,2026-05-29 11:50:37,Resolved,9.64,320.68,Picking Error,1.0
CASE002468,ORD0016233,Refund,Wrong Quantity,2026-06-29 16:50:13,2026-06-29 20:14:16,Resolved,3.4,112.79,Picking Error,5.0
CASE002469,ORD0016246,Complaint,Wrong Item,2026-05-10 11:15:35,2026-05-11 04:37:13,Resolved,17.36,0.0,Catalog Mapping Error,4.0
CASE002470,ORD0016250,Refund,Item Unavailable,2026-05-29 03:23:34,2026-05-29 06:45:37,Resolved,3.37,172.66,Replenishment Delay,5.0
CASE002471,ORD0016253,Refund,Missing Item,2026-06-02 03:18:04,2026-06-03 17:21:25,Resolved,38.06,20.89,Picking Error,1.0
CASE002472,ORD0016261,Complaint,Rider Behaviour,2026-06-28 01:59:22,2026-06-28 10:41:47,Resolved,8.71,0.0,Training Gap,5.0
CASE002473,ORD0016263,Refund,Missing Item,2026-05-09 10:08:40,2026-05-10 10:49:09,Resolved,24.67,171.74,Picking Error,2.0
CASE002474,ORD0016270,Refund,Missing Item,2026-05-12 00:08:23,,Open,,351.93,Stock Reconciliation Gap,
CASE002475,ORD0016282,Complaint,Late Delivery,2026-06-25 13:06:51,2026-06-26 02:35:29,Resolved,13.48,0.0,Traffic Delay,2.0
CASE002476,ORD0016295,Refund,Missing Item,2026-05-08 18:37:42,2026-05-09 21:52:25,Resolved,27.25,71.51,Stock Reconciliation Gap,5.0
CASE002477,ORD0016299,Refund,Missing Item,2026-05-11 18:00:29,2026-05-12 05:31:32,Resolved,11.52,78.02,Stock Reconciliation Gap,3.0
CASE002478,ORD0016303,Return,Damaged Product,2026-05-23 17:34:05,2026-05-23 23:49:15,Resolved,6.25,945.38,Poor Packaging,3.0
CASE002479,ORD0016304,Complaint,Late Delivery,2026-05-29 08:32:01,2026-05-30 02:31:54,Resolved,18.0,0.0,Rider Shortage,2.0
CASE002480,ORD0016306,Refund,Missing Item,2026-06-01 02:25:47,2026-06-02 15:01:36,Resolved,36.6,234.07,Picking Error,1.0
CASE002481,ORD0016312,Refund,Missing Item,2026-06-30 08:59:10,2026-07-02 03:13:26,Resolved,42.24,231.09,Picking Error,2.0
CASE002482,ORD0016317,Return,Quality Issue,2026-06-11 08:41:37,2026-06-11 15:17:33,Resolved,6.6,779.42,Expiry Risk,1.0
CASE002483,ORD0016321,Refund,Item Unavailable,2026-04-17 23:18:23,2026-04-19 19:13:24,Resolved,43.92,118.16,Replenishment Delay,5.0
CASE002484,ORD0016342,Refund,Wrong Quantity,2026-06-14 23:13:36,2026-06-15 07:41:28,Resolved,8.46,299.33,Packing Error,1.0
CASE002485,ORD0016354,Refund,Missing Item,2026-06-28 12:14:19,2026-06-29 09:18:53,Resolved,21.08,275.35,Picking Error,1.0
CASE002486,ORD0016381,Refund,Item Unavailable,2026-04-24 08:49:26,2026-04-25 01:47:49,Resolved,16.97,122.44,Inventory Mismatch,4.0
CASE002487,ORD0016382,Complaint,Late Delivery,2026-05-30 07:41:11,2026-05-30 23:35:19,Resolved,15.9,0.0,Store Processing Delay,2.0
CASE002488,ORD0016386,Refund,Missing Item,2026-05-10 01:53:11,2026-05-10 11:29:55,Resolved,9.61,223.3,Picking Error,2.0
CASE002489,ORD0016411,Refund,Item Unavailable,2026-04-17 02:20:26,2026-04-17 12:14:16,Resolved,9.9,178.78,Inventory Mismatch,5.0
CASE002490,ORD0016419,Refund,Missing Item,2026-05-30 06:42:46,2026-05-30 17:23:28,Resolved,10.68,515.53,Picking Error,4.0
CASE002491,ORD0016423,Complaint,Quality Issue,2026-06-02 17:55:00,2026-06-02 19:40:38,Resolved,1.76,0.0,Supplier Quality,4.0
CASE002492,ORD0016429,Refund,Missing Item,2026-06-27 16:58:33,2026-06-28 00:36:08,Resolved,7.63,523.02,Stock Reconciliation Gap,1.0
CASE002493,ORD0016432,Complaint,Quality Issue,2026-04-19 19:07:27,2026-04-20 12:44:27,Resolved,17.62,0.0,Temperature Excursion,1.0
CASE002494,ORD0016441,Refund,Missing Item,2026-04-10 16:16:28,2026-04-11 01:39:04,Resolved,9.38,118.08,Picking Error,5.0
CASE002495,ORD0016447,Refund,Missing Item,2026-05-04 09:13:41,2026-05-04 18:07:16,Resolved,8.89,161.91,Picking Error,3.0
CASE002496,ORD0016449,Refund,Item Unavailable,2026-06-14 16:33:12,2026-06-15 11:53:15,Escalated,19.33,76.31,Replenishment Delay,3.0
CASE002497,ORD0016451,Complaint,Quality Issue,2026-06-04 01:23:36,2026-06-04 15:31:39,Resolved,14.13,0.0,Supplier Quality,3.0
CASE002498,ORD0016453,Refund,Wrong Quantity,2026-04-28 12:35:58,2026-04-29 21:37:41,Resolved,33.03,284.79,Packing Error,3.0
CASE002499,ORD0016479,Refund,Missing Item,2026-04-16 23:18:39,2026-04-17 15:40:47,Resolved,16.37,260.31,Picking Error,3.0
CASE002500,ORD0016489,Refund,Missing Item,2026-06-13 11:52:39,2026-06-14 02:07:02,Resolved,14.24,191.63,Picking Error,2.0
CASE002501,ORD0016493,Refund,Item Unavailable,2026-04-08 16:50:13,2026-04-08 19:42:06,Escalated,2.86,231.65,Inventory Mismatch,5.0
CASE002502,ORD0016502,Complaint,Damaged Product,2026-04-08 04:35:24,2026-04-09 05:08:42,Resolved,24.56,0.0,Poor Packaging,4.0
CASE002503,ORD0016506,Refund,Item Unavailable,2026-05-02 02:06:08,2026-05-02 11:26:51,Resolved,9.35,108.34,Inventory Mismatch,1.0
CASE002504,ORD0016511,Refund,Wrong Quantity,2026-04-22 20:18:05,2026-04-23 09:32:37,Resolved,13.24,135.62,Picking Error,4.0
CASE002505,ORD0016530,Refund,Item Unavailable,2026-04-26 10:34:47,2026-04-26 15:56:51,Resolved,5.37,187.9,Inventory Mismatch,5.0
CASE002506,ORD0016533,Refund,Missing Item,2026-05-09 23:51:47,2026-05-11 08:10:53,Resolved,32.32,163.62,Stock Reconciliation Gap,4.0
CASE002507,ORD0016536,Refund,Item Unavailable,2026-04-09 04:07:06,2026-04-10 02:33:37,Resolved,22.44,69.48,Inventory Mismatch,3.0
CASE002508,ORD0016552,Return,Wrong Item,2026-06-06 15:07:46,2026-06-07 07:21:14,Resolved,16.22,1457.31,Catalog Mapping Error,5.0
CASE002509,ORD0016562,Complaint,Rider Behaviour,2026-05-04 12:18:29,,Open,,0.0,Conduct Issue,
CASE002510,ORD0016567,Complaint,Damaged Product,2026-05-03 09:38:03,2026-05-04 03:25:19,Resolved,17.79,0.0,Supplier Quality,4.0
CASE002511,ORD0016575,Refund,Payment Issue,2026-06-08 14:24:00,2026-06-10 15:06:29,Escalated,48.71,1145.14,Payment Gateway Error,1.0
CASE002512,ORD0016605,Refund,Missing Item,2026-04-15 14:12:42,2026-04-16 08:37:29,Resolved,18.41,105.06,Stock Reconciliation Gap,1.0
CASE002513,ORD0016617,Refund,Missing Item,2026-06-19 18:20:10,2026-06-20 20:02:27,Resolved,25.7,132.25,Stock Reconciliation Gap,5.0
CASE002514,ORD0016620,Refund,Missing Item,2026-06-29 00:57:30,2026-06-29 10:01:35,Resolved,9.07,604.29,Stock Reconciliation Gap,1.0
CASE002515,ORD0016648,Refund,Missing Item,2026-06-14 06:47:42,2026-06-14 11:57:24,Resolved,5.16,133.65,Stock Reconciliation Gap,1.0
CASE002516,ORD0016657,Refund,Missing Item,2026-05-18 04:30:23,2026-05-18 13:23:56,Resolved,8.89,324.63,Picking Error,4.0
CASE002517,ORD0016684,Refund,Wrong Quantity,2026-04-08 21:38:55,2026-04-09 04:41:35,Escalated,7.04,131.03,Picking Error,4.0
CASE002518,ORD0016685,Refund,Missing Item,2026-05-10 06:49:42,2026-05-10 11:56:22,Resolved,5.11,94.23,Picking Error,2.0
CASE002519,ORD0016694,Complaint,Quality Issue,2026-04-07 23:50:12,2026-04-08 14:50:56,Resolved,15.01,0.0,Expiry Risk,3.0
CASE002520,ORD0016696,Refund,Item Unavailable,2026-04-09 13:07:41,2026-04-11 16:09:07,Resolved,51.02,169.62,Inventory Mismatch,1.0
CASE002521,ORD0016701,Refund,Item Unavailable,2026-06-16 22:31:11,2026-06-17 01:36:15,Resolved,3.08,86.11,Replenishment Delay,4.0
CASE002522,ORD0016712,Refund,Item Unavailable,2026-04-05 20:25:38,,Open,,254.97,Inventory Mismatch,
CASE002523,ORD0016722,Refund,Missing Item,2026-04-28 06:19:13,,Open,,294.79,Stock Reconciliation Gap,
CASE002524,ORD0016723,Complaint,Late Delivery,2026-04-03 03:38:43,2026-04-03 14:07:30,Resolved,10.48,0.0,Traffic Delay,3.0
CASE002525,ORD0016728,Refund,Item Unavailable,2026-05-28 06:25:14,2026-05-28 19:03:22,Resolved,12.64,775.31,Replenishment Delay,2.0
CASE002526,ORD0016731,Refund,Missing Item,2026-05-09 22:01:49,2026-05-10 19:32:26,Resolved,21.51,30.43,Stock Reconciliation Gap,2.0
CASE002527,ORD0016743,Refund,Missing Item,2026-04-09 22:51:26,2026-04-10 06:00:16,Escalated,7.15,193.48,Picking Error,2.0
CASE002528,ORD0016757,Refund,Missing Item,2026-05-01 07:37:26,2026-05-01 11:32:12,Resolved,3.91,327.38,Stock Reconciliation Gap,4.0
CASE002529,ORD0016758,Refund,Wrong Quantity,2026-04-11 03:44:35,2026-04-11 10:51:14,Resolved,7.11,326.65,Picking Error,1.0
CASE002530,ORD0016760,Complaint,Late Delivery,2026-05-16 15:06:18,2026-05-16 23:15:50,Resolved,8.16,0.0,Traffic Delay,5.0
CASE002531,ORD0016761,Refund,Item Unavailable,2026-05-30 10:01:22,2026-05-31 15:39:03,Resolved,29.63,289.53,Inventory Mismatch,3.0
CASE002532,ORD0016766,Complaint,Rider Behaviour,2026-06-05 11:54:37,2026-06-06 05:48:53,Resolved,17.9,0.0,Training Gap,3.0
CASE002533,ORD0016768,Return,Wrong Item,2026-06-06 14:43:09,2026-06-07 04:12:10,Resolved,13.48,417.52,Catalog Mapping Error,2.0
CASE002534,ORD0016796,Refund,Wrong Quantity,2026-05-10 20:14:03,2026-05-11 01:00:52,Resolved,4.78,318.67,Picking Error,3.0
CASE002535,ORD0016806,Complaint,Rider Behaviour,2026-05-23 18:50:20,2026-05-24 01:13:16,Resolved,6.38,0.0,Training Gap,2.0
CASE002536,ORD0016822,Complaint,Quality Issue,2026-05-18 11:33:17,2026-05-18 15:25:35,Resolved,3.87,0.0,Expiry Risk,4.0
CASE002537,ORD0016830,Refund,Missing Item,2026-06-27 18:27:36,2026-06-27 23:54:12,Resolved,5.44,52.25,Stock Reconciliation Gap,4.0
CASE002538,ORD0016839,Refund,Wrong Quantity,2026-04-30 00:16:45,2026-04-30 03:21:23,Resolved,3.08,208.11,Picking Error,5.0
CASE002539,ORD0016843,Refund,Item Unavailable,2026-04-27 21:39:56,2026-04-28 08:58:33,Resolved,11.31,91.81,Inventory Mismatch,2.0
CASE002540,ORD0016855,Refund,Wrong Quantity,2026-04-03 01:47:52,2026-04-03 06:03:34,Escalated,4.26,193.44,Picking Error,2.0
CASE002541,ORD0016866,Refund,Item Unavailable,2026-04-16 14:29:58,2026-04-17 01:04:17,Resolved,10.57,196.4,Replenishment Delay,3.0
CASE002542,ORD0016869,Refund,Wrong Quantity,2026-04-26 07:39:19,2026-04-27 01:08:34,Resolved,17.49,144.38,Packing Error,5.0
CASE002543,ORD0016871,Refund,Missing Item,2026-05-11 11:04:35,2026-05-12 16:06:19,Resolved,29.03,474.09,Stock Reconciliation Gap,3.0
CASE002544,ORD0016881,Complaint,Quality Issue,2026-05-20 01:05:08,2026-05-20 08:52:30,Resolved,7.79,0.0,Temperature Excursion,3.0
CASE002545,ORD0016882,Refund,Missing Item,2026-06-16 20:20:43,2026-06-17 09:08:00,Resolved,12.79,25.79,Picking Error,5.0
CASE002546,ORD0016887,Refund,Wrong Quantity,2026-06-06 03:16:39,2026-06-06 23:08:48,Resolved,19.87,88.47,Packing Error,5.0
CASE002547,ORD0016889,Refund,Wrong Quantity,2026-04-15 08:56:34,,Open,,269.18,Packing Error,
CASE002548,ORD0016891,Refund,Item Unavailable,2026-05-09 13:11:07,,Open,,398.47,Inventory Mismatch,
CASE002549,ORD0016895,Refund,Item Unavailable,2026-05-25 06:57:45,2026-05-25 23:43:40,Resolved,16.77,117.73,Inventory Mismatch,3.0
CASE002550,ORD0016922,Complaint,Rider Behaviour,2026-04-25 14:35:34,2026-04-26 07:04:26,Resolved,16.48,0.0,Training Gap,3.0
CASE002551,ORD0016925,Refund,Missing Item,2026-06-16 21:09:53,2026-06-18 08:03:39,Resolved,34.9,225.63,Stock Reconciliation Gap,1.0
CASE002552,ORD0016928,Refund,Wrong Quantity,2026-05-06 02:43:49,2026-05-07 09:04:41,Resolved,30.35,25.0,Picking Error,2.0
CASE002553,ORD0016929,Return,Quality Issue,2026-04-15 00:43:46,2026-04-15 07:42:40,Resolved,6.98,74.5,Supplier Quality,3.0
CASE002554,ORD0016931,Refund,Missing Item,2026-04-04 21:54:26,2026-04-05 19:01:42,Resolved,21.12,219.99,Picking Error,1.0
CASE002555,ORD0016934,Complaint,Rider Behaviour,2026-04-10 19:52:21,2026-04-11 06:09:22,Resolved,10.28,0.0,Training Gap,2.0
CASE002556,ORD0016943,Refund,Wrong Quantity,2026-04-09 06:37:28,2026-04-10 02:38:24,Resolved,20.02,197.39,Packing Error,1.0
CASE002557,ORD0016945,Refund,Item Unavailable,2026-05-11 03:39:12,2026-05-12 05:03:34,Resolved,25.41,174.69,Inventory Mismatch,1.0
CASE002558,ORD0016952,Refund,Missing Item,2026-06-17 14:53:56,2026-06-17 20:14:40,Resolved,5.35,309.33,Picking Error,2.0
CASE002559,ORD0016956,Refund,Missing Item,2026-06-29 14:53:37,2026-06-29 18:28:52,Resolved,3.59,86.38,Stock Reconciliation Gap,2.0
CASE002560,ORD0016959,Refund,Item Unavailable,2026-06-22 11:04:41,2026-06-22 16:16:54,Resolved,5.2,78.28,Replenishment Delay,2.0
CASE002561,ORD0016961,Refund,Missing Item,2026-04-03 20:05:44,2026-04-04 13:36:05,Resolved,17.51,203.13,Stock Reconciliation Gap,2.0
CASE002562,ORD0016969,Refund,Missing Item,2026-04-25 21:34:54,2026-04-27 15:35:40,Resolved,42.01,504.38,Picking Error,4.0
CASE002563,ORD0016980,Refund,Refund Delay,2026-05-23 12:08:53,2026-05-24 13:58:48,Resolved,25.83,108.7,Manual Review,1.0
CASE002564,ORD0017001,Complaint,Late Delivery,2026-04-30 08:54:54,2026-04-30 21:16:55,Resolved,12.37,0.0,Store Processing Delay,3.0
CASE002565,ORD0017005,Refund,Wrong Quantity,2026-06-24 02:31:38,2026-06-24 21:46:12,Resolved,19.24,165.91,Picking Error,3.0
CASE002566,ORD0017009,Refund,Missing Item,2026-04-14 17:48:22,,Open,,308.47,Picking Error,
CASE002567,ORD0017011,Complaint,Late Delivery,2026-05-01 20:25:45,2026-05-03 12:40:37,Resolved,40.25,0.0,Store Processing Delay,3.0
CASE002568,ORD0017012,Refund,Item Unavailable,2026-06-01 09:15:25,2026-06-01 13:37:39,Resolved,4.37,180.58,Replenishment Delay,1.0
CASE002569,ORD0017018,Refund,Item Unavailable,2026-05-18 23:42:14,2026-05-20 16:55:17,Resolved,41.22,52.8,Inventory Mismatch,5.0
CASE002570,ORD0017028,Refund,Missing Item,2026-04-05 20:24:35,2026-04-06 08:20:14,Resolved,11.93,450.43,Picking Error,2.0
CASE002571,ORD0017030,Refund,Missing Item,2026-06-03 05:44:58,2026-06-03 23:19:05,Resolved,17.57,138.47,Stock Reconciliation Gap,3.0
CASE002572,ORD0017031,Refund,Missing Item,2026-05-05 09:30:25,2026-05-06 23:23:26,Escalated,37.88,74.75,Picking Error,3.0
CASE002573,ORD0017032,Refund,Wrong Quantity,2026-04-05 00:24:40,2026-04-05 13:42:00,Resolved,13.29,297.21,Picking Error,5.0
CASE002574,ORD0017036,Refund,Missing Item,2026-06-09 16:38:59,2026-06-09 22:49:18,Resolved,6.17,190.83,Picking Error,4.0
CASE002575,ORD0017038,Refund,Refund Delay,2026-06-17 13:47:03,2026-06-18 02:18:41,Escalated,12.53,205.59,Payment Gateway Delay,1.0
CASE002576,ORD0017042,Refund,Item Unavailable,2026-04-19 12:23:49,2026-04-20 11:12:19,Resolved,22.81,124.5,Replenishment Delay,4.0
CASE002577,ORD0017044,Refund,Wrong Quantity,2026-05-11 02:37:56,2026-05-11 23:28:37,Resolved,20.84,587.51,Picking Error,5.0
CASE002578,ORD0017046,Complaint,Quality Issue,2026-05-08 17:48:32,2026-05-08 21:16:10,Resolved,3.46,0.0,Expiry Risk,4.0
CASE002579,ORD0017056,Refund,Missing Item,2026-06-29 08:14:23,2026-06-30 04:20:40,Resolved,20.1,40.64,Picking Error,5.0
CASE002580,ORD0017059,Return,Quality Issue,2026-06-29 17:20:29,2026-06-29 19:53:16,Resolved,2.55,705.86,Temperature Excursion,3.0
CASE002581,ORD0017067,Refund,Payment Issue,2026-04-03 03:35:05,2026-04-03 12:51:20,Resolved,9.27,949.62,Payment Gateway Error,3.0
CASE002582,ORD0017070,Refund,Missing Item,2026-05-10 03:54:38,2026-05-10 21:27:11,Resolved,17.54,141.56,Picking Error,2.0
CASE002583,ORD0017080,Refund,Missing Item,2026-04-19 20:53:46,2026-04-20 12:49:09,Resolved,15.92,149.91,Picking Error,3.0
CASE002584,ORD0017087,Complaint,Wrong Item,2026-04-26 03:40:41,2026-04-26 06:09:03,Resolved,2.47,0.0,Catalog Mapping Error,3.0
CASE002585,ORD0017106,Refund,Wrong Quantity,2026-04-28 01:08:07,2026-04-28 18:23:13,Resolved,17.25,167.01,Picking Error,5.0
CASE002586,ORD0017107,Refund,Missing Item,2026-04-10 09:28:17,2026-04-10 15:24:03,Resolved,5.93,453.51,Picking Error,4.0
CASE002587,ORD0017111,Refund,Missing Item,2026-06-29 22:46:05,2026-06-30 05:36:40,Resolved,6.84,414.58,Stock Reconciliation Gap,1.0
CASE002588,ORD0017123,Complaint,Late Delivery,2026-06-01 07:51:46,2026-06-02 19:47:25,Resolved,35.93,0.0,Traffic Delay,2.0
CASE002589,ORD0017126,Refund,Item Unavailable,2026-04-09 15:32:33,2026-04-10 06:29:58,Resolved,14.96,373.5,Replenishment Delay,5.0
CASE002590,ORD0017127,Complaint,Rider Behaviour,2026-05-20 13:58:55,,Open,,0.0,Conduct Issue,
CASE002591,ORD0017129,Refund,Item Unavailable,2026-06-10 17:19:07,2026-06-10 20:53:42,Resolved,3.58,261.3,Replenishment Delay,5.0
CASE002592,ORD0017147,Return,Quality Issue,2026-06-06 09:09:22,2026-06-07 06:01:03,Resolved,20.86,1963.75,Temperature Excursion,1.0
CASE002593,ORD0017148,Complaint,Damaged Product,2026-06-14 13:17:39,2026-06-15 01:21:43,Resolved,12.07,0.0,Poor Packaging,5.0
CASE002594,ORD0017152,Refund,Refund Delay,2026-05-23 02:50:57,2026-05-24 00:40:47,Resolved,21.83,1743.54,Manual Review,1.0
CASE002595,ORD0017155,Refund,Missing Item,2026-04-19 02:29:53,2026-04-19 06:38:59,Resolved,4.15,160.2,Stock Reconciliation Gap,1.0
CASE002596,ORD0017162,Refund,Missing Item,2026-05-18 11:50:24,2026-05-18 19:12:46,Escalated,7.37,259.5,Stock Reconciliation Gap,4.0
CASE002597,ORD0017164,Return,Quality Issue,2026-06-24 05:08:51,2026-06-24 14:34:10,Resolved,9.42,1803.68,Expiry Risk,1.0
CASE002598,ORD0017176,Complaint,Quality Issue,2026-04-17 18:12:22,2026-04-18 01:01:11,Resolved,6.81,0.0,Supplier Quality,5.0
CASE002599,ORD0017178,Complaint,Rider Behaviour,2026-06-07 01:29:58,2026-06-07 19:54:30,Resolved,18.41,0.0,Conduct Issue,1.0
CASE002600,ORD0017187,Refund,Item Unavailable,2026-05-22 13:05:55,2026-05-22 21:45:04,Resolved,8.65,819.29,Replenishment Delay,1.0
CASE002601,ORD0017191,Refund,Missing Item,2026-05-04 17:48:52,2026-05-05 01:48:32,Resolved,7.99,113.38,Stock Reconciliation Gap,2.0
CASE002602,ORD0017196,Refund,Missing Item,2026-05-12 15:27:24,2026-05-14 20:53:28,Resolved,53.43,286.49,Picking Error,1.0
CASE002603,ORD0017203,Refund,Item Unavailable,2026-06-04 22:11:41,2026-06-05 12:36:46,Resolved,14.42,232.18,Inventory Mismatch,3.0
CASE002604,ORD0017204,Refund,Item Unavailable,2026-04-18 02:46:50,2026-04-18 13:23:50,Resolved,10.62,112.17,Replenishment Delay,4.0
CASE002605,ORD0017205,Refund,Item Unavailable,2026-05-21 06:05:28,2026-05-21 14:18:20,Resolved,8.21,217.73,Replenishment Delay,1.0
CASE002606,ORD0017207,Refund,Missing Item,2026-04-07 12:15:19,2026-04-08 21:08:04,Resolved,32.88,96.6,Stock Reconciliation Gap,1.0
CASE002607,ORD0017218,Complaint,Late Delivery,2026-04-13 04:38:40,2026-04-14 00:08:44,Resolved,19.5,0.0,Store Processing Delay,2.0
CASE002608,ORD0017221,Complaint,Quality Issue,2026-06-25 11:14:58,2026-06-25 17:23:35,Resolved,6.14,0.0,Expiry Risk,2.0
CASE002609,ORD0017223,Refund,Item Unavailable,2026-06-07 19:23:58,2026-06-08 06:41:22,Escalated,11.29,207.49,Replenishment Delay,5.0
CASE002610,ORD0017228,Complaint,Late Delivery,2026-04-27 17:08:53,2026-04-27 23:17:00,Resolved,6.14,0.0,Rider Shortage,4.0
CASE002611,ORD0017230,Refund,Missing Item,2026-05-20 07:50:51,2026-05-21 11:53:30,Resolved,28.04,186.59,Picking Error,2.0
CASE002612,ORD0017231,Refund,Cancellation Dispute,2026-04-27 21:58:19,2026-04-28 11:10:52,Resolved,13.21,100.34,Policy Misunderstanding,3.0
CASE002613,ORD0017234,Refund,Missing Item,2026-05-29 22:54:49,2026-05-30 01:10:22,Resolved,2.26,516.99,Stock Reconciliation Gap,1.0
CASE002614,ORD0017243,Complaint,Late Delivery,2026-04-25 23:57:20,2026-04-26 04:31:49,Resolved,4.57,0.0,Rider Shortage,5.0
CASE002615,ORD0017257,Refund,Item Unavailable,2026-05-30 08:34:37,2026-05-30 23:19:39,Resolved,14.75,105.87,Inventory Mismatch,4.0
CASE002616,ORD0017259,Refund,Missing Item,2026-04-23 02:53:47,,Open,,155.89,Stock Reconciliation Gap,
CASE002617,ORD0017265,Refund,Wrong Quantity,2026-04-21 08:08:59,2026-04-21 18:20:09,Resolved,10.19,220.75,Packing Error,3.0
CASE002618,ORD0017271,Refund,Missing Item,2026-06-20 04:51:03,2026-06-20 12:28:13,Resolved,7.62,247.22,Picking Error,4.0
CASE002619,ORD0017276,Refund,Missing Item,2026-04-15 20:24:44,2026-04-16 23:03:28,Resolved,26.65,84.03,Picking Error,5.0
CASE002620,ORD0017290,Refund,Missing Item,2026-05-02 18:40:09,2026-05-03 18:34:37,Resolved,23.91,213.08,Stock Reconciliation Gap,5.0
CASE002621,ORD0017293,Refund,Item Unavailable,2026-04-11 23:00:03,2026-04-12 13:58:45,Resolved,14.98,146.7,Replenishment Delay,3.0
CASE002622,ORD0017299,Complaint,Late Delivery,2026-04-26 22:52:26,2026-04-27 00:47:27,Resolved,1.92,0.0,Traffic Delay,5.0
CASE002623,ORD0017307,Refund,Item Unavailable,2026-06-18 20:53:21,2026-06-20 07:26:18,Resolved,34.55,98.29,Inventory Mismatch,2.0
CASE002624,ORD0017317,Return,Quality Issue,2026-05-03 13:22:39,2026-05-04 10:31:39,Resolved,21.15,1447.59,Expiry Risk,5.0
CASE002625,ORD0017331,Refund,Refund Delay,2026-04-11 15:52:02,2026-04-12 13:52:01,Escalated,22.0,826.59,Payment Gateway Delay,2.0
CASE002626,ORD0017344,Refund,Missing Item,2026-05-25 16:12:27,2026-05-25 23:40:47,Resolved,7.47,149.2,Picking Error,3.0
CASE002627,ORD0017351,Refund,Wrong Quantity,2026-05-02 21:22:21,2026-05-03 12:28:18,Resolved,15.1,18.86,Packing Error,1.0
CASE002628,ORD0017370,Refund,Wrong Quantity,2026-05-20 08:59:01,2026-05-20 16:03:07,Resolved,7.07,147.86,Picking Error,4.0
CASE002629,ORD0017375,Return,Quality Issue,2026-04-07 11:35:51,2026-04-08 08:38:51,Resolved,21.05,1887.22,Supplier Quality,3.0
CASE002630,ORD0017383,Complaint,Late Delivery,2026-06-27 23:43:04,2026-06-28 08:29:24,Resolved,8.77,0.0,Traffic Delay,3.0
CASE002631,ORD0017397,Refund,Item Unavailable,2026-05-26 23:03:09,2026-05-27 04:20:30,Resolved,5.29,343.01,Inventory Mismatch,2.0
CASE002632,ORD0017402,Complaint,Late Delivery,2026-06-21 14:14:22,2026-06-21 19:39:22,Resolved,5.42,0.0,Store Processing Delay,2.0
CASE002633,ORD0017432,Refund,Missing Item,2026-05-29 15:44:48,2026-05-29 22:16:37,Escalated,6.53,351.35,Stock Reconciliation Gap,3.0
CASE002634,ORD0017442,Refund,Missing Item,2026-05-30 06:25:36,2026-05-30 12:53:48,Escalated,6.47,627.4,Stock Reconciliation Gap,1.0
CASE002635,ORD0017447,Return,Quality Issue,2026-04-20 16:04:13,2026-04-21 03:09:57,Resolved,11.1,52.05,Supplier Quality,4.0
CASE002636,ORD0017448,Refund,Missing Item,2026-04-10 12:47:49,2026-04-10 23:14:29,Escalated,10.44,386.67,Stock Reconciliation Gap,1.0
CASE002637,ORD0017454,Refund,Missing Item,2026-05-06 12:35:32,2026-05-06 23:39:37,Resolved,11.07,146.86,Stock Reconciliation Gap,4.0
CASE002638,ORD0017456,Refund,Item Unavailable,2026-05-17 04:34:24,,Open,,304.27,Replenishment Delay,
CASE002639,ORD0017458,Refund,Item Unavailable,2026-06-15 19:58:09,2026-06-17 02:53:06,Resolved,30.92,113.17,Replenishment Delay,3.0
CASE002640,ORD0017472,Refund,Cancellation Dispute,2026-04-21 11:30:44,2026-04-21 16:59:14,Resolved,5.48,1119.97,System Status Delay,2.0
CASE002641,ORD0017474,Return,Wrong Item,2026-05-10 23:26:41,2026-05-11 17:54:12,Resolved,18.46,548.24,Picking Error,5.0
CASE002642,ORD0017477,Refund,Item Unavailable,2026-05-11 00:32:39,2026-05-11 11:01:39,Resolved,10.48,351.71,Replenishment Delay,4.0
CASE002643,ORD0017488,Refund,Missing Item,2026-05-31 06:10:32,2026-05-31 22:37:40,Resolved,16.45,519.54,Stock Reconciliation Gap,4.0
CASE002644,ORD0017489,Refund,Missing Item,2026-04-29 00:56:28,2026-04-30 00:15:22,Resolved,23.31,126.13,Stock Reconciliation Gap,1.0
CASE002645,ORD0017492,Complaint,Quality Issue,2026-05-15 14:33:23,2026-05-16 13:12:10,Escalated,22.65,0.0,Supplier Quality,2.0
CASE002646,ORD0017494,Refund,Item Unavailable,2026-04-16 22:22:10,2026-04-17 07:49:05,Resolved,9.45,253.54,Inventory Mismatch,4.0
CASE002647,ORD0017497,Refund,Item Unavailable,2026-05-26 21:28:03,2026-05-27 08:46:26,Resolved,11.31,499.82,Inventory Mismatch,4.0
CASE002648,ORD0017504,Complaint,Late Delivery,2026-06-27 09:35:42,2026-06-28 03:01:38,Resolved,17.43,0.0,Traffic Delay,4.0
CASE002649,ORD0017507,Refund,Item Unavailable,2026-06-27 10:15:00,2026-06-28 13:38:16,Resolved,27.39,394.37,Replenishment Delay,4.0
CASE002650,ORD0017511,Return,Damaged Product,2026-05-02 19:45:19,2026-05-03 12:31:11,Resolved,16.76,151.94,Handling Issue,3.0
CASE002651,ORD0017529,Refund,Item Unavailable,2026-05-29 01:48:54,2026-05-29 10:08:11,Resolved,8.32,77.46,Inventory Mismatch,4.0
CASE002652,ORD0017531,Refund,Item Unavailable,2026-05-21 09:51:01,,Open,,121.39,Replenishment Delay,
CASE002653,ORD0017551,Refund,Missing Item,2026-04-05 22:39:20,2026-04-07 00:08:50,Resolved,25.49,82.95,Stock Reconciliation Gap,4.0
CASE002654,ORD0017555,Refund,Refund Delay,2026-05-29 01:54:07,2026-05-29 05:40:51,Resolved,3.78,744.06,Payment Gateway Delay,4.0
CASE002655,ORD0017577,Refund,Item Unavailable,2026-06-11 18:10:58,2026-06-12 12:35:55,Resolved,18.42,92.65,Replenishment Delay,5.0
CASE002656,ORD0017583,Refund,Missing Item,2026-06-03 12:39:23,2026-06-04 09:46:37,Resolved,21.12,36.05,Picking Error,3.0
CASE002657,ORD0017588,Refund,Item Unavailable,2026-06-05 08:44:57,,Open,,240.81,Replenishment Delay,
CASE002658,ORD0017593,Refund,Item Unavailable,2026-06-27 21:38:09,2026-06-27 23:16:30,Escalated,1.64,169.18,Replenishment Delay,4.0
CASE002659,ORD0017594,Refund,Missing Item,2026-04-15 20:30:43,2026-04-16 00:05:46,Resolved,3.58,102.97,Stock Reconciliation Gap,4.0
CASE002660,ORD0017603,Refund,Item Unavailable,2026-04-22 00:10:08,2026-04-22 07:53:49,Resolved,7.73,331.15,Replenishment Delay,1.0
CASE002661,ORD0017609,Refund,Refund Delay,2026-04-23 00:37:48,2026-04-23 15:15:22,Resolved,14.63,1723.98,Manual Review,1.0
CASE002662,ORD0017616,Refund,Missing Item,2026-06-05 18:32:54,2026-06-06 12:41:02,Resolved,18.14,385.52,Picking Error,1.0
CASE002663,ORD0017620,Refund,Item Unavailable,2026-06-15 16:33:13,2026-06-15 19:04:35,Resolved,2.52,76.69,Inventory Mismatch,4.0
CASE002664,ORD0017624,Refund,Wrong Quantity,2026-05-09 18:37:17,2026-05-11 03:59:23,Resolved,33.37,241.84,Picking Error,5.0
CASE002665,ORD0017628,Complaint,Rider Behaviour,2026-05-13 06:03:26,2026-05-13 22:02:19,Resolved,15.98,0.0,Training Gap,4.0
CASE002666,ORD0017631,Refund,Missing Item,2026-04-22 10:49:56,2026-04-23 01:40:27,Resolved,14.84,252.09,Picking Error,4.0
CASE002667,ORD0017659,Refund,Item Unavailable,2026-05-15 05:17:15,2026-05-15 08:57:59,Resolved,3.68,43.23,Inventory Mismatch,2.0
CASE002668,ORD0017660,Refund,Missing Item,2026-05-30 09:34:37,2026-05-31 02:08:11,Resolved,16.56,74.28,Picking Error,2.0
CASE002669,ORD0017680,Refund,Missing Item,2026-04-07 17:54:03,2026-04-08 19:03:00,Resolved,25.15,68.03,Stock Reconciliation Gap,1.0
CASE002670,ORD0017693,Refund,Missing Item,2026-04-09 05:08:41,2026-04-10 07:08:34,Resolved,26.0,755.26,Picking Error,2.0
CASE002671,ORD0017701,Refund,Missing Item,2026-06-28 21:27:20,2026-06-29 23:21:31,Resolved,25.9,129.41,Stock Reconciliation Gap,1.0
CASE002672,ORD0017711,Refund,Missing Item,2026-06-29 21:12:08,2026-06-30 11:25:50,Resolved,14.23,110.09,Picking Error,2.0
CASE002673,ORD0017713,Refund,Missing Item,2026-06-23 19:07:29,2026-06-25 22:58:26,Resolved,51.85,462.87,Stock Reconciliation Gap,3.0
CASE002674,ORD0017716,Refund,Wrong Quantity,2026-04-02 11:24:16,,Open,,126.03,Packing Error,
CASE002675,ORD0017719,Refund,Missing Item,2026-05-07 11:45:11,2026-05-07 15:45:24,Resolved,4.0,1207.37,Stock Reconciliation Gap,2.0
CASE002676,ORD0017730,Refund,Wrong Quantity,2026-06-02 00:38:38,2026-06-03 05:50:20,Resolved,29.2,214.03,Picking Error,5.0
CASE002677,ORD0017737,Refund,Missing Item,2026-05-27 13:09:12,2026-05-28 02:33:54,Resolved,13.41,780.23,Stock Reconciliation Gap,5.0
CASE002678,ORD0017741,Complaint,Late Delivery,2026-04-12 08:13:08,2026-04-12 23:22:58,Resolved,15.16,0.0,Traffic Delay,1.0
CASE002679,ORD0017745,Refund,Wrong Quantity,2026-05-19 01:18:10,2026-05-19 09:36:30,Resolved,8.31,135.98,Picking Error,4.0
CASE002680,ORD0017755,Refund,Wrong Quantity,2026-06-25 11:42:48,2026-06-25 22:29:13,Resolved,10.77,900.85,Packing Error,5.0
CASE002681,ORD0017769,Refund,Payment Issue,2026-06-24 07:48:16,2026-06-25 12:54:43,Resolved,29.11,193.25,Bank Decline,1.0
CASE002682,ORD0017775,Refund,Missing Item,2026-06-19 02:37:03,2026-06-20 00:48:54,Escalated,22.2,102.62,Picking Error,4.0
CASE002683,ORD0017782,Refund,Wrong Quantity,2026-04-02 09:50:11,2026-04-03 16:34:06,Resolved,30.73,167.15,Picking Error,2.0
CASE002684,ORD0017808,Complaint,Late Delivery,2026-06-29 04:23:20,2026-06-29 09:09:12,Resolved,4.76,0.0,Traffic Delay,1.0
CASE002685,ORD0017809,Refund,Wrong Quantity,2026-04-15 11:49:34,2026-04-17 15:24:16,Resolved,51.58,442.27,Packing Error,4.0
CASE002686,ORD0017816,Refund,Item Unavailable,2026-04-08 08:15:15,2026-04-08 22:39:12,Resolved,14.4,267.08,Replenishment Delay,5.0
CASE002687,ORD0017817,Refund,Missing Item,2026-05-18 23:36:42,2026-05-19 04:26:46,Resolved,4.83,219.36,Picking Error,4.0
CASE002688,ORD0017818,Refund,Missing Item,2026-06-01 07:43:29,2026-06-01 22:58:16,Resolved,15.25,118.23,Picking Error,4.0
CASE002689,ORD0017819,Refund,Missing Item,2026-05-17 12:48:52,,Open,,229.34,Picking Error,
CASE002690,ORD0017823,Refund,Refund Delay,2026-06-04 05:40:11,2026-06-05 15:38:47,Escalated,33.98,819.99,Payment Gateway Delay,2.0
CASE002691,ORD0017825,Refund,Missing Item,2026-04-17 16:05:01,2026-04-18 07:20:22,Resolved,15.26,506.03,Stock Reconciliation Gap,2.0
CASE002692,ORD0017836,Complaint,Quality Issue,2026-06-07 12:54:54,2026-06-08 00:46:19,Resolved,11.86,0.0,Temperature Excursion,5.0
CASE002693,ORD0017842,Refund,Missing Item,2026-04-21 20:23:37,2026-04-22 16:16:38,Resolved,19.88,178.46,Picking Error,5.0
CASE002694,ORD0017843,Refund,Missing Item,2026-05-06 19:19:58,2026-05-08 11:05:52,Resolved,39.76,133.21,Picking Error,5.0
CASE002695,ORD0017851,Refund,Missing Item,2026-05-18 08:25:56,2026-05-18 20:15:46,Resolved,11.83,211.79,Stock Reconciliation Gap,4.0
CASE002696,ORD0017861,Return,Quality Issue,2026-04-26 02:01:27,2026-04-26 23:52:04,Resolved,21.84,840.7,Expiry Risk,2.0
CASE002697,ORD0017864,Refund,Missing Item,2026-05-28 20:57:54,2026-05-29 07:13:49,Resolved,10.27,81.14,Stock Reconciliation Gap,4.0
CASE002698,ORD0017879,Refund,Missing Item,2026-04-02 05:00:25,2026-04-04 00:44:47,Resolved,43.74,267.71,Stock Reconciliation Gap,4.0
CASE002699,ORD0017885,Refund,Missing Item,2026-04-25 03:33:02,2026-04-25 11:07:39,Resolved,7.58,173.01,Picking Error,3.0
CASE002700,ORD0017889,Refund,Missing Item,2026-05-01 19:20:16,2026-05-02 03:54:48,Resolved,8.58,86.96,Picking Error,1.0
CASE002701,ORD0017931,Refund,Item Unavailable,2026-06-25 06:44:38,2026-06-26 01:56:24,Resolved,19.2,56.27,Inventory Mismatch,1.0
CASE002702,ORD0017937,Refund,Missing Item,2026-04-15 03:25:27,2026-04-15 06:36:03,Resolved,3.18,322.94,Stock Reconciliation Gap,5.0
CASE002703,ORD0017941,Refund,Missing Item,2026-06-29 21:37:28,2026-06-30 02:07:13,Resolved,4.5,113.34,Picking Error,3.0
CASE002704,ORD0017959,Refund,Missing Item,2026-05-01 00:33:45,2026-05-02 00:05:52,Resolved,23.54,934.66,Stock Reconciliation Gap,4.0
CASE002705,ORD0017961,Refund,Missing Item,2026-05-30 11:31:45,2026-05-31 05:05:50,Escalated,17.57,360.97,Picking Error,4.0
CASE002706,ORD0017986,Refund,Missing Item,2026-05-19 19:17:15,2026-05-20 13:09:13,Resolved,17.87,69.39,Stock Reconciliation Gap,2.0
CASE002707,ORD0017994,Refund,Wrong Quantity,2026-06-13 13:21:10,2026-06-14 06:41:24,Resolved,17.34,262.58,Packing Error,4.0
CASE002708,ORD0017998,Refund,Item Unavailable,2026-06-10 18:01:32,2026-06-11 04:36:20,Resolved,10.58,241.51,Inventory Mismatch,2.0
CASE002709,ORD0018006,Return,Damaged Product,2026-06-17 00:19:09,2026-06-17 16:59:17,Escalated,16.67,2665.12,Poor Packaging,4.0
CASE002710,ORD0018009,Refund,Wrong Quantity,2026-05-23 19:26:30,2026-05-24 14:15:54,Resolved,18.82,74.35,Packing Error,5.0
CASE002711,ORD0018013,Refund,Cancellation Dispute,2026-05-21 08:25:01,2026-05-21 16:54:55,Resolved,8.5,463.73,Policy Misunderstanding,4.0
CASE002712,ORD0018014,Refund,Missing Item,2026-06-26 16:22:07,2026-06-27 14:50:26,Resolved,22.47,541.14,Stock Reconciliation Gap,4.0
CASE002713,ORD0018023,Refund,Missing Item,2026-06-22 02:10:38,2026-06-22 09:08:16,Resolved,6.96,197.92,Picking Error,3.0
CASE002714,ORD0018030,Refund,Missing Item,2026-04-18 08:35:01,2026-04-18 20:29:17,Resolved,11.9,444.18,Picking Error,4.0
CASE002715,ORD0018031,Refund,Item Unavailable,2026-05-05 04:55:26,2026-05-05 18:02:07,Resolved,13.11,351.45,Inventory Mismatch,1.0
CASE002716,ORD0018037,Refund,Missing Item,2026-04-17 01:24:31,2026-04-18 00:24:44,Resolved,23.0,155.42,Picking Error,5.0
CASE002717,ORD0018043,Complaint,Damaged Product,2026-05-13 22:18:00,2026-05-14 08:02:50,Resolved,9.75,0.0,Poor Packaging,3.0
CASE002718,ORD0018049,Refund,Missing Item,2026-06-29 13:12:09,2026-06-30 05:06:45,Resolved,15.91,155.1,Picking Error,2.0
CASE002719,ORD0018064,Refund,Missing Item,2026-04-29 06:32:07,2026-04-29 20:25:17,Resolved,13.89,133.72,Picking Error,2.0
CASE002720,ORD0018066,Refund,Wrong Quantity,2026-06-29 02:45:41,2026-06-30 16:25:13,Resolved,37.66,448.32,Picking Error,1.0
CASE002721,ORD0018067,Return,Damaged Product,2026-06-03 00:20:25,2026-06-04 09:31:02,Escalated,33.18,616.08,Supplier Quality,3.0
CASE002722,ORD0018087,Refund,Missing Item,2026-04-06 16:03:22,2026-04-07 09:31:00,Resolved,17.46,59.19,Picking Error,5.0
CASE002723,ORD0018089,Refund,Missing Item,2026-05-03 02:41:43,2026-05-03 03:19:26,Resolved,0.63,213.96,Picking Error,2.0
CASE002724,ORD0018099,Complaint,Late Delivery,2026-05-25 03:10:12,2026-05-25 22:16:29,Resolved,19.1,0.0,Store Processing Delay,5.0
CASE002725,ORD0018120,Complaint,Late Delivery,2026-06-29 17:32:25,2026-06-29 21:20:52,Resolved,3.81,0.0,Traffic Delay,5.0
CASE002726,ORD0018128,Refund,Wrong Quantity,2026-05-10 20:37:05,2026-05-11 05:59:53,Resolved,9.38,117.28,Packing Error,2.0
CASE002727,ORD0018130,Refund,Refund Delay,2026-05-04 12:10:34,,Open,,1116.23,Payment Gateway Delay,
CASE002728,ORD0018147,Refund,Missing Item,2026-06-29 04:51:50,2026-06-30 00:55:31,Resolved,20.06,563.77,Stock Reconciliation Gap,4.0
CASE002729,ORD0018166,Refund,Missing Item,2026-06-28 21:17:29,2026-06-29 21:53:55,Resolved,24.61,138.01,Picking Error,1.0
CASE002730,ORD0018178,Complaint,Quality Issue,2026-04-07 22:01:59,2026-04-08 17:32:24,Resolved,19.51,0.0,Expiry Risk,2.0
CASE002731,ORD0018179,Refund,Missing Item,2026-06-16 14:49:56,2026-06-17 17:21:47,Resolved,26.53,91.7,Stock Reconciliation Gap,5.0
CASE002732,ORD0018190,Refund,Missing Item,2026-04-10 08:15:33,2026-04-10 22:24:06,Resolved,14.14,695.65,Stock Reconciliation Gap,4.0
CASE002733,ORD0018200,Refund,Missing Item,2026-04-30 17:15:49,2026-05-01 08:19:30,Resolved,15.06,88.41,Stock Reconciliation Gap,3.0
CASE002734,ORD0018203,Refund,Wrong Quantity,2026-05-27 23:20:22,2026-05-28 02:42:21,Resolved,3.37,196.12,Packing Error,4.0
CASE002735,ORD0018208,Complaint,Damaged Product,2026-04-12 22:01:44,2026-04-14 14:45:25,Resolved,40.73,0.0,Handling Issue,2.0
CASE002736,ORD0018221,Refund,Missing Item,2026-06-21 01:59:31,2026-06-23 16:17:28,Resolved,62.3,445.29,Picking Error,3.0
CASE002737,ORD0018236,Refund,Missing Item,2026-05-18 10:11:32,2026-05-19 12:45:49,Resolved,26.57,97.11,Stock Reconciliation Gap,5.0
CASE002738,ORD0018240,Refund,Missing Item,2026-04-02 08:46:04,2026-04-03 02:53:43,Resolved,18.13,193.85,Stock Reconciliation Gap,4.0
CASE002739,ORD0018245,Complaint,Damaged Product,2026-05-13 13:58:01,2026-05-14 02:59:25,Escalated,13.02,0.0,Handling Issue,5.0
CASE002740,ORD0018246,Refund,Wrong Quantity,2026-05-25 00:32:38,2026-05-25 11:14:16,Resolved,10.69,104.22,Packing Error,1.0
CASE002741,ORD0018254,Refund,Missing Item,2026-05-24 20:57:22,2026-05-25 10:32:30,Resolved,13.59,239.03,Picking Error,3.0
CASE002742,ORD0018280,Refund,Missing Item,2026-04-14 17:05:04,2026-04-15 01:03:01,Resolved,7.97,105.6,Stock Reconciliation Gap,1.0
CASE002743,ORD0018283,Complaint,Rider Behaviour,2026-04-26 00:23:20,2026-04-26 10:51:14,Resolved,10.46,0.0,Training Gap,4.0
CASE002744,ORD0018294,Complaint,Late Delivery,2026-04-29 16:00:18,2026-05-01 03:00:28,Resolved,35.0,0.0,Rider Shortage,4.0
CASE002745,ORD0018304,Refund,Missing Item,2026-06-12 20:28:16,2026-06-13 17:48:55,Resolved,21.34,366.64,Picking Error,3.0
CASE002746,ORD0018305,Refund,Missing Item,2026-05-14 08:12:58,2026-05-15 05:01:31,Resolved,20.81,422.69,Picking Error,1.0
CASE002747,ORD0018310,Complaint,Wrong Item,2026-06-16 04:05:58,2026-06-16 09:59:35,Resolved,5.89,0.0,Picking Error,4.0
CASE002748,ORD0018321,Refund,Item Unavailable,2026-05-10 16:51:02,2026-05-11 02:14:34,Resolved,9.39,679.89,Inventory Mismatch,1.0
CASE002749,ORD0018335,Refund,Missing Item,2026-06-22 22:59:49,,Open,,213.04,Picking Error,
CASE002750,ORD0018341,Refund,Wrong Quantity,2026-04-23 17:03:19,2026-04-24 09:42:27,Resolved,16.65,568.77,Picking Error,3.0
CASE002751,ORD0018352,Complaint,Damaged Product,2026-06-09 00:34:56,2026-06-09 02:35:29,Resolved,2.01,0.0,Poor Packaging,4.0
CASE002752,ORD0018353,Refund,Item Unavailable,2026-05-20 09:23:32,2026-05-20 14:18:35,Resolved,4.92,140.59,Inventory Mismatch,5.0
CASE002753,ORD0018358,Refund,Missing Item,2026-05-08 05:47:53,2026-05-08 08:21:19,Resolved,2.56,174.7,Picking Error,1.0
CASE002754,ORD0018374,Complaint,Wrong Item,2026-04-29 18:32:36,2026-04-30 05:21:29,Escalated,10.81,0.0,Picking Error,1.0
CASE002755,ORD0018385,Refund,Wrong Quantity,2026-06-23 04:05:38,2026-06-23 13:15:45,Resolved,9.17,204.78,Picking Error,5.0
CASE002756,ORD0018435,Refund,Item Unavailable,2026-04-05 22:57:40,,Open,,194.42,Inventory Mismatch,
CASE002757,ORD0018455,Refund,Refund Delay,2026-05-15 17:44:26,2026-05-16 16:41:52,Resolved,22.96,444.03,Manual Review,5.0
CASE002758,ORD0018463,Refund,Item Unavailable,2026-06-23 02:27:22,2026-06-23 09:28:04,Resolved,7.01,164.06,Replenishment Delay,5.0
CASE002759,ORD0018473,Refund,Missing Item,2026-06-15 04:54:43,2026-06-15 18:40:27,Resolved,13.76,258.17,Stock Reconciliation Gap,5.0
CASE002760,ORD0018488,Complaint,Late Delivery,2026-04-05 05:46:16,,Open,,0.0,Traffic Delay,
CASE002761,ORD0018493,Refund,Missing Item,2026-05-24 12:22:25,,Open,,591.59,Picking Error,
CASE002762,ORD0018495,Refund,Item Unavailable,2026-04-06 02:40:44,2026-04-07 01:56:54,Resolved,23.27,254.95,Replenishment Delay,3.0
CASE002763,ORD0018502,Complaint,Late Delivery,2026-05-20 17:16:03,2026-05-21 09:39:41,Resolved,16.39,0.0,Rider Shortage,2.0
CASE002764,ORD0018507,Refund,Payment Issue,2026-04-22 07:53:29,2026-04-22 15:13:04,Resolved,7.33,104.76,Bank Decline,4.0
CASE002765,ORD0018508,Refund,Missing Item,2026-06-30 22:18:44,2026-07-02 00:50:53,Resolved,26.54,219.42,Stock Reconciliation Gap,5.0
CASE002766,ORD0018514,Refund,Missing Item,2026-06-13 09:39:29,2026-06-13 19:15:20,Resolved,9.6,594.81,Stock Reconciliation Gap,3.0
CASE002767,ORD0018526,Refund,Wrong Quantity,2026-06-28 11:21:31,2026-06-29 08:59:48,Resolved,21.64,107.4,Picking Error,2.0
CASE002768,ORD0018541,Refund,Missing Item,2026-04-19 21:50:56,2026-04-20 13:52:47,Resolved,16.03,401.42,Picking Error,2.0
CASE002769,ORD0018548,Refund,Missing Item,2026-05-02 23:06:20,2026-05-03 11:33:53,Resolved,12.46,76.51,Picking Error,2.0
CASE002770,ORD0018550,Refund,Missing Item,2026-05-02 10:27:20,2026-05-03 13:33:03,Escalated,27.1,250.24,Picking Error,2.0
CASE002771,ORD0018551,Return,Damaged Product,2026-04-14 19:27:53,2026-04-15 10:45:12,Resolved,15.29,554.42,Poor Packaging,4.0
CASE002772,ORD0018553,Complaint,Wrong Item,2026-04-23 03:39:54,2026-04-23 06:31:08,Resolved,2.85,0.0,Catalog Mapping Error,5.0
CASE002773,ORD0018559,Refund,Wrong Quantity,2026-04-15 03:02:54,2026-04-15 11:57:10,Resolved,8.9,129.82,Picking Error,1.0
CASE002774,ORD0018563,Refund,Missing Item,2026-05-29 07:37:06,2026-05-29 15:51:33,Resolved,8.24,695.02,Picking Error,2.0
CASE002775,ORD0018578,Refund,Missing Item,2026-06-28 15:08:54,2026-06-29 05:32:30,Resolved,14.39,234.17,Stock Reconciliation Gap,3.0
CASE002776,ORD0018587,Complaint,Wrong Item,2026-04-09 18:44:08,2026-04-10 01:06:42,Resolved,6.38,0.0,Picking Error,4.0
CASE002777,ORD0018592,Refund,Wrong Quantity,2026-05-29 01:46:21,2026-05-30 05:53:38,Resolved,28.12,49.65,Picking Error,3.0
CASE002778,ORD0018598,Refund,Wrong Quantity,2026-05-05 05:02:36,2026-05-06 10:59:17,Resolved,29.94,220.87,Packing Error,4.0
CASE002779,ORD0018617,Refund,Wrong Quantity,2026-04-28 13:02:46,2026-04-29 05:06:48,Resolved,16.07,189.22,Packing Error,4.0
CASE002780,ORD0018623,Refund,Missing Item,2026-04-04 20:42:53,2026-04-05 03:07:04,Resolved,6.4,139.2,Stock Reconciliation Gap,3.0
CASE002781,ORD0018625,Return,Damaged Product,2026-06-29 22:48:39,2026-07-01 11:15:57,Resolved,36.45,1240.2,Supplier Quality,5.0
CASE002782,ORD0018628,Refund,Missing Item,2026-04-27 18:17:37,2026-04-28 11:41:00,Resolved,17.39,55.15,Stock Reconciliation Gap,1.0
CASE002783,ORD0018632,Return,Wrong Item,2026-06-09 17:04:18,2026-06-10 09:27:06,Resolved,16.38,421.94,Catalog Mapping Error,5.0
CASE002784,ORD0018635,Refund,Wrong Quantity,2026-04-12 06:20:51,2026-04-12 15:09:22,Resolved,8.81,283.33,Picking Error,3.0
CASE002785,ORD0018637,Refund,Missing Item,2026-04-14 06:16:28,2026-04-15 05:07:53,Resolved,22.86,305.66,Picking Error,1.0
CASE002786,ORD0018655,Refund,Missing Item,2026-06-18 09:48:37,2026-06-20 12:27:49,Resolved,50.65,181.99,Picking Error,2.0
CASE002787,ORD0018659,Complaint,Rider Behaviour,2026-05-12 10:31:55,2026-05-13 06:16:24,Resolved,19.74,0.0,Conduct Issue,3.0
CASE002788,ORD0018662,Complaint,Damaged Product,2026-05-18 03:43:26,2026-05-19 04:53:00,Resolved,25.16,0.0,Handling Issue,1.0
CASE002789,ORD0018663,Refund,Missing Item,2026-05-03 01:01:26,2026-05-03 13:18:59,Resolved,12.29,308.44,Stock Reconciliation Gap,1.0
CASE002790,ORD0018669,Return,Wrong Item,2026-06-26 21:47:32,2026-06-27 07:42:40,Resolved,9.92,429.1,Picking Error,2.0
CASE002791,ORD0018679,Refund,Item Unavailable,2026-06-18 05:12:40,2026-06-18 14:18:05,Resolved,9.09,310.59,Replenishment Delay,2.0
CASE002792,ORD0018683,Refund,Missing Item,2026-06-02 08:09:57,2026-06-02 23:47:56,Resolved,15.63,500.34,Picking Error,1.0
CASE002793,ORD0018702,Complaint,Damaged Product,2026-05-13 10:54:25,2026-05-13 21:01:27,Resolved,10.12,0.0,Supplier Quality,3.0
CASE002794,ORD0018709,Refund,Missing Item,2026-06-30 05:33:04,2026-06-30 21:33:26,Resolved,16.01,153.97,Stock Reconciliation Gap,5.0
CASE002795,ORD0018713,Refund,Missing Item,2026-06-17 22:47:45,2026-06-18 04:08:54,Resolved,5.35,162.24,Stock Reconciliation Gap,3.0
CASE002796,ORD0018720,Refund,Item Unavailable,2026-05-22 15:44:28,2026-05-23 09:58:09,Resolved,18.23,180.92,Inventory Mismatch,3.0
CASE002797,ORD0018737,Refund,Missing Item,2026-04-26 07:11:02,2026-04-27 05:46:32,Resolved,22.59,29.28,Stock Reconciliation Gap,2.0
CASE002798,ORD0018740,Refund,Wrong Quantity,2026-05-01 11:41:47,2026-05-02 09:01:30,Resolved,21.33,90.41,Picking Error,4.0
CASE002799,ORD0018744,Complaint,Damaged Product,2026-06-06 21:49:57,2026-06-07 21:04:46,Resolved,23.25,0.0,Supplier Quality,3.0
CASE002800,ORD0018752,Complaint,Late Delivery,2026-05-06 23:09:07,2026-05-07 17:09:52,Resolved,18.01,0.0,Traffic Delay,5.0
CASE002801,ORD0018753,Complaint,Late Delivery,2026-05-25 01:30:21,2026-05-26 05:29:06,Escalated,27.98,0.0,Rider Shortage,1.0
CASE002802,ORD0018765,Refund,Missing Item,2026-06-15 01:59:47,,Open,,41.17,Picking Error,
CASE002803,ORD0018769,Refund,Wrong Quantity,2026-04-21 09:14:44,2026-04-21 16:34:00,Resolved,7.32,435.3,Packing Error,4.0
CASE002804,ORD0018773,Refund,Item Unavailable,2026-05-04 09:02:57,2026-05-04 15:12:33,Resolved,6.16,313.27,Replenishment Delay,1.0
CASE002805,ORD0018776,Complaint,Late Delivery,2026-04-16 01:36:16,2026-04-16 09:50:05,Resolved,8.23,0.0,Rider Shortage,3.0
CASE002806,ORD0018781,Refund,Item Unavailable,2026-04-25 10:57:38,2026-04-26 00:20:26,Resolved,13.38,541.85,Inventory Mismatch,5.0
CASE002807,ORD0018794,Refund,Missing Item,2026-04-16 20:41:40,2026-04-17 17:02:39,Resolved,20.35,270.95,Stock Reconciliation Gap,3.0
CASE002808,ORD0018796,Refund,Wrong Quantity,2026-05-07 01:03:29,2026-05-07 05:55:33,Resolved,4.87,26.03,Packing Error,5.0
CASE002809,ORD0018807,Refund,Missing Item,2026-06-04 20:31:23,2026-06-05 06:13:03,Resolved,9.69,68.79,Picking Error,4.0
CASE002810,ORD0018819,Complaint,Rider Behaviour,2026-06-20 02:25:48,2026-06-20 20:28:40,Resolved,18.05,0.0,Conduct Issue,2.0
CASE002811,ORD0018824,Refund,Missing Item,2026-05-18 15:23:02,2026-05-19 00:57:23,Resolved,9.57,265.13,Stock Reconciliation Gap,3.0
CASE002812,ORD0018830,Refund,Missing Item,2026-06-07 22:32:01,2026-06-08 06:31:54,Resolved,8.0,69.92,Stock Reconciliation Gap,1.0
CASE002813,ORD0018831,Refund,Missing Item,2026-05-23 11:19:02,2026-05-24 07:34:40,Resolved,20.26,84.14,Stock Reconciliation Gap,3.0
CASE002814,ORD0018835,Return,Quality Issue,2026-06-25 02:02:06,,Open,,309.75,Temperature Excursion,
CASE002815,ORD0018837,Complaint,Quality Issue,2026-05-05 07:42:17,2026-05-06 11:33:41,Resolved,27.86,0.0,Supplier Quality,4.0
CASE002816,ORD0018839,Return,Damaged Product,2026-04-09 15:33:35,2026-04-10 12:36:45,Resolved,21.05,1892.95,Handling Issue,4.0
CASE002817,ORD0018840,Refund,Item Unavailable,2026-04-26 22:13:59,2026-04-27 15:56:34,Resolved,17.71,86.35,Inventory Mismatch,4.0
CASE002818,ORD0018843,Refund,Wrong Quantity,2026-05-03 06:22:33,2026-05-03 21:21:05,Resolved,14.98,348.29,Picking Error,3.0
CASE002819,ORD0018844,Refund,Wrong Quantity,2026-05-27 03:54:42,2026-05-27 09:24:06,Resolved,5.49,244.96,Picking Error,5.0
CASE002820,ORD0018846,Refund,Missing Item,2026-04-03 04:56:05,2026-04-03 16:05:26,Resolved,11.16,381.08,Picking Error,3.0
CASE002821,ORD0018860,Refund,Item Unavailable,2026-06-27 19:16:56,2026-06-27 22:37:29,Resolved,3.34,273.14,Inventory Mismatch,2.0
CASE002822,ORD0018866,Refund,Item Unavailable,2026-05-11 08:02:44,,Open,,513.48,Replenishment Delay,
CASE002823,ORD0018868,Refund,Missing Item,2026-05-04 19:07:20,2026-05-06 02:52:46,Resolved,31.76,71.09,Picking Error,4.0
CASE002824,ORD0018870,Refund,Item Unavailable,2026-05-17 01:34:35,2026-05-17 11:39:59,Resolved,10.09,133.8,Replenishment Delay,3.0
CASE002825,ORD0018898,Refund,Item Unavailable,2026-05-27 04:29:21,2026-05-28 16:55:54,Resolved,36.44,66.91,Replenishment Delay,3.0
CASE002826,ORD0018902,Refund,Missing Item,2026-04-21 19:26:24,2026-04-22 13:20:02,Resolved,17.89,660.81,Picking Error,3.0
CASE002827,ORD0018909,Refund,Missing Item,2026-05-08 12:31:44,2026-05-09 08:53:55,Resolved,20.37,148.25,Stock Reconciliation Gap,3.0
CASE002828,ORD0018910,Refund,Item Unavailable,2026-06-23 15:00:15,2026-06-24 10:36:45,Resolved,19.61,130.56,Replenishment Delay,5.0
CASE002829,ORD0018929,Refund,Item Unavailable,2026-05-16 02:27:56,2026-05-16 21:13:46,Resolved,18.76,111.87,Inventory Mismatch,1.0
CASE002830,ORD0018937,Refund,Missing Item,2026-04-10 00:26:06,,Open,,231.19,Stock Reconciliation Gap,
CASE002831,ORD0018941,Refund,Missing Item,2026-05-15 03:57:52,2026-05-15 16:10:09,Resolved,12.2,31.58,Picking Error,3.0
CASE002832,ORD0018948,Refund,Item Unavailable,2026-05-08 10:40:17,2026-05-08 21:17:09,Resolved,10.61,388.07,Inventory Mismatch,1.0
CASE002833,ORD0018949,Refund,Missing Item,2026-04-20 15:08:04,2026-04-20 21:44:12,Resolved,6.6,644.78,Picking Error,2.0
CASE002834,ORD0018964,Refund,Missing Item,2026-04-13 14:48:34,2026-04-13 23:55:25,Resolved,9.11,129.85,Stock Reconciliation Gap,3.0
CASE002835,ORD0018971,Refund,Missing Item,2026-06-22 02:33:57,2026-06-22 11:15:00,Resolved,8.68,236.69,Stock Reconciliation Gap,4.0
CASE002836,ORD0018978,Complaint,Quality Issue,2026-06-05 10:56:56,2026-06-05 23:12:33,Resolved,12.26,0.0,Temperature Excursion,1.0
CASE002837,ORD0018982,Refund,Refund Delay,2026-06-08 04:28:13,2026-06-08 10:00:29,Resolved,5.54,852.4,Payment Gateway Delay,5.0
CASE002838,ORD0018994,Complaint,Late Delivery,2026-06-29 11:20:24,2026-06-30 09:26:00,Resolved,22.09,0.0,Store Processing Delay,4.0
CASE002839,ORD0018999,Return,Quality Issue,2026-06-13 04:25:40,2026-06-13 10:18:14,Resolved,5.88,546.59,Supplier Quality,3.0
CASE002840,ORD0019001,Refund,Cancellation Dispute,2026-04-22 09:05:42,2026-04-22 21:15:57,Resolved,12.17,895.16,System Status Delay,5.0
CASE002841,ORD0019002,Return,Damaged Product,2026-05-03 11:23:53,2026-05-03 18:43:01,Resolved,7.32,872.77,Poor Packaging,4.0
CASE002842,ORD0019006,Complaint,Late Delivery,2026-06-07 00:06:13,2026-06-07 03:19:05,Resolved,3.21,0.0,Rider Shortage,2.0
CASE002843,ORD0019007,Complaint,Damaged Product,2026-04-28 13:23:57,2026-04-28 21:14:41,Resolved,7.85,0.0,Handling Issue,1.0
CASE002844,ORD0019012,Refund,Item Unavailable,2026-04-11 01:21:52,2026-04-11 20:51:54,Resolved,19.5,179.06,Inventory Mismatch,3.0
CASE002845,ORD0019032,Complaint,Wrong Item,2026-04-09 07:11:30,2026-04-09 15:45:44,Resolved,8.57,0.0,Catalog Mapping Error,2.0
CASE002846,ORD0019034,Refund,Missing Item,2026-05-04 23:16:35,2026-05-05 09:11:02,Resolved,9.91,355.82,Stock Reconciliation Gap,3.0
CASE002847,ORD0019039,Complaint,Wrong Item,2026-06-23 02:48:25,2026-06-23 07:52:18,Resolved,5.06,0.0,Catalog Mapping Error,2.0
CASE002848,ORD0019045,Refund,Item Unavailable,2026-04-29 17:02:29,2026-04-30 01:50:34,Escalated,8.8,334.76,Inventory Mismatch,1.0
CASE002849,ORD0019063,Return,Quality Issue,2026-04-07 14:31:44,2026-04-08 22:47:15,Escalated,32.26,275.79,Expiry Risk,5.0
CASE002850,ORD0019065,Return,Damaged Product,2026-04-25 12:27:20,2026-04-26 13:06:49,Resolved,24.66,552.85,Supplier Quality,1.0
CASE002851,ORD0019076,Refund,Missing Item,2026-06-15 22:58:19,2026-06-16 04:24:52,Resolved,5.44,172.71,Stock Reconciliation Gap,5.0
CASE002852,ORD0019085,Refund,Item Unavailable,2026-05-10 21:49:56,2026-05-11 09:39:00,Resolved,11.82,90.23,Inventory Mismatch,3.0
CASE002853,ORD0019088,Refund,Payment Issue,2026-05-09 01:06:10,2026-05-09 18:01:19,Resolved,16.92,244.49,Bank Decline,2.0
CASE002854,ORD0019094,Refund,Item Unavailable,2026-04-29 04:11:05,2026-04-29 18:56:13,Resolved,14.75,189.57,Replenishment Delay,2.0
CASE002855,ORD0019099,Refund,Missing Item,2026-06-13 15:16:56,2026-06-14 20:00:43,Resolved,28.73,109.03,Stock Reconciliation Gap,3.0
CASE002856,ORD0019101,Refund,Payment Issue,2026-05-02 20:27:54,2026-05-02 22:48:07,Resolved,2.34,1321.16,Payment Gateway Error,3.0
CASE002857,ORD0019102,Refund,Missing Item,2026-04-19 05:14:46,2026-04-20 00:55:11,Resolved,19.67,226.44,Picking Error,2.0
CASE002858,ORD0019116,Complaint,Damaged Product,2026-05-16 20:49:18,2026-05-17 16:12:42,Resolved,19.39,0.0,Poor Packaging,4.0
CASE002859,ORD0019127,Refund,Missing Item,2026-06-23 05:24:55,2026-06-23 18:00:56,Resolved,12.6,47.59,Stock Reconciliation Gap,2.0
CASE002860,ORD0019128,Refund,Missing Item,2026-06-01 00:53:06,,Open,,158.39,Picking Error,
CASE002861,ORD0019131,Refund,Missing Item,2026-04-08 06:01:42,2026-04-08 22:32:11,Resolved,16.51,316.36,Picking Error,2.0
CASE002862,ORD0019146,Complaint,Quality Issue,2026-05-13 05:29:52,2026-05-13 19:05:40,Resolved,13.6,0.0,Supplier Quality,2.0
CASE002863,ORD0019150,Complaint,Rider Behaviour,2026-05-08 19:43:58,2026-05-09 13:01:55,Resolved,17.3,0.0,Conduct Issue,5.0
CASE002864,ORD0019155,Refund,Missing Item,2026-04-27 19:31:11,2026-04-28 01:00:44,Resolved,5.49,134.96,Picking Error,4.0
CASE002865,ORD0019160,Refund,Item Unavailable,2026-06-12 11:12:31,2026-06-13 22:22:18,Escalated,35.16,43.78,Replenishment Delay,1.0
CASE002866,ORD0019161,Refund,Wrong Quantity,2026-04-07 11:16:54,2026-04-08 00:42:04,Resolved,13.42,542.96,Picking Error,2.0
CASE002867,ORD0019162,Refund,Missing Item,2026-04-09 00:44:12,2026-04-10 07:17:42,Resolved,30.56,236.94,Picking Error,3.0
CASE002868,ORD0019164,Refund,Missing Item,2026-05-24 21:23:11,2026-05-26 04:46:01,Escalated,31.38,47.15,Stock Reconciliation Gap,3.0
CASE002869,ORD0019178,Refund,Wrong Quantity,2026-04-07 14:40:29,2026-04-08 09:26:09,Resolved,18.76,234.59,Picking Error,1.0
CASE002870,ORD0019181,Refund,Missing Item,2026-04-13 22:35:57,2026-04-14 04:41:44,Resolved,6.1,164.23,Stock Reconciliation Gap,1.0
CASE002871,ORD0019199,Complaint,Late Delivery,2026-04-08 05:01:14,2026-04-08 13:49:31,Resolved,8.8,0.0,Traffic Delay,2.0
CASE002872,ORD0019201,Refund,Wrong Quantity,2026-04-05 08:46:49,,Open,,221.78,Picking Error,
CASE002873,ORD0019218,Refund,Missing Item,2026-04-10 03:39:16,2026-04-11 12:52:30,Resolved,33.22,90.95,Picking Error,4.0
CASE002874,ORD0019222,Refund,Item Unavailable,2026-06-02 12:04:33,2026-06-03 04:56:52,Resolved,16.87,195.35,Replenishment Delay,2.0
CASE002875,ORD0019225,Refund,Missing Item,2026-05-22 08:52:36,2026-05-22 12:07:49,Resolved,3.25,304.16,Picking Error,1.0
CASE002876,ORD0019242,Refund,Missing Item,2026-06-25 06:45:42,2026-06-25 20:09:18,Resolved,13.39,40.98,Stock Reconciliation Gap,3.0
CASE002877,ORD0019249,Complaint,Damaged Product,2026-05-09 05:49:12,2026-05-09 14:21:58,Resolved,8.55,0.0,Poor Packaging,2.0
CASE002878,ORD0019255,Refund,Item Unavailable,2026-06-27 11:53:34,2026-06-28 02:16:13,Resolved,14.38,221.29,Replenishment Delay,3.0
CASE002879,ORD0019271,Complaint,Damaged Product,2026-06-24 03:09:55,2026-06-24 08:09:16,Resolved,4.99,0.0,Supplier Quality,2.0
CASE002880,ORD0019273,Complaint,Quality Issue,2026-04-14 07:50:29,2026-04-14 11:51:07,Resolved,4.01,0.0,Supplier Quality,1.0
CASE002881,ORD0019278,Refund,Wrong Quantity,2026-05-04 13:40:31,2026-05-04 20:19:59,Escalated,6.66,127.01,Packing Error,2.0
CASE002882,ORD0019281,Return,Quality Issue,2026-05-28 16:10:03,2026-05-30 10:57:58,Resolved,42.8,732.42,Expiry Risk,4.0
CASE002883,ORD0019291,Refund,Missing Item,2026-05-11 01:44:06,2026-05-11 15:41:21,Resolved,13.95,111.77,Stock Reconciliation Gap,2.0
CASE002884,ORD0019296,Refund,Missing Item,2026-04-11 22:19:30,2026-04-13 04:50:50,Resolved,30.52,135.29,Picking Error,1.0
CASE002885,ORD0019300,Return,Quality Issue,2026-05-15 07:11:04,2026-05-15 19:20:13,Resolved,12.15,205.15,Supplier Quality,4.0
CASE002886,ORD0019309,Refund,Missing Item,2026-05-22 08:25:36,2026-05-22 14:24:33,Resolved,5.98,173.91,Stock Reconciliation Gap,3.0
CASE002887,ORD0019312,Return,Quality Issue,2026-06-10 20:37:43,2026-06-11 15:37:53,Resolved,19.0,525.1,Supplier Quality,1.0
CASE002888,ORD0019317,Refund,Item Unavailable,2026-05-24 05:24:40,2026-05-24 08:33:46,Resolved,3.15,337.49,Inventory Mismatch,1.0
CASE002889,ORD0019318,Refund,Missing Item,2026-04-30 08:39:22,2026-05-01 07:50:18,Escalated,23.18,215.93,Stock Reconciliation Gap,5.0
CASE002890,ORD0019320,Complaint,Quality Issue,2026-05-22 00:38:27,2026-05-22 19:56:43,Resolved,19.3,0.0,Supplier Quality,4.0
CASE002891,ORD0019333,Refund,Missing Item,2026-06-09 03:21:06,2026-06-09 11:23:56,Resolved,8.05,74.33,Stock Reconciliation Gap,5.0
CASE002892,ORD0019338,Refund,Item Unavailable,2026-05-31 13:46:29,,Open,,85.0,Replenishment Delay,
CASE002893,ORD0019346,Refund,Missing Item,2026-06-28 23:35:44,2026-06-29 16:06:48,Resolved,16.52,305.45,Stock Reconciliation Gap,3.0
CASE002894,ORD0019347,Refund,Missing Item,2026-04-17 07:04:22,2026-04-18 07:54:38,Resolved,24.84,367.03,Stock Reconciliation Gap,3.0
CASE002895,ORD0019349,Refund,Missing Item,2026-04-11 06:29:16,2026-04-12 10:41:56,Resolved,28.21,429.96,Stock Reconciliation Gap,5.0
CASE002896,ORD0019351,Complaint,Quality Issue,2026-04-02 18:00:16,2026-04-03 01:12:32,Resolved,7.2,0.0,Temperature Excursion,5.0
CASE002897,ORD0019357,Refund,Missing Item,2026-06-25 09:55:10,2026-06-25 17:28:53,Resolved,7.56,109.84,Stock Reconciliation Gap,3.0
CASE002898,ORD0019358,Refund,Missing Item,2026-05-23 03:35:28,2026-05-23 13:43:13,Resolved,10.13,140.03,Picking Error,2.0
CASE002899,ORD0019369,Refund,Wrong Quantity,2026-05-20 15:15:02,2026-05-21 11:23:35,Resolved,20.14,32.42,Packing Error,4.0
CASE002900,ORD0019380,Refund,Missing Item,2026-05-16 13:02:18,2026-05-17 04:19:31,Resolved,15.29,208.56,Stock Reconciliation Gap,2.0
CASE002901,ORD0019392,Complaint,Late Delivery,2026-06-16 14:13:19,2026-06-16 23:23:13,Resolved,9.16,0.0,Traffic Delay,4.0
CASE002902,ORD0019404,Refund,Refund Delay,2026-06-21 10:02:10,2026-06-21 23:17:40,Resolved,13.26,115.86,Payment Gateway Delay,4.0
CASE002903,ORD0019406,Refund,Missing Item,2026-04-18 15:02:42,2026-04-19 07:49:16,Resolved,16.78,341.33,Picking Error,1.0
CASE002904,ORD0019415,Refund,Missing Item,2026-05-21 06:56:03,2026-05-21 15:53:33,Resolved,8.96,155.11,Picking Error,3.0
CASE002905,ORD0019417,Refund,Missing Item,2026-06-22 18:33:32,2026-06-23 00:20:37,Resolved,5.78,60.6,Picking Error,3.0
CASE002906,ORD0019418,Complaint,Damaged Product,2026-06-03 06:55:19,2026-06-03 17:10:45,Resolved,10.26,0.0,Handling Issue,4.0
CASE002907,ORD0019420,Refund,Missing Item,2026-04-19 07:52:49,2026-04-20 16:41:24,Escalated,32.81,110.25,Picking Error,3.0
CASE002908,ORD0019424,Refund,Missing Item,2026-05-25 19:19:16,2026-05-26 06:09:50,Resolved,10.84,210.16,Stock Reconciliation Gap,2.0
CASE002909,ORD0019443,Refund,Item Unavailable,2026-06-07 11:54:16,2026-06-08 08:43:50,Resolved,20.83,457.04,Inventory Mismatch,1.0
CASE002910,ORD0019450,Complaint,Quality Issue,2026-04-16 05:09:35,2026-04-16 20:35:28,Resolved,15.43,0.0,Supplier Quality,1.0
CASE002911,ORD0019474,Complaint,Quality Issue,2026-04-11 18:11:59,2026-04-13 04:56:34,Resolved,34.74,0.0,Supplier Quality,2.0
CASE002912,ORD0019482,Complaint,Quality Issue,2026-04-18 15:56:15,2026-04-18 18:48:23,Resolved,2.87,0.0,Temperature Excursion,4.0
CASE002913,ORD0019486,Refund,Missing Item,2026-05-05 19:25:03,2026-05-06 09:18:57,Resolved,13.9,546.74,Picking Error,4.0
CASE002914,ORD0019488,Refund,Missing Item,2026-06-11 16:53:56,2026-06-13 00:51:00,Resolved,31.95,138.01,Stock Reconciliation Gap,2.0
CASE002915,ORD0019489,Refund,Item Unavailable,2026-06-30 15:35:05,2026-07-01 00:26:03,Resolved,8.85,125.17,Inventory Mismatch,1.0
CASE002916,ORD0019492,Refund,Missing Item,2026-04-25 13:05:46,2026-04-25 16:40:02,Resolved,3.57,318.5,Picking Error,2.0
CASE002917,ORD0019501,Complaint,Quality Issue,2026-04-25 21:32:02,2026-04-27 00:56:36,Resolved,27.41,0.0,Expiry Risk,5.0
CASE002918,ORD0019504,Refund,Wrong Quantity,2026-05-03 10:37:13,2026-05-04 05:13:32,Resolved,18.61,118.28,Packing Error,2.0
CASE002919,ORD0019507,Refund,Missing Item,2026-04-13 08:21:04,2026-04-14 06:29:16,Resolved,22.14,172.84,Stock Reconciliation Gap,5.0
CASE002920,ORD0019510,Refund,Missing Item,2026-06-01 14:41:24,2026-06-01 16:32:28,Resolved,1.85,99.57,Stock Reconciliation Gap,1.0
CASE002921,ORD0019514,Refund,Wrong Quantity,2026-04-28 07:20:17,2026-04-28 17:52:33,Resolved,10.54,274.85,Picking Error,5.0
CASE002922,ORD0019519,Refund,Missing Item,2026-04-20 23:39:35,2026-04-21 01:40:17,Resolved,2.01,374.19,Picking Error,4.0
CASE002923,ORD0019525,Refund,Missing Item,2026-05-29 09:32:35,2026-05-29 14:43:30,Resolved,5.18,147.43,Stock Reconciliation Gap,1.0
CASE002924,ORD0019534,Complaint,Late Delivery,2026-06-14 16:44:58,2026-06-15 10:09:06,Resolved,17.4,0.0,Rider Shortage,5.0
CASE002925,ORD0019536,Refund,Missing Item,2026-04-19 22:55:24,2026-04-20 08:44:39,Resolved,9.82,69.52,Picking Error,3.0
CASE002926,ORD0019538,Refund,Missing Item,2026-04-05 18:52:19,2026-04-06 07:44:16,Resolved,12.87,252.4,Stock Reconciliation Gap,3.0
CASE002927,ORD0019546,Refund,Missing Item,2026-05-22 03:34:47,2026-05-22 12:23:24,Resolved,8.81,64.31,Picking Error,3.0
CASE002928,ORD0019550,Refund,Wrong Quantity,2026-04-16 17:14:45,2026-04-16 23:01:51,Resolved,5.78,75.24,Packing Error,4.0
CASE002929,ORD0019555,Complaint,Quality Issue,2026-06-22 03:13:58,2026-06-22 07:18:14,Resolved,4.07,0.0,Supplier Quality,3.0
CASE002930,ORD0019558,Refund,Missing Item,2026-05-07 18:48:25,2026-05-08 01:46:02,Resolved,6.96,124.45,Stock Reconciliation Gap,2.0
CASE002931,ORD0019563,Return,Damaged Product,2026-05-16 02:25:28,2026-05-16 22:09:16,Resolved,19.73,784.07,Handling Issue,1.0
CASE002932,ORD0019582,Refund,Missing Item,2026-05-10 03:52:40,2026-05-10 18:27:53,Resolved,14.59,934.4,Picking Error,2.0
CASE002933,ORD0019601,Return,Quality Issue,2026-06-14 07:43:58,2026-06-14 18:35:25,Resolved,10.86,922.25,Supplier Quality,2.0
CASE002934,ORD0019606,Refund,Item Unavailable,2026-06-14 01:50:07,2026-06-14 19:31:24,Resolved,17.69,130.64,Inventory Mismatch,4.0
CASE002935,ORD0019609,Refund,Item Unavailable,2026-05-28 12:53:45,2026-05-29 03:14:25,Resolved,14.34,333.87,Inventory Mismatch,2.0
CASE002936,ORD0019612,Complaint,Late Delivery,2026-04-28 05:30:13,2026-04-28 12:04:28,Resolved,6.57,0.0,Traffic Delay,4.0
CASE002937,ORD0019619,Refund,Missing Item,2026-04-13 04:45:48,2026-04-13 21:36:50,Resolved,16.85,270.33,Picking Error,4.0
CASE002938,ORD0019620,Refund,Missing Item,2026-06-15 10:56:04,2026-06-15 20:57:16,Resolved,10.02,65.46,Stock Reconciliation Gap,1.0
CASE002939,ORD0019634,Refund,Wrong Quantity,2026-05-01 14:21:16,2026-05-01 17:35:39,Resolved,3.24,125.72,Packing Error,4.0
CASE002940,ORD0019644,Refund,Wrong Quantity,2026-04-27 06:24:47,2026-04-28 16:09:07,Resolved,33.74,275.12,Picking Error,1.0
CASE002941,ORD0019648,Refund,Item Unavailable,2026-04-12 20:46:04,2026-04-13 10:19:13,Resolved,13.55,142.11,Replenishment Delay,1.0
CASE002942,ORD0019657,Return,Wrong Item,2026-05-13 14:56:56,2026-05-13 21:50:13,Resolved,6.89,701.92,Catalog Mapping Error,4.0
CASE002943,ORD0019667,Refund,Item Unavailable,2026-04-16 22:09:29,2026-04-17 11:21:12,Resolved,13.2,66.73,Inventory Mismatch,1.0
CASE002944,ORD0019682,Complaint,Damaged Product,2026-06-07 04:55:45,2026-06-07 11:13:05,Resolved,6.29,0.0,Handling Issue,1.0
CASE002945,ORD0019684,Refund,Missing Item,2026-05-26 19:41:19,2026-05-28 02:53:47,Escalated,31.21,585.11,Picking Error,2.0
CASE002946,ORD0019691,Refund,Missing Item,2026-05-03 08:16:43,2026-05-03 08:46:43,Resolved,0.5,93.93,Picking Error,3.0
CASE002947,ORD0019703,Refund,Wrong Quantity,2026-05-28 21:20:21,2026-05-29 00:52:53,Resolved,3.54,63.49,Packing Error,2.0
CASE002948,ORD0019707,Complaint,Damaged Product,2026-06-10 18:33:14,2026-06-11 05:59:59,Resolved,11.45,0.0,Supplier Quality,3.0
CASE002949,ORD0019728,Refund,Item Unavailable,2026-04-12 23:22:25,2026-04-16 04:12:32,Resolved,76.84,159.78,Replenishment Delay,5.0
CASE002950,ORD0019729,Refund,Missing Item,2026-04-05 21:34:21,2026-04-06 16:59:53,Resolved,19.43,257.32,Picking Error,2.0
CASE002951,ORD0019733,Refund,Item Unavailable,2026-05-18 08:59:19,2026-05-18 12:02:26,Resolved,3.05,29.49,Replenishment Delay,2.0
CASE002952,ORD0019735,Complaint,Late Delivery,2026-05-17 12:04:32,2026-05-18 16:10:48,Escalated,28.1,0.0,Store Processing Delay,4.0
CASE002953,ORD0019739,Refund,Missing Item,2026-05-13 00:20:56,2026-05-13 03:04:20,Resolved,2.72,216.63,Picking Error,5.0
CASE002954,ORD0019741,Refund,Item Unavailable,2026-06-12 23:38:11,2026-06-13 11:00:21,Resolved,11.37,217.51,Replenishment Delay,2.0
CASE002955,ORD0019744,Return,Quality Issue,2026-06-13 11:11:14,2026-06-13 15:26:17,Resolved,4.25,1844.35,Expiry Risk,4.0
CASE002956,ORD0019747,Complaint,Wrong Item,2026-05-07 15:46:18,2026-05-08 06:28:50,Resolved,14.71,0.0,Catalog Mapping Error,5.0
CASE002957,ORD0019756,Complaint,Quality Issue,2026-04-15 19:35:40,2026-04-16 08:00:20,Resolved,12.41,0.0,Expiry Risk,5.0
CASE002958,ORD0019760,Refund,Wrong Quantity,2026-04-16 16:04:16,2026-04-17 17:11:49,Resolved,25.13,39.11,Picking Error,3.0
CASE002959,ORD0019770,Refund,Refund Delay,2026-04-18 07:55:49,2026-04-18 16:41:29,Resolved,8.76,196.54,Payment Gateway Delay,1.0
CASE002960,ORD0019772,Refund,Refund Delay,2026-06-23 21:29:11,2026-06-24 16:34:02,Resolved,19.08,884.94,Manual Review,5.0
CASE002961,ORD0019783,Refund,Missing Item,2026-04-08 19:16:53,2026-04-09 12:40:33,Resolved,17.39,154.82,Stock Reconciliation Gap,5.0
CASE002962,ORD0019787,Refund,Missing Item,2026-06-03 17:16:11,2026-06-04 10:44:33,Escalated,17.47,812.53,Picking Error,2.0
CASE002963,ORD0019788,Complaint,Damaged Product,2026-04-17 08:06:16,2026-04-17 14:38:46,Resolved,6.54,0.0,Poor Packaging,2.0
CASE002964,ORD0019790,Refund,Missing Item,2026-06-03 08:37:00,2026-06-04 10:50:49,Resolved,26.23,331.89,Picking Error,3.0
CASE002965,ORD0019794,Refund,Missing Item,2026-05-11 07:40:07,2026-05-12 10:31:13,Resolved,26.85,132.56,Stock Reconciliation Gap,3.0
CASE002966,ORD0019795,Refund,Item Unavailable,2026-06-06 05:36:49,2026-06-06 09:19:17,Resolved,3.71,742.09,Inventory Mismatch,5.0
CASE002967,ORD0019803,Complaint,Wrong Item,2026-04-06 01:05:43,2026-04-07 07:14:16,Resolved,30.14,0.0,Catalog Mapping Error,3.0
CASE002968,ORD0019805,Refund,Item Unavailable,2026-06-07 15:25:49,2026-06-08 18:11:31,Escalated,26.76,186.59,Inventory Mismatch,2.0
CASE002969,ORD0019814,Complaint,Damaged Product,2026-04-30 02:52:41,2026-04-30 10:19:25,Resolved,7.45,0.0,Poor Packaging,2.0
CASE002970,ORD0019815,Refund,Missing Item,2026-05-12 16:02:02,2026-05-13 06:42:04,Escalated,14.67,72.32,Stock Reconciliation Gap,1.0
CASE002971,ORD0019817,Refund,Item Unavailable,2026-05-19 03:29:26,2026-05-19 09:06:01,Resolved,5.61,176.57,Inventory Mismatch,4.0
CASE002972,ORD0019819,Refund,Wrong Quantity,2026-04-12 20:51:33,2026-04-13 03:50:13,Resolved,6.98,210.08,Packing Error,5.0
CASE002973,ORD0019820,Refund,Missing Item,2026-04-09 14:01:31,2026-04-10 03:38:55,Resolved,13.62,71.42,Stock Reconciliation Gap,4.0
CASE002974,ORD0019824,Refund,Refund Delay,2026-04-23 18:18:41,2026-04-24 17:22:12,Escalated,23.06,662.14,Payment Gateway Delay,3.0
CASE002975,ORD0019826,Complaint,Late Delivery,2026-04-28 05:45:20,2026-04-29 00:09:36,Resolved,18.4,0.0,Store Processing Delay,2.0
CASE002976,ORD0019827,Refund,Item Unavailable,2026-05-05 10:59:28,2026-05-06 07:51:54,Resolved,20.87,214.45,Replenishment Delay,3.0
CASE002977,ORD0019832,Refund,Missing Item,2026-06-14 08:49:01,2026-06-15 05:52:17,Resolved,21.05,70.54,Stock Reconciliation Gap,3.0
CASE002978,ORD0019835,Refund,Missing Item,2026-04-24 06:14:57,2026-04-24 11:41:00,Resolved,5.43,112.89,Picking Error,5.0
CASE002979,ORD0019839,Complaint,Quality Issue,2026-05-31 04:45:39,2026-05-31 13:25:00,Resolved,8.66,0.0,Expiry Risk,2.0
CASE002980,ORD0019843,Refund,Missing Item,2026-04-11 10:27:40,2026-04-11 22:11:56,Escalated,11.74,45.75,Picking Error,5.0
CASE002981,ORD0019848,Refund,Item Unavailable,2026-06-27 06:41:09,2026-06-27 19:19:50,Escalated,12.64,201.12,Inventory Mismatch,5.0
CASE002982,ORD0019851,Refund,Missing Item,2026-06-30 22:48:43,2026-07-01 20:17:40,Resolved,21.48,530.38,Stock Reconciliation Gap,2.0
CASE002983,ORD0019867,Complaint,Damaged Product,2026-05-18 23:59:27,2026-05-19 02:37:38,Resolved,2.64,0.0,Poor Packaging,2.0
CASE002984,ORD0019877,Refund,Missing Item,2026-05-10 08:11:58,2026-05-11 08:55:10,Resolved,24.72,447.04,Stock Reconciliation Gap,4.0
CASE002985,ORD0019881,Complaint,Late Delivery,2026-04-25 00:19:35,2026-04-25 20:58:33,Resolved,20.65,0.0,Traffic Delay,1.0
CASE002986,ORD0019882,Return,Wrong Item,2026-05-09 08:35:22,2026-05-10 01:51:36,Resolved,17.27,1801.3,Picking Error,5.0
CASE002987,ORD0019884,Return,Damaged Product,2026-05-26 21:34:15,2026-05-27 15:14:28,Resolved,17.67,1075.52,Supplier Quality,4.0
CASE002988,ORD0019886,Refund,Missing Item,2026-05-31 07:11:48,2026-05-31 17:00:34,Resolved,9.81,217.49,Picking Error,2.0
CASE002989,ORD0019889,Return,Wrong Item,2026-06-01 06:59:44,2026-06-01 12:48:51,Resolved,5.82,1080.48,Catalog Mapping Error,4.0
CASE002990,ORD0019895,Refund,Cancellation Dispute,2026-04-17 22:52:45,2026-04-18 12:15:36,Resolved,13.38,599.9,System Status Delay,4.0
CASE002991,ORD0019917,Refund,Wrong Quantity,2026-06-19 19:00:37,2026-06-20 17:10:37,Resolved,22.17,179.49,Packing Error,4.0
CASE002992,ORD0019920,Refund,Item Unavailable,2026-06-09 00:20:20,2026-06-10 20:17:01,Resolved,43.94,135.66,Inventory Mismatch,1.0
CASE002993,ORD0019943,Refund,Missing Item,2026-05-06 05:06:00,2026-05-06 11:10:52,Resolved,6.08,267.87,Picking Error,5.0
CASE002994,ORD0019956,Refund,Missing Item,2026-04-13 18:51:56,2026-04-14 06:24:37,Resolved,11.54,362.72,Stock Reconciliation Gap,3.0
CASE002995,ORD0019962,Complaint,Quality Issue,2026-06-17 02:19:03,2026-06-17 14:25:20,Resolved,12.1,0.0,Supplier Quality,5.0
CASE002996,ORD0019965,Refund,Wrong Quantity,2026-04-13 08:01:19,2026-04-13 11:52:16,Resolved,3.85,72.29,Picking Error,1.0
CASE002997,ORD0019972,Refund,Wrong Quantity,2026-06-08 07:27:52,2026-06-08 11:40:41,Resolved,4.21,55.65,Picking Error,3.0
CASE002998,ORD0019975,Complaint,Damaged Product,2026-05-23 02:26:52,2026-05-23 06:12:45,Resolved,3.76,0.0,Handling Issue,1.0
CASE002999,ORD0019984,Refund,Missing Item,2026-06-20 04:32:22,2026-06-20 23:30:50,Resolved,18.97,201.51,Picking Error,1.0
CASE003000,ORD0019985,Refund,Missing Item,2026-05-02 23:06:35,2026-05-03 13:52:07,Resolved,14.76,133.2,Stock Reconciliation Gap,2.0
CASE003001,ORD0019988,Refund,Missing Item,2026-05-18 10:07:57,2026-05-18 17:05:27,Resolved,6.96,278.21,Stock Reconciliation Gap,2.0
CASE003002,ORD0019999,Refund,Item Unavailable,2026-06-22 17:12:09,2026-06-24 06:11:30,Resolved,36.99,142.11,Inventory Mismatch,5.0
CASE003003,ORD0020002,Complaint,Quality Issue,2026-05-09 06:56:55,2026-05-09 15:34:30,Resolved,8.63,0.0,Supplier Quality,2.0
CASE003004,ORD0020013,Refund,Missing Item,2026-05-05 03:31:54,2026-05-05 20:20:50,Resolved,16.82,77.58,Stock Reconciliation Gap,5.0
CASE003005,ORD0020026,Refund,Missing Item,2026-06-06 15:42:21,2026-06-07 03:32:01,Resolved,11.83,63.5,Picking Error,2.0
CASE003006,ORD0020032,Refund,Item Unavailable,2026-05-28 19:30:21,2026-05-29 06:25:00,Resolved,10.91,385.64,Replenishment Delay,2.0
CASE003007,ORD0020035,Refund,Missing Item,2026-04-19 12:40:49,2026-04-20 00:26:11,Resolved,11.76,95.54,Picking Error,1.0
CASE003008,ORD0020041,Refund,Missing Item,2026-04-15 01:06:06,2026-04-17 05:02:52,Escalated,51.95,584.35,Stock Reconciliation Gap,3.0
CASE003009,ORD0020046,Refund,Wrong Quantity,2026-04-07 01:15:26,2026-04-08 15:54:52,Resolved,38.66,325.89,Picking Error,5.0
CASE003010,ORD0020047,Refund,Missing Item,2026-06-10 08:41:18,,Open,,917.35,Stock Reconciliation Gap,
CASE003011,ORD0020066,Complaint,Wrong Item,2026-04-25 16:47:50,2026-04-26 22:51:08,Resolved,30.06,0.0,Picking Error,5.0
CASE003012,ORD0020068,Refund,Missing Item,2026-06-01 00:33:30,2026-06-01 06:21:06,Resolved,5.79,272.24,Picking Error,2.0
CASE003013,ORD0020070,Complaint,Late Delivery,2026-06-03 09:51:19,2026-06-04 08:32:04,Resolved,22.68,0.0,Store Processing Delay,3.0
CASE003014,ORD0020074,Refund,Item Unavailable,2026-05-27 02:21:58,2026-05-27 15:59:47,Resolved,13.63,68.57,Inventory Mismatch,1.0
CASE003015,ORD0020077,Refund,Missing Item,2026-04-17 22:30:41,2026-04-17 23:52:23,Resolved,1.36,100.27,Picking Error,3.0
CASE003016,ORD0020079,Refund,Wrong Quantity,2026-06-22 01:31:52,2026-06-22 12:02:16,Resolved,10.51,87.33,Picking Error,2.0
CASE003017,ORD0020080,Refund,Missing Item,2026-05-30 05:02:44,2026-05-30 21:04:22,Resolved,16.03,726.53,Picking Error,2.0
CASE003018,ORD0020081,Refund,Missing Item,2026-06-03 05:07:22,2026-06-03 19:48:51,Resolved,14.69,80.48,Stock Reconciliation Gap,1.0
CASE003019,ORD0020084,Refund,Wrong Quantity,2026-06-05 16:45:36,2026-06-05 18:20:06,Resolved,1.57,750.01,Picking Error,2.0
CASE003020,ORD0020086,Refund,Missing Item,2026-05-27 04:47:33,,Open,,91.13,Stock Reconciliation Gap,
CASE003021,ORD0020091,Refund,Wrong Quantity,2026-05-26 03:02:14,2026-05-26 04:11:51,Escalated,1.16,156.03,Picking Error,5.0
CASE003022,ORD0020101,Refund,Missing Item,2026-06-02 18:46:12,2026-06-03 16:55:17,Resolved,22.15,606.12,Picking Error,4.0
CASE003023,ORD0020102,Refund,Item Unavailable,2026-05-04 11:57:28,2026-05-04 16:24:58,Resolved,4.46,668.63,Inventory Mismatch,4.0
CASE003024,ORD0020103,Refund,Wrong Quantity,2026-06-04 21:50:32,2026-06-07 23:50:55,Resolved,74.01,172.52,Packing Error,1.0
CASE003025,ORD0020105,Complaint,Late Delivery,2026-06-14 13:10:25,2026-06-15 00:42:11,Resolved,11.53,0.0,Rider Shortage,4.0
CASE003026,ORD0020112,Refund,Missing Item,2026-05-06 09:44:29,2026-05-06 23:33:36,Resolved,13.82,249.89,Stock Reconciliation Gap,2.0
CASE003027,ORD0020119,Refund,Item Unavailable,2026-06-01 02:00:14,2026-06-02 16:51:21,Resolved,38.85,208.73,Inventory Mismatch,1.0
CASE003028,ORD0020140,Refund,Missing Item,2026-04-29 22:19:01,2026-04-30 15:58:29,Resolved,17.66,91.92,Stock Reconciliation Gap,2.0
CASE003029,ORD0020157,Refund,Item Unavailable,2026-06-23 17:51:08,2026-06-24 04:52:22,Resolved,11.02,45.55,Replenishment Delay,4.0
CASE003030,ORD0020177,Refund,Refund Delay,2026-05-25 18:50:42,2026-05-25 23:43:37,Resolved,4.88,1100.77,Payment Gateway Delay,1.0
CASE003031,ORD0020181,Refund,Missing Item,2026-06-27 23:20:10,2026-06-28 05:20:29,Resolved,6.01,173.33,Stock Reconciliation Gap,3.0
CASE003032,ORD0020183,Refund,Missing Item,2026-06-22 23:39:17,2026-06-24 00:33:53,Resolved,24.91,477.98,Picking Error,1.0
CASE003033,ORD0020198,Refund,Wrong Quantity,2026-05-27 23:32:43,2026-05-28 14:21:15,Resolved,14.81,256.87,Packing Error,1.0
CASE003034,ORD0020205,Complaint,Late Delivery,2026-06-03 02:47:56,2026-06-04 08:56:11,Resolved,30.14,0.0,Rider Shortage,2.0
CASE003035,ORD0020215,Refund,Missing Item,2026-06-22 19:33:55,2026-06-24 15:43:05,Resolved,44.15,139.5,Stock Reconciliation Gap,1.0
CASE003036,ORD0020219,Refund,Item Unavailable,2026-04-17 02:53:36,2026-04-17 06:44:48,Escalated,3.85,402.76,Replenishment Delay,2.0
CASE003037,ORD0020224,Return,Wrong Item,2026-06-02 08:22:50,2026-06-03 04:16:49,Resolved,19.9,531.49,Picking Error,3.0
CASE003038,ORD0020242,Refund,Missing Item,2026-06-28 20:46:52,2026-06-29 16:58:34,Resolved,20.19,32.17,Picking Error,1.0
CASE003039,ORD0020247,Return,Damaged Product,2026-04-21 18:12:44,2026-04-22 17:27:18,Resolved,23.24,1097.5,Supplier Quality,2.0
CASE003040,ORD0020255,Refund,Missing Item,2026-05-05 19:47:15,2026-05-06 05:04:26,Resolved,9.29,489.28,Stock Reconciliation Gap,4.0
CASE003041,ORD0020289,Refund,Missing Item,2026-06-22 08:40:21,2026-06-22 20:23:21,Resolved,11.72,656.07,Picking Error,5.0
CASE003042,ORD0020308,Refund,Wrong Quantity,2026-04-19 16:43:25,,Open,,60.6,Packing Error,
CASE003043,ORD0020320,Refund,Wrong Quantity,2026-05-31 20:31:45,2026-06-01 01:49:36,Resolved,5.3,132.97,Picking Error,3.0
CASE003044,ORD0020326,Return,Damaged Product,2026-06-13 22:14:40,2026-06-14 16:41:47,Resolved,18.45,1025.62,Handling Issue,3.0
CASE003045,ORD0020336,Refund,Missing Item,2026-04-27 13:01:13,2026-04-27 14:09:14,Resolved,1.13,47.12,Stock Reconciliation Gap,2.0
CASE003046,ORD0020338,Return,Damaged Product,2026-04-12 01:39:23,2026-04-13 12:23:57,Resolved,34.74,255.27,Handling Issue,4.0
CASE003047,ORD0020342,Refund,Missing Item,2026-04-30 14:43:01,2026-05-01 04:51:47,Resolved,14.15,82.95,Stock Reconciliation Gap,2.0
CASE003048,ORD0020349,Complaint,Late Delivery,2026-05-17 02:53:23,2026-05-17 09:39:21,Escalated,6.77,0.0,Traffic Delay,4.0
CASE003049,ORD0020351,Refund,Missing Item,2026-06-06 03:43:51,2026-06-07 03:32:02,Resolved,23.8,103.18,Stock Reconciliation Gap,3.0
CASE003050,ORD0020352,Refund,Missing Item,2026-05-28 20:22:58,2026-05-30 10:39:34,Resolved,38.28,128.92,Stock Reconciliation Gap,5.0
CASE003051,ORD0020356,Refund,Missing Item,2026-06-07 13:48:46,2026-06-08 10:47:32,Resolved,20.98,143.22,Picking Error,4.0
CASE003052,ORD0020357,Complaint,Damaged Product,2026-04-28 22:02:42,2026-04-29 02:58:38,Resolved,4.93,0.0,Supplier Quality,2.0
CASE003053,ORD0020361,Complaint,Damaged Product,2026-06-29 01:51:11,2026-06-29 06:24:09,Resolved,4.55,0.0,Supplier Quality,2.0
CASE003054,ORD0020367,Refund,Wrong Quantity,2026-06-18 05:02:11,2026-06-18 17:36:00,Resolved,12.56,446.33,Picking Error,3.0
CASE003055,ORD0020368,Refund,Item Unavailable,2026-05-09 22:48:51,2026-05-10 08:16:33,Resolved,9.46,216.23,Inventory Mismatch,1.0
CASE003056,ORD0020381,Refund,Wrong Quantity,2026-05-15 03:22:33,2026-05-15 19:31:02,Resolved,16.14,93.9,Picking Error,2.0
CASE003057,ORD0020389,Refund,Item Unavailable,2026-04-27 13:35:42,2026-04-28 14:00:31,Resolved,24.41,135.37,Inventory Mismatch,1.0
CASE003058,ORD0020403,Refund,Refund Delay,2026-05-19 07:33:10,2026-05-19 17:21:30,Resolved,9.81,125.28,Payment Gateway Delay,5.0
CASE003059,ORD0020407,Return,Quality Issue,2026-05-02 15:22:50,2026-05-02 22:14:42,Resolved,6.86,640.38,Temperature Excursion,1.0
CASE003060,ORD0020409,Refund,Missing Item,2026-05-06 22:45:30,2026-05-07 09:58:57,Resolved,11.22,178.32,Stock Reconciliation Gap,5.0
CASE003061,ORD0020411,Refund,Missing Item,2026-05-04 23:11:58,2026-05-05 06:46:59,Resolved,7.58,169.93,Stock Reconciliation Gap,5.0
CASE003062,ORD0020416,Refund,Missing Item,2026-04-09 18:42:16,2026-04-10 11:47:55,Escalated,17.09,458.1,Stock Reconciliation Gap,1.0
CASE003063,ORD0020424,Refund,Wrong Quantity,2026-04-19 17:11:13,,Open,,104.87,Picking Error,
CASE003064,ORD0020426,Refund,Missing Item,2026-05-01 14:08:57,2026-05-01 21:31:24,Resolved,7.37,276.4,Stock Reconciliation Gap,1.0
CASE003065,ORD0020434,Refund,Missing Item,2026-06-08 11:49:19,2026-06-08 18:28:10,Resolved,6.65,210.74,Stock Reconciliation Gap,1.0
CASE003066,ORD0020439,Refund,Missing Item,2026-05-18 20:26:12,2026-05-19 14:51:25,Resolved,18.42,160.47,Picking Error,3.0
CASE003067,ORD0020446,Refund,Missing Item,2026-04-22 12:02:02,2026-04-22 23:29:17,Escalated,11.45,528.26,Picking Error,2.0
CASE003068,ORD0020452,Complaint,Late Delivery,2026-05-23 09:29:58,2026-05-24 08:55:14,Resolved,23.42,0.0,Rider Shortage,5.0
CASE003069,ORD0020456,Refund,Item Unavailable,2026-05-25 01:27:38,2026-05-25 14:19:28,Resolved,12.86,41.99,Inventory Mismatch,3.0
CASE003070,ORD0020461,Return,Quality Issue,2026-04-23 21:27:57,2026-04-24 03:16:23,Resolved,5.81,984.28,Supplier Quality,4.0
CASE003071,ORD0020469,Refund,Missing Item,2026-04-26 14:01:54,2026-04-27 06:38:33,Resolved,16.61,524.9,Picking Error,2.0
CASE003072,ORD0020471,Refund,Wrong Quantity,2026-04-05 23:18:40,2026-04-06 00:49:01,Resolved,1.51,80.62,Picking Error,5.0
CASE003073,ORD0020485,Refund,Wrong Quantity,2026-05-17 07:32:19,2026-05-18 10:36:22,Resolved,27.07,107.32,Picking Error,2.0
CASE003074,ORD0020489,Refund,Item Unavailable,2026-06-04 22:58:18,2026-06-05 09:54:52,Resolved,10.94,200.44,Inventory Mismatch,5.0
CASE003075,ORD0020497,Complaint,Quality Issue,2026-05-02 01:11:24,2026-05-02 03:19:05,Resolved,2.13,0.0,Supplier Quality,1.0
CASE003076,ORD0020503,Refund,Missing Item,2026-04-20 21:03:24,2026-04-21 02:55:48,Resolved,5.87,92.0,Picking Error,4.0
CASE003077,ORD0020514,Refund,Missing Item,2026-06-06 14:41:16,2026-06-06 23:51:34,Escalated,9.17,352.94,Picking Error,1.0
CASE003078,ORD0020524,Return,Damaged Product,2026-05-14 22:43:52,2026-05-15 10:51:26,Resolved,12.13,65.59,Supplier Quality,5.0
CASE003079,ORD0020528,Refund,Missing Item,2026-04-19 11:41:19,2026-04-19 21:33:13,Resolved,9.86,131.57,Stock Reconciliation Gap,4.0
CASE003080,ORD0020534,Refund,Item Unavailable,2026-05-18 02:55:27,2026-05-20 01:54:15,Resolved,46.98,52.15,Replenishment Delay,2.0
CASE003081,ORD0020536,Refund,Item Unavailable,2026-06-27 17:53:03,2026-06-28 10:13:41,Resolved,16.34,62.61,Inventory Mismatch,3.0
CASE003082,ORD0020542,Refund,Missing Item,2026-04-21 09:13:21,2026-04-21 20:06:27,Resolved,10.89,396.36,Stock Reconciliation Gap,1.0
CASE003083,ORD0020543,Complaint,Damaged Product,2026-04-07 10:46:36,,Open,,0.0,Supplier Quality,
CASE003084,ORD0020551,Refund,Item Unavailable,2026-05-04 10:27:17,2026-05-05 16:28:49,Resolved,30.03,515.36,Replenishment Delay,3.0
CASE003085,ORD0020561,Refund,Missing Item,2026-05-18 11:47:59,2026-05-18 22:06:55,Resolved,10.32,311.91,Picking Error,3.0
CASE003086,ORD0020564,Refund,Item Unavailable,2026-05-15 16:41:20,2026-05-15 21:50:46,Resolved,5.16,96.4,Replenishment Delay,3.0
CASE003087,ORD0020569,Refund,Item Unavailable,2026-06-06 05:46:12,2026-06-06 11:19:18,Escalated,5.55,249.08,Replenishment Delay,2.0
CASE003088,ORD0020577,Refund,Item Unavailable,2026-05-23 00:13:29,2026-05-23 01:48:54,Resolved,1.59,1157.84,Inventory Mismatch,1.0
CASE003089,ORD0020579,Refund,Missing Item,2026-05-22 02:36:40,2026-05-22 13:15:14,Resolved,10.64,340.75,Picking Error,1.0
CASE003090,ORD0020583,Refund,Missing Item,2026-06-24 17:39:20,2026-06-25 06:25:37,Escalated,12.77,151.16,Picking Error,3.0
CASE003091,ORD0020596,Return,Quality Issue,2026-05-04 01:06:07,2026-05-06 23:58:30,Resolved,70.87,1885.67,Temperature Excursion,3.0
CASE003092,ORD0020604,Refund,Missing Item,2026-05-30 23:30:57,2026-05-31 12:48:48,Resolved,13.3,488.48,Picking Error,5.0
CASE003093,ORD0020615,Refund,Missing Item,2026-05-03 09:45:14,2026-05-03 20:30:50,Resolved,10.76,353.75,Stock Reconciliation Gap,5.0
CASE003094,ORD0020616,Refund,Wrong Quantity,2026-06-21 19:10:40,2026-06-22 19:41:04,Resolved,24.51,131.8,Picking Error,2.0
CASE003095,ORD0020618,Complaint,Rider Behaviour,2026-06-03 17:21:40,2026-06-03 19:46:06,Resolved,2.41,0.0,Conduct Issue,5.0
CASE003096,ORD0020623,Complaint,Wrong Item,2026-04-27 17:16:56,2026-04-28 08:40:10,Resolved,15.39,0.0,Catalog Mapping Error,3.0
CASE003097,ORD0020633,Refund,Wrong Quantity,2026-05-17 21:27:53,2026-05-18 11:19:37,Resolved,13.86,264.3,Picking Error,1.0
CASE003098,ORD0020647,Refund,Missing Item,2026-06-08 15:52:02,2026-06-08 22:07:16,Escalated,6.25,337.69,Picking Error,1.0
CASE003099,ORD0020648,Return,Damaged Product,2026-04-07 11:06:12,2026-04-07 15:48:14,Resolved,4.7,168.17,Handling Issue,4.0
CASE003100,ORD0020650,Return,Damaged Product,2026-04-17 11:44:56,2026-04-18 05:47:36,Resolved,18.04,5008.86,Handling Issue,5.0
CASE003101,ORD0020657,Refund,Missing Item,2026-05-27 15:06:49,2026-05-28 01:32:22,Escalated,10.43,154.81,Picking Error,2.0
CASE003102,ORD0020675,Return,Damaged Product,2026-04-15 02:52:07,2026-04-15 21:52:06,Resolved,19.0,568.76,Supplier Quality,2.0
CASE003103,ORD0020677,Refund,Wrong Quantity,2026-04-16 19:31:19,2026-04-17 16:59:56,Resolved,21.48,196.35,Picking Error,5.0
CASE003104,ORD0020683,Refund,Wrong Quantity,2026-04-21 19:24:33,2026-04-22 06:11:14,Resolved,10.78,76.56,Packing Error,3.0
CASE003105,ORD0020701,Refund,Item Unavailable,2026-04-25 21:44:52,2026-04-26 06:14:05,Resolved,8.49,424.18,Inventory Mismatch,4.0
CASE003106,ORD0020703,Refund,Item Unavailable,2026-04-28 19:34:47,2026-04-30 03:34:59,Resolved,32.0,210.38,Inventory Mismatch,5.0
CASE003107,ORD0020706,Refund,Item Unavailable,2026-05-29 18:14:53,2026-05-30 00:18:35,Resolved,6.06,237.56,Inventory Mismatch,1.0
CASE003108,ORD0020711,Refund,Missing Item,2026-04-19 16:10:40,2026-04-20 06:06:56,Resolved,13.94,467.27,Picking Error,1.0
CASE003109,ORD0020715,Refund,Item Unavailable,2026-05-18 00:43:55,2026-05-19 00:07:08,Escalated,23.39,203.85,Replenishment Delay,1.0
CASE003110,ORD0020731,Refund,Missing Item,2026-06-04 20:02:36,2026-06-05 12:09:24,Resolved,16.11,275.23,Picking Error,4.0
CASE003111,ORD0020747,Refund,Item Unavailable,2026-06-23 18:17:23,2026-06-24 04:05:09,Resolved,9.8,171.27,Inventory Mismatch,1.0
CASE003112,ORD0020768,Refund,Item Unavailable,2026-04-25 12:08:37,,Open,,419.24,Inventory Mismatch,
CASE003113,ORD0020774,Refund,Missing Item,2026-06-29 15:07:34,2026-06-30 00:07:05,Resolved,8.99,95.21,Picking Error,3.0
CASE003114,ORD0020777,Complaint,Late Delivery,2026-04-17 02:15:13,2026-04-18 00:16:20,Resolved,22.02,0.0,Rider Shortage,3.0
CASE003115,ORD0020783,Refund,Item Unavailable,2026-04-05 18:39:05,2026-04-06 11:59:01,Resolved,17.33,606.29,Replenishment Delay,3.0
CASE003116,ORD0020785,Complaint,Quality Issue,2026-05-24 02:50:44,2026-05-24 08:48:28,Resolved,5.96,0.0,Expiry Risk,4.0
CASE003117,ORD0020788,Refund,Missing Item,2026-04-13 18:31:31,2026-04-14 04:27:13,Resolved,9.93,158.11,Stock Reconciliation Gap,5.0
CASE003118,ORD0020791,Refund,Missing Item,2026-06-07 03:02:01,2026-06-07 18:33:44,Resolved,15.53,170.35,Picking Error,4.0
CASE003119,ORD0020795,Refund,Missing Item,2026-05-13 12:36:44,2026-05-15 12:52:18,Escalated,48.26,66.69,Picking Error,5.0
CASE003120,ORD0020796,Complaint,Quality Issue,2026-06-26 13:19:27,2026-06-27 05:55:51,Resolved,16.61,0.0,Supplier Quality,5.0
CASE003121,ORD0020802,Refund,Missing Item,2026-05-20 05:13:19,2026-05-20 14:30:48,Escalated,9.29,250.56,Picking Error,1.0
CASE003122,ORD0020803,Refund,Item Unavailable,2026-05-11 23:54:53,2026-05-12 10:45:25,Resolved,10.84,272.45,Inventory Mismatch,5.0
CASE003123,ORD0020807,Refund,Missing Item,2026-06-03 13:05:44,2026-06-04 12:22:22,Resolved,23.28,55.19,Picking Error,2.0
CASE003124,ORD0020808,Refund,Item Unavailable,2026-05-18 05:53:53,2026-05-18 18:53:09,Escalated,12.99,35.38,Inventory Mismatch,3.0
CASE003125,ORD0020812,Refund,Missing Item,2026-06-12 07:26:40,2026-06-12 16:08:21,Resolved,8.69,183.22,Stock Reconciliation Gap,4.0
CASE003126,ORD0020833,Refund,Missing Item,2026-05-05 09:40:20,2026-05-06 00:57:25,Resolved,15.28,67.44,Picking Error,1.0
CASE003127,ORD0020834,Refund,Item Unavailable,2026-06-29 01:11:01,2026-06-29 08:22:56,Resolved,7.2,69.08,Replenishment Delay,4.0
CASE003128,ORD0020852,Refund,Wrong Quantity,2026-06-15 16:13:53,2026-06-17 03:23:58,Resolved,35.17,104.47,Picking Error,1.0
CASE003129,ORD0020857,Complaint,Damaged Product,2026-05-14 09:35:05,2026-05-14 17:26:21,Escalated,7.85,0.0,Supplier Quality,3.0
CASE003130,ORD0020859,Refund,Missing Item,2026-05-27 02:54:53,2026-05-27 21:35:55,Resolved,18.68,106.48,Stock Reconciliation Gap,5.0
CASE003131,ORD0020867,Complaint,Rider Behaviour,2026-04-22 21:42:34,2026-04-23 22:38:33,Resolved,24.93,0.0,Training Gap,5.0
CASE003132,ORD0020871,Refund,Item Unavailable,2026-05-10 08:29:00,2026-05-12 13:47:14,Escalated,53.3,206.96,Inventory Mismatch,1.0
CASE003133,ORD0020879,Complaint,Late Delivery,2026-06-12 15:15:58,2026-06-12 18:49:15,Resolved,3.55,0.0,Store Processing Delay,2.0
CASE003134,ORD0020882,Refund,Missing Item,2026-06-16 23:54:31,2026-06-18 01:45:21,Resolved,25.85,83.64,Stock Reconciliation Gap,3.0
CASE003135,ORD0020899,Complaint,Quality Issue,2026-04-21 05:57:48,,Open,,0.0,Supplier Quality,
CASE003136,ORD0020917,Complaint,Quality Issue,2026-04-08 05:09:16,2026-04-09 04:08:40,Resolved,22.99,0.0,Supplier Quality,2.0
CASE003137,ORD0020933,Complaint,Wrong Item,2026-06-08 16:48:38,2026-06-10 01:25:02,Resolved,32.61,0.0,Picking Error,2.0
CASE003138,ORD0020960,Refund,Missing Item,2026-05-26 07:13:02,2026-05-26 20:24:24,Resolved,13.19,68.39,Picking Error,4.0
CASE003139,ORD0020964,Refund,Wrong Quantity,2026-06-22 04:11:24,2026-06-23 16:18:38,Resolved,36.12,321.3,Picking Error,4.0
CASE003140,ORD0020973,Refund,Item Unavailable,2026-04-26 18:24:45,2026-04-27 08:15:54,Resolved,13.85,266.34,Replenishment Delay,3.0
CASE003141,ORD0020988,Refund,Missing Item,2026-05-19 22:01:03,2026-05-20 04:30:27,Resolved,6.49,67.59,Stock Reconciliation Gap,5.0
CASE003142,ORD0021003,Refund,Missing Item,2026-06-30 04:17:40,2026-07-02 17:20:35,Resolved,61.05,161.41,Stock Reconciliation Gap,2.0
CASE003143,ORD0021010,Refund,Missing Item,2026-05-05 05:33:10,2026-05-05 18:35:33,Resolved,13.04,339.4,Stock Reconciliation Gap,3.0
CASE003144,ORD0021018,Refund,Wrong Quantity,2026-05-20 12:42:55,2026-05-21 05:24:01,Resolved,16.69,105.03,Packing Error,1.0
CASE003145,ORD0021027,Refund,Missing Item,2026-06-09 08:16:46,2026-06-09 21:55:35,Resolved,13.65,209.66,Picking Error,3.0
CASE003146,ORD0021030,Refund,Missing Item,2026-04-16 12:09:54,2026-04-17 04:26:05,Resolved,16.27,84.73,Picking Error,5.0
CASE003147,ORD0021035,Refund,Wrong Quantity,2026-04-24 12:26:03,2026-04-26 04:16:54,Resolved,39.85,224.41,Picking Error,3.0
CASE003148,ORD0021039,Return,Quality Issue,2026-05-10 21:37:29,2026-05-12 08:51:08,Resolved,35.23,1281.62,Supplier Quality,1.0
CASE003149,ORD0021042,Refund,Wrong Quantity,2026-04-13 13:49:58,2026-04-15 15:03:23,Resolved,49.22,169.94,Packing Error,3.0
CASE003150,ORD0021056,Refund,Refund Delay,2026-06-10 08:24:11,2026-06-10 22:02:25,Resolved,13.64,142.96,Manual Review,4.0
CASE003151,ORD0021071,Refund,Item Unavailable,2026-04-27 13:42:47,2026-04-27 15:37:38,Resolved,1.91,511.02,Replenishment Delay,3.0
CASE003152,ORD0021077,Complaint,Damaged Product,2026-06-24 20:55:07,2026-06-25 09:18:33,Resolved,12.39,0.0,Poor Packaging,2.0
CASE003153,ORD0021084,Refund,Wrong Quantity,2026-06-01 03:04:43,2026-06-01 14:01:47,Resolved,10.95,185.43,Packing Error,5.0
CASE003154,ORD0021086,Refund,Missing Item,2026-05-19 02:37:26,2026-05-19 10:51:48,Resolved,8.24,343.13,Stock Reconciliation Gap,3.0
CASE003155,ORD0021087,Refund,Item Unavailable,2026-06-16 14:48:30,2026-06-17 02:03:23,Resolved,11.25,106.74,Replenishment Delay,5.0
CASE003156,ORD0021094,Refund,Cancellation Dispute,2026-04-18 11:04:25,2026-04-18 18:33:08,Resolved,7.48,766.55,Policy Misunderstanding,1.0
CASE003157,ORD0021101,Refund,Wrong Quantity,2026-06-14 01:25:36,2026-06-14 16:36:43,Resolved,15.19,217.78,Picking Error,2.0
CASE003158,ORD0021105,Refund,Missing Item,2026-05-08 14:58:14,2026-05-09 03:01:58,Resolved,12.06,48.56,Stock Reconciliation Gap,1.0
CASE003159,ORD0021113,Refund,Missing Item,2026-04-15 19:33:14,2026-04-16 15:37:14,Resolved,20.07,70.38,Picking Error,3.0
CASE003160,ORD0021123,Refund,Missing Item,2026-05-29 21:00:03,2026-05-31 03:40:18,Escalated,30.67,49.28,Stock Reconciliation Gap,1.0
CASE003161,ORD0021148,Refund,Missing Item,2026-06-14 16:31:11,2026-06-15 07:09:34,Resolved,14.64,197.81,Picking Error,2.0
CASE003162,ORD0021150,Refund,Missing Item,2026-06-29 17:52:46,2026-07-01 02:06:02,Resolved,32.22,144.6,Picking Error,3.0
CASE003163,ORD0021170,Refund,Missing Item,2026-04-03 14:17:05,2026-04-04 04:26:22,Resolved,14.15,168.89,Stock Reconciliation Gap,3.0
CASE003164,ORD0021174,Complaint,Quality Issue,2026-06-09 23:03:30,2026-06-10 09:47:51,Resolved,10.74,0.0,Expiry Risk,5.0
CASE003165,ORD0021179,Complaint,Quality Issue,2026-06-06 07:43:20,2026-06-06 11:55:46,Resolved,4.21,0.0,Expiry Risk,3.0
CASE003166,ORD0021182,Refund,Item Unavailable,2026-06-03 09:44:01,,Open,,123.54,Inventory Mismatch,
CASE003167,ORD0021188,Refund,Item Unavailable,2026-05-16 06:24:32,2026-05-17 01:56:54,Resolved,19.54,35.2,Inventory Mismatch,2.0
CASE003168,ORD0021192,Refund,Missing Item,2026-05-13 00:36:07,2026-05-13 09:33:35,Resolved,8.96,310.9,Stock Reconciliation Gap,5.0
CASE003169,ORD0021199,Refund,Item Unavailable,2026-05-24 03:58:58,2026-05-24 15:52:00,Resolved,11.88,154.68,Replenishment Delay,4.0
CASE003170,ORD0021200,Complaint,Late Delivery,2026-06-13 14:21:16,2026-06-14 07:53:50,Resolved,17.54,0.0,Traffic Delay,3.0
CASE003171,ORD0021215,Refund,Missing Item,2026-06-12 02:41:10,2026-06-12 16:17:58,Resolved,13.61,642.9,Picking Error,3.0
CASE003172,ORD0021220,Refund,Item Unavailable,2026-04-12 15:20:57,2026-04-13 09:21:43,Resolved,18.01,34.76,Inventory Mismatch,2.0
CASE003173,ORD0021227,Refund,Missing Item,2026-06-20 10:48:54,2026-06-21 00:54:52,Resolved,14.1,102.0,Picking Error,1.0
CASE003174,ORD0021244,Refund,Item Unavailable,2026-05-22 11:15:54,2026-05-23 19:06:12,Resolved,31.84,94.31,Inventory Mismatch,4.0
CASE003175,ORD0021246,Return,Quality Issue,2026-06-30 01:03:48,2026-06-30 07:22:38,Resolved,6.31,527.67,Expiry Risk,2.0
CASE003176,ORD0021255,Refund,Missing Item,2026-05-28 22:06:21,2026-05-29 04:52:57,Resolved,6.78,450.9,Stock Reconciliation Gap,2.0
CASE003177,ORD0021256,Refund,Missing Item,2026-06-01 06:22:27,2026-06-02 02:59:39,Resolved,20.62,245.49,Stock Reconciliation Gap,5.0
CASE003178,ORD0021260,Refund,Item Unavailable,2026-05-07 23:58:14,2026-05-08 02:43:24,Resolved,2.75,358.28,Inventory Mismatch,2.0
CASE003179,ORD0021268,Refund,Missing Item,2026-04-26 23:50:55,2026-04-27 20:23:51,Resolved,20.55,124.52,Stock Reconciliation Gap,2.0
CASE003180,ORD0021293,Refund,Item Unavailable,2026-06-23 23:58:27,2026-06-24 12:18:26,Resolved,12.33,236.44,Replenishment Delay,1.0
CASE003181,ORD0021299,Refund,Wrong Quantity,2026-04-27 00:05:55,2026-04-27 18:19:23,Resolved,18.22,818.06,Picking Error,1.0
CASE003182,ORD0021307,Refund,Missing Item,2026-05-26 06:51:36,2026-05-26 13:52:32,Resolved,7.02,247.32,Picking Error,2.0
CASE003183,ORD0021312,Refund,Missing Item,2026-05-03 21:28:29,2026-05-04 05:03:35,Resolved,7.58,507.2,Picking Error,1.0
CASE003184,ORD0021315,Refund,Missing Item,2026-04-06 11:59:11,2026-04-06 13:53:26,Resolved,1.9,177.78,Picking Error,3.0
CASE003185,ORD0021317,Complaint,Wrong Item,2026-04-05 05:38:24,2026-04-06 15:34:22,Resolved,33.93,0.0,Picking Error,5.0
CASE003186,ORD0021318,Complaint,Late Delivery,2026-05-10 05:58:44,2026-05-11 02:07:59,Resolved,20.15,0.0,Rider Shortage,2.0
CASE003187,ORD0021320,Refund,Missing Item,2026-05-20 03:34:55,2026-05-21 00:08:43,Resolved,20.56,155.11,Picking Error,5.0
CASE003188,ORD0021324,Return,Quality Issue,2026-04-22 19:37:51,2026-04-23 05:50:46,Escalated,10.22,386.5,Supplier Quality,4.0
CASE003189,ORD0021329,Return,Damaged Product,2026-05-17 03:32:09,2026-05-17 22:41:34,Resolved,19.16,4194.25,Supplier Quality,4.0
CASE003190,ORD0021333,Refund,Missing Item,2026-06-07 10:44:05,2026-06-08 02:42:15,Resolved,15.97,136.35,Stock Reconciliation Gap,5.0
CASE003191,ORD0021335,Refund,Missing Item,2026-04-26 07:31:40,2026-04-27 14:55:47,Resolved,31.4,203.11,Stock Reconciliation Gap,2.0
CASE003192,ORD0021352,Refund,Missing Item,2026-04-29 19:19:39,2026-04-30 06:31:26,Resolved,11.2,131.73,Picking Error,5.0
CASE003193,ORD0021360,Refund,Missing Item,2026-04-25 00:41:59,2026-04-25 21:59:05,Resolved,21.28,103.34,Picking Error,1.0
CASE003194,ORD0021363,Complaint,Rider Behaviour,2026-05-03 12:17:46,2026-05-04 15:16:57,Resolved,26.99,0.0,Training Gap,3.0
CASE003195,ORD0021366,Refund,Item Unavailable,2026-04-09 20:55:06,2026-04-10 20:19:01,Resolved,23.4,624.12,Inventory Mismatch,1.0
CASE003196,ORD0021367,Refund,Wrong Quantity,2026-06-08 12:00:08,2026-06-09 01:51:40,Resolved,13.86,318.35,Packing Error,3.0
CASE003197,ORD0021370,Refund,Refund Delay,2026-04-19 19:38:13,2026-04-20 07:24:25,Resolved,11.77,4288.96,Manual Review,3.0
CASE003198,ORD0021371,Refund,Missing Item,2026-04-29 02:34:12,2026-04-30 05:12:09,Resolved,26.63,147.03,Picking Error,5.0
CASE003199,ORD0021376,Refund,Payment Issue,2026-05-17 22:47:05,2026-05-18 09:38:30,Escalated,10.86,247.34,Bank Decline,3.0
CASE003200,ORD0021383,Refund,Missing Item,2026-04-20 16:08:31,2026-04-20 22:50:52,Resolved,6.71,112.08,Picking Error,4.0
CASE003201,ORD0021385,Complaint,Late Delivery,2026-04-20 07:13:26,2026-04-21 21:45:51,Resolved,38.54,0.0,Traffic Delay,1.0
CASE003202,ORD0021389,Complaint,Quality Issue,2026-06-25 00:28:03,2026-06-25 10:46:07,Resolved,10.3,0.0,Temperature Excursion,3.0
CASE003203,ORD0021392,Refund,Missing Item,2026-04-03 16:19:23,2026-04-03 19:44:21,Resolved,3.42,114.66,Picking Error,3.0
CASE003204,ORD0021396,Refund,Missing Item,2026-06-11 12:15:46,2026-06-12 16:09:52,Resolved,27.9,405.34,Stock Reconciliation Gap,4.0
CASE003205,ORD0021401,Refund,Missing Item,2026-06-01 22:50:17,2026-06-02 09:45:50,Resolved,10.93,261.27,Picking Error,4.0
CASE003206,ORD0021402,Return,Quality Issue,2026-05-11 05:48:04,2026-05-13 20:42:03,Resolved,62.9,446.43,Expiry Risk,5.0
CASE003207,ORD0021415,Refund,Item Unavailable,2026-05-12 23:24:40,2026-05-13 15:12:55,Resolved,15.8,168.61,Inventory Mismatch,1.0
CASE003208,ORD0021419,Complaint,Late Delivery,2026-05-15 15:32:49,2026-05-16 10:26:56,Resolved,18.9,0.0,Traffic Delay,2.0
CASE003209,ORD0021420,Refund,Missing Item,2026-04-29 23:04:25,2026-04-30 03:05:52,Resolved,4.02,442.52,Picking Error,1.0
CASE003210,ORD0021438,Refund,Wrong Quantity,2026-06-19 14:39:11,2026-06-20 21:24:16,Resolved,30.75,65.71,Packing Error,4.0
CASE003211,ORD0021447,Refund,Item Unavailable,2026-04-13 03:00:08,2026-04-15 00:11:59,Resolved,45.2,387.24,Inventory Mismatch,2.0
CASE003212,ORD0021475,Refund,Wrong Quantity,2026-06-10 03:57:49,2026-06-10 11:34:38,Resolved,7.61,29.23,Picking Error,4.0
CASE003213,ORD0021479,Refund,Missing Item,2026-04-13 01:28:42,2026-04-13 13:37:35,Resolved,12.15,270.0,Picking Error,1.0
CASE003214,ORD0021484,Complaint,Wrong Item,2026-05-22 18:53:10,2026-05-23 07:49:50,Resolved,12.94,0.0,Picking Error,5.0
CASE003215,ORD0021488,Refund,Missing Item,2026-04-15 12:55:53,2026-04-16 04:01:47,Resolved,15.1,451.52,Stock Reconciliation Gap,2.0
CASE003216,ORD0021489,Refund,Wrong Quantity,2026-05-01 12:39:41,2026-05-02 13:01:04,Resolved,24.36,235.65,Packing Error,3.0
CASE003217,ORD0021491,Refund,Missing Item,2026-04-10 02:13:48,2026-04-10 07:39:02,Resolved,5.42,94.2,Picking Error,1.0
CASE003218,ORD0021502,Refund,Missing Item,2026-06-17 05:46:15,2026-06-18 16:19:24,Resolved,34.55,796.21,Picking Error,4.0
CASE003219,ORD0021513,Refund,Missing Item,2026-04-03 19:38:09,,Open,,841.5,Picking Error,
CASE003220,ORD0021520,Complaint,Late Delivery,2026-04-22 23:07:37,2026-04-23 06:17:23,Resolved,7.16,0.0,Rider Shortage,5.0
CASE003221,ORD0021522,Refund,Item Unavailable,2026-06-28 21:45:25,2026-06-29 07:13:49,Resolved,9.47,180.7,Replenishment Delay,5.0
CASE003222,ORD0021525,Refund,Missing Item,2026-05-11 23:42:43,2026-05-12 03:33:55,Resolved,3.85,115.58,Picking Error,4.0
CASE003223,ORD0021535,Refund,Missing Item,2026-05-10 01:50:18,2026-05-10 09:25:08,Resolved,7.58,284.77,Stock Reconciliation Gap,2.0
CASE003224,ORD0021541,Complaint,Damaged Product,2026-06-19 20:26:35,2026-06-21 14:37:06,Resolved,42.18,0.0,Handling Issue,5.0
CASE003225,ORD0021542,Refund,Item Unavailable,2026-06-15 21:58:35,2026-06-16 14:50:01,Resolved,16.86,200.18,Inventory Mismatch,2.0
CASE003226,ORD0021554,Complaint,Quality Issue,2026-06-05 01:06:17,2026-06-06 01:57:29,Resolved,24.85,0.0,Expiry Risk,1.0
CASE003227,ORD0021555,Refund,Wrong Quantity,2026-06-15 01:38:35,2026-06-15 22:27:26,Resolved,20.81,528.79,Packing Error,2.0
CASE003228,ORD0021565,Refund,Item Unavailable,2026-06-11 22:44:27,2026-06-12 08:21:37,Resolved,9.62,279.88,Inventory Mismatch,3.0
CASE003229,ORD0021571,Refund,Wrong Quantity,2026-05-05 08:46:22,2026-05-06 08:12:38,Resolved,23.44,75.35,Picking Error,2.0
CASE003230,ORD0021575,Refund,Missing Item,2026-05-03 16:49:46,2026-05-04 08:00:34,Resolved,15.18,127.11,Picking Error,2.0
CASE003231,ORD0021576,Refund,Missing Item,2026-05-14 21:52:02,2026-05-15 04:47:35,Resolved,6.93,67.45,Picking Error,1.0
CASE003232,ORD0021581,Return,Wrong Item,2026-04-06 10:18:00,2026-04-07 06:11:21,Resolved,19.89,81.11,Picking Error,3.0
CASE003233,ORD0021583,Return,Damaged Product,2026-04-29 13:28:22,2026-04-30 04:42:09,Resolved,15.23,511.23,Handling Issue,1.0
CASE003234,ORD0021584,Refund,Missing Item,2026-06-09 01:29:14,2026-06-09 12:44:47,Resolved,11.26,314.55,Picking Error,2.0
CASE003235,ORD0021587,Refund,Missing Item,2026-06-18 17:20:15,2026-06-20 04:30:41,Resolved,35.17,810.75,Picking Error,1.0
CASE003236,ORD0021594,Complaint,Late Delivery,2026-04-16 10:05:47,2026-04-17 04:12:42,Resolved,18.12,0.0,Traffic Delay,4.0
CASE003237,ORD0021622,Return,Quality Issue,2026-04-27 01:18:35,,Open,,2863.44,Temperature Excursion,
CASE003238,ORD0021625,Refund,Missing Item,2026-04-09 07:19:10,2026-04-10 15:40:59,Resolved,32.36,545.56,Picking Error,5.0
CASE003239,ORD0021639,Return,Wrong Item,2026-06-09 08:29:14,2026-06-09 17:34:43,Resolved,9.09,551.36,Catalog Mapping Error,1.0
CASE003240,ORD0021648,Refund,Missing Item,2026-06-07 22:45:49,2026-06-08 18:23:36,Resolved,19.63,417.24,Stock Reconciliation Gap,4.0
CASE003241,ORD0021649,Refund,Item Unavailable,2026-04-27 13:26:34,2026-04-29 10:58:11,Escalated,45.53,25.29,Inventory Mismatch,5.0
CASE003242,ORD0021651,Refund,Item Unavailable,2026-06-14 03:24:40,2026-06-14 10:33:06,Escalated,7.14,115.2,Inventory Mismatch,1.0
CASE003243,ORD0021657,Refund,Item Unavailable,2026-06-06 16:45:07,2026-06-07 09:11:14,Resolved,16.44,108.24,Inventory Mismatch,2.0
CASE003244,ORD0021661,Refund,Missing Item,2026-04-22 23:30:04,,Open,,126.83,Picking Error,
CASE003245,ORD0021664,Refund,Missing Item,2026-04-21 15:43:46,,Open,,51.71,Picking Error,
CASE003246,ORD0021668,Complaint,Damaged Product,2026-05-17 19:07:32,2026-05-18 17:37:47,Resolved,22.5,0.0,Poor Packaging,5.0
CASE003247,ORD0021673,Refund,Item Unavailable,2026-05-12 18:35:42,2026-05-13 11:40:17,Resolved,17.08,265.57,Replenishment Delay,4.0
CASE003248,ORD0021681,Refund,Item Unavailable,2026-05-07 08:17:46,2026-05-07 20:38:03,Resolved,12.34,69.14,Replenishment Delay,1.0
CASE003249,ORD0021682,Refund,Wrong Quantity,2026-06-12 08:10:09,2026-06-13 07:35:31,Resolved,23.42,66.46,Packing Error,1.0
CASE003250,ORD0021689,Return,Damaged Product,2026-06-28 12:19:31,2026-06-28 17:02:48,Resolved,4.72,455.44,Handling Issue,2.0
CASE003251,ORD0021696,Refund,Missing Item,2026-04-04 00:58:37,2026-04-04 11:09:08,Resolved,10.18,76.06,Stock Reconciliation Gap,1.0
CASE003252,ORD0021701,Refund,Missing Item,2026-04-22 07:32:47,2026-04-22 14:34:28,Resolved,7.03,81.91,Picking Error,4.0
CASE003253,ORD0021713,Refund,Missing Item,2026-04-15 22:12:46,2026-04-16 11:15:08,Resolved,13.04,132.54,Picking Error,3.0
CASE003254,ORD0021715,Refund,Wrong Quantity,2026-06-08 18:32:25,2026-06-09 01:30:34,Resolved,6.97,190.01,Picking Error,2.0
CASE003255,ORD0021717,Refund,Wrong Quantity,2026-06-29 18:16:24,2026-06-30 14:15:17,Resolved,19.98,116.17,Picking Error,2.0
CASE003256,ORD0021718,Refund,Missing Item,2026-06-25 02:28:32,2026-06-25 16:00:36,Resolved,13.53,444.94,Stock Reconciliation Gap,1.0
CASE003257,ORD0021722,Refund,Wrong Quantity,2026-06-27 06:29:35,,Open,,233.4,Packing Error,
CASE003258,ORD0021727,Refund,Item Unavailable,2026-04-26 19:44:08,2026-04-27 00:58:21,Resolved,5.24,562.82,Replenishment Delay,1.0
CASE003259,ORD0021729,Refund,Item Unavailable,2026-06-13 03:17:28,2026-06-15 15:09:44,Resolved,59.87,100.94,Inventory Mismatch,3.0
CASE003260,ORD0021742,Refund,Item Unavailable,2026-05-24 21:08:44,2026-05-26 02:38:23,Resolved,29.49,226.83,Replenishment Delay,1.0
CASE003261,ORD0021749,Refund,Missing Item,2026-06-22 10:52:49,2026-06-22 22:58:31,Resolved,12.1,263.72,Picking Error,1.0
CASE003262,ORD0021750,Refund,Wrong Quantity,2026-05-30 19:18:12,2026-05-31 02:26:55,Resolved,7.15,184.25,Packing Error,2.0
CASE003263,ORD0021760,Refund,Missing Item,2026-06-18 11:34:13,,Open,,277.2,Stock Reconciliation Gap,
CASE003264,ORD0021765,Refund,Missing Item,2026-04-24 03:43:04,2026-04-25 02:54:56,Resolved,23.2,52.81,Stock Reconciliation Gap,2.0
CASE003265,ORD0021776,Refund,Wrong Quantity,2026-06-23 14:47:43,2026-06-24 10:56:10,Resolved,20.14,199.28,Packing Error,1.0
CASE003266,ORD0021782,Refund,Item Unavailable,2026-04-13 07:03:51,2026-04-13 16:53:01,Resolved,9.82,151.79,Replenishment Delay,5.0
CASE003267,ORD0021789,Refund,Refund Delay,2026-05-14 05:45:53,2026-05-14 14:13:41,Resolved,8.46,2112.91,Manual Review,4.0
CASE003268,ORD0021796,Refund,Item Unavailable,2026-05-12 15:07:04,2026-05-12 16:33:52,Resolved,1.45,77.43,Inventory Mismatch,4.0
CASE003269,ORD0021799,Refund,Refund Delay,2026-05-29 05:58:31,2026-05-29 12:55:26,Resolved,6.95,396.97,Payment Gateway Delay,3.0
CASE003270,ORD0021804,Refund,Missing Item,2026-06-28 18:50:47,2026-06-29 16:00:36,Resolved,21.16,152.11,Picking Error,3.0
CASE003271,ORD0021833,Refund,Missing Item,2026-06-15 19:08:29,2026-06-16 23:41:38,Resolved,28.55,204.01,Picking Error,1.0
CASE003272,ORD0021836,Refund,Missing Item,2026-05-16 18:59:13,2026-05-17 10:47:57,Resolved,15.81,211.73,Stock Reconciliation Gap,1.0
CASE003273,ORD0021844,Refund,Missing Item,2026-04-06 01:52:54,2026-04-07 02:50:10,Resolved,24.95,139.41,Picking Error,1.0
CASE003274,ORD0021860,Complaint,Damaged Product,2026-06-12 15:00:54,2026-06-13 07:07:27,Resolved,16.11,0.0,Supplier Quality,5.0
CASE003275,ORD0021867,Refund,Missing Item,2026-06-03 14:31:07,2026-06-03 23:48:43,Resolved,9.29,74.13,Stock Reconciliation Gap,4.0
CASE003276,ORD0021874,Return,Wrong Item,2026-06-27 00:45:07,2026-06-27 11:34:47,Resolved,10.83,207.17,Picking Error,4.0
CASE003277,ORD0021877,Refund,Refund Delay,2026-06-30 07:17:18,2026-06-30 12:14:55,Resolved,4.96,1100.03,Manual Review,3.0
CASE003278,ORD0021878,Refund,Missing Item,2026-04-25 00:52:48,2026-04-25 05:10:26,Resolved,4.29,252.5,Picking Error,1.0
CASE003279,ORD0021897,Refund,Item Unavailable,2026-05-21 21:27:12,2026-05-21 23:28:59,Resolved,2.03,58.91,Replenishment Delay,1.0
CASE003280,ORD0021906,Refund,Item Unavailable,2026-04-16 21:54:31,2026-04-18 08:22:10,Resolved,34.46,146.13,Replenishment Delay,5.0
CASE003281,ORD0021907,Refund,Missing Item,2026-05-15 22:05:20,,Open,,67.07,Stock Reconciliation Gap,
CASE003282,ORD0021922,Complaint,Wrong Item,2026-05-31 10:29:10,2026-06-01 00:25:52,Resolved,13.95,0.0,Catalog Mapping Error,5.0
CASE003283,ORD0021925,Refund,Wrong Quantity,2026-06-09 00:25:18,2026-06-09 01:42:51,Resolved,1.29,200.13,Picking Error,4.0
CASE003284,ORD0021926,Refund,Wrong Quantity,2026-04-26 22:56:19,2026-04-27 11:04:34,Resolved,12.14,1102.24,Packing Error,5.0
CASE003285,ORD0021928,Refund,Item Unavailable,2026-04-14 23:36:19,2026-04-16 11:28:31,Resolved,35.87,78.05,Inventory Mismatch,3.0
CASE003286,ORD0021930,Refund,Missing Item,2026-04-03 01:22:00,2026-04-03 06:23:55,Resolved,5.03,133.9,Stock Reconciliation Gap,3.0
CASE003287,ORD0021933,Refund,Missing Item,2026-04-23 03:36:25,,Open,,454.09,Stock Reconciliation Gap,
CASE003288,ORD0021953,Complaint,Late Delivery,2026-05-21 09:39:15,2026-05-22 02:06:54,Resolved,16.46,0.0,Store Processing Delay,5.0
CASE003289,ORD0021963,Refund,Wrong Quantity,2026-06-13 14:44:17,2026-06-13 20:42:39,Escalated,5.97,32.94,Packing Error,5.0
CASE003290,ORD0021966,Refund,Item Unavailable,2026-06-08 05:12:00,2026-06-09 10:29:43,Escalated,29.3,141.24,Inventory Mismatch,4.0
CASE003291,ORD0021973,Refund,Missing Item,2026-05-31 20:46:59,,Open,,252.45,Picking Error,
CASE003292,ORD0021974,Refund,Item Unavailable,2026-05-23 21:24:43,2026-05-23 22:43:13,Resolved,1.31,66.84,Inventory Mismatch,2.0
CASE003293,ORD0021979,Return,Quality Issue,2026-06-22 22:23:10,2026-06-23 09:15:27,Resolved,10.87,706.93,Temperature Excursion,1.0
CASE003294,ORD0021988,Complaint,Late Delivery,2026-05-04 18:08:47,2026-05-05 03:29:09,Resolved,9.34,0.0,Store Processing Delay,1.0
CASE003295,ORD0021992,Refund,Missing Item,2026-06-17 13:58:16,2026-06-18 16:26:45,Resolved,26.47,107.16,Stock Reconciliation Gap,4.0
CASE003296,ORD0021994,Refund,Missing Item,2026-04-04 12:52:26,2026-04-05 07:25:47,Resolved,18.56,200.0,Stock Reconciliation Gap,2.0
CASE003297,ORD0021997,Refund,Missing Item,2026-04-11 15:39:05,2026-04-11 23:55:52,Resolved,8.28,80.8,Stock Reconciliation Gap,4.0
CASE003298,ORD0022004,Complaint,Rider Behaviour,2026-06-23 11:07:37,2026-06-24 15:07:20,Escalated,28.0,0.0,Training Gap,3.0
CASE003299,ORD0022006,Return,Wrong Item,2026-06-10 10:24:04,2026-06-10 22:21:41,Resolved,11.96,2515.31,Catalog Mapping Error,5.0
CASE003300,ORD0022019,Refund,Payment Issue,2026-06-21 22:06:37,2026-06-22 23:22:35,Resolved,25.27,1903.41,Payment Gateway Error,4.0
CASE003301,ORD0022021,Refund,Missing Item,2026-06-04 03:54:41,2026-06-04 10:56:38,Resolved,7.03,229.89,Picking Error,1.0
CASE003302,ORD0022024,Refund,Payment Issue,2026-04-15 01:01:34,2026-04-15 11:02:00,Resolved,10.01,96.11,Payment Gateway Error,1.0
CASE003303,ORD0022038,Refund,Item Unavailable,2026-06-07 14:14:29,2026-06-07 21:44:32,Resolved,7.5,231.65,Inventory Mismatch,5.0
CASE003304,ORD0022040,Complaint,Wrong Item,2026-04-25 22:20:31,2026-04-26 15:57:37,Resolved,17.62,0.0,Picking Error,5.0
CASE003305,ORD0022048,Refund,Missing Item,2026-05-02 12:47:16,2026-05-02 23:42:43,Escalated,10.92,297.47,Stock Reconciliation Gap,5.0
CASE003306,ORD0022049,Refund,Refund Delay,2026-05-07 10:40:13,2026-05-07 14:02:24,Resolved,3.37,574.63,Payment Gateway Delay,2.0
CASE003307,ORD0022053,Refund,Missing Item,2026-06-27 10:09:04,2026-06-28 00:27:31,Escalated,14.31,520.78,Stock Reconciliation Gap,3.0
CASE003308,ORD0022059,Return,Wrong Item,2026-06-15 12:47:34,,Open,,867.68,Catalog Mapping Error,
CASE003309,ORD0022061,Refund,Missing Item,2026-06-21 09:14:15,2026-06-22 16:42:29,Resolved,31.47,187.83,Picking Error,3.0
CASE003310,ORD0022062,Refund,Item Unavailable,2026-06-06 21:27:39,2026-06-07 05:35:40,Resolved,8.13,110.3,Inventory Mismatch,2.0
CASE003311,ORD0022063,Refund,Missing Item,2026-05-03 11:39:58,2026-05-05 03:34:32,Resolved,39.91,316.98,Stock Reconciliation Gap,5.0
CASE003312,ORD0022064,Complaint,Late Delivery,2026-06-30 12:18:12,2026-07-01 01:12:15,Resolved,12.9,0.0,Traffic Delay,4.0
CASE003313,ORD0022067,Refund,Missing Item,2026-05-03 16:21:45,2026-05-03 19:52:29,Resolved,3.51,108.65,Picking Error,3.0
CASE003314,ORD0022074,Complaint,Late Delivery,2026-05-05 21:49:24,2026-05-06 09:23:35,Resolved,11.57,0.0,Store Processing Delay,5.0
CASE003315,ORD0022075,Refund,Wrong Quantity,2026-06-12 04:46:25,2026-06-13 01:53:56,Resolved,21.13,150.18,Packing Error,2.0
CASE003316,ORD0022077,Refund,Missing Item,2026-05-03 22:41:48,2026-05-04 10:49:17,Resolved,12.12,66.27,Picking Error,4.0
CASE003317,ORD0022090,Refund,Item Unavailable,2026-05-22 13:56:53,2026-05-25 04:43:35,Resolved,62.78,460.46,Replenishment Delay,2.0
CASE003318,ORD0022103,Complaint,Late Delivery,2026-05-01 04:49:06,2026-05-01 21:18:09,Resolved,16.48,0.0,Traffic Delay,5.0
CASE003319,ORD0022107,Refund,Wrong Quantity,2026-04-26 08:46:30,2026-04-27 06:50:30,Resolved,22.07,645.79,Packing Error,4.0
CASE003320,ORD0022114,Complaint,Quality Issue,2026-06-14 18:59:03,2026-06-15 10:55:55,Resolved,15.95,0.0,Supplier Quality,1.0
CASE003321,ORD0022116,Refund,Missing Item,2026-05-23 03:45:30,2026-05-24 03:35:02,Resolved,23.83,97.64,Picking Error,4.0
CASE003322,ORD0022117,Refund,Item Unavailable,2026-05-17 23:33:22,2026-05-18 10:21:52,Resolved,10.81,94.22,Replenishment Delay,1.0
CASE003323,ORD0022124,Complaint,Late Delivery,2026-06-20 15:28:59,2026-06-20 23:23:39,Resolved,7.91,0.0,Rider Shortage,1.0
CASE003324,ORD0022145,Refund,Wrong Quantity,2026-06-28 16:24:30,2026-06-28 19:58:07,Resolved,3.56,108.28,Picking Error,4.0
CASE003325,ORD0022154,Return,Damaged Product,2026-06-06 19:11:02,2026-06-07 20:04:50,Resolved,24.9,1004.98,Poor Packaging,1.0
CASE003326,ORD0022160,Refund,Refund Delay,2026-04-19 05:34:52,2026-04-19 18:07:05,Resolved,12.54,106.48,Manual Review,2.0
CASE003327,ORD0022161,Complaint,Late Delivery,2026-06-25 04:05:19,2026-06-26 02:24:54,Resolved,22.33,0.0,Traffic Delay,2.0
CASE003328,ORD0022176,Refund,Missing Item,2026-06-09 06:33:05,2026-06-09 17:27:53,Resolved,10.91,171.47,Picking Error,1.0
CASE003329,ORD0022177,Refund,Missing Item,2026-06-29 20:11:00,2026-06-30 03:11:24,Resolved,7.01,114.38,Stock Reconciliation Gap,2.0
CASE003330,ORD0022183,Complaint,Rider Behaviour,2026-04-25 08:17:01,2026-04-26 05:09:43,Resolved,20.88,0.0,Conduct Issue,3.0
CASE003331,ORD0022188,Refund,Missing Item,2026-05-11 08:38:48,2026-05-12 04:32:09,Resolved,19.89,661.64,Stock Reconciliation Gap,3.0
CASE003332,ORD0022190,Return,Damaged Product,2026-05-03 00:04:46,2026-05-03 12:45:23,Resolved,12.68,904.99,Handling Issue,1.0
CASE003333,ORD0022199,Refund,Missing Item,2026-06-30 11:25:04,2026-07-01 09:35:20,Resolved,22.17,576.12,Picking Error,2.0
CASE003334,ORD0022202,Refund,Item Unavailable,2026-04-15 16:42:36,2026-04-16 04:22:34,Resolved,11.67,164.28,Inventory Mismatch,3.0
CASE003335,ORD0022208,Return,Quality Issue,2026-05-31 09:16:48,2026-06-01 01:10:04,Resolved,15.89,430.65,Temperature Excursion,1.0
CASE003336,ORD0022215,Refund,Missing Item,2026-06-05 10:10:36,2026-06-05 20:15:04,Resolved,10.07,256.88,Picking Error,1.0
CASE003337,ORD0022221,Refund,Missing Item,2026-05-31 20:44:00,2026-06-03 13:04:21,Resolved,64.34,146.65,Stock Reconciliation Gap,5.0
CASE003338,ORD0022228,Refund,Item Unavailable,2026-04-18 22:42:03,2026-04-19 11:02:57,Resolved,12.35,349.5,Replenishment Delay,2.0
CASE003339,ORD0022233,Complaint,Late Delivery,2026-04-12 20:07:20,2026-04-13 17:45:04,Resolved,21.63,0.0,Store Processing Delay,3.0
CASE003340,ORD0022238,Complaint,Damaged Product,2026-04-07 04:50:31,,Open,,0.0,Poor Packaging,
CASE003341,ORD0022247,Refund,Refund Delay,2026-04-24 23:52:51,2026-04-25 06:54:24,Resolved,7.03,518.47,Manual Review,4.0
CASE003342,ORD0022250,Complaint,Wrong Item,2026-05-07 00:26:03,2026-05-08 09:54:17,Escalated,33.47,0.0,Picking Error,1.0
CASE003343,ORD0022279,Refund,Missing Item,2026-06-11 10:23:01,2026-06-11 23:17:16,Escalated,12.9,227.62,Stock Reconciliation Gap,2.0
CASE003344,ORD0022299,Refund,Missing Item,2026-05-26 01:16:00,2026-05-26 23:08:48,Resolved,21.88,310.07,Stock Reconciliation Gap,5.0
CASE003345,ORD0022303,Refund,Wrong Quantity,2026-04-15 22:39:28,2026-04-17 12:02:14,Resolved,37.38,132.72,Picking Error,2.0
CASE003346,ORD0022305,Refund,Item Unavailable,2026-05-13 18:26:10,2026-05-14 02:38:46,Resolved,8.21,115.32,Replenishment Delay,1.0
CASE003347,ORD0022310,Refund,Missing Item,2026-06-11 21:35:33,2026-06-12 23:11:02,Resolved,25.59,244.94,Picking Error,4.0
CASE003348,ORD0022311,Refund,Payment Issue,2026-05-08 20:13:12,2026-05-09 00:36:20,Resolved,4.39,1355.49,Bank Decline,4.0
CASE003349,ORD0022319,Refund,Wrong Quantity,2026-05-14 12:36:57,2026-05-15 20:40:57,Resolved,32.07,103.53,Packing Error,3.0
CASE003350,ORD0022322,Complaint,Late Delivery,2026-06-07 12:13:05,2026-06-07 18:45:01,Resolved,6.53,0.0,Store Processing Delay,3.0
CASE003351,ORD0022329,Refund,Missing Item,2026-05-11 13:47:47,,Open,,206.76,Picking Error,
CASE003352,ORD0022347,Refund,Wrong Quantity,2026-04-29 02:59:32,2026-04-29 08:09:00,Resolved,5.16,265.35,Packing Error,2.0
CASE003353,ORD0022352,Complaint,Late Delivery,2026-05-19 01:18:35,2026-05-19 04:21:21,Resolved,3.05,0.0,Traffic Delay,4.0
CASE003354,ORD0022357,Refund,Missing Item,2026-06-20 17:48:02,2026-06-21 07:01:52,Resolved,13.23,87.48,Stock Reconciliation Gap,3.0
CASE003355,ORD0022360,Refund,Item Unavailable,2026-06-22 05:50:46,2026-06-22 09:22:52,Resolved,3.53,227.25,Replenishment Delay,5.0
CASE003356,ORD0022373,Refund,Missing Item,2026-04-28 00:33:51,2026-04-28 08:03:44,Resolved,7.5,289.57,Stock Reconciliation Gap,2.0
CASE003357,ORD0022383,Refund,Item Unavailable,2026-04-27 16:55:50,2026-04-27 20:56:59,Resolved,4.02,460.07,Replenishment Delay,4.0
CASE003358,ORD0022400,Refund,Missing Item,2026-06-19 14:07:10,2026-06-20 10:03:48,Escalated,19.94,260.38,Picking Error,1.0
CASE003359,ORD0022403,Refund,Item Unavailable,2026-05-07 03:32:16,2026-05-07 13:06:03,Resolved,9.56,73.69,Replenishment Delay,5.0
CASE003360,ORD0022404,Refund,Wrong Quantity,2026-06-01 18:35:33,,Open,,157.45,Picking Error,
CASE003361,ORD0022405,Refund,Wrong Quantity,2026-04-11 23:46:35,2026-04-12 11:03:33,Resolved,11.28,147.78,Picking Error,1.0
CASE003362,ORD0022420,Complaint,Quality Issue,2026-04-19 17:44:07,2026-04-21 01:05:14,Resolved,31.35,0.0,Expiry Risk,4.0
CASE003363,ORD0022425,Refund,Missing Item,2026-05-03 00:45:31,2026-05-03 04:09:31,Resolved,3.4,50.88,Picking Error,5.0
CASE003364,ORD0022440,Complaint,Quality Issue,2026-05-07 06:23:00,2026-05-08 01:46:35,Resolved,19.39,0.0,Supplier Quality,5.0
CASE003365,ORD0022443,Refund,Missing Item,2026-06-07 12:25:40,2026-06-08 04:51:32,Resolved,16.43,123.38,Stock Reconciliation Gap,2.0
CASE003366,ORD0022445,Refund,Missing Item,2026-06-16 16:50:20,2026-06-17 10:18:25,Resolved,17.47,126.22,Stock Reconciliation Gap,1.0
CASE003367,ORD0022447,Return,Damaged Product,2026-05-08 20:43:31,2026-05-10 21:33:19,Resolved,48.83,1078.28,Supplier Quality,2.0
CASE003368,ORD0022463,Refund,Missing Item,2026-05-03 22:13:48,2026-05-05 00:50:10,Resolved,26.61,136.74,Picking Error,1.0
CASE003369,ORD0022475,Refund,Missing Item,2026-06-22 13:07:22,2026-06-23 00:43:01,Resolved,11.59,212.26,Picking Error,1.0
CASE003370,ORD0022483,Return,Wrong Item,2026-04-29 12:15:22,2026-04-29 21:00:09,Resolved,8.75,385.39,Picking Error,5.0
CASE003371,ORD0022497,Refund,Item Unavailable,2026-06-10 01:42:05,2026-06-10 08:38:33,Resolved,6.94,37.93,Replenishment Delay,5.0
CASE003372,ORD0022503,Refund,Item Unavailable,2026-06-25 03:26:28,2026-06-26 12:11:19,Resolved,32.75,217.27,Inventory Mismatch,5.0
CASE003373,ORD0022505,Refund,Item Unavailable,2026-05-11 22:13:31,2026-05-12 20:12:43,Resolved,21.99,227.45,Replenishment Delay,5.0
CASE003374,ORD0022523,Complaint,Late Delivery,2026-05-08 02:11:39,2026-05-08 19:26:46,Resolved,17.25,0.0,Traffic Delay,5.0
CASE003375,ORD0022524,Complaint,Wrong Item,2026-04-18 15:48:48,2026-04-20 02:37:22,Resolved,34.81,0.0,Picking Error,4.0
CASE003376,ORD0022532,Refund,Missing Item,2026-06-05 07:03:41,2026-06-05 14:02:57,Escalated,6.99,127.74,Picking Error,2.0
CASE003377,ORD0022534,Refund,Missing Item,2026-07-01 08:28:45,2026-07-01 14:46:12,Resolved,6.29,227.58,Picking Error,3.0
CASE003378,ORD0022544,Refund,Wrong Quantity,2026-05-13 02:05:49,2026-05-13 05:28:31,Resolved,3.38,148.07,Packing Error,3.0
CASE003379,ORD0022547,Refund,Item Unavailable,2026-04-27 21:08:12,2026-04-28 07:52:21,Escalated,10.74,158.39,Inventory Mismatch,1.0
CASE003380,ORD0022548,Refund,Item Unavailable,2026-06-22 03:09:59,2026-06-22 07:57:12,Resolved,4.79,146.51,Replenishment Delay,4.0
CASE003381,ORD0022550,Refund,Missing Item,2026-04-11 08:36:46,2026-04-11 23:33:31,Resolved,14.95,207.5,Stock Reconciliation Gap,4.0
CASE003382,ORD0022560,Refund,Item Unavailable,2026-04-20 03:30:45,,Open,,64.75,Replenishment Delay,
CASE003383,ORD0022562,Refund,Item Unavailable,2026-06-15 21:53:56,2026-06-16 05:24:50,Resolved,7.52,270.34,Replenishment Delay,4.0
CASE003384,ORD0022564,Complaint,Late Delivery,2026-04-30 14:17:07,2026-04-30 20:36:21,Resolved,6.32,0.0,Rider Shortage,4.0
CASE003385,ORD0022567,Complaint,Damaged Product,2026-05-03 02:25:39,2026-05-03 06:02:53,Resolved,3.62,0.0,Handling Issue,5.0
CASE003386,ORD0022569,Refund,Missing Item,2026-04-15 23:02:55,2026-04-16 19:02:56,Resolved,20.0,205.62,Stock Reconciliation Gap,3.0
CASE003387,ORD0022593,Refund,Wrong Quantity,2026-04-12 12:23:08,2026-04-13 11:35:28,Resolved,23.21,226.38,Packing Error,4.0
CASE003388,ORD0022601,Refund,Item Unavailable,2026-05-03 07:01:08,2026-05-04 03:18:07,Resolved,20.28,158.93,Inventory Mismatch,2.0
CASE003389,ORD0022603,Refund,Item Unavailable,2026-05-30 15:38:23,,Open,,382.07,Replenishment Delay,
CASE003390,ORD0022612,Refund,Item Unavailable,2026-05-31 03:01:06,2026-05-31 04:16:52,Resolved,1.26,149.11,Replenishment Delay,1.0
CASE003391,ORD0022613,Refund,Item Unavailable,2026-04-13 03:37:50,2026-04-13 15:19:09,Resolved,11.69,141.72,Inventory Mismatch,5.0
CASE003392,ORD0022620,Refund,Missing Item,2026-05-17 21:05:51,2026-05-18 15:43:21,Resolved,18.62,96.04,Picking Error,5.0
CASE003393,ORD0022628,Refund,Item Unavailable,2026-05-13 21:24:01,,Open,,201.88,Inventory Mismatch,
CASE003394,ORD0022630,Refund,Item Unavailable,2026-04-11 16:17:33,2026-04-12 14:58:12,Resolved,22.68,160.09,Replenishment Delay,2.0
CASE003395,ORD0022635,Return,Quality Issue,2026-05-07 10:46:32,2026-05-07 17:46:51,Resolved,7.01,152.2,Expiry Risk,2.0
CASE003396,ORD0022644,Refund,Missing Item,2026-05-29 06:35:33,2026-05-30 05:43:51,Resolved,23.14,247.03,Stock Reconciliation Gap,3.0
CASE003397,ORD0022649,Refund,Missing Item,2026-06-27 04:38:34,2026-06-27 22:41:58,Resolved,18.06,160.25,Picking Error,1.0
CASE003398,ORD0022653,Refund,Item Unavailable,2026-04-15 13:46:24,2026-04-15 19:56:05,Resolved,6.16,67.96,Replenishment Delay,5.0
CASE003399,ORD0022676,Refund,Wrong Quantity,2026-04-24 20:48:08,2026-04-25 16:03:54,Resolved,19.26,81.55,Picking Error,2.0
CASE003400,ORD0022681,Refund,Missing Item,2026-05-10 12:12:43,2026-05-11 14:49:45,Escalated,26.62,127.67,Picking Error,4.0
CASE003401,ORD0022685,Refund,Missing Item,2026-04-18 21:09:22,2026-04-19 21:20:42,Resolved,24.19,72.02,Stock Reconciliation Gap,2.0
CASE003402,ORD0022696,Complaint,Damaged Product,2026-06-15 07:12:14,2026-06-15 16:39:37,Resolved,9.46,0.0,Supplier Quality,1.0
CASE003403,ORD0022699,Complaint,Quality Issue,2026-04-20 00:03:05,2026-04-20 09:23:50,Resolved,9.35,0.0,Supplier Quality,5.0
CASE003404,ORD0022700,Complaint,Late Delivery,2026-06-21 01:17:31,2026-06-22 11:19:49,Resolved,34.04,0.0,Traffic Delay,4.0
CASE003405,ORD0022701,Complaint,Late Delivery,2026-05-22 23:59:33,2026-05-24 00:15:20,Resolved,24.26,0.0,Traffic Delay,3.0
CASE003406,ORD0022712,Refund,Missing Item,2026-05-21 05:00:15,2026-05-21 18:19:52,Resolved,13.33,674.9,Picking Error,5.0
CASE003407,ORD0022722,Complaint,Late Delivery,2026-04-17 15:23:07,2026-04-18 04:46:45,Resolved,13.39,0.0,Rider Shortage,3.0
CASE003408,ORD0022730,Complaint,Late Delivery,2026-06-22 08:37:27,2026-06-22 22:49:36,Resolved,14.2,0.0,Traffic Delay,5.0
CASE003409,ORD0022732,Refund,Missing Item,2026-06-17 04:20:13,2026-06-18 05:50:28,Resolved,25.5,618.61,Stock Reconciliation Gap,1.0
CASE003410,ORD0022739,Refund,Missing Item,2026-05-11 11:37:57,2026-05-11 19:00:08,Resolved,7.37,69.78,Picking Error,1.0
CASE003411,ORD0022747,Refund,Missing Item,2026-06-26 02:55:29,2026-06-27 05:41:30,Resolved,26.77,123.69,Stock Reconciliation Gap,3.0
CASE003412,ORD0022754,Complaint,Late Delivery,2026-04-25 18:29:06,2026-04-27 07:27:30,Resolved,36.97,0.0,Rider Shortage,3.0
CASE003413,ORD0022767,Refund,Missing Item,2026-06-22 23:14:45,2026-06-23 06:51:17,Escalated,7.61,390.66,Stock Reconciliation Gap,2.0
CASE003414,ORD0022776,Refund,Missing Item,2026-06-28 19:51:55,2026-06-29 03:22:04,Resolved,7.5,71.92,Picking Error,1.0
CASE003415,ORD0022783,Refund,Item Unavailable,2026-06-14 15:44:41,2026-06-14 20:41:39,Resolved,4.95,444.92,Replenishment Delay,1.0
CASE003416,ORD0022785,Complaint,Late Delivery,2026-04-05 07:41:25,2026-04-06 03:16:33,Resolved,19.59,0.0,Traffic Delay,4.0
CASE003417,ORD0022787,Complaint,Late Delivery,2026-06-08 23:46:18,2026-06-09 05:22:21,Resolved,5.6,0.0,Store Processing Delay,5.0
CASE003418,ORD0022790,Refund,Item Unavailable,2026-06-03 16:01:50,2026-06-03 23:40:38,Resolved,7.65,37.5,Inventory Mismatch,1.0
CASE003419,ORD0022803,Refund,Item Unavailable,2026-04-10 01:38:38,2026-04-10 20:19:53,Resolved,18.69,146.1,Inventory Mismatch,2.0
CASE003420,ORD0022834,Refund,Missing Item,2026-05-04 06:03:07,,Open,,966.22,Stock Reconciliation Gap,
CASE003421,ORD0022842,Return,Damaged Product,2026-04-03 21:29:51,2026-04-04 03:57:41,Resolved,6.46,797.01,Handling Issue,2.0
CASE003422,ORD0022845,Refund,Missing Item,2026-04-20 15:13:20,2026-04-21 08:18:57,Resolved,17.09,76.64,Stock Reconciliation Gap,5.0
CASE003423,ORD0022850,Complaint,Late Delivery,2026-04-13 20:18:07,2026-04-14 13:27:25,Resolved,17.16,0.0,Store Processing Delay,5.0
CASE003424,ORD0022851,Complaint,Damaged Product,2026-05-11 06:05:05,2026-05-11 14:28:31,Resolved,8.39,0.0,Poor Packaging,4.0
CASE003425,ORD0022860,Refund,Missing Item,2026-04-14 16:10:31,2026-04-15 22:37:08,Escalated,30.44,120.2,Picking Error,1.0
CASE003426,ORD0022864,Complaint,Late Delivery,2026-06-30 06:37:52,2026-06-30 17:36:39,Escalated,10.98,0.0,Rider Shortage,3.0
CASE003427,ORD0022865,Refund,Missing Item,2026-04-06 19:32:55,2026-04-07 13:29:01,Resolved,17.93,45.15,Stock Reconciliation Gap,2.0
CASE003428,ORD0022868,Refund,Wrong Quantity,2026-05-03 07:16:56,2026-05-04 02:28:15,Resolved,19.19,264.38,Packing Error,4.0
CASE003429,ORD0022870,Refund,Wrong Quantity,2026-04-05 08:47:32,2026-04-06 01:07:14,Resolved,16.33,49.09,Picking Error,2.0
CASE003430,ORD0022871,Refund,Missing Item,2026-04-16 17:49:58,2026-04-16 23:46:33,Resolved,5.94,89.36,Picking Error,1.0
CASE003431,ORD0022909,Return,Wrong Item,2026-06-23 17:51:50,2026-06-23 23:21:30,Resolved,5.49,2181.07,Picking Error,4.0
CASE003432,ORD0022911,Refund,Missing Item,2026-05-28 23:55:31,2026-05-29 08:48:04,Resolved,8.88,100.97,Stock Reconciliation Gap,5.0
CASE003433,ORD0022921,Complaint,Wrong Item,2026-05-20 04:40:12,2026-05-21 06:14:03,Escalated,25.56,0.0,Catalog Mapping Error,2.0
CASE003434,ORD0022926,Complaint,Quality Issue,2026-04-18 17:30:34,2026-04-19 05:08:56,Resolved,11.64,0.0,Supplier Quality,5.0
CASE003435,ORD0022928,Refund,Wrong Quantity,2026-04-21 05:09:00,2026-04-21 10:20:12,Resolved,5.19,98.69,Picking Error,1.0
CASE003436,ORD0022933,Refund,Missing Item,2026-05-15 01:46:11,2026-05-15 23:22:38,Resolved,21.61,76.29,Picking Error,1.0
CASE003437,ORD0022938,Refund,Item Unavailable,2026-04-24 21:01:15,2026-04-25 15:11:52,Resolved,18.18,231.32,Replenishment Delay,2.0
CASE003438,ORD0022954,Refund,Missing Item,2026-05-27 23:48:17,2026-05-28 17:12:31,Resolved,17.4,240.27,Picking Error,2.0
CASE003439,ORD0022968,Refund,Missing Item,2026-04-11 00:43:08,2026-04-11 02:53:24,Resolved,2.17,183.28,Stock Reconciliation Gap,5.0
CASE003440,ORD0022969,Complaint,Quality Issue,2026-04-05 15:10:15,2026-04-06 06:57:38,Resolved,15.79,0.0,Supplier Quality,1.0
CASE003441,ORD0022970,Refund,Item Unavailable,2026-05-03 09:54:33,2026-05-04 03:00:26,Resolved,17.1,103.36,Inventory Mismatch,1.0
CASE003442,ORD0022978,Refund,Item Unavailable,2026-06-21 03:27:45,2026-06-21 11:04:20,Resolved,7.61,383.93,Inventory Mismatch,3.0
CASE003443,ORD0022984,Return,Quality Issue,2026-06-20 14:22:42,2026-06-21 04:17:12,Resolved,13.91,280.49,Temperature Excursion,2.0
CASE003444,ORD0023010,Refund,Missing Item,2026-06-15 11:28:11,2026-06-16 11:29:00,Resolved,24.01,164.26,Picking Error,3.0
CASE003445,ORD0023013,Refund,Missing Item,2026-06-10 19:06:51,2026-06-11 04:28:40,Resolved,9.36,202.81,Stock Reconciliation Gap,4.0
CASE003446,ORD0023030,Refund,Missing Item,2026-06-30 02:35:59,2026-07-01 12:56:05,Resolved,34.34,174.47,Picking Error,3.0
CASE003447,ORD0023034,Refund,Item Unavailable,2026-04-18 10:38:31,2026-04-20 02:58:16,Resolved,40.33,202.83,Replenishment Delay,4.0
CASE003448,ORD0023036,Refund,Missing Item,2026-06-15 09:57:12,,Open,,660.74,Picking Error,
CASE003449,ORD0023060,Refund,Missing Item,2026-06-23 12:45:13,2026-06-23 17:30:18,Resolved,4.75,112.32,Picking Error,1.0
CASE003450,ORD0023063,Return,Quality Issue,2026-05-18 06:52:16,2026-05-18 12:12:19,Resolved,5.33,181.46,Temperature Excursion,1.0
CASE003451,ORD0023066,Refund,Missing Item,2026-04-29 07:51:00,2026-04-29 11:35:07,Resolved,3.74,322.85,Picking Error,5.0
CASE003452,ORD0023068,Refund,Missing Item,2026-04-28 08:09:05,2026-04-29 15:15:20,Resolved,31.1,214.92,Picking Error,1.0
CASE003453,ORD0023072,Refund,Wrong Quantity,2026-04-16 10:22:29,2026-04-17 11:25:44,Resolved,25.05,57.71,Packing Error,1.0
CASE003454,ORD0023075,Refund,Refund Delay,2026-06-28 10:31:46,2026-06-29 02:20:17,Resolved,15.81,515.4,Payment Gateway Delay,1.0
CASE003455,ORD0023080,Refund,Missing Item,2026-06-05 10:06:31,2026-06-05 19:38:48,Resolved,9.54,118.81,Picking Error,4.0
CASE003456,ORD0023088,Refund,Missing Item,2026-05-18 16:13:30,2026-05-20 08:35:04,Resolved,40.36,497.91,Picking Error,2.0
CASE003457,ORD0023089,Refund,Missing Item,2026-04-06 15:06:34,2026-04-06 20:12:11,Resolved,5.09,286.27,Stock Reconciliation Gap,1.0
CASE003458,ORD0023094,Refund,Item Unavailable,2026-05-25 21:52:52,2026-05-26 12:39:51,Resolved,14.78,70.68,Inventory Mismatch,4.0
CASE003459,ORD0023098,Refund,Missing Item,2026-06-13 23:57:37,2026-06-15 04:58:37,Resolved,29.02,47.1,Stock Reconciliation Gap,1.0
CASE003460,ORD0023112,Refund,Item Unavailable,2026-05-17 08:40:19,,Open,,154.27,Inventory Mismatch,
CASE003461,ORD0023114,Refund,Missing Item,2026-04-24 03:54:47,2026-04-24 10:51:28,Escalated,6.94,304.47,Picking Error,3.0
CASE003462,ORD0023121,Complaint,Wrong Item,2026-04-04 14:43:52,2026-04-05 03:19:22,Resolved,12.59,0.0,Picking Error,3.0
CASE003463,ORD0023137,Refund,Missing Item,2026-05-10 00:58:20,2026-05-10 07:54:28,Resolved,6.94,359.76,Picking Error,5.0
CASE003464,ORD0023143,Refund,Missing Item,2026-05-29 21:47:03,,Open,,109.7,Stock Reconciliation Gap,
CASE003465,ORD0023159,Refund,Missing Item,2026-04-08 01:36:54,2026-04-08 13:50:34,Resolved,12.23,50.53,Picking Error,4.0
CASE003466,ORD0023160,Complaint,Late Delivery,2026-06-07 22:36:06,,Open,,0.0,Traffic Delay,
CASE003467,ORD0023166,Complaint,Quality Issue,2026-05-12 00:18:33,2026-05-12 14:00:24,Resolved,13.7,0.0,Temperature Excursion,2.0
CASE003468,ORD0023168,Refund,Wrong Quantity,2026-06-09 13:05:07,2026-06-09 21:26:28,Resolved,8.36,510.86,Picking Error,4.0
CASE003469,ORD0023169,Refund,Missing Item,2026-04-04 21:44:55,2026-04-05 16:01:13,Resolved,18.27,233.68,Picking Error,3.0
CASE003470,ORD0023179,Refund,Wrong Quantity,2026-06-29 20:23:17,2026-06-30 13:35:53,Resolved,17.21,44.77,Packing Error,5.0
CASE003471,ORD0023180,Refund,Missing Item,2026-05-17 09:52:21,2026-05-17 15:38:21,Resolved,5.77,209.13,Stock Reconciliation Gap,1.0
CASE003472,ORD0023181,Refund,Wrong Quantity,2026-06-28 06:57:07,2026-06-28 18:05:42,Resolved,11.14,341.76,Packing Error,1.0
CASE003473,ORD0023183,Refund,Item Unavailable,2026-05-08 09:29:59,2026-05-09 02:02:04,Resolved,16.53,217.19,Inventory Mismatch,4.0
CASE003474,ORD0023185,Refund,Missing Item,2026-06-21 12:05:26,2026-06-22 17:08:49,Resolved,29.06,431.03,Picking Error,4.0
CASE003475,ORD0023209,Refund,Missing Item,2026-04-04 08:36:16,2026-04-04 14:22:10,Resolved,5.77,170.51,Picking Error,5.0
CASE003476,ORD0023210,Refund,Item Unavailable,2026-06-11 17:12:04,2026-06-12 04:33:57,Resolved,11.36,125.51,Replenishment Delay,5.0
CASE003477,ORD0023214,Refund,Missing Item,2026-06-27 01:59:06,2026-06-27 07:27:30,Resolved,5.47,38.83,Stock Reconciliation Gap,4.0
CASE003478,ORD0023221,Refund,Item Unavailable,2026-05-31 21:16:42,2026-06-01 12:46:41,Resolved,15.5,317.55,Replenishment Delay,5.0
CASE003479,ORD0023225,Complaint,Damaged Product,2026-04-19 06:30:51,2026-04-19 18:12:01,Resolved,11.69,0.0,Supplier Quality,4.0
CASE003480,ORD0023233,Refund,Missing Item,2026-05-10 20:36:24,2026-05-11 13:31:27,Resolved,16.92,64.96,Picking Error,5.0
CASE003481,ORD0023247,Refund,Missing Item,2026-05-31 03:53:37,2026-05-31 09:53:00,Resolved,5.99,1102.52,Stock Reconciliation Gap,2.0
CASE003482,ORD0023250,Refund,Item Unavailable,2026-06-14 10:40:40,2026-06-15 04:09:03,Resolved,17.47,98.71,Inventory Mismatch,1.0
CASE003483,ORD0023260,Return,Wrong Item,2026-04-26 22:52:35,2026-04-27 06:08:06,Resolved,7.26,279.95,Catalog Mapping Error,4.0
CASE003484,ORD0023264,Return,Quality Issue,2026-05-03 10:47:26,,Open,,374.95,Temperature Excursion,
CASE003485,ORD0023268,Refund,Missing Item,2026-06-24 03:26:17,2026-06-24 20:05:12,Resolved,16.65,287.17,Stock Reconciliation Gap,2.0
CASE003486,ORD0023279,Refund,Missing Item,2026-04-05 17:41:15,2026-04-06 18:16:54,Resolved,24.59,127.97,Stock Reconciliation Gap,3.0
CASE003487,ORD0023287,Complaint,Quality Issue,2026-06-02 18:53:32,2026-06-03 18:29:47,Resolved,23.6,0.0,Temperature Excursion,5.0
CASE003488,ORD0023289,Refund,Item Unavailable,2026-05-21 09:39:17,2026-05-21 20:38:44,Resolved,10.99,447.65,Inventory Mismatch,4.0
CASE003489,ORD0023291,Refund,Missing Item,2026-04-06 19:26:21,2026-04-07 00:40:01,Resolved,5.23,58.91,Stock Reconciliation Gap,1.0
CASE003490,ORD0023294,Complaint,Quality Issue,2026-04-24 23:25:49,2026-04-25 13:18:31,Resolved,13.88,0.0,Expiry Risk,3.0
CASE003491,ORD0023299,Refund,Missing Item,2026-04-02 18:09:37,2026-04-03 18:18:54,Resolved,24.15,94.75,Stock Reconciliation Gap,4.0
CASE003492,ORD0023302,Refund,Payment Issue,2026-04-19 16:09:51,2026-04-19 19:48:08,Resolved,3.64,20.0,Payment Gateway Error,5.0
CASE003493,ORD0023304,Complaint,Damaged Product,2026-04-14 18:43:17,2026-04-14 19:49:51,Resolved,1.11,0.0,Supplier Quality,5.0
CASE003494,ORD0023308,Refund,Missing Item,2026-06-15 23:37:22,,Open,,68.46,Picking Error,
CASE003495,ORD0023315,Refund,Missing Item,2026-05-31 09:47:00,2026-05-31 18:58:13,Escalated,9.19,228.08,Picking Error,4.0
CASE003496,ORD0023321,Refund,Item Unavailable,2026-04-12 10:52:08,2026-04-13 18:42:28,Resolved,31.84,107.44,Replenishment Delay,2.0
CASE003497,ORD0023323,Refund,Missing Item,2026-05-04 02:02:20,2026-05-05 11:00:59,Resolved,32.98,107.98,Stock Reconciliation Gap,1.0
CASE003498,ORD0023326,Refund,Missing Item,2026-05-26 10:09:02,2026-05-27 01:56:14,Resolved,15.79,88.95,Picking Error,2.0
CASE003499,ORD0023344,Refund,Missing Item,2026-06-18 18:35:54,2026-06-19 07:55:49,Resolved,13.33,38.48,Stock Reconciliation Gap,3.0
CASE003500,ORD0023348,Refund,Missing Item,2026-05-30 11:31:55,2026-05-30 14:05:50,Resolved,2.57,86.06,Picking Error,1.0
CASE003501,ORD0023367,Complaint,Late Delivery,2026-06-06 00:24:16,2026-06-06 17:11:40,Resolved,16.79,0.0,Traffic Delay,4.0
CASE003502,ORD0023373,Refund,Missing Item,2026-04-10 08:51:15,2026-04-11 05:51:01,Resolved,21.0,51.34,Stock Reconciliation Gap,5.0
CASE003503,ORD0023393,Return,Wrong Item,2026-06-12 09:17:35,2026-06-12 20:45:22,Resolved,11.46,146.7,Picking Error,3.0
CASE003504,ORD0023399,Complaint,Rider Behaviour,2026-04-10 19:07:18,2026-04-11 07:57:34,Resolved,12.84,0.0,Training Gap,4.0
CASE003505,ORD0023410,Refund,Wrong Quantity,2026-05-14 19:16:20,2026-05-15 05:31:12,Resolved,10.25,86.81,Picking Error,1.0
CASE003506,ORD0023411,Refund,Missing Item,2026-05-15 12:33:28,2026-05-15 22:51:30,Resolved,10.3,20.0,Picking Error,4.0
CASE003507,ORD0023428,Refund,Missing Item,2026-04-03 13:18:33,2026-04-03 23:56:56,Resolved,10.64,126.98,Picking Error,4.0
CASE003508,ORD0023434,Return,Wrong Item,2026-06-03 19:35:36,2026-06-04 01:58:28,Resolved,6.38,373.81,Catalog Mapping Error,3.0
CASE003509,ORD0023435,Complaint,Damaged Product,2026-06-16 04:32:14,2026-06-16 14:38:37,Resolved,10.11,0.0,Poor Packaging,5.0
CASE003510,ORD0023436,Refund,Missing Item,2026-05-25 06:25:03,2026-05-25 20:13:48,Resolved,13.81,325.01,Stock Reconciliation Gap,3.0
CASE003511,ORD0023441,Refund,Missing Item,2026-05-23 19:31:52,2026-05-24 13:23:29,Resolved,17.86,125.04,Picking Error,2.0
CASE003512,ORD0023447,Refund,Missing Item,2026-04-02 23:41:07,2026-04-03 07:48:31,Resolved,8.12,77.23,Picking Error,3.0
CASE003513,ORD0023456,Refund,Item Unavailable,2026-05-08 00:50:19,2026-05-09 07:41:57,Resolved,30.86,163.7,Inventory Mismatch,5.0
CASE003514,ORD0023459,Refund,Missing Item,2026-04-03 17:52:15,2026-04-04 01:19:33,Resolved,7.45,624.94,Picking Error,5.0
CASE003515,ORD0023460,Complaint,Late Delivery,2026-06-16 12:55:52,,Open,,0.0,Rider Shortage,
CASE003516,ORD0023461,Refund,Missing Item,2026-06-14 01:41:12,2026-06-15 10:41:49,Resolved,33.01,259.42,Picking Error,3.0
CASE003517,ORD0023480,Refund,Missing Item,2026-04-08 11:06:59,2026-04-08 14:44:45,Resolved,3.63,360.92,Picking Error,1.0
CASE003518,ORD0023488,Refund,Item Unavailable,2026-04-05 09:56:29,2026-04-06 18:23:37,Resolved,32.45,662.55,Replenishment Delay,3.0
CASE003519,ORD0023490,Refund,Missing Item,2026-05-19 14:29:25,,Open,,128.47,Picking Error,
CASE003520,ORD0023497,Refund,Missing Item,2026-04-29 23:38:28,2026-04-30 17:58:47,Resolved,18.34,122.4,Picking Error,2.0
CASE003521,ORD0023500,Refund,Missing Item,2026-06-01 08:08:12,2026-06-02 22:14:14,Resolved,38.1,105.5,Stock Reconciliation Gap,3.0
CASE003522,ORD0023507,Refund,Item Unavailable,2026-06-01 18:01:42,2026-06-02 01:22:55,Resolved,7.35,154.02,Replenishment Delay,4.0
CASE003523,ORD0023516,Refund,Item Unavailable,2026-04-08 04:04:43,2026-04-08 22:13:06,Resolved,18.14,214.04,Replenishment Delay,1.0
CASE003524,ORD0023517,Refund,Wrong Quantity,2026-06-16 07:38:15,2026-06-17 00:00:11,Resolved,16.37,432.5,Packing Error,4.0
CASE003525,ORD0023522,Refund,Wrong Quantity,2026-05-13 21:10:50,2026-05-15 16:04:50,Resolved,42.9,166.47,Packing Error,4.0
CASE003526,ORD0023524,Complaint,Late Delivery,2026-05-27 23:43:12,2026-05-29 04:49:37,Resolved,29.11,0.0,Store Processing Delay,2.0
CASE003527,ORD0023531,Refund,Wrong Quantity,2026-04-13 14:35:03,2026-04-13 16:06:45,Resolved,1.53,66.99,Picking Error,1.0
CASE003528,ORD0023532,Complaint,Late Delivery,2026-06-08 18:55:08,2026-06-09 08:48:09,Escalated,13.88,0.0,Rider Shortage,5.0
CASE003529,ORD0023534,Refund,Missing Item,2026-05-05 16:12:36,2026-05-06 00:46:34,Resolved,8.57,393.51,Picking Error,1.0
CASE003530,ORD0023535,Return,Quality Issue,2026-05-06 19:22:49,2026-05-07 22:22:24,Resolved,26.99,2079.81,Supplier Quality,4.0
CASE003531,ORD0023551,Return,Damaged Product,2026-05-30 08:49:33,2026-05-30 21:00:31,Resolved,12.18,1210.25,Handling Issue,1.0
CASE003532,ORD0023566,Refund,Missing Item,2026-05-13 15:05:33,2026-05-14 06:09:15,Resolved,15.06,417.58,Picking Error,2.0
CASE003533,ORD0023570,Return,Quality Issue,2026-04-07 18:02:48,2026-04-08 12:18:01,Resolved,18.25,1167.89,Supplier Quality,3.0
CASE003534,ORD0023573,Refund,Missing Item,2026-06-10 19:57:38,2026-06-11 02:13:55,Resolved,6.27,196.47,Picking Error,5.0
CASE003535,ORD0023575,Refund,Missing Item,2026-05-04 13:30:04,2026-05-05 21:34:39,Resolved,32.08,312.93,Picking Error,2.0
CASE003536,ORD0023576,Refund,Missing Item,2026-05-11 01:40:29,2026-05-11 12:27:40,Escalated,10.79,28.42,Picking Error,4.0
CASE003537,ORD0023582,Refund,Item Unavailable,2026-05-14 11:12:33,2026-05-14 16:38:32,Resolved,5.43,40.15,Inventory Mismatch,4.0
CASE003538,ORD0023597,Refund,Cancellation Dispute,2026-05-17 02:26:34,,Open,,158.42,Policy Misunderstanding,
CASE003539,ORD0023601,Refund,Wrong Quantity,2026-05-04 15:04:57,2026-05-05 02:31:20,Resolved,11.44,171.07,Packing Error,2.0
CASE003540,ORD0023610,Refund,Missing Item,2026-05-21 10:38:39,2026-05-22 17:54:38,Resolved,31.27,307.66,Picking Error,3.0
CASE003541,ORD0023612,Refund,Missing Item,2026-06-06 19:34:00,2026-06-07 03:29:03,Resolved,7.92,164.97,Stock Reconciliation Gap,2.0
CASE003542,ORD0023615,Refund,Missing Item,2026-04-26 04:35:53,2026-04-27 00:13:19,Resolved,19.62,49.06,Stock Reconciliation Gap,2.0
CASE003543,ORD0023620,Refund,Missing Item,2026-04-24 23:00:18,2026-04-25 22:53:00,Resolved,23.88,142.74,Stock Reconciliation Gap,3.0
CASE003544,ORD0023621,Refund,Missing Item,2026-05-27 14:53:53,2026-05-28 00:26:13,Resolved,9.54,148.07,Stock Reconciliation Gap,2.0
CASE003545,ORD0023632,Complaint,Late Delivery,2026-05-26 05:55:28,2026-05-26 16:35:19,Resolved,10.66,0.0,Store Processing Delay,4.0
CASE003546,ORD0023635,Refund,Wrong Quantity,2026-05-14 17:24:29,2026-05-15 23:12:24,Resolved,29.8,148.9,Packing Error,2.0
CASE003547,ORD0023636,Refund,Wrong Quantity,2026-04-23 03:02:18,2026-04-23 17:54:39,Resolved,14.87,150.43,Packing Error,2.0
CASE003548,ORD0023659,Refund,Missing Item,2026-05-20 14:41:42,2026-05-20 20:17:16,Resolved,5.59,454.63,Stock Reconciliation Gap,2.0
CASE003549,ORD0023669,Refund,Item Unavailable,2026-04-12 20:46:15,2026-04-13 07:25:48,Resolved,10.66,347.49,Replenishment Delay,2.0
CASE003550,ORD0023672,Refund,Item Unavailable,2026-05-25 17:02:07,2026-05-26 05:22:19,Resolved,12.34,310.96,Inventory Mismatch,1.0
CASE003551,ORD0023676,Refund,Missing Item,2026-05-03 02:54:20,2026-05-03 09:06:50,Resolved,6.21,107.88,Stock Reconciliation Gap,1.0
CASE003552,ORD0023687,Complaint,Wrong Item,2026-06-05 00:48:54,2026-06-05 02:14:55,Resolved,1.43,0.0,Catalog Mapping Error,3.0
CASE003553,ORD0023699,Refund,Missing Item,2026-05-17 04:50:30,2026-05-17 11:17:14,Resolved,6.45,57.42,Picking Error,4.0
CASE003554,ORD0023705,Refund,Item Unavailable,2026-06-16 07:28:38,2026-06-16 20:53:51,Resolved,13.42,176.09,Inventory Mismatch,5.0
CASE003555,ORD0023718,Refund,Item Unavailable,2026-06-23 16:09:06,2026-06-23 18:11:38,Resolved,2.04,233.42,Inventory Mismatch,3.0
CASE003556,ORD0023726,Refund,Missing Item,2026-04-04 00:32:57,2026-04-04 04:45:40,Resolved,4.21,88.83,Stock Reconciliation Gap,2.0
CASE003557,ORD0023736,Complaint,Late Delivery,2026-05-14 12:25:30,2026-05-15 05:34:13,Resolved,17.15,0.0,Store Processing Delay,1.0
CASE003558,ORD0023742,Refund,Item Unavailable,2026-04-24 20:46:54,2026-04-25 12:59:25,Resolved,16.21,210.08,Replenishment Delay,4.0
CASE003559,ORD0023755,Refund,Missing Item,2026-05-11 19:56:38,2026-05-12 10:14:37,Resolved,14.3,288.82,Picking Error,2.0
CASE003560,ORD0023757,Complaint,Late Delivery,2026-04-20 11:29:42,2026-04-20 23:34:48,Resolved,12.08,0.0,Traffic Delay,4.0
CASE003561,ORD0023776,Refund,Missing Item,2026-05-05 21:19:44,2026-05-07 20:19:29,Resolved,47.0,78.66,Stock Reconciliation Gap,5.0
CASE003562,ORD0023788,Refund,Wrong Quantity,2026-04-26 22:44:47,2026-04-27 06:12:46,Resolved,7.47,213.18,Picking Error,5.0
CASE003563,ORD0023798,Refund,Missing Item,2026-04-09 15:44:11,2026-04-10 17:33:13,Resolved,25.82,71.32,Stock Reconciliation Gap,2.0
CASE003564,ORD0023799,Refund,Missing Item,2026-05-10 18:49:15,2026-05-11 07:12:24,Resolved,12.39,336.75,Stock Reconciliation Gap,3.0
CASE003565,ORD0023811,Complaint,Late Delivery,2026-04-11 20:12:25,2026-04-12 00:02:59,Resolved,3.84,0.0,Rider Shortage,2.0
CASE003566,ORD0023812,Refund,Wrong Quantity,2026-05-18 19:20:03,2026-05-19 15:48:14,Resolved,20.47,180.9,Packing Error,2.0
CASE003567,ORD0023825,Complaint,Damaged Product,2026-05-30 02:03:59,,Open,,0.0,Supplier Quality,
CASE003568,ORD0023832,Complaint,Wrong Item,2026-04-10 23:30:39,2026-04-12 02:11:25,Resolved,26.68,0.0,Picking Error,4.0
CASE003569,ORD0023833,Refund,Missing Item,2026-06-14 12:07:44,2026-06-14 23:01:24,Escalated,10.89,282.39,Picking Error,2.0
CASE003570,ORD0023843,Refund,Missing Item,2026-06-25 01:31:01,2026-06-25 10:40:57,Resolved,9.17,29.78,Stock Reconciliation Gap,2.0
CASE003571,ORD0023850,Refund,Wrong Quantity,2026-05-11 12:31:56,2026-05-12 01:02:47,Escalated,12.51,117.98,Packing Error,5.0
CASE003572,ORD0023853,Refund,Missing Item,2026-06-14 03:54:16,2026-06-14 19:39:43,Resolved,15.76,58.55,Stock Reconciliation Gap,4.0
CASE003573,ORD0023855,Refund,Item Unavailable,2026-04-29 08:39:25,2026-04-30 23:33:04,Escalated,38.89,864.9,Inventory Mismatch,3.0
CASE003574,ORD0023859,Return,Wrong Item,2026-05-21 20:50:53,,Open,,778.26,Picking Error,
CASE003575,ORD0023861,Refund,Missing Item,2026-05-05 07:54:09,,Open,,45.3,Stock Reconciliation Gap,
CASE003576,ORD0023869,Refund,Missing Item,2026-06-27 16:20:25,2026-06-28 12:15:08,Escalated,19.91,411.24,Picking Error,5.0
CASE003577,ORD0023872,Refund,Missing Item,2026-06-18 12:26:31,2026-06-19 03:00:10,Resolved,14.56,114.72,Stock Reconciliation Gap,5.0
CASE003578,ORD0023873,Complaint,Late Delivery,2026-04-15 11:43:12,2026-04-15 22:45:01,Resolved,11.03,0.0,Traffic Delay,1.0
CASE003579,ORD0023877,Complaint,Late Delivery,2026-05-31 17:07:47,2026-06-01 04:12:59,Resolved,11.09,0.0,Rider Shortage,4.0
CASE003580,ORD0023883,Refund,Item Unavailable,2026-06-17 23:54:43,2026-06-18 12:13:48,Resolved,12.32,166.64,Replenishment Delay,2.0
CASE003581,ORD0023884,Refund,Missing Item,2026-06-02 11:30:57,2026-06-03 14:12:12,Resolved,26.69,191.51,Picking Error,4.0
CASE003582,ORD0023885,Refund,Item Unavailable,2026-04-30 18:11:02,2026-05-02 00:26:05,Resolved,30.25,174.95,Inventory Mismatch,3.0
CASE003583,ORD0023889,Complaint,Wrong Item,2026-06-02 14:55:19,2026-06-02 19:19:56,Resolved,4.41,0.0,Catalog Mapping Error,3.0
CASE003584,ORD0023890,Refund,Missing Item,2026-04-19 09:58:43,2026-04-21 03:09:13,Resolved,41.17,125.4,Picking Error,4.0
CASE003585,ORD0023895,Refund,Wrong Quantity,2026-06-06 23:31:53,2026-06-07 04:06:57,Resolved,4.58,248.92,Picking Error,1.0
CASE003586,ORD0023902,Refund,Missing Item,2026-04-11 09:02:30,,Open,,142.59,Stock Reconciliation Gap,
CASE003587,ORD0023907,Refund,Missing Item,2026-05-19 07:32:34,2026-05-20 03:32:48,Resolved,20.0,284.76,Picking Error,2.0
CASE003588,ORD0023910,Refund,Missing Item,2026-05-31 00:13:08,2026-05-31 21:49:35,Resolved,21.61,130.22,Stock Reconciliation Gap,3.0
CASE003589,ORD0023913,Complaint,Late Delivery,2026-06-06 23:22:48,2026-06-08 00:05:17,Resolved,24.71,0.0,Traffic Delay,4.0
CASE003590,ORD0023922,Complaint,Late Delivery,2026-04-13 02:16:55,2026-04-13 10:49:31,Resolved,8.54,0.0,Traffic Delay,2.0
CASE003591,ORD0023926,Return,Quality Issue,2026-04-25 06:28:54,2026-04-25 14:48:55,Resolved,8.33,2555.77,Expiry Risk,3.0
CASE003592,ORD0023935,Refund,Missing Item,2026-06-28 23:17:14,2026-06-30 04:10:53,Resolved,28.89,274.85,Picking Error,1.0
CASE003593,ORD0023950,Refund,Missing Item,2026-06-13 09:48:59,2026-06-14 18:59:15,Resolved,33.17,155.0,Stock Reconciliation Gap,4.0
CASE003594,ORD0023953,Refund,Item Unavailable,2026-04-03 22:58:35,2026-04-04 06:24:11,Resolved,7.43,291.01,Replenishment Delay,3.0
CASE003595,ORD0023957,Refund,Refund Delay,2026-04-03 21:40:24,2026-04-05 08:43:10,Resolved,35.05,2241.11,Payment Gateway Delay,3.0
CASE003596,ORD0023959,Refund,Item Unavailable,2026-05-12 03:19:22,2026-05-12 11:33:34,Escalated,8.24,139.6,Inventory Mismatch,4.0
CASE003597,ORD0023962,Refund,Missing Item,2026-04-16 08:31:30,2026-04-17 06:55:32,Resolved,22.4,274.78,Stock Reconciliation Gap,1.0
CASE003598,ORD0023978,Complaint,Late Delivery,2026-04-05 16:33:21,2026-04-06 04:03:42,Resolved,11.51,0.0,Traffic Delay,4.0
CASE003599,ORD0023984,Refund,Missing Item,2026-04-13 17:45:38,2026-04-16 07:25:23,Resolved,61.66,60.47,Stock Reconciliation Gap,5.0
CASE003600,ORD0023985,Refund,Missing Item,2026-06-28 21:17:44,2026-06-29 22:12:04,Resolved,24.91,246.79,Picking Error,5.0
CASE003601,ORD0023989,Refund,Missing Item,2026-04-05 13:41:57,2026-04-07 02:10:13,Resolved,36.47,413.43,Picking Error,5.0
CASE003602,ORD0024011,Complaint,Late Delivery,2026-06-18 13:17:39,2026-06-19 09:52:52,Resolved,20.59,0.0,Rider Shortage,4.0
CASE003603,ORD0024013,Refund,Missing Item,2026-05-12 21:37:58,2026-05-13 05:44:28,Resolved,8.11,110.57,Picking Error,4.0
CASE003604,ORD0024019,Refund,Missing Item,2026-06-06 21:31:47,2026-06-08 10:19:38,Resolved,36.8,253.3,Picking Error,3.0
CASE003605,ORD0024027,Refund,Missing Item,2026-04-21 01:36:12,,Open,,41.0,Picking Error,
CASE003606,ORD0024030,Refund,Missing Item,2026-05-11 07:07:20,2026-05-12 07:27:15,Resolved,24.33,116.93,Stock Reconciliation Gap,4.0
CASE003607,ORD0024036,Refund,Item Unavailable,2026-04-05 15:05:37,2026-04-06 00:31:36,Resolved,9.43,57.51,Replenishment Delay,3.0
CASE003608,ORD0024043,Refund,Missing Item,2026-06-08 05:31:58,2026-06-08 10:06:31,Resolved,4.58,263.67,Stock Reconciliation Gap,4.0
CASE003609,ORD0024048,Refund,Wrong Quantity,2026-05-25 00:16:33,2026-05-25 03:16:11,Resolved,2.99,183.16,Packing Error,2.0
CASE003610,ORD0024050,Refund,Wrong Quantity,2026-05-29 08:17:31,2026-05-30 10:32:58,Resolved,26.26,561.95,Packing Error,1.0
CASE003611,ORD0024053,Refund,Missing Item,2026-04-14 07:59:29,2026-04-15 03:11:31,Resolved,19.2,250.48,Picking Error,4.0
CASE003612,ORD0024054,Return,Damaged Product,2026-05-13 02:05:11,2026-05-13 18:20:58,Resolved,16.26,952.43,Handling Issue,3.0
CASE003613,ORD0024067,Refund,Missing Item,2026-05-05 23:55:18,2026-05-06 14:42:56,Resolved,14.79,190.51,Stock Reconciliation Gap,5.0
CASE003614,ORD0024080,Refund,Missing Item,2026-05-26 15:50:02,2026-05-27 03:47:38,Resolved,11.96,240.46,Stock Reconciliation Gap,3.0
CASE003615,ORD0024087,Refund,Missing Item,2026-04-02 15:30:32,2026-04-03 05:53:38,Resolved,14.38,225.09,Stock Reconciliation Gap,3.0
CASE003616,ORD0024092,Complaint,Damaged Product,2026-04-03 22:33:53,2026-04-04 06:26:58,Resolved,7.88,0.0,Poor Packaging,3.0
CASE003617,ORD0024093,Refund,Item Unavailable,2026-04-12 22:22:39,2026-04-14 16:35:37,Resolved,42.22,138.46,Replenishment Delay,3.0
CASE003618,ORD0024094,Refund,Refund Delay,2026-05-17 00:26:48,2026-05-17 05:50:48,Resolved,5.4,63.66,Manual Review,4.0
CASE003619,ORD0024116,Refund,Wrong Quantity,2026-04-10 17:45:14,2026-04-11 02:12:42,Resolved,8.46,89.12,Packing Error,4.0
CASE003620,ORD0024118,Refund,Missing Item,2026-04-07 21:45:10,2026-04-08 14:37:02,Resolved,16.86,289.18,Stock Reconciliation Gap,4.0
CASE003621,ORD0024124,Complaint,Quality Issue,2026-05-14 10:50:07,2026-05-15 18:49:06,Resolved,31.98,0.0,Supplier Quality,2.0
CASE003622,ORD0024132,Complaint,Late Delivery,2026-04-04 07:30:57,2026-04-04 09:57:07,Resolved,2.44,0.0,Traffic Delay,2.0
CASE003623,ORD0024133,Refund,Wrong Quantity,2026-06-11 04:32:52,2026-06-11 05:03:51,Resolved,0.52,249.92,Picking Error,5.0
CASE003624,ORD0024135,Complaint,Damaged Product,2026-05-03 15:43:37,2026-05-04 09:32:28,Resolved,17.81,0.0,Supplier Quality,3.0
CASE003625,ORD0024140,Refund,Cancellation Dispute,2026-05-25 00:40:02,2026-05-26 02:02:29,Resolved,25.37,356.39,System Status Delay,5.0
CASE003626,ORD0024146,Refund,Wrong Quantity,2026-06-05 06:05:27,2026-06-06 00:59:08,Resolved,18.89,217.26,Packing Error,1.0
CASE003627,ORD0024152,Refund,Item Unavailable,2026-06-26 22:06:34,2026-06-27 03:16:19,Escalated,5.16,105.96,Inventory Mismatch,4.0
CASE003628,ORD0024153,Refund,Missing Item,2026-05-30 09:27:25,2026-05-30 21:34:31,Resolved,12.12,154.91,Stock Reconciliation Gap,4.0
CASE003629,ORD0024155,Refund,Missing Item,2026-06-04 02:23:07,2026-06-05 11:57:38,Resolved,33.58,104.66,Picking Error,4.0
CASE003630,ORD0024177,Complaint,Wrong Item,2026-06-25 06:25:49,2026-06-25 22:05:57,Resolved,15.67,0.0,Catalog Mapping Error,5.0
CASE003631,ORD0024182,Return,Damaged Product,2026-04-23 06:40:32,2026-04-24 01:39:25,Resolved,18.98,386.72,Handling Issue,4.0
CASE003632,ORD0024193,Refund,Missing Item,2026-05-31 07:02:06,2026-06-01 10:43:24,Resolved,27.69,137.18,Stock Reconciliation Gap,4.0
CASE003633,ORD0024194,Refund,Wrong Quantity,2026-06-03 21:13:03,,Open,,162.47,Packing Error,
CASE003634,ORD0024196,Refund,Missing Item,2026-04-09 02:42:07,2026-04-09 19:57:39,Resolved,17.26,154.46,Picking Error,4.0
CASE003635,ORD0024204,Refund,Missing Item,2026-05-02 06:48:39,2026-05-02 13:49:12,Resolved,7.01,46.79,Stock Reconciliation Gap,5.0
CASE003636,ORD0024209,Refund,Wrong Quantity,2026-04-25 19:54:16,2026-04-26 15:48:15,Resolved,19.9,94.2,Packing Error,1.0
CASE003637,ORD0024224,Refund,Missing Item,2026-06-15 16:13:26,2026-06-16 09:02:18,Resolved,16.81,77.25,Picking Error,4.0
CASE003638,ORD0024231,Refund,Missing Item,2026-05-19 04:40:38,2026-05-19 12:46:19,Resolved,8.09,127.9,Picking Error,1.0
CASE003639,ORD0024236,Refund,Wrong Quantity,2026-04-16 00:18:49,2026-04-16 14:55:57,Resolved,14.62,172.39,Picking Error,1.0
CASE003640,ORD0024240,Refund,Wrong Quantity,2026-06-26 08:41:46,2026-06-27 00:48:59,Resolved,16.12,34.31,Picking Error,1.0
CASE003641,ORD0024245,Complaint,Wrong Item,2026-05-10 10:39:40,2026-05-12 07:53:10,Resolved,45.22,0.0,Picking Error,3.0
CASE003642,ORD0024248,Refund,Item Unavailable,2026-05-16 17:38:54,2026-05-17 09:44:29,Resolved,16.09,99.56,Replenishment Delay,2.0
CASE003643,ORD0024265,Refund,Missing Item,2026-05-08 03:29:23,2026-05-08 23:08:46,Resolved,19.66,307.14,Picking Error,3.0
CASE003644,ORD0024269,Refund,Missing Item,2026-05-16 23:21:44,2026-05-17 02:42:06,Resolved,3.34,86.54,Stock Reconciliation Gap,2.0
CASE003645,ORD0024274,Refund,Wrong Quantity,2026-06-10 03:04:00,2026-06-10 13:18:14,Resolved,10.24,240.7,Packing Error,2.0
CASE003646,ORD0024275,Return,Damaged Product,2026-04-07 07:01:30,2026-04-07 22:12:18,Resolved,15.18,2095.96,Supplier Quality,1.0
CASE003647,ORD0024289,Complaint,Wrong Item,2026-06-10 02:56:05,2026-06-10 14:02:54,Resolved,11.11,0.0,Picking Error,1.0
CASE003648,ORD0024291,Return,Quality Issue,2026-06-14 14:48:13,2026-06-15 09:36:00,Resolved,18.8,210.96,Expiry Risk,1.0
CASE003649,ORD0024299,Refund,Missing Item,2026-04-02 16:31:13,2026-04-02 19:51:24,Resolved,3.34,60.45,Picking Error,1.0
CASE003650,ORD0024302,Refund,Payment Issue,2026-05-18 16:53:13,2026-05-18 21:49:53,Resolved,4.94,134.67,Payment Gateway Error,5.0
CASE003651,ORD0024305,Complaint,Late Delivery,2026-06-10 12:35:35,2026-06-12 07:48:21,Resolved,43.21,0.0,Rider Shortage,3.0
CASE003652,ORD0024308,Refund,Wrong Quantity,2026-04-27 05:39:24,,Open,,280.28,Picking Error,
CASE003653,ORD0024331,Refund,Wrong Quantity,2026-05-15 06:29:13,2026-05-15 13:48:56,Resolved,7.33,71.31,Picking Error,4.0
CASE003654,ORD0024334,Refund,Missing Item,2026-04-06 19:58:03,2026-04-07 03:38:14,Escalated,7.67,461.8,Stock Reconciliation Gap,1.0
CASE003655,ORD0024341,Refund,Wrong Quantity,2026-06-16 09:28:09,2026-06-16 19:59:48,Escalated,10.53,541.38,Packing Error,4.0
CASE003656,ORD0024343,Refund,Missing Item,2026-04-02 13:37:39,2026-04-02 20:36:08,Resolved,6.97,89.54,Stock Reconciliation Gap,1.0
CASE003657,ORD0024368,Refund,Missing Item,2026-04-05 14:04:34,2026-04-07 00:47:20,Resolved,34.71,21.95,Picking Error,4.0
CASE003658,ORD0024377,Refund,Missing Item,2026-06-15 07:10:55,2026-06-15 08:55:17,Resolved,1.74,502.75,Stock Reconciliation Gap,4.0
CASE003659,ORD0024388,Refund,Missing Item,2026-06-15 14:52:20,2026-06-16 04:26:15,Resolved,13.57,258.02,Stock Reconciliation Gap,5.0
CASE003660,ORD0024389,Refund,Wrong Quantity,2026-06-18 12:13:45,2026-06-19 23:00:38,Resolved,34.78,46.69,Packing Error,4.0
CASE003661,ORD0024407,Refund,Wrong Quantity,2026-05-08 03:35:50,2026-05-08 07:32:00,Resolved,3.94,120.45,Packing Error,2.0
CASE003662,ORD0024411,Refund,Wrong Quantity,2026-06-12 04:39:56,2026-06-12 10:53:57,Resolved,6.23,197.02,Picking Error,4.0
CASE003663,ORD0024412,Complaint,Late Delivery,2026-06-12 00:12:34,2026-06-12 13:52:32,Resolved,13.67,0.0,Store Processing Delay,1.0
CASE003664,ORD0024416,Refund,Refund Delay,2026-05-20 00:36:27,2026-05-21 07:07:50,Resolved,30.52,2179.74,Manual Review,2.0
CASE003665,ORD0024419,Refund,Missing Item,2026-05-19 19:34:37,2026-05-20 20:26:09,Resolved,24.86,130.44,Stock Reconciliation Gap,4.0
CASE003666,ORD0024424,Complaint,Quality Issue,2026-05-02 04:07:54,2026-05-02 22:03:06,Resolved,17.92,0.0,Supplier Quality,2.0
CASE003667,ORD0024435,Complaint,Late Delivery,2026-05-12 12:11:34,2026-05-12 22:16:28,Resolved,10.08,0.0,Store Processing Delay,2.0
CASE003668,ORD0024442,Refund,Item Unavailable,2026-05-09 11:40:00,2026-05-09 21:58:06,Resolved,10.3,117.82,Replenishment Delay,3.0
CASE003669,ORD0024445,Refund,Wrong Quantity,2026-04-23 02:28:14,2026-04-23 18:54:27,Resolved,16.44,103.84,Packing Error,5.0
CASE003670,ORD0024461,Refund,Missing Item,2026-06-22 20:29:32,2026-06-23 05:55:44,Resolved,9.44,577.04,Picking Error,3.0
CASE003671,ORD0024467,Refund,Wrong Quantity,2026-06-08 19:20:03,2026-06-09 07:52:12,Resolved,12.54,657.63,Picking Error,1.0
CASE003672,ORD0024481,Refund,Item Unavailable,2026-04-22 01:22:42,2026-04-22 17:07:44,Resolved,15.75,306.78,Inventory Mismatch,5.0
CASE003673,ORD0024487,Return,Damaged Product,2026-04-15 04:00:03,2026-04-15 13:29:49,Resolved,9.5,1667.03,Poor Packaging,2.0
CASE003674,ORD0024499,Refund,Missing Item,2026-04-15 06:43:35,2026-04-16 16:50:52,Resolved,34.12,130.72,Picking Error,3.0
CASE003675,ORD0024521,Refund,Item Unavailable,2026-06-15 02:38:58,2026-06-15 20:06:11,Escalated,17.45,147.51,Inventory Mismatch,4.0
CASE003676,ORD0024540,Refund,Missing Item,2026-04-29 04:48:30,2026-04-30 09:32:42,Resolved,28.74,399.75,Stock Reconciliation Gap,4.0
CASE003677,ORD0024543,Refund,Refund Delay,2026-04-28 21:37:55,2026-04-30 05:11:22,Resolved,31.56,1162.71,Manual Review,3.0
CASE003678,ORD0024544,Refund,Missing Item,2026-04-14 21:07:57,2026-04-15 04:58:13,Resolved,7.84,44.74,Picking Error,3.0
CASE003679,ORD0024553,Complaint,Late Delivery,2026-05-11 09:54:27,2026-05-11 21:25:51,Resolved,11.52,0.0,Store Processing Delay,1.0
CASE003680,ORD0024563,Refund,Missing Item,2026-04-23 00:41:52,2026-04-23 18:01:39,Resolved,17.33,284.57,Picking Error,1.0
CASE003681,ORD0024567,Refund,Wrong Quantity,2026-06-07 20:06:49,2026-06-08 19:04:30,Resolved,22.96,172.0,Picking Error,4.0
CASE003682,ORD0024569,Refund,Payment Issue,2026-04-05 11:52:03,2026-04-06 05:58:05,Resolved,18.1,2046.46,Bank Decline,4.0
CASE003683,ORD0024570,Refund,Item Unavailable,2026-05-15 18:29:14,2026-05-16 04:59:09,Resolved,10.5,61.27,Replenishment Delay,2.0
CASE003684,ORD0024576,Refund,Missing Item,2026-05-01 07:26:42,2026-05-01 14:25:37,Resolved,6.98,156.34,Stock Reconciliation Gap,5.0
CASE003685,ORD0024593,Return,Damaged Product,2026-04-14 13:33:41,2026-04-14 17:04:06,Resolved,3.51,1312.05,Supplier Quality,4.0
CASE003686,ORD0024594,Refund,Missing Item,2026-04-16 05:20:17,2026-04-16 10:16:57,Resolved,4.94,54.23,Stock Reconciliation Gap,4.0
CASE003687,ORD0024605,Refund,Missing Item,2026-04-19 19:29:42,2026-04-19 21:31:42,Resolved,2.03,97.5,Picking Error,2.0
CASE003688,ORD0024624,Refund,Wrong Quantity,2026-04-12 18:25:23,2026-04-13 19:59:18,Resolved,25.57,150.5,Picking Error,5.0
CASE003689,ORD0024629,Refund,Missing Item,2026-06-20 04:19:28,2026-06-20 06:46:36,Resolved,2.45,196.06,Stock Reconciliation Gap,3.0
CASE003690,ORD0024635,Complaint,Late Delivery,2026-05-19 22:13:56,2026-05-20 00:45:55,Resolved,2.53,0.0,Traffic Delay,2.0
CASE003691,ORD0024639,Refund,Missing Item,2026-05-03 11:52:23,2026-05-03 21:37:31,Resolved,9.75,839.22,Stock Reconciliation Gap,1.0
CASE003692,ORD0024647,Refund,Item Unavailable,2026-06-29 02:58:27,,Open,,542.13,Replenishment Delay,
CASE003693,ORD0024650,Refund,Item Unavailable,2026-04-29 14:48:59,2026-04-30 07:06:08,Resolved,16.29,250.51,Replenishment Delay,5.0
CASE003694,ORD0024689,Refund,Item Unavailable,2026-06-03 15:02:58,2026-06-03 18:50:00,Resolved,3.78,247.18,Inventory Mismatch,5.0
CASE003695,ORD0024695,Refund,Item Unavailable,2026-06-15 03:49:33,2026-06-16 00:12:45,Resolved,20.39,67.97,Inventory Mismatch,2.0
CASE003696,ORD0024697,Refund,Wrong Quantity,2026-04-17 14:52:07,2026-04-17 18:18:26,Resolved,3.44,135.56,Packing Error,1.0
CASE003697,ORD0024698,Refund,Missing Item,2026-06-04 08:54:58,2026-06-04 13:41:28,Resolved,4.77,90.03,Picking Error,2.0
CASE003698,ORD0024703,Refund,Wrong Quantity,2026-04-04 09:39:43,2026-04-04 20:50:40,Resolved,11.18,66.85,Picking Error,2.0
CASE003699,ORD0024708,Refund,Missing Item,2026-06-25 00:53:17,2026-06-25 04:12:43,Resolved,3.32,176.23,Stock Reconciliation Gap,5.0
CASE003700,ORD0024711,Refund,Item Unavailable,2026-04-06 05:48:55,2026-04-07 04:46:19,Resolved,22.96,132.12,Replenishment Delay,4.0
CASE003701,ORD0024715,Return,Wrong Item,2026-05-06 18:11:01,2026-05-07 05:25:54,Resolved,11.25,1381.01,Picking Error,1.0
CASE003702,ORD0024738,Refund,Missing Item,2026-04-16 14:45:08,2026-04-17 01:00:40,Resolved,10.26,97.86,Picking Error,2.0
CASE003703,ORD0024750,Return,Wrong Item,2026-06-22 05:35:32,2026-06-22 18:05:45,Resolved,12.5,696.36,Picking Error,5.0
CASE003704,ORD0024757,Refund,Missing Item,2026-04-04 14:29:12,,Open,,273.55,Stock Reconciliation Gap,
CASE003705,ORD0024759,Refund,Missing Item,2026-06-14 17:09:03,,Open,,87.06,Stock Reconciliation Gap,
CASE003706,ORD0024765,Complaint,Damaged Product,2026-05-29 22:25:16,2026-05-30 12:56:47,Resolved,14.53,0.0,Supplier Quality,5.0
CASE003707,ORD0024770,Refund,Missing Item,2026-06-26 21:16:46,2026-06-27 12:53:39,Resolved,15.61,122.04,Picking Error,4.0
CASE003708,ORD0024771,Complaint,Late Delivery,2026-06-18 08:17:22,2026-06-18 17:43:28,Resolved,9.43,0.0,Store Processing Delay,1.0
CASE003709,ORD0024795,Refund,Wrong Quantity,2026-04-27 16:02:59,2026-04-28 20:45:28,Resolved,28.71,166.5,Picking Error,3.0
CASE003710,ORD0024814,Complaint,Rider Behaviour,2026-04-08 22:54:35,2026-04-09 23:55:26,Resolved,25.01,0.0,Training Gap,4.0
CASE003711,ORD0024823,Refund,Missing Item,2026-05-14 13:01:05,2026-05-14 15:17:26,Resolved,2.27,1009.29,Stock Reconciliation Gap,5.0
CASE003712,ORD0024825,Refund,Missing Item,2026-04-20 19:40:16,2026-04-21 04:56:39,Resolved,9.27,193.62,Stock Reconciliation Gap,1.0
CASE003713,ORD0024834,Complaint,Late Delivery,2026-05-26 02:39:45,2026-05-26 08:26:13,Resolved,5.77,0.0,Rider Shortage,3.0
CASE003714,ORD0024838,Refund,Wrong Quantity,2026-05-11 22:13:03,2026-05-12 05:44:44,Escalated,7.53,96.94,Picking Error,2.0
CASE003715,ORD0024841,Complaint,Quality Issue,2026-05-12 00:53:19,2026-05-12 17:34:14,Resolved,16.68,0.0,Supplier Quality,2.0
CASE003716,ORD0024843,Refund,Item Unavailable,2026-06-14 23:14:00,2026-06-15 02:58:40,Resolved,3.74,21.34,Replenishment Delay,4.0
CASE003717,ORD0024859,Complaint,Quality Issue,2026-05-06 17:20:32,2026-05-06 22:40:08,Resolved,5.33,0.0,Expiry Risk,5.0
CASE003718,ORD0024863,Refund,Missing Item,2026-05-31 10:52:45,2026-06-01 10:06:25,Escalated,23.23,545.47,Stock Reconciliation Gap,3.0
CASE003719,ORD0024864,Refund,Wrong Quantity,2026-04-28 23:43:45,2026-04-29 18:47:40,Resolved,19.07,67.28,Packing Error,2.0
CASE003720,ORD0024866,Refund,Wrong Quantity,2026-05-10 12:14:03,2026-05-11 21:37:46,Resolved,33.4,339.08,Packing Error,1.0
CASE003721,ORD0024867,Return,Quality Issue,2026-06-06 07:42:35,2026-06-08 07:10:48,Resolved,47.47,1010.25,Supplier Quality,4.0
CASE003722,ORD0024879,Refund,Item Unavailable,2026-05-23 15:49:36,2026-05-24 07:31:53,Resolved,15.7,325.69,Inventory Mismatch,1.0
CASE003723,ORD0024901,Refund,Missing Item,2026-04-19 06:27:50,2026-04-19 07:11:04,Resolved,0.72,342.85,Stock Reconciliation Gap,5.0
CASE003724,ORD0024905,Refund,Item Unavailable,2026-04-15 02:20:25,2026-04-15 17:30:44,Resolved,15.17,476.67,Replenishment Delay,5.0
CASE003725,ORD0024910,Complaint,Damaged Product,2026-04-06 11:16:15,2026-04-07 06:20:31,Resolved,19.07,0.0,Poor Packaging,3.0
CASE003726,ORD0024923,Refund,Wrong Quantity,2026-05-18 13:01:50,2026-05-19 02:32:47,Resolved,13.52,18.39,Picking Error,3.0
CASE003727,ORD0024931,Complaint,Wrong Item,2026-05-04 13:36:03,2026-05-06 04:58:53,Resolved,39.38,0.0,Picking Error,1.0
CASE003728,ORD0024933,Refund,Missing Item,2026-04-08 05:51:43,2026-04-08 18:20:35,Resolved,12.48,25.68,Stock Reconciliation Gap,2.0
CASE003729,ORD0024935,Refund,Wrong Quantity,2026-05-11 04:30:08,2026-05-12 14:18:50,Resolved,33.81,187.62,Picking Error,4.0
CASE003730,ORD0024936,Refund,Missing Item,2026-04-19 04:39:59,2026-04-20 01:17:36,Resolved,20.63,55.81,Stock Reconciliation Gap,1.0
CASE003731,ORD0024941,Refund,Missing Item,2026-04-02 23:47:19,2026-04-03 01:40:10,Resolved,1.88,190.88,Stock Reconciliation Gap,3.0
CASE003732,ORD0024947,Refund,Item Unavailable,2026-04-06 02:16:12,2026-04-06 12:55:16,Resolved,10.65,96.15,Replenishment Delay,2.0
CASE003733,ORD0024978,Refund,Missing Item,2026-04-27 18:09:14,2026-04-28 09:33:57,Resolved,15.41,116.6,Picking Error,4.0
