order_date,store_id,shift,orders_received,delivered_orders,cancelled_orders,gross_order_value,net_revenue,avg_picking_minutes,avg_delivery_minutes,avg_customer_rating,stockout_line_items,planned_staff,present_staff,staff_absence_count,system_downtime_minutes,orders_per_staff_member,cancellation_rate_pct,sla_within_orders,sla_breach_orders,on_time_delivery_rate_pct
2026-04-01,MFC001,Morning,3.0,3.0,0.0,9716.49,9716.49,9.54,26.66,3.57,0.0,3,3,0,5,1.0,0.0,3,0,100.0
2026-04-01,MFC001,Evening,7.0,7.0,0.0,4929.26,4929.26,5.22,24.3,3.6,0.0,3,3,0,3,2.33,0.0,6,1,85.71
2026-04-01,MFC001,Night,3.0,3.0,0.0,1759.52,1677.87,6.06,24.08,3.33,1.0,3,3,0,4,1.0,0.0,3,0,100.0
2026-04-01,MFC002,Morning,5.0,4.0,1.0,3984.31,3536.12,6.27,30.7,3.6,0.0,3,3,0,2,1.67,20.0,2,2,50.0
2026-04-01,MFC002,Evening,3.0,3.0,0.0,4242.44,4242.44,7.19,25.34,4.2,0.0,3,3,0,4,1.0,0.0,3,0,100.0
2026-04-01,MFC002,Night,1.0,1.0,0.0,517.36,517.36,8.28,25.39,3.3,0.0,3,3,0,2,0.33,0.0,1,0,100.0
2026-04-01,MFC003,Morning,6.0,5.0,1.0,4726.87,3458.84,5.26,24.95,3.22,1.0,3,3,0,2,2.0,16.67,5,0,100.0
2026-04-01,MFC003,Evening,9.0,9.0,0.0,8015.28,7341.55,7.95,26.59,3.47,4.0,4,4,0,5,2.25,0.0,4,5,44.44
2026-04-01,MFC003,Night,5.0,4.0,1.0,2975.77,2083.45,4.58,21.37,3.68,1.0,3,3,0,3,1.67,20.0,4,0,100.0
2026-04-01,MFC004,Morning,3.0,2.0,1.0,2980.31,2844.37,10.09,25.22,3.0,0.0,3,3,0,4,1.0,33.33,1,1,50.0
2026-04-01,MFC004,Evening,9.0,9.0,0.0,6976.55,6785.67,7.91,25.76,3.4,1.0,4,4,0,0,2.25,0.0,5,4,55.56
2026-04-01,MFC004,Night,0.0,0.0,0.0,0.0,0.0,,,,0.0,3,3,0,3,0.0,0.0,0,0,0.0
2026-04-01,MFC005,Morning,6.0,5.0,1.0,7137.32,5571.35,7.29,23.45,3.9,1.0,3,3,0,50,2.0,16.67,4,1,80.0
2026-04-01,MFC005,Evening,12.0,9.0,2.0,12403.67,10826.27,6.65,24.65,3.79,0.0,4,4,0,2,3.0,16.67,8,1,88.89
2026-04-01,MFC005,Night,1.0,1.0,0.0,264.47,264.47,6.95,29.45,3.6,0.0,3,2,1,2,0.5,0.0,1,0,100.0
2026-04-01,MFC006,Morning,2.0,2.0,0.0,1942.72,1942.72,7.08,34.6,3.85,0.0,3,3,0,2,0.67,0.0,0,2,0.0
2026-04-01,MFC006,Evening,9.0,8.0,1.0,8708.4,7967.79,8.38,29.41,3.23,2.0,4,4,0,2,2.25,11.11,7,1,87.5
2026-04-01,MFC006,Night,2.0,1.0,1.0,3539.82,448.66,5.5,19.95,3.5,1.0,3,3,0,4,0.67,50.0,1,0,100.0
2026-04-01,MFC007,Morning,7.0,6.0,1.0,6737.44,6737.44,8.02,26.57,3.24,2.0,3,2,1,2,3.5,14.29,5,1,83.33
2026-04-01,MFC007,Evening,10.0,9.0,1.0,16226.99,15739.3,7.66,29.59,3.37,0.0,4,4,0,1,2.5,10.0,6,3,66.67
2026-04-01,MFC007,Night,1.0,1.0,0.0,2231.9,2231.9,3.15,16.33,4.2,0.0,3,3,0,2,0.33,0.0,1,0,100.0
2026-04-01,MFC008,Morning,8.0,6.0,1.0,7090.41,6376.36,5.35,20.66,3.75,2.0,3,3,0,2,2.67,12.5,6,0,100.0
2026-04-01,MFC008,Evening,9.0,9.0,0.0,8530.14,8048.82,5.4,22.59,3.09,4.0,4,4,0,3,2.25,0.0,8,1,88.89
2026-04-01,MFC008,Night,1.0,1.0,0.0,1088.41,1088.41,4.56,16.02,4.6,0.0,3,2,1,5,0.5,0.0,1,0,100.0
2026-04-01,MFC009,Morning,10.0,8.0,1.0,9624.96,8910.25,6.95,24.79,3.72,0.0,4,3,1,2,3.33,10.0,7,1,87.5
2026-04-01,MFC009,Evening,7.0,7.0,0.0,10616.11,10493.74,6.74,27.47,3.61,1.0,3,3,0,1,2.33,0.0,6,1,85.71
2026-04-01,MFC009,Night,2.0,2.0,0.0,3490.15,3490.15,6.5,22.54,2.8,0.0,3,3,0,1,0.67,0.0,2,0,100.0
2026-04-01,MFC010,Morning,6.0,6.0,0.0,4716.02,4618.8,6.48,23.03,3.22,1.0,3,3,0,3,2.0,0.0,5,1,83.33
2026-04-01,MFC010,Evening,8.0,8.0,0.0,8149.29,8149.29,8.27,30.26,3.59,0.0,3,3,0,4,2.67,0.0,4,4,50.0
2026-04-01,MFC010,Night,1.0,1.0,0.0,2398.95,2398.95,11.83,24.5,3.1,0.0,3,3,0,0,0.33,0.0,1,0,100.0
2026-04-01,MFC011,Morning,8.0,8.0,0.0,4192.85,4192.85,6.56,22.44,3.54,0.0,3,3,0,3,2.67,0.0,7,1,87.5
2026-04-01,MFC011,Evening,10.0,8.0,1.0,12743.07,10964.97,9.22,25.31,3.29,2.0,4,4,0,2,2.5,10.0,6,2,75.0
2026-04-01,MFC011,Night,3.0,3.0,0.0,3717.49,3717.49,9.01,23.31,3.63,0.0,3,3,0,5,1.0,0.0,2,1,66.67
2026-04-01,MFC012,Morning,5.0,4.0,0.0,2898.72,2898.72,7.3,25.73,3.58,0.0,3,3,0,1,1.67,0.0,2,2,50.0
2026-04-01,MFC012,Evening,4.0,4.0,0.0,3508.9,3508.9,4.55,22.79,3.38,0.0,3,3,0,2,1.33,0.0,4,0,100.0
2026-04-01,MFC012,Night,2.0,2.0,0.0,1817.54,1817.54,6.14,31.96,3.75,0.0,3,3,0,3,0.67,0.0,2,0,100.0
2026-04-01,MFC013,Morning,9.0,9.0,0.0,9550.0,9503.83,5.98,20.93,3.67,1.0,4,4,0,2,2.25,0.0,9,0,100.0
2026-04-01,MFC013,Evening,10.0,10.0,0.0,12931.83,12754.78,7.58,25.31,3.58,1.0,4,3,1,5,3.33,0.0,6,4,60.0
2026-04-01,MFC013,Night,3.0,3.0,0.0,3195.45,3060.69,7.23,21.27,3.3,1.0,3,3,0,2,1.0,0.0,3,0,100.0
2026-04-01,MFC014,Morning,4.0,4.0,0.0,4425.94,4425.94,4.26,19.58,3.88,0.0,3,3,0,1,1.33,0.0,4,0,100.0
2026-04-01,MFC014,Evening,5.0,5.0,0.0,7226.83,7092.93,7.52,24.07,3.92,1.0,3,3,0,2,1.67,0.0,4,1,80.0
2026-04-01,MFC014,Night,1.0,1.0,0.0,641.74,641.74,4.52,17.21,2.6,0.0,3,3,0,2,0.33,0.0,1,0,100.0
2026-04-01,MFC015,Morning,5.0,5.0,0.0,7180.26,7180.26,6.73,24.62,3.84,0.0,3,3,0,2,1.67,0.0,3,2,60.0
2026-04-01,MFC015,Evening,11.0,10.0,0.0,17602.45,17334.74,9.66,28.85,3.65,1.0,4,3,1,1,3.67,0.0,7,3,70.0
2026-04-01,MFC015,Night,1.0,1.0,0.0,970.78,970.78,7.63,18.57,4.0,0.0,3,3,0,3,0.33,0.0,1,0,100.0
2026-04-01,MFC016,Morning,4.0,3.0,0.0,3996.13,3846.75,9.22,26.26,3.57,1.0,3,2,1,1,2.0,0.0,3,0,100.0
2026-04-01,MFC016,Evening,9.0,8.0,1.0,14020.24,13229.7,7.51,24.33,3.42,2.0,4,4,0,2,2.25,11.11,6,2,75.0
2026-04-01,MFC016,Night,1.0,1.0,0.0,1905.27,1905.27,6.22,16.21,4.6,0.0,3,3,0,2,0.33,0.0,1,0,100.0
2026-04-01,MFC017,Morning,9.0,7.0,2.0,13303.77,8609.73,6.61,21.0,3.32,0.0,4,4,0,3,2.25,22.22,6,1,85.71
2026-04-01,MFC017,Evening,8.0,8.0,0.0,6560.2,6560.2,7.51,24.42,3.8,0.0,3,3,0,3,2.67,0.0,6,2,75.0
2026-04-01,MFC017,Night,0.0,0.0,0.0,0.0,0.0,,,,0.0,3,3,0,1,0.0,0.0,0,0,0.0
2026-04-01,MFC018,Morning,5.0,5.0,0.0,8261.03,8261.03,11.02,34.19,3.78,0.0,3,2,1,3,2.5,0.0,1,4,20.0
2026-04-01,MFC018,Evening,7.0,7.0,0.0,7758.04,7633.36,7.42,25.74,3.27,1.0,3,3,0,2,2.33,0.0,7,0,100.0
2026-04-01,MFC018,Night,1.0,1.0,0.0,2146.28,2146.28,10.32,38.02,3.1,0.0,3,2,1,2,0.5,0.0,0,1,0.0
2026-04-02,MFC001,Morning,4.0,2.0,2.0,3762.89,1786.06,7.72,26.42,3.47,0.0,3,3,0,2,1.33,50.0,2,0,100.0
2026-04-02,MFC001,Evening,11.0,9.0,2.0,8572.72,8047.04,7.28,25.61,3.49,1.0,4,3,1,0,3.67,18.18,6,3,66.67
2026-04-02,MFC001,Night,1.0,1.0,0.0,314.38,314.38,4.02,22.37,3.8,0.0,3,2,1,3,0.5,0.0,1,0,100.0
2026-04-02,MFC002,Morning,4.0,4.0,0.0,6761.37,6761.37,9.03,23.86,3.5,0.0,3,3,0,2,1.33,0.0,3,1,75.0
2026-04-02,MFC002,Evening,8.0,7.0,1.0,8459.38,8200.25,9.01,26.83,3.61,0.0,3,3,0,3,2.67,12.5,5,2,71.43
2026-04-02,MFC002,Night,3.0,3.0,0.0,7188.05,7188.05,5.11,23.05,3.53,0.0,3,2,1,4,1.5,0.0,3,0,100.0
2026-04-02,MFC003,Morning,5.0,5.0,0.0,6131.77,5705.92,6.77,24.66,3.18,3.0,3,3,0,31,1.67,0.0,4,1,80.0
2026-04-02,MFC003,Evening,6.0,6.0,0.0,4077.87,3778.33,6.87,24.74,3.3,2.0,3,3,0,1,2.0,0.0,6,0,100.0
2026-04-02,MFC003,Night,1.0,1.0,0.0,269.11,269.11,2.56,28.04,4.1,0.0,3,3,0,4,0.33,0.0,1,0,100.0
2026-04-02,MFC004,Morning,3.0,3.0,0.0,4970.23,4970.23,5.9,22.75,3.63,0.0,3,3,0,2,1.0,0.0,3,0,100.0
2026-04-02,MFC004,Evening,12.0,12.0,0.0,11090.3,10822.31,8.31,27.68,3.82,2.0,4,4,0,1,3.0,0.0,6,6,50.0
2026-04-02,MFC004,Night,1.0,1.0,0.0,2843.98,2843.98,8.98,20.54,3.5,0.0,3,3,0,0,0.33,0.0,1,0,100.0
2026-04-02,MFC005,Morning,8.0,8.0,0.0,9624.53,9068.7,8.71,25.12,3.74,1.0,3,3,0,4,2.67,0.0,6,2,75.0
2026-04-02,MFC005,Evening,7.0,6.0,1.0,14644.18,13471.44,10.4,28.62,3.4,2.0,3,3,0,2,2.33,14.29,4,2,66.67
2026-04-02,MFC005,Night,0.0,0.0,0.0,0.0,0.0,,,,0.0,3,3,0,0,0.0,0.0,0,0,0.0
2026-04-02,MFC006,Morning,5.0,4.0,1.0,3168.99,2300.92,6.08,23.28,4.08,0.0,3,3,0,4,1.67,20.0,3,1,75.0
2026-04-02,MFC006,Evening,8.0,8.0,0.0,12476.82,12025.53,8.7,25.93,3.16,3.0,3,3,0,0,2.67,0.0,4,4,50.0
2026-04-02,MFC006,Night,1.0,1.0,0.0,844.01,703.34,6.56,23.23,2.4,1.0,3,3,0,3,0.33,0.0,1,0,100.0
2026-04-02,MFC007,Morning,7.0,6.0,1.0,8738.2,5806.83,8.84,27.9,3.38,4.0,3,3,0,6,2.33,14.29,4,2,66.67
2026-04-02,MFC007,Evening,8.0,8.0,0.0,11977.84,9912.24,8.09,25.1,3.49,0.0,3,3,0,4,2.67,0.0,7,1,87.5
2026-04-02,MFC007,Night,0.0,0.0,0.0,0.0,0.0,,,,0.0,3,3,0,2,0.0,0.0,0,0,0.0
2026-04-02,MFC008,Morning,6.0,6.0,0.0,9407.55,9407.55,5.36,22.64,3.57,0.0,3,3,0,4,2.0,0.0,6,0,100.0
2026-04-02,MFC008,Evening,7.0,6.0,1.0,6614.79,4373.68,5.62,24.72,3.36,0.0,3,3,0,1,2.33,14.29,5,1,83.33
2026-04-02,MFC008,Night,0.0,0.0,0.0,0.0,0.0,,,,0.0,3,3,0,1,0.0,0.0,0,0,0.0
2026-04-02,MFC009,Morning,0.0,0.0,0.0,0.0,0.0,,,,0.0,3,3,0,2,0.0,0.0,0,0,0.0
2026-04-02,MFC009,Evening,6.0,4.0,1.0,6633.06,5876.39,5.37,21.38,3.5,0.0,3,3,0,0,2.0,16.67,3,1,75.0
2026-04-02,MFC009,Night,3.0,3.0,0.0,1866.58,1866.58,4.29,21.34,3.7,0.0,3,3,0,2,1.0,0.0,3,0,100.0
2026-04-02,MFC010,Morning,4.0,4.0,0.0,2955.39,2812.67,5.64,25.26,3.65,1.0,3,3,0,2,1.33,0.0,3,1,75.0
2026-04-02,MFC010,Evening,2.0,2.0,0.0,4195.41,4195.41,9.6,30.38,3.6,0.0,3,3,0,3,0.67,0.0,2,0,100.0
2026-04-02,MFC010,Night,1.0,1.0,0.0,669.53,669.53,3.87,24.81,4.0,0.0,3,3,0,1,0.33,0.0,1,0,100.0
2026-04-02,MFC011,Morning,9.0,9.0,0.0,10955.06,10841.86,7.11,27.95,3.4,1.0,4,3,1,2,3.0,0.0,6,3,66.67
2026-04-02,MFC011,Evening,11.0,10.0,1.0,9405.43,8220.89,6.65,26.74,3.45,0.0,4,4,0,3,2.75,9.09,7,3,70.0
2026-04-02,MFC011,Night,3.0,3.0,0.0,2757.23,2757.23,5.92,24.34,3.17,0.0,3,3,0,3,1.0,0.0,3,0,100.0
2026-04-02,MFC012,Morning,3.0,3.0,0.0,1470.84,1470.84,5.9,29.15,3.77,0.0,3,3,0,2,1.0,0.0,3,0,100.0
2026-04-02,MFC012,Evening,6.0,5.0,1.0,4069.3,2077.57,6.67,22.35,3.7,1.0,3,3,0,2,2.0,16.67,5,0,100.0
2026-04-02,MFC012,Night,0.0,0.0,0.0,0.0,0.0,,,,0.0,3,3,0,2,0.0,0.0,0,0,0.0
2026-04-02,MFC013,Morning,6.0,5.0,1.0,9876.63,9004.67,6.89,23.07,3.72,0.0,3,3,0,2,2.0,16.67,5,0,100.0
2026-04-02,MFC013,Evening,7.0,7.0,0.0,7675.04,7293.96,5.74,26.6,3.3,1.0,3,3,0,2,2.33,0.0,6,1,85.71
2026-04-02,MFC013,Night,3.0,3.0,0.0,1078.81,1078.81,2.85,15.58,3.43,0.0,3,3,0,2,1.0,0.0,3,0,100.0
2026-04-02,MFC014,Morning,7.0,6.0,0.0,4440.7,4440.7,4.93,19.29,3.5,0.0,3,2,1,2,3.5,0.0,6,0,100.0
2026-04-02,MFC014,Evening,9.0,9.0,0.0,13010.88,9463.3,7.83,30.56,3.59,0.0,4,4,0,2,2.25,0.0,6,3,66.67
2026-04-02,MFC014,Night,0.0,0.0,0.0,0.0,0.0,,,,0.0,3,2,1,27,0.0,0.0,0,0,0.0
2026-04-02,MFC015,Morning,3.0,3.0,0.0,6622.24,5150.93,10.8,26.78,2.93,2.0,3,3,0,2,1.0,0.0,1,2,33.33
2026-04-02,MFC015,Evening,11.0,9.0,1.0,10326.11,9964.7,7.8,25.59,3.36,2.0,4,4,0,3,2.75,9.09,8,1,88.89
2026-04-02,MFC015,Night,1.0,1.0,0.0,1518.8,1518.8,8.46,27.44,3.0,0.0,3,2,1,2,0.5,0.0,1,0,100.0
2026-04-02,MFC016,Morning,8.0,7.0,1.0,21594.06,10714.77,5.58,22.53,3.45,1.0,3,3,0,2,2.67,12.5,7,0,100.0
2026-04-02,MFC016,Evening,5.0,3.0,2.0,4660.83,2107.49,5.04,28.72,3.3,0.0,3,3,0,0,1.67,40.0,3,0,100.0
2026-04-02,MFC016,Night,1.0,1.0,0.0,846.75,846.75,8.02,20.23,4.8,0.0,3,2,1,2,0.5,0.0,1,0,100.0
2026-04-02,MFC017,Morning,8.0,7.0,0.0,9131.44,9131.44,7.88,24.98,3.69,0.0,3,3,0,2,2.67,0.0,5,2,71.43
2026-04-02,MFC017,Evening,8.0,8.0,0.0,12040.36,12040.36,6.61,20.86,4.06,0.0,3,3,0,4,2.67,0.0,7,1,87.5
2026-04-02,MFC017,Night,1.0,1.0,0.0,4646.42,4646.42,8.15,22.37,4.6,0.0,3,2,1,4,0.5,0.0,1,0,100.0
2026-04-02,MFC018,Morning,4.0,4.0,0.0,2079.39,2079.39,6.27,23.78,3.4,0.0,3,2,1,5,2.0,0.0,3,1,75.0
2026-04-02,MFC018,Evening,6.0,6.0,0.0,6884.71,6750.51,7.95,27.49,3.62,1.0,3,3,0,4,2.0,0.0,3,3,50.0
2026-04-02,MFC018,Night,1.0,1.0,0.0,912.37,912.37,11.23,24.46,3.4,0.0,3,3,0,3,0.33,0.0,1,0,100.0
2026-04-03,MFC001,Morning,3.0,3.0,0.0,2508.62,2508.62,5.55,22.59,4.2,0.0,3,2,1,4,1.5,0.0,2,1,66.67
2026-04-03,MFC001,Evening,3.0,3.0,0.0,3597.36,3597.36,7.64,23.88,3.47,0.0,3,3,0,4,1.0,0.0,2,1,66.67
2026-04-03,MFC001,Night,1.0,1.0,0.0,790.6,790.6,10.6,29.16,3.7,0.0,3,3,0,2,0.33,0.0,0,1,0.0
2026-04-03,MFC002,Morning,3.0,3.0,0.0,1513.37,1513.37,7.32,24.2,3.67,0.0,3,3,0,0,1.0,0.0,2,1,66.67
2026-04-03,MFC002,Evening,5.0,5.0,0.0,10274.46,10274.46,9.74,25.55,3.9,0.0,3,3,0,4,1.67,0.0,5,0,100.0
2026-04-03,MFC002,Night,0.0,0.0,0.0,0.0,0.0,,,,0.0,3,3,0,2,0.0,0.0,0,0,0.0
2026-04-03,MFC003,Morning,5.0,5.0,0.0,5026.54,4508.0,7.09,26.16,3.14,3.0,3,3,0,2,1.67,0.0,4,1,80.0
2026-04-03,MFC003,Evening,11.0,11.0,0.0,18072.08,17975.67,6.75,25.92,3.61,0.0,4,4,0,2,2.75,0.0,8,3,72.73
2026-04-03,MFC003,Night,1.0,1.0,0.0,309.45,309.45,4.61,15.62,3.1,0.0,3,2,1,1,0.5,0.0,1,0,100.0
2026-04-03,MFC004,Morning,3.0,3.0,0.0,6030.11,6030.11,7.6,32.3,3.5,0.0,3,3,0,5,1.0,0.0,2,1,66.67
2026-04-03,MFC004,Evening,13.0,11.0,2.0,17187.41,15734.8,10.08,30.19,3.77,1.0,4,3,1,1,4.33,15.38,5,6,45.45
2026-04-03,MFC004,Night,1.0,1.0,0.0,1248.01,1248.01,8.52,20.85,3.1,0.0,3,3,0,5,0.33,0.0,1,0,100.0
2026-04-03,MFC005,Morning,12.0,10.0,2.0,14459.79,10598.67,7.63,25.46,3.32,3.0,4,4,0,2,3.0,16.67,7,3,70.0
2026-04-03,MFC005,Evening,14.0,11.0,3.0,12097.98,10403.42,6.82,29.83,3.4,2.0,4,4,0,3,3.5,21.43,8,3,72.73
2026-04-03,MFC005,Night,3.0,3.0,0.0,4327.53,4327.53,4.93,15.65,4.27,0.0,3,3,0,4,1.0,0.0,3,0,100.0
2026-04-03,MFC006,Morning,3.0,3.0,0.0,4789.16,4164.22,7.73,20.56,3.53,1.0,3,3,0,1,1.0,0.0,3,0,100.0
2026-04-03,MFC006,Evening,5.0,5.0,0.0,3549.76,3295.7,9.84,28.55,3.06,3.0,3,3,0,1,1.67,0.0,2,3,40.0
2026-04-03,MFC006,Night,1.0,1.0,0.0,368.97,368.97,6.44,25.63,4.1,0.0,3,3,0,2,0.33,0.0,1,0,100.0
2026-04-03,MFC007,Morning,4.0,4.0,0.0,3740.24,3740.24,6.15,22.66,3.92,0.0,3,3,0,4,1.33,0.0,3,1,75.0
2026-04-03,MFC007,Evening,4.0,4.0,0.0,3926.93,3788.65,7.2,26.08,3.38,1.0,3,3,0,2,1.33,0.0,2,2,50.0
2026-04-03,MFC007,Night,0.0,0.0,0.0,0.0,0.0,,,,0.0,3,3,0,2,0.0,0.0,0,0,0.0
2026-04-03,MFC008,Morning,12.0,11.0,1.0,7072.26,7072.26,5.31,22.29,3.27,1.0,4,4,0,1,3.0,8.33,9,2,81.82
2026-04-03,MFC008,Evening,11.0,11.0,0.0,15186.24,13122.33,7.86,27.96,3.24,0.0,4,4,0,1,2.75,0.0,7,4,63.64
2026-04-03,MFC008,Night,2.0,2.0,0.0,1599.41,1523.35,4.73,17.74,3.25,1.0,3,3,0,1,0.67,0.0,2,0,100.0
2026-04-03,MFC009,Morning,5.0,4.0,1.0,7186.83,6844.84,7.48,25.06,3.48,0.0,3,3,0,4,1.67,20.0,2,2,50.0
2026-04-03,MFC009,Evening,9.0,7.0,2.0,15561.5,11340.1,7.66,23.41,3.28,2.0,4,2,2,4,4.5,22.22,5,2,71.43
2026-04-03,MFC009,Night,0.0,0.0,0.0,0.0,0.0,,,,0.0,3,3,0,2,0.0,0.0,0,0,0.0
2026-04-03,MFC010,Morning,2.0,2.0,0.0,1020.16,1020.16,5.18,27.72,3.65,0.0,3,3,0,2,0.67,0.0,1,1,50.0
2026-04-03,MFC010,Evening,9.0,9.0,0.0,13042.08,12958.44,8.0,26.92,3.62,1.0,4,3,1,2,3.0,0.0,5,4,55.56
2026-04-03,MFC010,Night,2.0,2.0,0.0,2907.58,2907.58,7.9,23.7,3.85,0.0,3,3,0,0,0.67,0.0,1,1,50.0
2026-04-03,MFC011,Morning,6.0,4.0,1.0,6072.54,5798.9,8.77,26.38,3.45,0.0,3,2,1,3,3.0,16.67,3,1,75.0
2026-04-03,MFC011,Evening,11.0,8.0,2.0,21216.56,19375.34,7.7,22.56,3.46,4.0,4,3,1,6,3.67,18.18,7,1,87.5
2026-04-03,MFC011,Night,5.0,4.0,1.0,12661.0,11520.89,7.98,25.68,3.3,0.0,3,3,0,3,1.67,20.0,4,0,100.0
2026-04-03,MFC012,Morning,2.0,2.0,0.0,1103.45,976.22,6.1,20.8,2.9,1.0,3,3,0,4,0.67,0.0,2,0,100.0
2026-04-03,MFC012,Evening,8.0,8.0,0.0,8239.37,8239.37,7.57,24.33,3.76,0.0,3,3,0,2,2.67,0.0,8,0,100.0
2026-04-03,MFC012,Night,0.0,0.0,0.0,0.0,0.0,,,,0.0,3,3,0,3,0.0,0.0,0,0,0.0
2026-04-03,MFC013,Morning,11.0,10.0,1.0,12613.17,8985.51,6.84,24.35,3.54,1.0,4,4,0,0,2.75,9.09,8,2,80.0
2026-04-03,MFC013,Evening,9.0,8.0,1.0,16881.74,14947.44,8.23,28.13,3.24,2.0,4,4,0,3,2.25,11.11,6,2,75.0
2026-04-03,MFC013,Night,2.0,2.0,0.0,4655.22,4655.22,6.41,23.34,3.35,0.0,3,3,0,5,0.67,0.0,2,0,100.0
2026-04-03,MFC014,Morning,5.0,5.0,0.0,7735.92,7735.92,6.51,25.5,3.46,0.0,3,3,0,18,1.67,0.0,4,1,80.0
2026-04-03,MFC014,Evening,5.0,5.0,0.0,3764.5,3764.5,4.8,21.39,4.2,0.0,3,3,0,5,1.67,0.0,4,1,80.0
2026-04-03,MFC014,Night,2.0,2.0,0.0,1347.11,1347.11,6.1,20.36,3.95,0.0,3,3,0,1,0.67,0.0,2,0,100.0
2026-04-03,MFC015,Morning,6.0,6.0,0.0,11151.23,10063.84,11.39,29.03,3.68,3.0,3,3,0,2,2.0,0.0,4,2,66.67
2026-04-03,MFC015,Evening,9.0,9.0,0.0,15786.84,15070.01,9.28,27.43,3.39,4.0,4,4,0,2,2.25,0.0,7,2,77.78
2026-04-03,MFC015,Night,3.0,2.0,0.0,4049.78,4049.78,5.62,20.23,3.95,0.0,3,3,0,6,1.0,0.0,2,0,100.0
2026-04-03,MFC016,Morning,5.0,5.0,0.0,7836.18,7836.18,6.36,23.39,3.52,0.0,3,3,0,3,1.67,0.0,5,0,100.0
2026-04-03,MFC016,Evening,12.0,11.0,1.0,14731.06,11136.6,6.94,23.0,3.07,3.0,4,4,0,2,3.0,8.33,9,2,81.82
2026-04-03,MFC016,Night,0.0,0.0,0.0,0.0,0.0,,,,0.0,3,3,0,2,0.0,0.0,0,0,0.0
2026-04-03,MFC017,Morning,5.0,5.0,0.0,4906.86,4673.18,8.5,29.74,3.52,1.0,3,2,1,3,2.5,0.0,3,2,60.0
2026-04-03,MFC017,Evening,5.0,5.0,0.0,3583.52,3583.52,7.4,24.87,3.66,0.0,3,3,0,3,1.67,0.0,3,2,60.0
2026-04-03,MFC017,Night,3.0,3.0,0.0,5028.82,5028.82,4.96,17.62,4.03,0.0,3,3,0,3,1.0,0.0,3,0,100.0
2026-04-03,MFC018,Morning,4.0,3.0,1.0,7930.91,7930.91,10.28,25.8,3.77,0.0,3,3,0,2,1.33,25.0,3,0,100.0
2026-04-03,MFC018,Evening,8.0,8.0,0.0,7662.82,7135.33,7.48,23.47,3.16,2.0,3,3,0,4,2.67,0.0,5,3,62.5
2026-04-03,MFC018,Night,2.0,2.0,0.0,5157.73,5157.73,9.2,25.9,3.75,0.0,3,2,1,1,1.0,0.0,2,0,100.0
2026-04-04,MFC001,Morning,7.0,5.0,2.0,9810.35,7446.13,7.87,25.46,3.33,2.0,3,3,0,0,2.33,28.57,3,2,60.0
2026-04-04,MFC001,Evening,10.0,10.0,0.0,19483.17,18989.72,7.56,25.33,3.51,2.0,4,3,1,1,3.33,0.0,9,1,90.0
2026-04-04,MFC001,Night,2.0,1.0,0.0,2687.33,2687.33,6.66,22.73,3.0,0.0,3,3,0,1,0.67,0.0,1,0,100.0
2026-04-04,MFC002,Morning,5.0,5.0,0.0,13766.85,13766.85,8.5,28.51,3.8,0.0,3,3,0,5,1.67,0.0,3,2,60.0
2026-04-04,MFC002,Evening,11.0,9.0,2.0,14392.36,13936.1,10.1,29.3,3.46,2.0,4,4,0,4,2.75,18.18,6,3,66.67
2026-04-04,MFC002,Night,1.0,1.0,0.0,1023.41,1023.41,2.36,19.89,3.5,0.0,3,3,0,3,0.33,0.0,1,0,100.0
2026-04-04,MFC003,Morning,9.0,9.0,0.0,9783.13,9633.71,6.65,24.27,3.57,1.0,4,4,0,3,2.25,0.0,6,3,66.67
2026-04-04,MFC003,Evening,11.0,10.0,1.0,10461.8,8913.22,7.47,26.23,3.45,1.0,4,4,0,1,2.75,9.09,8,2,80.0
2026-04-04,MFC003,Night,1.0,1.0,0.0,1364.84,1364.84,4.11,19.68,4.0,0.0,3,2,1,1,0.5,0.0,1,0,100.0
2026-04-04,MFC004,Morning,4.0,4.0,0.0,10958.64,10958.64,7.57,23.38,3.68,0.0,3,3,0,0,1.33,0.0,4,0,100.0
2026-04-04,MFC004,Evening,1.0,1.0,0.0,1029.27,771.95,13.74,27.33,2.6,1.0,3,3,0,1,0.33,0.0,1,0,100.0
2026-04-04,MFC004,Night,0.0,0.0,0.0,0.0,0.0,,,,0.0,3,3,0,2,0.0,0.0,0,0,0.0
2026-04-04,MFC005,Morning,9.0,9.0,0.0,8820.14,7922.78,8.71,24.5,3.42,3.0,4,3,1,1,3.0,0.0,6,3,66.67
2026-04-04,MFC005,Evening,10.0,8.0,1.0,9805.54,7195.73,7.3,27.58,3.36,1.0,4,4,0,1,2.5,10.0,5,3,62.5
2026-04-04,MFC005,Night,1.0,1.0,0.0,945.13,756.1,8.25,27.43,2.9,1.0,3,3,0,3,0.33,0.0,1,0,100.0
2026-04-04,MFC006,Morning,3.0,2.0,1.0,4010.31,3303.86,6.7,18.89,3.87,0.0,3,3,0,3,1.0,33.33,2,0,100.0
2026-04-04,MFC006,Evening,8.0,6.0,2.0,6353.22,5469.83,7.05,25.17,3.67,1.0,3,2,1,2,4.0,25.0,4,2,66.67
2026-04-04,MFC006,Night,2.0,2.0,0.0,3129.34,2678.91,6.64,32.56,3.25,2.0,3,3,0,2,0.67,0.0,2,0,100.0
2026-04-04,MFC007,Morning,7.0,7.0,0.0,8566.83,7918.41,7.22,28.07,3.44,3.0,3,3,0,1,2.33,0.0,6,1,85.71
2026-04-04,MFC007,Evening,7.0,7.0,0.0,4939.4,4680.73,7.05,28.16,3.56,2.0,3,3,0,0,2.33,0.0,4,3,57.14
2026-04-04,MFC007,Night,1.0,1.0,0.0,1275.32,1275.32,7.48,22.35,4.4,0.0,3,3,0,4,0.33,0.0,1,0,100.0
2026-04-04,MFC008,Morning,5.0,5.0,0.0,8614.1,8614.1,7.68,28.92,3.88,0.0,3,3,0,6,1.67,0.0,2,3,40.0
2026-04-04,MFC008,Evening,8.0,6.0,2.0,14592.97,10465.78,6.33,22.0,3.62,0.0,3,2,1,2,4.0,25.0,6,0,100.0
2026-04-04,MFC008,Night,0.0,0.0,0.0,0.0,0.0,,,,0.0,3,3,0,1,0.0,0.0,0,0,0.0
2026-04-04,MFC009,Morning,7.0,7.0,0.0,7574.93,7574.93,6.37,23.4,3.43,0.0,3,3,0,1,2.33,0.0,7,0,100.0
2026-04-04,MFC009,Evening,3.0,3.0,0.0,2366.3,2366.3,3.22,14.41,3.93,0.0,3,3,0,1,1.0,0.0,3,0,100.0
2026-04-04,MFC009,Night,2.0,2.0,0.0,1445.72,1445.72,4.46,17.37,2.85,0.0,3,3,0,1,0.67,0.0,2,0,100.0
2026-04-04,MFC010,Morning,4.0,3.0,0.0,5147.94,5147.94,5.96,22.82,3.83,0.0,3,3,0,1,1.33,0.0,2,1,66.67
2026-04-04,MFC010,Evening,10.0,9.0,0.0,10463.49,9862.93,7.84,25.54,3.6,2.0,4,4,0,2,2.5,0.0,7,2,77.78
2026-04-04,MFC010,Night,0.0,0.0,0.0,0.0,0.0,,,,0.0,3,3,0,2,0.0,0.0,0,0,0.0
2026-04-04,MFC011,Morning,8.0,8.0,0.0,9080.99,8743.3,7.08,25.46,3.24,1.0,3,3,0,3,2.67,0.0,5,3,62.5
2026-04-04,MFC011,Evening,12.0,12.0,0.0,12400.09,12260.17,7.01,24.15,3.32,1.0,4,4,0,4,3.0,0.0,11,1,91.67
2026-04-04,MFC011,Night,1.0,0.0,1.0,1668.89,0.0,,,3.0,0.0,3,3,0,2,0.33,100.0,0,0,0.0
2026-04-04,MFC012,Morning,11.0,11.0,0.0,11012.91,10770.17,6.53,23.77,3.4,1.0,4,4,0,1,2.75,0.0,10,1,90.91
2026-04-04,MFC012,Evening,7.0,6.0,1.0,8457.13,7062.09,7.27,24.95,3.49,0.0,3,3,0,2,2.33,14.29,5,1,83.33
2026-04-04,MFC012,Night,0.0,0.0,0.0,0.0,0.0,,,,0.0,3,3,0,0,0.0,0.0,0,0,0.0
2026-04-04,MFC013,Morning,9.0,8.0,0.0,11739.71,11511.73,8.44,26.47,3.35,2.0,4,3,1,3,3.0,0.0,7,1,87.5
2026-04-04,MFC013,Evening,11.0,11.0,0.0,9427.56,9331.41,6.58,25.56,3.63,2.0,4,4,0,2,2.75,0.0,8,3,72.73
2026-04-04,MFC013,Night,4.0,4.0,0.0,5465.78,5465.78,5.08,22.08,3.82,0.0,3,3,0,3,1.33,0.0,4,0,100.0
2026-04-04,MFC014,Morning,4.0,3.0,1.0,3131.41,2535.42,6.82,20.32,3.33,1.0,3,3,0,2,1.33,25.0,3,0,100.0
2026-04-04,MFC014,Evening,6.0,6.0,0.0,6871.51,6208.96,6.68,22.52,3.62,1.0,3,3,0,4,2.0,0.0,5,1,83.33
2026-04-04,MFC014,Night,2.0,2.0,0.0,3118.27,3118.27,5.84,21.98,3.75,0.0,3,3,0,58,0.67,0.0,2,0,100.0
2026-04-04,MFC015,Morning,8.0,7.0,1.0,6497.18,5310.32,6.64,27.88,2.89,4.0,3,3,0,2,2.67,12.5,5,2,71.43
2026-04-04,MFC015,Evening,11.0,9.0,2.0,8426.59,7213.87,7.55,24.58,3.11,3.0,4,4,0,6,2.75,18.18,7,2,77.78
2026-04-04,MFC015,Night,2.0,2.0,0.0,2196.73,1123.79,5.8,18.98,3.4,0.0,3,2,1,1,1.0,0.0,2,0,100.0
2026-04-04,MFC016,Morning,9.0,9.0,0.0,8207.63,7965.69,6.28,25.41,3.5,2.0,4,4,0,4,2.25,0.0,7,2,77.78
2026-04-04,MFC016,Evening,9.0,9.0,0.0,10938.57,10744.15,7.28,26.05,3.82,1.0,4,4,0,4,2.25,0.0,8,1,88.89
2026-04-04,MFC016,Night,0.0,0.0,0.0,0.0,0.0,,,,0.0,3,3,0,32,0.0,0.0,0,0,0.0
2026-04-04,MFC017,Morning,7.0,7.0,0.0,5186.2,5058.23,7.54,26.41,3.31,1.0,3,3,0,3,2.33,0.0,4,3,57.14
2026-04-04,MFC017,Evening,18.0,16.0,2.0,11030.9,9145.39,6.97,25.97,3.45,3.0,5,5,0,0,3.6,11.11,13,3,81.25
2026-04-04,MFC017,Night,7.0,6.0,1.0,12846.5,11463.46,7.13,23.27,3.73,2.0,3,3,0,38,2.33,14.29,6,0,100.0
2026-04-04,MFC018,Morning,7.0,7.0,0.0,11381.05,11251.34,9.24,29.19,3.2,2.0,3,3,0,2,2.33,0.0,5,2,71.43
2026-04-04,MFC018,Evening,4.0,3.0,1.0,3026.4,1635.79,7.14,24.9,3.43,0.0,3,3,0,0,1.33,25.0,2,1,66.67
2026-04-04,MFC018,Night,2.0,2.0,0.0,1396.89,1396.89,4.88,18.98,3.35,0.0,3,3,0,0,0.67,0.0,2,0,100.0
2026-04-05,MFC001,Morning,7.0,5.0,1.0,7132.45,6144.08,6.35,22.78,3.48,0.0,3,2,1,3,3.5,14.29,5,0,100.0
2026-04-05,MFC001,Evening,5.0,4.0,0.0,3949.64,3949.64,5.95,20.47,3.88,0.0,3,3,0,2,1.67,0.0,4,0,100.0
2026-04-05,MFC001,Night,1.0,1.0,0.0,1225.47,1225.47,3.15,19.77,2.9,0.0,3,3,0,2,0.33,0.0,1,0,100.0
2026-04-05,MFC002,Morning,7.0,7.0,0.0,2998.8,2949.87,5.76,31.28,3.43,1.0,3,3,0,2,2.33,0.0,4,3,57.14
2026-04-05,MFC002,Evening,11.0,11.0,0.0,9476.04,9151.66,7.37,27.0,3.56,1.0,4,4,0,2,2.75,0.0,8,3,72.73
2026-04-05,MFC002,Night,2.0,1.0,1.0,2350.65,181.19,2.7,20.62,3.9,0.0,3,2,1,2,1.0,50.0,1,0,100.0
2026-04-05,MFC003,Morning,3.0,3.0,0.0,3671.91,3671.91,8.41,25.84,3.33,0.0,3,3,0,2,1.0,0.0,3,0,100.0
2026-04-05,MFC003,Evening,13.0,13.0,0.0,10007.51,9745.58,6.16,25.58,3.55,2.0,4,3,1,2,4.33,0.0,11,2,84.62
2026-04-05,MFC003,Night,3.0,3.0,0.0,2049.37,1939.93,6.05,23.66,3.33,1.0,3,3,0,1,1.0,0.0,3,0,100.0
2026-04-05,MFC004,Morning,6.0,6.0,0.0,6493.06,6493.06,9.45,31.71,3.62,0.0,3,3,0,19,2.0,0.0,4,2,66.67
2026-04-05,MFC004,Evening,5.0,5.0,0.0,4014.5,3809.14,6.29,21.24,3.62,1.0,3,2,1,3,2.5,0.0,5,0,100.0
2026-04-05,MFC004,Night,1.0,1.0,0.0,2255.65,2255.65,10.67,40.54,2.9,0.0,3,3,0,2,0.33,0.0,0,1,0.0
2026-04-05,MFC005,Morning,12.0,9.0,3.0,13481.56,10865.0,8.79,24.12,3.26,5.0,4,3,1,5,4.0,25.0,8,1,88.89
2026-04-05,MFC005,Evening,12.0,12.0,0.0,13185.43,12646.99,8.26,26.14,3.09,2.0,4,3,1,3,4.0,0.0,11,1,91.67
2026-04-05,MFC005,Night,1.0,1.0,0.0,1191.17,1191.17,10.49,26.64,3.2,0.0,3,3,0,1,0.33,0.0,1,0,100.0
2026-04-05,MFC006,Morning,8.0,8.0,0.0,11148.93,10178.7,10.48,29.19,3.62,1.0,3,2,1,1,4.0,0.0,5,3,62.5
2026-04-05,MFC006,Evening,11.0,10.0,1.0,12416.97,11373.34,8.38,28.2,3.44,2.0,4,4,0,4,2.75,9.09,9,1,90.0
2026-04-05,MFC006,Night,2.0,2.0,0.0,1463.76,1463.76,7.68,26.99,3.45,0.0,3,3,0,3,0.67,0.0,1,1,50.0
2026-04-05,MFC007,Morning,10.0,9.0,0.0,9833.37,9445.5,8.28,24.01,3.68,2.0,4,4,0,5,2.5,0.0,7,2,77.78
2026-04-05,MFC007,Evening,4.0,4.0,0.0,3315.54,3315.54,5.58,19.52,3.38,0.0,3,3,0,2,1.33,0.0,4,0,100.0
2026-04-05,MFC007,Night,0.0,0.0,0.0,0.0,0.0,,,,0.0,3,3,0,3,0.0,0.0,0,0,0.0
2026-04-05,MFC008,Morning,11.0,11.0,0.0,16402.73,16193.4,6.78,24.49,3.72,1.0,4,4,0,4,2.75,0.0,10,1,90.91
2026-04-05,MFC008,Evening,13.0,12.0,1.0,10209.83,5658.1,5.96,24.71,3.32,6.0,4,4,0,2,3.25,7.69,8,4,66.67
2026-04-05,MFC008,Night,2.0,1.0,1.0,2656.25,637.38,7.22,19.18,2.6,1.0,3,3,0,0,0.67,50.0,1,0,100.0
2026-04-05,MFC009,Morning,4.0,3.0,0.0,2330.08,2330.08,5.26,25.17,3.73,1.0,3,2,1,3,2.0,0.0,3,0,100.0
2026-04-05,MFC009,Evening,9.0,9.0,0.0,13600.88,13473.23,7.43,24.62,3.39,1.0,4,4,0,5,2.25,0.0,7,2,77.78
2026-04-05,MFC009,Night,2.0,2.0,0.0,3163.21,3163.21,5.19,18.58,3.1,0.0,3,3,0,2,0.67,0.0,2,0,100.0
2026-04-05,MFC010,Morning,2.0,2.0,0.0,1199.13,1116.18,9.3,23.52,4.15,1.0,3,3,0,1,0.67,0.0,1,1,50.0
2026-04-05,MFC010,Evening,11.0,11.0,0.0,15705.98,15632.56,9.0,27.23,3.72,1.0,4,4,0,2,2.75,0.0,8,3,72.73
2026-04-05,MFC010,Night,2.0,2.0,0.0,2285.61,2285.61,10.44,36.17,3.95,0.0,3,2,1,0,1.0,0.0,1,1,50.0
2026-04-05,MFC011,Morning,1.0,1.0,0.0,1101.42,1101.42,7.34,26.47,4.0,0.0,3,3,0,4,0.33,0.0,1,0,100.0
2026-04-05,MFC011,Evening,17.0,17.0,0.0,17023.99,16912.49,6.76,24.63,3.41,1.0,5,4,1,0,4.25,0.0,14,3,82.35
2026-04-05,MFC011,Night,0.0,0.0,0.0,0.0,0.0,,,,0.0,3,3,0,4,0.0,0.0,0,0,0.0
2026-04-05,MFC012,Morning,4.0,4.0,0.0,2274.7,2135.29,6.72,21.94,3.75,1.0,3,3,0,79,1.33,0.0,3,1,75.0
2026-04-05,MFC012,Evening,7.0,5.0,2.0,9844.16,8715.93,8.97,25.47,3.67,2.0,3,3,0,1,2.33,28.57,3,2,60.0
2026-04-05,MFC012,Night,1.0,1.0,0.0,913.01,913.01,4.82,17.56,4.7,0.0,3,3,0,1,0.33,0.0,1,0,100.0
2026-04-05,MFC013,Morning,8.0,7.0,1.0,14657.6,12961.74,6.6,25.34,3.75,0.0,3,3,0,2,2.67,12.5,7,0,100.0
2026-04-05,MFC013,Evening,8.0,8.0,0.0,5328.57,5293.26,6.56,26.46,3.71,1.0,3,3,0,2,2.67,0.0,6,2,75.0
2026-04-05,MFC013,Night,1.0,1.0,0.0,3599.58,3599.58,5.92,21.91,5.0,0.0,3,3,0,6,0.33,0.0,1,0,100.0
2026-04-05,MFC014,Morning,4.0,4.0,0.0,1886.97,1619.96,5.51,20.97,3.62,0.0,3,3,0,4,1.33,0.0,4,0,100.0
2026-04-05,MFC014,Evening,5.0,5.0,0.0,4398.94,4221.16,6.31,22.45,3.52,1.0,3,3,0,2,1.67,0.0,5,0,100.0
2026-04-05,MFC014,Night,1.0,1.0,0.0,745.42,745.42,2.31,17.32,5.0,0.0,3,3,0,2,0.33,0.0,1,0,100.0
2026-04-05,MFC015,Morning,5.0,4.0,1.0,3845.66,3080.32,7.04,23.56,2.86,2.0,3,3,0,3,1.67,20.0,3,1,75.0
2026-04-05,MFC015,Evening,5.0,5.0,0.0,7371.75,7312.56,8.58,26.92,3.42,1.0,3,3,0,1,1.67,0.0,4,1,80.0
2026-04-05,MFC015,Night,1.0,1.0,0.0,2395.13,2395.13,4.47,26.69,3.7,0.0,3,3,0,4,0.33,0.0,1,0,100.0
2026-04-05,MFC016,Morning,10.0,10.0,0.0,12191.02,11936.05,6.08,22.79,3.71,1.0,4,4,0,2,2.5,0.0,9,1,90.0
2026-04-05,MFC016,Evening,4.0,4.0,0.0,4398.31,4398.31,7.36,27.6,3.7,0.0,3,3,0,4,1.33,0.0,3,1,75.0
2026-04-05,MFC016,Night,1.0,1.0,0.0,595.24,595.24,5.73,31.51,3.7,0.0,3,3,0,1,0.33,0.0,1,0,100.0
2026-04-05,MFC017,Morning,9.0,8.0,0.0,8798.62,8798.62,7.93,24.93,3.35,0.0,4,4,0,2,2.25,0.0,6,2,75.0
2026-04-05,MFC017,Evening,11.0,11.0,0.0,11684.33,11265.21,6.89,26.1,3.34,4.0,4,4,0,1,2.75,0.0,8,3,72.73
2026-04-05,MFC017,Night,1.0,1.0,0.0,537.1,537.1,9.78,22.16,4.2,0.0,3,3,0,0,0.33,0.0,1,0,100.0
2026-04-05,MFC018,Morning,4.0,4.0,0.0,3302.58,2949.45,6.8,21.66,3.7,2.0,3,3,0,5,1.33,0.0,3,1,75.0
2026-04-05,MFC018,Evening,4.0,4.0,0.0,1959.3,1877.31,5.94,21.43,3.15,1.0,3,2,1,0,2.0,0.0,3,1,75.0
2026-04-05,MFC018,Night,0.0,0.0,0.0,0.0,0.0,,,,0.0,3,3,0,3,0.0,0.0,0,0,0.0
2026-04-06,MFC001,Morning,2.0,2.0,0.0,2550.31,2550.31,8.11,25.46,3.75,0.0,3,3,0,4,0.67,0.0,1,1,50.0
2026-04-06,MFC001,Evening,8.0,7.0,1.0,13567.6,13181.19,7.97,31.92,3.81,1.0,3,3,0,3,2.67,12.5,4,3,57.14
2026-04-06,MFC001,Night,2.0,2.0,0.0,2300.04,2300.04,5.56,24.62,4.25,0.0,3,3,0,5,0.67,0.0,1,1,50.0
2026-04-06,MFC002,Morning,4.0,3.0,1.0,2961.88,2961.88,4.23,25.48,4.2,0.0,3,3,0,2,1.33,25.0,2,1,66.67
2026-04-06,MFC002,Evening,5.0,5.0,0.0,5391.64,4958.92,7.11,21.22,3.72,2.0,3,3,0,40,1.67,0.0,5,0,100.0
2026-04-06,MFC002,Night,0.0,0.0,0.0,0.0,0.0,,,,0.0,3,3,0,4,0.0,0.0,0,0,0.0
2026-04-06,MFC003,Morning,5.0,5.0,0.0,3317.74,3317.74,7.41,27.03,3.84,0.0,3,2,1,4,2.5,0.0,4,1,80.0
2026-04-06,MFC003,Evening,4.0,4.0,0.0,8077.96,7810.45,7.88,27.89,3.68,1.0,3,3,0,1,1.33,0.0,2,2,50.0
2026-04-06,MFC003,Night,5.0,5.0,0.0,3623.12,3623.12,5.03,18.78,3.64,0.0,3,3,0,2,1.67,0.0,5,0,100.0
2026-04-06,MFC004,Morning,9.0,9.0,0.0,12839.78,12839.78,8.64,24.33,3.82,0.0,4,4,0,8,2.25,0.0,8,1,88.89
2026-04-06,MFC004,Evening,8.0,7.0,0.0,10644.19,10099.97,10.02,27.64,3.57,2.0,3,3,0,4,2.67,0.0,2,5,28.57
2026-04-06,MFC004,Night,2.0,2.0,0.0,3825.25,3701.74,10.14,31.5,3.25,1.0,3,3,0,2,0.67,0.0,2,0,100.0
2026-04-06,MFC005,Morning,8.0,8.0,0.0,7059.48,6374.77,5.98,21.86,3.66,3.0,3,3,0,2,2.67,0.0,7,1,87.5
2026-04-06,MFC005,Evening,12.0,12.0,0.0,11193.07,11128.55,8.12,24.9,3.89,1.0,4,3,1,2,4.0,0.0,8,4,66.67
2026-04-06,MFC005,Night,1.0,1.0,0.0,3451.09,3067.64,10.04,30.54,2.1,1.0,3,3,0,3,0.33,0.0,0,1,0.0
2026-04-06,MFC006,Morning,6.0,6.0,0.0,5571.78,5507.69,6.69,23.4,3.53,1.0,3,2,1,3,3.0,0.0,5,1,83.33
2026-04-06,MFC006,Evening,4.0,4.0,0.0,4304.22,4278.54,6.5,20.75,3.5,1.0,3,3,0,3,1.33,0.0,4,0,100.0
2026-04-06,MFC006,Night,1.0,1.0,0.0,2283.34,2283.34,8.8,25.62,2.2,0.0,3,3,0,1,0.33,0.0,1,0,100.0
2026-04-06,MFC007,Morning,9.0,9.0,0.0,10312.63,10159.22,7.94,25.01,3.74,1.0,4,3,1,2,3.0,0.0,7,2,77.78
2026-04-06,MFC007,Evening,6.0,5.0,1.0,8635.88,8635.88,8.42,26.85,3.83,0.0,3,2,1,1,3.0,16.67,3,2,60.0
2026-04-06,MFC007,Night,2.0,2.0,0.0,3378.52,3378.52,4.1,17.08,3.65,0.0,3,3,0,0,0.67,0.0,2,0,100.0
2026-04-06,MFC008,Morning,7.0,7.0,0.0,5493.48,5493.48,5.02,26.12,3.67,0.0,3,3,0,3,2.33,0.0,5,2,71.43
2026-04-06,MFC008,Evening,12.0,12.0,0.0,19650.37,19441.8,6.5,25.58,3.52,1.0,4,3,1,2,4.0,0.0,7,5,58.33
2026-04-06,MFC008,Night,4.0,4.0,0.0,4200.99,4200.99,5.22,21.41,3.82,0.0,3,3,0,4,1.33,0.0,4,0,100.0
2026-04-06,MFC009,Morning,7.0,7.0,0.0,4711.82,4661.29,4.48,20.97,3.67,1.0,3,3,0,2,2.33,0.0,7,0,100.0
2026-04-06,MFC009,Evening,5.0,4.0,0.0,2456.45,2456.45,6.19,28.72,4.0,0.0,3,3,0,4,1.67,0.0,3,1,75.0
2026-04-06,MFC009,Night,0.0,0.0,0.0,0.0,0.0,,,,0.0,3,3,0,2,0.0,0.0,0,0,0.0
2026-04-06,MFC010,Morning,6.0,6.0,0.0,3719.53,3719.53,5.46,23.49,3.63,0.0,3,3,0,5,2.0,0.0,5,1,83.33
2026-04-06,MFC010,Evening,6.0,6.0,0.0,7636.36,6468.47,7.25,22.02,3.25,0.0,3,3,0,1,2.0,0.0,6,0,100.0
2026-04-06,MFC010,Night,0.0,0.0,0.0,0.0,0.0,,,,0.0,3,3,0,4,0.0,0.0,0,0,0.0
2026-04-06,MFC011,Morning,5.0,5.0,0.0,9311.4,9311.4,8.43,24.59,3.92,0.0,3,3,0,2,1.67,0.0,5,0,100.0
2026-04-06,MFC011,Evening,16.0,15.0,1.0,11245.12,10519.61,5.78,23.1,3.62,2.0,4,4,0,4,4.0,6.25,14,1,93.33
2026-04-06,MFC011,Night,2.0,2.0,0.0,2060.82,2060.82,5.06,21.05,3.85,0.0,3,3,0,3,0.67,0.0,2,0,100.0
2026-04-06,MFC012,Morning,7.0,7.0,0.0,5735.66,5735.66,5.52,20.02,3.66,0.0,3,3,0,1,2.33,0.0,6,1,85.71
2026-04-06,MFC012,Evening,6.0,5.0,1.0,9889.3,9331.78,7.02,25.78,3.3,1.0,3,2,1,1,3.0,16.67,4,1,80.0
2026-04-06,MFC012,Night,0.0,0.0,0.0,0.0,0.0,,,,0.0,3,3,0,2,0.0,0.0,0,0,0.0
2026-04-06,MFC013,Morning,4.0,2.0,2.0,4268.87,3215.51,6.66,23.98,3.12,0.0,3,3,0,1,1.33,50.0,2,0,100.0
2026-04-06,MFC013,Evening,8.0,8.0,0.0,7612.97,7345.89,6.15,25.26,3.28,1.0,3,3,0,3,2.67,0.0,7,1,87.5
2026-04-06,MFC013,Night,4.0,4.0,0.0,3679.14,3679.14,6.41,19.43,3.88,0.0,3,3,0,3,1.33,0.0,4,0,100.0
2026-04-06,MFC014,Morning,5.0,3.0,2.0,3296.77,1424.14,6.76,24.51,3.43,0.0,3,3,0,1,1.67,40.0,3,0,100.0
2026-04-06,MFC014,Evening,6.0,5.0,1.0,9708.39,8778.46,6.48,24.28,3.4,0.0,3,3,0,1,2.0,16.67,4,1,80.0
2026-04-06,MFC014,Night,1.0,1.0,0.0,1016.57,1016.57,7.2,19.39,2.6,0.0,3,3,0,1,0.33,0.0,1,0,100.0
2026-04-06,MFC015,Morning,3.0,3.0,0.0,2251.05,2251.05,6.23,22.13,3.73,0.0,3,3,0,3,1.0,0.0,3,0,100.0
2026-04-06,MFC015,Evening,5.0,5.0,0.0,5251.83,5251.83,5.57,26.16,3.54,0.0,3,3,0,6,1.67,0.0,5,0,100.0
2026-04-06,MFC015,Night,2.0,2.0,0.0,4463.17,4463.17,6.5,22.67,4.45,0.0,3,3,0,3,0.67,0.0,2,0,100.0
2026-04-06,MFC016,Morning,6.0,6.0,0.0,8884.08,8884.08,7.38,21.45,3.77,0.0,3,3,0,5,2.0,0.0,6,0,100.0
2026-04-06,MFC016,Evening,7.0,6.0,1.0,8896.77,6071.34,8.02,27.73,3.82,0.0,3,3,0,3,2.33,14.29,4,2,66.67
2026-04-06,MFC016,Night,1.0,1.0,0.0,344.08,344.08,4.35,15.42,3.0,0.0,3,2,1,1,0.5,0.0,1,0,100.0
2026-04-06,MFC017,Morning,6.0,5.0,1.0,4722.9,4202.19,7.11,21.23,4.04,4.0,3,3,0,2,2.0,16.67,5,0,100.0
2026-04-06,MFC017,Evening,12.0,12.0,0.0,16565.71,14469.75,7.66,26.06,3.77,0.0,4,4,0,2,3.0,0.0,10,2,83.33
2026-04-06,MFC017,Night,2.0,2.0,0.0,1867.8,1867.8,7.7,27.16,4.1,0.0,3,2,1,3,1.0,0.0,2,0,100.0
2026-04-06,MFC018,Morning,5.0,5.0,0.0,7773.92,7773.92,7.52,21.41,3.32,0.0,3,2,1,3,2.5,0.0,5,0,100.0
2026-04-06,MFC018,Evening,7.0,7.0,0.0,6823.25,6655.08,8.99,25.35,3.27,0.0,3,3,0,2,2.33,0.0,5,2,71.43
2026-04-06,MFC018,Night,0.0,0.0,0.0,0.0,0.0,,,,0.0,3,3,0,0,0.0,0.0,0,0,0.0
2026-04-07,MFC001,Morning,6.0,6.0,0.0,6887.67,6737.91,5.98,20.12,3.62,1.0,3,3,0,3,2.0,0.0,5,1,83.33
2026-04-07,MFC001,Evening,7.0,6.0,1.0,4605.86,4453.58,6.67,27.46,3.83,0.0,3,3,0,3,2.33,14.29,6,0,100.0
2026-04-07,MFC001,Night,1.0,1.0,0.0,452.5,452.5,7.5,16.33,3.1,0.0,3,3,0,0,0.33,0.0,1,0,100.0
2026-04-07,MFC002,Morning,2.0,2.0,0.0,3181.0,3181.0,12.36,35.34,3.6,0.0,3,3,0,6,0.67,0.0,0,2,0.0
2026-04-07,MFC002,Evening,5.0,5.0,0.0,6921.37,6921.37,8.05,26.53,3.56,0.0,3,3,0,2,1.67,0.0,3,2,60.0
2026-04-07,MFC002,Night,3.0,3.0,0.0,3268.18,3268.18,3.86,24.58,3.27,0.0,3,3,0,3,1.0,0.0,3,0,100.0
2026-04-07,MFC003,Morning,9.0,9.0,0.0,9900.8,9264.09,6.72,23.59,3.58,1.0,4,4,0,2,2.25,0.0,9,0,100.0
2026-04-07,MFC003,Evening,12.0,11.0,1.0,17766.51,17766.51,7.23,26.54,3.64,0.0,4,4,0,3,3.0,8.33,6,5,54.55
2026-04-07,MFC003,Night,3.0,3.0,0.0,1320.24,1320.24,3.77,17.79,3.93,0.0,3,3,0,1,1.0,0.0,3,0,100.0
2026-04-07,MFC004,Morning,4.0,4.0,0.0,2212.14,2212.14,8.25,28.2,4.0,0.0,3,3,0,3,1.33,0.0,3,1,75.0
2026-04-07,MFC004,Evening,5.0,5.0,0.0,2576.89,2385.33,6.88,25.65,3.5,1.0,3,3,0,5,1.67,0.0,5,0,100.0
2026-04-07,MFC004,Night,2.0,2.0,0.0,1207.12,1207.12,6.94,18.42,3.1,0.0,3,3,0,5,0.67,0.0,2,0,100.0
2026-04-07,MFC005,Morning,5.0,5.0,0.0,7732.6,6983.0,12.2,27.26,3.38,2.0,3,3,0,3,1.67,0.0,2,3,40.0
2026-04-07,MFC005,Evening,11.0,10.0,1.0,13991.44,12456.72,9.76,26.77,3.37,2.0,4,4,0,1,2.75,9.09,6,4,60.0
2026-04-07,MFC005,Night,4.0,4.0,0.0,2371.77,2371.77,6.84,20.73,3.78,0.0,3,3,0,1,1.33,0.0,4,0,100.0
2026-04-07,MFC006,Morning,4.0,4.0,0.0,5986.23,1733.5,8.51,25.51,3.45,1.0,3,3,0,1,1.33,0.0,3,1,75.0
2026-04-07,MFC006,Evening,6.0,5.0,1.0,7883.01,5659.96,10.09,30.67,3.47,1.0,3,3,0,2,2.0,16.67,3,2,60.0
2026-04-07,MFC006,Night,1.0,1.0,0.0,1189.04,1189.04,8.06,21.65,3.0,0.0,3,3,0,2,0.33,0.0,1,0,100.0
2026-04-07,MFC007,Morning,6.0,5.0,1.0,6409.68,4322.74,4.98,20.93,3.26,0.0,3,3,0,4,2.0,16.67,5,0,100.0
2026-04-07,MFC007,Evening,11.0,10.0,1.0,14046.35,10197.7,7.21,27.0,3.91,0.0,4,4,0,1,2.75,9.09,8,2,80.0
2026-04-07,MFC007,Night,3.0,3.0,0.0,3549.02,3549.02,6.95,23.5,3.43,0.0,3,3,0,3,1.0,0.0,3,0,100.0
2026-04-07,MFC008,Morning,6.0,6.0,0.0,8389.31,8181.0,7.06,24.45,3.57,1.0,3,3,0,3,2.0,0.0,5,1,83.33
2026-04-07,MFC008,Evening,13.0,13.0,0.0,16046.9,15449.2,5.86,23.28,3.42,3.0,4,4,0,4,3.25,0.0,11,2,84.62
2026-04-07,MFC008,Night,2.0,2.0,0.0,1865.63,1865.63,5.99,15.1,3.65,0.0,3,3,0,3,0.67,0.0,2,0,100.0
2026-04-07,MFC009,Morning,3.0,3.0,0.0,2483.74,2483.74,7.54,27.74,3.83,0.0,3,3,0,1,1.0,0.0,2,1,66.67
2026-04-07,MFC009,Evening,7.0,7.0,0.0,7853.46,7853.46,7.06,28.46,4.01,0.0,3,3,0,2,2.33,0.0,4,3,57.14
2026-04-07,MFC009,Night,1.0,1.0,0.0,2265.79,1510.53,4.66,20.83,2.5,1.0,3,3,0,0,0.33,0.0,1,0,100.0
2026-04-07,MFC010,Morning,5.0,5.0,0.0,7399.64,7399.64,9.18,26.99,3.9,0.0,3,3,0,3,1.67,0.0,3,2,60.0
2026-04-07,MFC010,Evening,4.0,3.0,1.0,3541.43,2434.04,6.24,21.15,3.63,0.0,3,3,0,3,1.33,25.0,3,0,100.0
2026-04-07,MFC010,Night,1.0,1.0,0.0,1221.31,1068.65,10.63,29.11,2.5,1.0,3,3,0,0,0.33,0.0,0,1,0.0
2026-04-07,MFC011,Morning,2.0,2.0,0.0,2087.39,2087.39,6.2,22.08,3.4,0.0,3,2,1,5,1.0,0.0,2,0,100.0
2026-04-07,MFC011,Evening,12.0,12.0,0.0,16136.31,16066.83,9.37,25.41,3.76,1.0,4,4,0,52,3.0,0.0,8,4,66.67
2026-04-07,MFC011,Night,1.0,0.0,0.0,506.62,506.62,,,,0.0,3,2,1,2,0.5,0.0,0,0,0.0
2026-04-07,MFC012,Morning,6.0,4.0,2.0,6735.33,5408.8,8.29,24.2,2.98,0.0,3,3,0,1,2.0,33.33,3,1,75.0
2026-04-07,MFC012,Evening,13.0,13.0,0.0,15421.86,15310.14,6.76,23.85,3.68,1.0,4,4,0,4,3.25,0.0,11,2,84.62
2026-04-07,MFC012,Night,0.0,0.0,0.0,0.0,0.0,,,,0.0,3,3,0,3,0.0,0.0,0,0,0.0
2026-04-07,MFC013,Morning,8.0,8.0,0.0,5134.66,5134.66,6.98,27.91,3.62,0.0,3,3,0,2,2.67,0.0,6,2,75.0
2026-04-07,MFC013,Evening,13.0,11.0,2.0,13529.35,12162.41,7.25,28.02,3.61,2.0,4,4,0,1,3.25,15.38,10,1,90.91
2026-04-07,MFC013,Night,3.0,3.0,0.0,6542.04,6542.04,8.07,28.77,3.37,0.0,3,3,0,3,1.0,0.0,2,1,66.67
2026-04-07,MFC014,Morning,2.0,2.0,0.0,6301.84,6301.84,7.34,27.04,3.5,0.0,3,3,0,2,0.67,0.0,1,1,50.0
2026-04-07,MFC014,Evening,6.0,5.0,1.0,11460.15,11326.09,8.43,24.16,3.32,0.0,3,2,1,5,3.0,16.67,4,1,80.0
2026-04-07,MFC014,Night,2.0,1.0,1.0,2657.14,2409.15,9.95,25.74,5.0,1.0,3,3,0,3,0.67,50.0,1,0,100.0
2026-04-07,MFC015,Morning,8.0,8.0,0.0,9834.34,9517.98,10.73,29.8,3.38,1.0,3,3,0,2,2.67,0.0,4,4,50.0
2026-04-07,MFC015,Evening,6.0,6.0,0.0,9102.39,8980.88,7.02,24.32,3.65,1.0,3,3,0,27,2.0,0.0,4,2,66.67
2026-04-07,MFC015,Night,2.0,2.0,0.0,1229.83,1229.83,4.47,16.52,4.15,0.0,3,3,0,1,0.67,0.0,2,0,100.0
2026-04-07,MFC016,Morning,4.0,4.0,0.0,2865.08,2709.48,4.68,25.7,3.62,1.0,3,2,1,7,2.0,0.0,4,0,100.0
2026-04-07,MFC016,Evening,6.0,5.0,1.0,1615.22,1396.6,4.4,18.76,3.75,1.0,3,3,0,1,2.0,16.67,5,0,100.0
2026-04-07,MFC016,Night,1.0,1.0,0.0,1028.73,1028.73,6.45,16.34,3.7,0.0,3,3,0,5,0.33,0.0,1,0,100.0
2026-04-07,MFC017,Morning,11.0,9.0,0.0,18551.03,18551.03,8.34,26.13,3.4,0.0,4,4,0,3,2.75,0.0,7,2,77.78
2026-04-07,MFC017,Evening,7.0,5.0,1.0,6131.91,5471.49,7.39,24.28,3.36,1.0,3,3,0,6,2.33,14.29,4,1,80.0
2026-04-07,MFC017,Night,3.0,3.0,0.0,3364.44,3364.44,5.24,18.49,4.2,0.0,3,3,0,5,1.0,0.0,3,0,100.0
2026-04-07,MFC018,Morning,3.0,3.0,0.0,5340.38,5340.38,8.39,30.95,3.9,0.0,3,2,1,2,1.5,0.0,2,1,66.67
2026-04-07,MFC018,Evening,6.0,6.0,0.0,6470.69,6398.16,7.48,28.4,3.38,1.0,3,3,0,1,2.0,0.0,4,2,66.67
2026-04-07,MFC018,Night,1.0,1.0,0.0,863.84,863.84,2.29,24.07,3.0,0.0,3,3,0,2,0.33,0.0,1,0,100.0
2026-04-08,MFC001,Morning,9.0,9.0,0.0,9174.01,9049.62,6.4,21.6,3.61,1.0,4,3,1,2,3.0,0.0,9,0,100.0
2026-04-08,MFC001,Evening,2.0,2.0,0.0,1107.31,1061.16,5.3,24.82,3.55,1.0,3,3,0,4,0.67,0.0,1,1,50.0
2026-04-08,MFC001,Night,1.0,1.0,0.0,664.59,581.52,9.64,39.75,2.6,1.0,3,3,0,5,0.33,0.0,0,1,0.0
2026-04-08,MFC002,Morning,5.0,5.0,0.0,4385.7,4033.18,8.12,28.45,3.24,2.0,3,2,1,3,2.5,0.0,4,1,80.0
2026-04-08,MFC002,Evening,4.0,4.0,0.0,4335.44,2442.49,7.69,24.55,3.32,0.0,3,3,0,0,1.33,0.0,4,0,100.0
2026-04-08,MFC002,Night,0.0,0.0,0.0,0.0,0.0,,,,0.0,3,3,0,3,0.0,0.0,0,0,0.0
2026-04-08,MFC003,Morning,6.0,6.0,0.0,9993.52,9993.52,6.27,21.44,3.98,0.0,3,3,0,6,2.0,0.0,5,1,83.33
2026-04-08,MFC003,Evening,12.0,11.0,1.0,8080.63,7709.77,6.6,23.72,3.45,1.0,4,4,0,4,3.0,8.33,8,3,72.73
2026-04-08,MFC003,Night,1.0,1.0,0.0,1148.82,1148.82,7.51,19.44,3.1,0.0,3,3,0,2,0.33,0.0,1,0,100.0
2026-04-08,MFC004,Morning,5.0,5.0,0.0,6843.07,6843.07,6.75,25.94,3.58,0.0,3,3,0,0,1.67,0.0,4,1,80.0
2026-04-08,MFC004,Evening,3.0,3.0,0.0,2038.42,2038.42,8.04,25.34,4.1,0.0,3,3,0,0,1.0,0.0,3,0,100.0
2026-04-08,MFC004,Night,2.0,2.0,0.0,775.7,775.7,4.77,19.22,4.0,0.0,3,3,0,0,0.67,0.0,2,0,100.0
2026-04-08,MFC005,Morning,7.0,7.0,0.0,14103.33,14103.33,10.24,26.71,3.67,0.0,3,3,0,1,2.33,0.0,3,4,42.86
2026-04-08,MFC005,Evening,11.0,10.0,1.0,9440.63,8945.69,8.1,25.74,3.84,1.0,4,4,0,2,2.75,9.09,8,2,80.0
2026-04-08,MFC005,Night,4.0,4.0,0.0,5328.31,5328.31,8.7,22.68,3.88,0.0,3,3,0,3,1.33,0.0,4,0,100.0
2026-04-08,MFC006,Morning,7.0,6.0,0.0,8225.36,8050.68,8.0,24.11,3.62,1.0,3,3,0,0,2.33,0.0,6,0,100.0
2026-04-08,MFC006,Evening,5.0,4.0,1.0,4269.81,2743.54,4.11,23.63,3.4,0.0,3,2,1,0,2.5,20.0,4,0,100.0
2026-04-08,MFC006,Night,1.0,0.0,1.0,514.49,0.0,,,2.0,0.0,3,3,0,5,0.33,100.0,0,0,0.0
2026-04-08,MFC007,Morning,5.0,4.0,0.0,4693.66,4487.38,7.97,25.68,3.6,1.0,3,2,1,4,2.5,0.0,4,0,100.0
2026-04-08,MFC007,Evening,6.0,6.0,0.0,12943.79,12943.79,10.76,26.27,3.9,0.0,3,3,0,1,2.0,0.0,4,2,66.67
2026-04-08,MFC007,Night,2.0,2.0,0.0,1800.21,1800.21,4.78,18.86,3.4,0.0,3,3,0,1,0.67,0.0,2,0,100.0
2026-04-08,MFC008,Morning,4.0,4.0,0.0,3546.19,3446.24,6.95,25.36,3.92,1.0,3,2,1,4,2.0,0.0,3,1,75.0
2026-04-08,MFC008,Evening,5.0,5.0,0.0,5869.34,5869.34,6.41,23.18,3.32,0.0,3,3,0,4,1.67,0.0,4,1,80.0
2026-04-08,MFC008,Night,1.0,1.0,0.0,1060.25,1060.25,2.62,20.22,3.7,0.0,3,3,0,5,0.33,0.0,1,0,100.0
2026-04-08,MFC009,Morning,9.0,7.0,2.0,10744.3,8899.76,6.23,24.41,3.48,1.0,4,2,2,2,4.5,22.22,6,1,85.71
2026-04-08,MFC009,Evening,4.0,4.0,0.0,9245.91,9245.91,8.3,26.32,4.08,0.0,3,3,0,2,1.33,0.0,4,0,100.0
2026-04-08,MFC009,Night,3.0,3.0,0.0,1650.41,1650.41,5.31,20.7,3.77,0.0,3,2,1,1,1.5,0.0,3,0,100.0
2026-04-08,MFC010,Morning,3.0,3.0,0.0,8934.06,8934.06,10.33,34.3,3.53,0.0,3,3,0,4,1.0,0.0,1,2,33.33
2026-04-08,MFC010,Evening,4.0,4.0,0.0,4456.97,4456.97,8.05,23.12,3.5,0.0,3,2,1,4,2.0,0.0,4,0,100.0
2026-04-08,MFC010,Night,0.0,0.0,0.0,0.0,0.0,,,,0.0,3,2,1,6,0.0,0.0,0,0,0.0
2026-04-08,MFC011,Morning,7.0,7.0,0.0,8403.79,8403.79,6.74,25.02,3.74,0.0,3,3,0,3,2.33,0.0,6,1,85.71
2026-04-08,MFC011,Evening,10.0,9.0,1.0,20609.66,12599.14,10.11,32.36,3.46,4.0,4,4,0,1,2.5,10.0,4,5,44.44
2026-04-08,MFC011,Night,4.0,4.0,0.0,4641.8,4641.8,5.77,18.7,4.0,0.0,3,3,0,3,1.33,0.0,4,0,100.0
2026-04-08,MFC012,Morning,4.0,3.0,0.0,3485.31,3485.31,7.85,26.22,3.5,0.0,3,3,0,4,1.33,0.0,1,2,33.33
2026-04-08,MFC012,Evening,5.0,5.0,0.0,5679.67,5376.91,7.66,26.12,3.4,1.0,3,3,0,2,1.67,0.0,4,1,80.0
2026-04-08,MFC012,Night,1.0,1.0,0.0,803.87,803.87,6.15,22.17,4.3,0.0,3,3,0,6,0.33,0.0,1,0,100.0
2026-04-08,MFC013,Morning,4.0,4.0,0.0,2999.87,2999.87,7.57,21.51,3.95,0.0,3,3,0,3,1.33,0.0,3,1,75.0
2026-04-08,MFC013,Evening,13.0,12.0,1.0,11500.87,10636.87,5.21,24.29,3.45,0.0,4,4,0,3,3.25,7.69,11,1,91.67
2026-04-08,MFC013,Night,1.0,1.0,0.0,206.07,206.07,2.0,13.1,3.4,0.0,3,3,0,1,0.33,0.0,1,0,100.0
2026-04-08,MFC014,Morning,5.0,4.0,1.0,6767.44,5589.15,6.7,30.03,3.48,0.0,3,3,0,1,1.67,20.0,3,1,75.0
2026-04-08,MFC014,Evening,7.0,6.0,1.0,4499.75,4096.67,4.84,23.69,3.53,1.0,3,2,1,1,3.5,14.29,6,0,100.0
2026-04-08,MFC014,Night,2.0,2.0,0.0,1640.29,1640.29,4.1,13.83,4.15,0.0,3,3,0,5,0.67,0.0,2,0,100.0
2026-04-08,MFC015,Morning,8.0,7.0,1.0,6970.43,4808.46,6.87,23.38,3.46,1.0,3,3,0,2,2.67,12.5,5,2,71.43
2026-04-08,MFC015,Evening,13.0,13.0,0.0,14681.96,14445.02,8.67,26.12,3.45,1.0,4,4,0,3,3.25,0.0,11,2,84.62
2026-04-08,MFC015,Night,1.0,1.0,0.0,218.52,218.52,2.69,11.75,3.0,0.0,3,3,0,0,0.33,0.0,1,0,100.0
2026-04-08,MFC016,Morning,5.0,5.0,0.0,3195.19,2613.32,5.91,23.78,3.84,2.0,3,2,1,2,2.5,0.0,4,1,80.0
2026-04-08,MFC016,Evening,11.0,11.0,0.0,17660.71,16657.05,7.58,25.3,3.73,2.0,4,4,0,2,2.75,0.0,10,1,90.91
2026-04-08,MFC016,Night,4.0,4.0,0.0,3869.94,3869.94,6.68,25.14,3.55,0.0,3,3,0,6,1.33,0.0,3,1,75.0
2026-04-08,MFC017,Morning,9.0,8.0,1.0,7880.92,6364.84,6.51,25.26,3.57,3.0,4,3,1,8,3.0,11.11,6,2,75.0
2026-04-08,MFC017,Evening,9.0,8.0,1.0,5549.28,5031.47,7.09,23.93,4.06,0.0,4,4,0,3,2.25,11.11,7,1,87.5
2026-04-08,MFC017,Night,1.0,1.0,0.0,484.04,484.04,6.07,21.16,4.4,0.0,3,3,0,1,0.33,0.0,1,0,100.0
2026-04-08,MFC018,Morning,4.0,4.0,0.0,2722.81,2722.81,7.63,24.13,3.72,0.0,3,3,0,4,1.33,0.0,3,1,75.0
2026-04-08,MFC018,Evening,4.0,3.0,1.0,9498.91,6777.73,8.51,22.63,3.4,0.0,3,3,0,1,1.33,25.0,2,1,66.67
2026-04-08,MFC018,Night,1.0,1.0,0.0,138.36,138.36,4.85,13.16,3.3,0.0,3,3,0,2,0.33,0.0,1,0,100.0
2026-04-09,MFC001,Morning,6.0,5.0,0.0,6035.41,5844.16,8.3,25.27,4.02,2.0,3,2,1,1,3.0,0.0,3,2,60.0
2026-04-09,MFC001,Evening,11.0,11.0,0.0,12646.71,12273.21,7.36,27.47,3.85,1.0,4,4,0,1,2.75,0.0,8,3,72.73
2026-04-09,MFC001,Night,2.0,1.0,1.0,1028.83,654.41,5.02,26.78,3.0,1.0,3,3,0,3,0.67,50.0,1,0,100.0
2026-04-09,MFC002,Morning,8.0,7.0,1.0,8647.11,7665.43,8.9,22.68,3.54,2.0,3,3,0,1,2.67,12.5,6,1,85.71
2026-04-09,MFC002,Evening,3.0,3.0,0.0,1466.3,1466.3,5.73,22.99,3.83,0.0,3,3,0,2,1.0,0.0,3,0,100.0
2026-04-09,MFC002,Night,1.0,1.0,0.0,184.74,184.74,4.17,17.79,3.8,0.0,3,2,1,5,0.5,0.0,1,0,100.0
2026-04-09,MFC003,Morning,8.0,8.0,0.0,8379.48,7821.39,4.63,20.88,3.92,1.0,3,3,0,2,2.67,0.0,8,0,100.0
2026-04-09,MFC003,Evening,8.0,8.0,0.0,8024.73,8024.73,6.54,24.44,3.11,0.0,3,3,0,6,2.67,0.0,6,2,75.0
2026-04-09,MFC003,Night,3.0,3.0,0.0,6560.06,6560.06,7.26,25.54,2.77,0.0,3,3,0,1,1.0,0.0,3,0,100.0
2026-04-09,MFC004,Morning,7.0,7.0,0.0,10873.66,10873.66,7.12,23.19,3.83,0.0,3,3,0,2,2.33,0.0,6,1,85.71
2026-04-09,MFC004,Evening,2.0,2.0,0.0,3384.5,2688.85,8.26,24.12,3.6,1.0,3,3,0,2,0.67,0.0,2,0,100.0
2026-04-09,MFC004,Night,2.0,1.0,1.0,1212.55,814.33,6.55,24.19,4.35,0.0,3,2,1,4,1.0,50.0,1,0,100.0
2026-04-09,MFC005,Morning,12.0,12.0,0.0,19483.87,18787.97,8.39,25.61,3.67,3.0,4,4,0,2,3.0,0.0,9,3,75.0
2026-04-09,MFC005,Evening,14.0,13.0,1.0,19689.9,19112.73,8.49,26.24,3.45,1.0,4,4,0,36,3.5,7.14,10,3,76.92
2026-04-09,MFC005,Night,3.0,3.0,0.0,2892.43,2892.43,8.69,24.76,4.03,0.0,3,3,0,1,1.0,0.0,3,0,100.0
2026-04-09,MFC006,Morning,4.0,3.0,1.0,5721.81,4109.41,7.11,25.88,2.63,2.0,3,3,0,2,1.33,25.0,1,2,33.33
2026-04-09,MFC006,Evening,7.0,7.0,0.0,7544.52,7206.38,4.84,23.0,3.7,1.0,3,3,0,1,2.33,0.0,7,0,100.0
2026-04-09,MFC006,Night,2.0,2.0,0.0,1937.18,1937.18,5.86,17.39,3.6,0.0,3,3,0,0,0.67,0.0,2,0,100.0
2026-04-09,MFC007,Morning,5.0,5.0,0.0,9965.0,9518.83,7.08,26.49,3.42,1.0,3,3,0,1,1.67,0.0,4,1,80.0
2026-04-09,MFC007,Evening,7.0,7.0,0.0,4692.08,4692.08,6.0,23.11,3.7,0.0,3,3,0,5,2.33,0.0,5,2,71.43
2026-04-09,MFC007,Night,1.0,1.0,0.0,338.35,338.35,4.81,21.89,4.1,0.0,3,3,0,3,0.33,0.0,1,0,100.0
2026-04-09,MFC008,Morning,7.0,7.0,0.0,4798.33,4683.15,5.38,22.08,3.63,1.0,3,3,0,1,2.33,0.0,6,1,85.71
2026-04-09,MFC008,Evening,9.0,8.0,0.0,10954.57,10366.2,6.16,22.81,3.3,3.0,4,2,2,2,4.5,0.0,8,0,100.0
2026-04-09,MFC008,Night,1.0,1.0,0.0,308.05,256.71,6.19,17.36,3.1,1.0,3,3,0,3,0.33,0.0,1,0,100.0
2026-04-09,MFC009,Morning,1.0,1.0,0.0,531.21,531.21,3.55,16.83,3.4,0.0,3,3,0,2,0.33,0.0,1,0,100.0
2026-04-09,MFC009,Evening,5.0,5.0,0.0,8475.59,8299.24,8.44,29.57,3.02,1.0,3,3,0,0,1.67,0.0,3,2,60.0
2026-04-09,MFC009,Night,2.0,2.0,0.0,2443.08,2443.08,6.54,23.98,4.35,0.0,3,3,0,5,0.67,0.0,2,0,100.0
2026-04-09,MFC010,Morning,7.0,6.0,0.0,6433.73,6171.85,7.68,26.08,3.37,1.0,3,3,0,6,2.33,0.0,4,2,66.67
2026-04-09,MFC010,Evening,7.0,6.0,1.0,8300.06,8001.29,9.57,30.26,3.42,1.0,3,3,0,2,2.33,14.29,5,1,83.33
2026-04-09,MFC010,Night,3.0,3.0,0.0,1611.38,1611.38,4.35,18.62,3.17,0.0,3,3,0,0,1.0,0.0,3,0,100.0
2026-04-09,MFC011,Morning,10.0,9.0,1.0,14875.7,14168.82,6.82,27.07,3.52,1.0,4,4,0,1,2.5,10.0,8,1,88.89
2026-04-09,MFC011,Evening,7.0,6.0,1.0,7995.63,7110.91,6.55,22.95,3.39,2.0,3,3,0,1,2.33,14.29,6,0,100.0
2026-04-09,MFC011,Night,0.0,0.0,0.0,0.0,0.0,,,,0.0,3,2,1,3,0.0,0.0,0,0,0.0
2026-04-09,MFC012,Morning,4.0,4.0,0.0,4839.61,4748.66,7.62,24.44,3.85,1.0,3,3,0,1,1.33,0.0,3,1,75.0
2026-04-09,MFC012,Evening,6.0,6.0,0.0,4513.83,4306.33,6.35,23.29,3.33,1.0,3,3,0,2,2.0,0.0,6,0,100.0
2026-04-09,MFC012,Night,0.0,0.0,0.0,0.0,0.0,,,,0.0,3,3,0,4,0.0,0.0,0,0,0.0
2026-04-09,MFC013,Morning,2.0,2.0,0.0,3102.35,3102.35,4.12,17.47,4.35,0.0,3,3,0,1,0.67,0.0,2,0,100.0
2026-04-09,MFC013,Evening,7.0,7.0,0.0,5717.74,5287.78,6.22,25.24,3.44,1.0,3,3,0,1,2.33,0.0,5,2,71.43
2026-04-09,MFC013,Night,1.0,1.0,0.0,766.48,766.48,4.73,27.7,2.9,0.0,3,2,1,5,0.5,0.0,1,0,100.0
2026-04-09,MFC014,Morning,8.0,8.0,0.0,4661.4,3924.08,5.99,23.84,3.26,2.0,3,3,0,1,2.67,0.0,6,2,75.0
2026-04-09,MFC014,Evening,4.0,3.0,1.0,5641.55,4874.53,5.77,19.78,3.65,1.0,3,3,0,1,1.33,25.0,3,0,100.0
2026-04-09,MFC014,Night,1.0,1.0,0.0,2722.84,2722.84,7.98,20.81,3.9,0.0,3,3,0,3,0.33,0.0,1,0,100.0
2026-04-09,MFC015,Morning,4.0,4.0,0.0,2397.31,2397.31,8.94,25.6,3.95,0.0,3,3,0,4,1.33,0.0,2,2,50.0
2026-04-09,MFC015,Evening,8.0,7.0,1.0,6126.47,3103.99,9.41,30.06,3.43,2.0,3,3,0,1,2.67,12.5,4,3,57.14
2026-04-09,MFC015,Night,2.0,1.0,0.0,2200.66,2200.66,3.28,22.36,3.0,0.0,3,3,0,3,0.67,0.0,1,0,100.0
2026-04-09,MFC016,Morning,5.0,5.0,0.0,9566.02,9566.02,6.31,19.05,4.26,0.0,3,2,1,1,2.5,0.0,5,0,100.0
2026-04-09,MFC016,Evening,7.0,7.0,0.0,6862.93,6238.81,6.67,29.35,3.46,2.0,3,2,1,5,3.5,0.0,5,2,71.43
2026-04-09,MFC016,Night,1.0,0.0,1.0,1062.45,0.0,,,,0.0,3,2,1,2,0.5,100.0,0,0,0.0
2026-04-09,MFC017,Morning,1.0,1.0,0.0,973.57,973.57,4.27,21.96,3.9,0.0,3,2,1,2,0.5,0.0,1,0,100.0
2026-04-09,MFC017,Evening,10.0,10.0,0.0,9780.76,9151.46,7.56,27.04,3.74,1.0,4,4,0,4,2.5,0.0,8,2,80.0
2026-04-09,MFC017,Night,2.0,2.0,0.0,4255.55,3997.72,8.38,23.2,2.45,1.0,3,3,0,4,0.67,0.0,2,0,100.0
2026-04-09,MFC018,Morning,4.0,4.0,0.0,4809.42,4079.84,5.77,23.85,3.52,0.0,3,3,0,3,1.33,0.0,4,0,100.0
2026-04-09,MFC018,Evening,5.0,5.0,0.0,6722.59,6441.48,8.78,25.9,4.04,0.0,3,3,0,0,1.67,0.0,2,3,40.0
2026-04-09,MFC018,Night,4.0,3.0,0.0,6380.36,5767.06,8.06,25.44,3.27,1.0,3,3,0,1,1.33,0.0,2,1,66.67
2026-04-10,MFC001,Morning,9.0,9.0,0.0,10628.41,10174.9,7.67,24.71,3.83,1.0,4,4,0,3,2.25,0.0,6,3,66.67
2026-04-10,MFC001,Evening,10.0,9.0,0.0,13815.78,13815.78,7.11,24.23,4.02,0.0,4,4,0,2,2.5,0.0,8,1,88.89
2026-04-10,MFC001,Night,0.0,0.0,0.0,0.0,0.0,,,,0.0,3,3,0,1,0.0,0.0,0,0,0.0
2026-04-10,MFC002,Morning,3.0,3.0,0.0,1541.75,1399.16,5.6,19.53,3.07,1.0,3,3,0,64,1.0,0.0,3,0,100.0
2026-04-10,MFC002,Evening,3.0,3.0,0.0,2094.5,2094.5,8.88,35.19,3.33,0.0,3,3,0,1,1.0,0.0,1,2,33.33
2026-04-10,MFC002,Night,1.0,1.0,0.0,1079.19,1079.19,10.72,21.12,4.3,0.0,3,3,0,2,0.33,0.0,1,0,100.0
2026-04-10,MFC003,Morning,5.0,5.0,0.0,4461.12,4461.12,4.95,19.5,4.12,0.0,3,3,0,4,1.67,0.0,5,0,100.0
2026-04-10,MFC003,Evening,13.0,11.0,2.0,13506.89,10873.8,5.98,25.0,3.62,3.0,4,4,0,3,3.25,15.38,10,1,90.91
2026-04-10,MFC003,Night,1.0,1.0,0.0,1964.48,1964.48,10.16,22.31,3.3,0.0,3,3,0,2,0.33,0.0,1,0,100.0
2026-04-10,MFC004,Morning,3.0,3.0,0.0,1935.47,1849.4,7.2,21.89,3.0,1.0,3,3,0,1,1.0,0.0,2,1,66.67
2026-04-10,MFC004,Evening,6.0,6.0,0.0,3988.14,3934.23,6.1,23.88,3.75,1.0,3,3,0,3,2.0,0.0,6,0,100.0
2026-04-10,MFC004,Night,2.0,2.0,0.0,3938.61,3938.61,8.57,20.2,3.85,0.0,3,3,0,40,0.67,0.0,2,0,100.0
2026-04-10,MFC005,Morning,10.0,10.0,0.0,8346.49,7514.36,8.57,24.01,3.52,2.0,4,4,0,2,2.5,0.0,5,5,50.0
2026-04-10,MFC005,Evening,14.0,14.0,0.0,16013.75,15913.05,8.6,26.67,3.53,1.0,4,4,0,2,3.5,0.0,10,4,71.43
2026-04-10,MFC005,Night,1.0,1.0,0.0,2277.6,2277.6,6.53,21.14,4.3,0.0,3,3,0,3,0.33,0.0,1,0,100.0
2026-04-10,MFC006,Morning,6.0,6.0,0.0,5046.78,5046.78,8.0,31.02,4.23,0.0,3,3,0,8,2.0,0.0,5,1,83.33
2026-04-10,MFC006,Evening,6.0,6.0,0.0,6513.57,6362.25,5.56,19.76,3.63,0.0,3,3,0,3,2.0,0.0,6,0,100.0
2026-04-10,MFC006,Night,0.0,0.0,0.0,0.0,0.0,,,,0.0,3,3,0,1,0.0,0.0,0,0,0.0
2026-04-10,MFC007,Morning,6.0,4.0,2.0,7043.24,6074.27,5.33,25.17,3.67,0.0,3,3,0,1,2.0,33.33,3,1,75.0
2026-04-10,MFC007,Evening,4.0,4.0,0.0,4554.43,4554.43,8.36,24.89,4.4,0.0,3,3,0,49,1.33,0.0,3,1,75.0
2026-04-10,MFC007,Night,2.0,1.0,1.0,1893.27,1003.52,6.94,28.94,4.3,0.0,3,2,1,2,1.0,50.0,1,0,100.0
2026-04-10,MFC008,Morning,5.0,5.0,0.0,4596.42,4596.42,6.07,24.89,4.34,0.0,3,2,1,2,2.5,0.0,5,0,100.0
2026-04-10,MFC008,Evening,7.0,6.0,1.0,3317.74,2943.56,5.41,23.64,3.35,1.0,3,3,0,4,2.33,14.29,5,1,83.33
2026-04-10,MFC008,Night,2.0,2.0,0.0,2268.71,2268.71,6.1,19.36,4.45,0.0,3,2,1,1,1.0,0.0,2,0,100.0
2026-04-10,MFC009,Morning,2.0,2.0,0.0,1842.01,1618.31,5.36,18.98,3.8,1.0,3,3,0,0,0.67,0.0,2,0,100.0
2026-04-10,MFC009,Evening,7.0,7.0,0.0,5352.79,5352.79,6.7,26.11,3.81,0.0,3,3,0,3,2.33,0.0,5,2,71.43
2026-04-10,MFC009,Night,1.0,1.0,0.0,2914.98,2914.98,8.86,18.41,4.3,0.0,3,3,0,2,0.33,0.0,1,0,100.0
2026-04-10,MFC010,Morning,5.0,5.0,0.0,6743.26,6743.26,7.93,26.55,3.6,0.0,3,3,0,2,1.67,0.0,3,2,60.0
2026-04-10,MFC010,Evening,5.0,5.0,0.0,4546.52,3993.03,6.76,24.13,3.06,3.0,3,2,1,2,2.5,0.0,4,1,80.0
2026-04-10,MFC010,Night,1.0,1.0,0.0,5456.24,5456.24,8.87,25.74,3.6,0.0,3,3,0,2,0.33,0.0,1,0,100.0
2026-04-10,MFC011,Morning,5.0,4.0,1.0,5869.68,3952.05,6.81,24.54,3.05,1.0,3,3,0,1,1.67,20.0,3,1,75.0
2026-04-10,MFC011,Evening,14.0,14.0,0.0,16858.28,16675.0,8.19,23.84,3.67,1.0,4,4,0,2,3.5,0.0,10,4,71.43
2026-04-10,MFC011,Night,0.0,0.0,0.0,0.0,0.0,,,,0.0,3,3,0,1,0.0,0.0,0,0,0.0
2026-04-10,MFC012,Morning,4.0,4.0,0.0,7235.69,7235.69,9.3,30.72,3.9,0.0,3,3,0,22,1.33,0.0,3,1,75.0
2026-04-10,MFC012,Evening,7.0,6.0,1.0,16412.29,10247.05,9.99,28.17,3.49,0.0,3,2,1,0,3.5,14.29,3,3,50.0
2026-04-10,MFC012,Night,0.0,0.0,0.0,0.0,0.0,,,,0.0,3,3,0,4,0.0,0.0,0,0,0.0
2026-04-10,MFC013,Morning,6.0,5.0,1.0,8121.45,6646.79,4.91,24.82,3.65,0.0,3,3,0,1,2.0,16.67,4,1,80.0
2026-04-10,MFC013,Evening,7.0,7.0,0.0,6185.85,6006.79,6.96,26.4,3.31,2.0,3,3,0,3,2.33,0.0,4,3,57.14
2026-04-10,MFC013,Night,1.0,1.0,0.0,1262.34,1262.34,7.84,18.01,4.0,0.0,3,2,1,2,0.5,0.0,1,0,100.0
2026-04-10,MFC014,Morning,4.0,4.0,0.0,4874.3,4874.3,5.06,20.9,3.62,0.0,3,2,1,1,2.0,0.0,4,0,100.0
2026-04-10,MFC014,Evening,7.0,6.0,1.0,8959.5,8374.88,7.39,25.04,3.28,2.0,3,3,0,1,2.33,14.29,4,2,66.67
2026-04-10,MFC014,Night,5.0,5.0,0.0,4817.37,4485.37,6.78,21.91,3.86,2.0,3,2,1,2,2.5,0.0,5,0,100.0
2026-04-10,MFC015,Morning,9.0,8.0,0.0,12264.95,11938.3,7.98,24.83,3.46,1.0,4,4,0,2,2.25,0.0,7,1,87.5
2026-04-10,MFC015,Evening,11.0,11.0,0.0,13639.96,13210.55,7.02,21.59,3.45,3.0,4,4,0,1,2.75,0.0,10,1,90.91
2026-04-10,MFC015,Night,0.0,0.0,0.0,0.0,0.0,,,,0.0,3,3,0,1,0.0,0.0,0,0,0.0
2026-04-10,MFC016,Morning,5.0,5.0,0.0,6102.33,5978.49,6.69,29.34,3.4,1.0,3,3,0,3,1.67,0.0,3,2,60.0
2026-04-10,MFC016,Evening,10.0,9.0,0.0,12494.56,11489.11,6.75,28.54,3.44,3.0,4,3,1,2,3.33,0.0,7,2,77.78
2026-04-10,MFC016,Night,1.0,1.0,0.0,796.86,796.86,5.07,16.05,3.7,0.0,3,2,1,1,0.5,0.0,1,0,100.0
2026-04-10,MFC017,Morning,4.0,3.0,1.0,3414.6,803.95,4.67,19.92,3.08,1.0,3,3,0,1,1.33,25.0,2,1,66.67
2026-04-10,MFC017,Evening,12.0,11.0,1.0,9341.86,8545.31,6.68,23.07,3.48,0.0,4,4,0,2,3.0,8.33,9,2,81.82
2026-04-10,MFC017,Night,0.0,0.0,0.0,0.0,0.0,,,,0.0,3,2,1,3,0.0,0.0,0,0,0.0
2026-04-10,MFC018,Morning,7.0,7.0,0.0,9009.11,8956.19,6.52,24.86,3.64,1.0,3,3,0,0,2.33,0.0,6,1,85.71
2026-04-10,MFC018,Evening,4.0,3.0,0.0,2381.89,2381.89,8.8,36.72,3.23,0.0,3,3,0,1,1.33,0.0,2,1,66.67
2026-04-10,MFC018,Night,0.0,0.0,0.0,0.0,0.0,,,,0.0,3,2,1,0,0.0,0.0,0,0,0.0
2026-04-11,MFC001,Morning,6.0,5.0,0.0,7455.67,7455.67,6.25,25.55,3.74,0.0,3,2,1,0,3.0,0.0,4,1,80.0
2026-04-11,MFC001,Evening,10.0,10.0,0.0,11596.51,11452.72,7.66,24.3,3.87,1.0,4,4,0,5,2.5,0.0,8,2,80.0
2026-04-11,MFC001,Night,1.0,1.0,0.0,432.48,432.48,4.56,18.36,3.7,0.0,3,3,0,1,0.33,0.0,1,0,100.0
2026-04-11,MFC002,Morning,8.0,7.0,1.0,15615.57,14491.84,7.92,23.45,3.71,1.0,3,2,1,3,4.0,12.5,6,1,85.71
2026-04-11,MFC002,Evening,3.0,1.0,2.0,5017.92,983.14,12.19,25.27,3.25,3.0,3,3,0,2,1.0,66.67,1,0,100.0
2026-04-11,MFC002,Night,2.0,2.0,0.0,1682.81,1619.41,4.53,26.84,3.3,1.0,3,3,0,2,0.67,0.0,2,0,100.0
2026-04-11,MFC003,Morning,10.0,8.0,1.0,7891.53,7365.47,6.46,25.78,3.18,6.0,4,3,1,4,3.33,10.0,6,2,75.0
2026-04-11,MFC003,Evening,7.0,6.0,1.0,7105.33,6254.34,6.84,27.32,3.2,4.0,3,2,1,5,3.5,14.29,6,0,100.0
2026-04-11,MFC003,Night,1.0,1.0,0.0,1471.9,1471.9,5.74,23.89,3.5,0.0,3,3,0,1,0.33,0.0,1,0,100.0
2026-04-11,MFC004,Morning,10.0,9.0,1.0,5114.68,4977.48,6.87,27.18,4.01,2.0,4,4,0,3,2.5,10.0,8,1,88.89
2026-04-11,MFC004,Evening,7.0,6.0,1.0,5164.03,3935.17,8.95,24.0,3.46,2.0,3,2,1,2,3.5,14.29,5,1,83.33
2026-04-11,MFC004,Night,1.0,1.0,0.0,1111.05,1111.05,12.53,32.28,4.3,0.0,3,2,1,1,0.5,0.0,0,1,0.0
2026-04-11,MFC005,Morning,6.0,5.0,1.0,3317.9,3067.35,10.43,24.04,3.5,1.0,3,3,0,4,2.0,16.67,4,1,80.0
2026-04-11,MFC005,Evening,10.0,8.0,2.0,12377.67,11035.26,9.84,28.84,3.78,3.0,4,4,0,2,2.5,20.0,4,4,50.0
2026-04-11,MFC005,Night,0.0,0.0,0.0,0.0,0.0,,,,0.0,3,3,0,2,0.0,0.0,0,0,0.0
2026-04-11,MFC006,Morning,2.0,1.0,1.0,1233.2,967.05,10.54,24.63,3.9,0.0,3,3,0,3,0.67,50.0,1,0,100.0
2026-04-11,MFC006,Evening,12.0,12.0,0.0,9321.52,8986.73,6.54,27.17,3.37,1.0,4,4,0,4,3.0,0.0,8,4,66.67
2026-04-11,MFC006,Night,0.0,0.0,0.0,0.0,0.0,,,,0.0,3,3,0,3,0.0,0.0,0,0,0.0
2026-04-11,MFC007,Morning,3.0,3.0,0.0,3578.51,3578.51,4.9,20.42,4.13,0.0,3,3,0,1,1.0,0.0,3,0,100.0
2026-04-11,MFC007,Evening,5.0,5.0,0.0,5197.37,5197.37,5.75,28.15,3.68,0.0,3,3,0,2,1.67,0.0,5,0,100.0
2026-04-11,MFC007,Night,4.0,4.0,0.0,2999.86,2734.25,5.78,24.24,3.92,1.0,3,2,1,4,2.0,0.0,4,0,100.0
2026-04-11,MFC008,Morning,7.0,7.0,0.0,11005.06,10087.06,6.28,24.4,3.97,1.0,3,2,1,3,3.5,0.0,5,2,71.43
2026-04-11,MFC008,Evening,10.0,10.0,0.0,13551.81,13551.81,6.07,24.31,3.81,0.0,4,4,0,45,2.5,0.0,10,0,100.0
2026-04-11,MFC008,Night,2.0,2.0,0.0,716.52,716.52,3.05,19.0,3.9,0.0,3,3,0,3,0.67,0.0,2,0,100.0
2026-04-11,MFC009,Morning,2.0,2.0,0.0,4172.97,2789.73,7.25,28.38,3.1,1.0,3,3,0,2,0.67,0.0,2,0,100.0
2026-04-11,MFC009,Evening,1.0,1.0,0.0,1064.95,1064.95,7.4,29.99,4.2,0.0,3,3,0,4,0.33,0.0,1,0,100.0
2026-04-11,MFC009,Night,1.0,1.0,0.0,253.01,253.01,2.0,11.12,3.3,0.0,3,3,0,2,0.33,0.0,1,0,100.0
2026-04-11,MFC010,Morning,10.0,10.0,0.0,8499.28,8499.28,5.35,23.29,3.86,0.0,4,4,0,4,2.5,0.0,8,2,80.0
2026-04-11,MFC010,Evening,5.0,4.0,1.0,2997.55,2557.83,5.24,24.35,2.82,0.0,3,3,0,0,1.67,20.0,3,1,75.0
2026-04-11,MFC010,Night,1.0,1.0,0.0,106.26,106.26,4.51,19.19,4.2,0.0,3,3,0,4,0.33,0.0,1,0,100.0
2026-04-11,MFC011,Morning,10.0,8.0,2.0,11791.39,10895.98,8.79,27.71,3.46,2.0,4,4,0,1,2.5,20.0,5,3,62.5
2026-04-11,MFC011,Evening,13.0,12.0,1.0,21357.32,20806.15,9.66,28.34,3.48,2.0,4,4,0,2,3.25,7.69,7,5,58.33
2026-04-11,MFC011,Night,1.0,0.0,0.0,503.31,503.31,,,,0.0,3,3,0,5,0.33,0.0,0,0,0.0
2026-04-11,MFC012,Morning,6.0,5.0,1.0,7585.16,7269.03,10.69,26.15,3.5,0.0,3,3,0,2,2.0,16.67,3,2,60.0
2026-04-11,MFC012,Evening,6.0,6.0,0.0,4397.38,4243.76,6.64,27.85,3.92,1.0,3,3,0,5,2.0,0.0,5,1,83.33
2026-04-11,MFC012,Night,2.0,1.0,1.0,431.57,72.5,4.7,16.63,2.6,0.0,3,3,0,1,0.67,50.0,1,0,100.0
2026-04-11,MFC013,Morning,13.0,11.0,2.0,19146.09,17912.18,5.84,24.06,3.22,2.0,4,3,1,4,4.33,15.38,10,1,90.91
2026-04-11,MFC013,Evening,11.0,9.0,0.0,12948.85,12151.81,7.03,25.0,3.5,3.0,4,4,0,1,2.75,0.0,8,1,88.89
2026-04-11,MFC013,Night,2.0,2.0,0.0,2433.83,2433.83,7.17,21.96,4.1,0.0,3,2,1,0,1.0,0.0,2,0,100.0
2026-04-11,MFC014,Morning,8.0,8.0,0.0,7468.49,7122.68,6.52,22.55,3.51,2.0,3,3,0,5,2.67,0.0,7,1,87.5
2026-04-11,MFC014,Evening,3.0,3.0,0.0,4676.7,4676.7,6.36,24.22,3.67,0.0,3,3,0,4,1.0,0.0,3,0,100.0
2026-04-11,MFC014,Night,1.0,0.0,1.0,311.25,0.0,,,,0.0,3,3,0,56,0.33,100.0,0,0,0.0
2026-04-11,MFC015,Morning,6.0,6.0,0.0,6330.54,6330.54,9.44,25.23,3.87,0.0,3,3,0,4,2.0,0.0,4,2,66.67
2026-04-11,MFC015,Evening,11.0,10.0,1.0,22279.19,17679.21,10.79,30.21,3.43,1.0,4,4,0,4,2.75,9.09,4,6,40.0
2026-04-11,MFC015,Night,2.0,2.0,0.0,3029.02,3029.02,10.24,34.25,3.8,0.0,3,3,0,1,0.67,0.0,2,0,100.0
2026-04-11,MFC016,Morning,6.0,6.0,0.0,7717.49,7717.49,5.76,25.56,3.22,0.0,3,3,0,2,2.0,0.0,5,1,83.33
2026-04-11,MFC016,Evening,17.0,16.0,0.0,21110.81,20368.46,7.2,25.09,3.44,4.0,5,4,1,3,4.25,0.0,12,4,75.0
2026-04-11,MFC016,Night,1.0,1.0,0.0,533.34,533.34,5.37,18.28,3.2,0.0,3,3,0,59,0.33,0.0,1,0,100.0
2026-04-11,MFC017,Morning,7.0,5.0,1.0,4297.44,4087.36,6.28,23.73,3.34,2.0,3,3,0,1,2.33,14.29,5,0,100.0
2026-04-11,MFC017,Evening,8.0,6.0,2.0,11656.72,10087.25,9.13,28.62,3.34,1.0,3,3,0,2,2.67,25.0,3,3,50.0
2026-04-11,MFC017,Night,1.0,1.0,0.0,1182.62,1182.62,6.39,19.03,3.3,0.0,3,2,1,2,0.5,0.0,1,0,100.0
2026-04-11,MFC018,Morning,3.0,3.0,0.0,2629.88,2629.88,12.31,33.62,3.47,0.0,3,3,0,2,1.0,0.0,2,1,66.67
2026-04-11,MFC018,Evening,7.0,6.0,1.0,9132.84,7381.86,11.5,29.58,3.55,0.0,3,3,0,0,2.33,14.29,1,5,16.67
2026-04-11,MFC018,Night,3.0,3.0,0.0,2435.82,2337.78,5.2,25.21,3.5,1.0,3,3,0,1,1.0,0.0,3,0,100.0
2026-04-12,MFC001,Morning,9.0,6.0,2.0,4989.26,4509.89,8.36,26.19,3.49,2.0,4,4,0,1,2.25,22.22,3,3,50.0
2026-04-12,MFC001,Evening,10.0,9.0,1.0,10668.62,10012.17,7.89,25.46,3.8,3.0,4,3,1,1,3.33,10.0,7,2,77.78
2026-04-12,MFC001,Night,2.0,2.0,0.0,1599.73,1599.73,4.66,18.38,4.25,0.0,3,3,0,3,0.67,0.0,2,0,100.0
2026-04-12,MFC002,Morning,2.0,2.0,0.0,1456.15,1252.29,6.12,19.95,3.3,2.0,3,3,0,5,0.67,0.0,2,0,100.0
2026-04-12,MFC002,Evening,9.0,9.0,0.0,8666.32,8352.92,7.42,25.36,3.48,1.0,4,4,0,2,2.25,0.0,7,2,77.78
2026-04-12,MFC002,Night,0.0,0.0,0.0,0.0,0.0,,,,0.0,3,3,0,4,0.0,0.0,0,0,0.0
2026-04-12,MFC003,Morning,1.0,1.0,0.0,1138.75,1138.75,9.42,34.72,3.5,0.0,3,2,1,2,0.5,0.0,1,0,100.0
2026-04-12,MFC003,Evening,12.0,10.0,2.0,13231.78,12266.35,7.82,25.96,3.25,3.0,4,4,0,3,3.0,16.67,9,1,90.0
2026-04-12,MFC003,Night,1.0,1.0,0.0,849.52,849.52,5.79,24.76,3.8,0.0,3,3,0,1,0.33,0.0,1,0,100.0
2026-04-12,MFC004,Morning,3.0,2.0,0.0,3106.03,3071.27,5.16,19.52,3.0,1.0,3,3,0,5,1.0,0.0,2,0,100.0
2026-04-12,MFC004,Evening,2.0,2.0,0.0,1453.32,1453.32,3.94,19.74,3.65,0.0,3,3,0,4,0.67,0.0,2,0,100.0
2026-04-12,MFC004,Night,2.0,2.0,0.0,1062.92,1062.92,4.26,24.69,3.3,0.0,3,3,0,3,0.67,0.0,2,0,100.0
2026-04-12,MFC005,Morning,11.0,11.0,0.0,11013.78,9955.47,8.48,26.5,3.03,6.0,4,3,1,3,3.67,0.0,9,2,81.82
2026-04-12,MFC005,Evening,15.0,11.0,4.0,17173.3,12283.66,10.5,28.01,3.37,4.0,4,4,0,5,3.75,26.67,8,3,72.73
2026-04-12,MFC005,Night,3.0,3.0,0.0,3790.37,3790.37,5.18,15.43,3.83,0.0,3,2,1,2,1.5,0.0,3,0,100.0
2026-04-12,MFC006,Morning,7.0,7.0,0.0,6044.31,5722.02,8.01,28.63,3.51,2.0,3,3,0,1,2.33,0.0,5,2,71.43
2026-04-12,MFC006,Evening,8.0,7.0,1.0,8805.23,7859.5,10.47,28.64,3.15,2.0,3,3,0,0,2.67,12.5,2,5,28.57
2026-04-12,MFC006,Night,0.0,0.0,0.0,0.0,0.0,,,,0.0,3,3,0,2,0.0,0.0,0,0,0.0
2026-04-12,MFC007,Morning,3.0,3.0,0.0,3313.63,3313.63,9.27,29.37,3.37,0.0,3,3,0,5,1.0,0.0,2,1,66.67
2026-04-12,MFC007,Evening,11.0,11.0,0.0,8510.28,8105.9,6.74,25.09,3.28,4.0,4,4,0,5,2.75,0.0,8,3,72.73
2026-04-12,MFC007,Night,0.0,0.0,0.0,0.0,0.0,,,,0.0,3,3,0,1,0.0,0.0,0,0,0.0
2026-04-12,MFC008,Morning,6.0,6.0,0.0,7664.96,7664.96,5.03,25.98,3.82,0.0,3,3,0,6,2.0,0.0,6,0,100.0
2026-04-12,MFC008,Evening,14.0,10.0,3.0,8802.99,7059.42,6.09,22.86,3.41,3.0,4,3,1,3,4.67,21.43,10,0,100.0
2026-04-12,MFC008,Night,1.0,1.0,0.0,446.88,446.88,6.55,26.93,4.7,0.0,3,2,1,6,0.5,0.0,1,0,100.0
2026-04-12,MFC009,Morning,10.0,10.0,0.0,13688.38,12693.38,6.69,23.28,3.55,4.0,4,4,0,3,2.5,0.0,8,2,80.0
2026-04-12,MFC009,Evening,9.0,9.0,0.0,10020.87,9830.83,5.82,22.65,3.51,1.0,4,4,0,0,2.25,0.0,9,0,100.0
2026-04-12,MFC009,Night,2.0,2.0,0.0,1506.98,1506.98,5.11,15.94,3.2,0.0,3,3,0,1,0.67,0.0,2,0,100.0
2026-04-12,MFC010,Morning,2.0,1.0,1.0,1183.27,519.52,7.73,24.3,3.6,0.0,3,3,0,3,0.67,50.0,1,0,100.0
2026-04-12,MFC010,Evening,4.0,4.0,0.0,1036.77,1036.77,2.05,17.03,4.15,0.0,3,3,0,3,1.33,0.0,4,0,100.0
2026-04-12,MFC010,Night,0.0,0.0,0.0,0.0,0.0,,,,0.0,3,3,0,0,0.0,0.0,0,0,0.0
2026-04-12,MFC011,Morning,13.0,13.0,0.0,15431.37,15162.27,7.27,25.68,3.49,2.0,4,4,0,3,3.25,0.0,11,2,84.62
2026-04-12,MFC011,Evening,15.0,15.0,0.0,17160.12,16660.74,6.61,23.72,3.57,2.0,4,3,1,4,5.0,0.0,13,2,86.67
2026-04-12,MFC011,Night,0.0,0.0,0.0,0.0,0.0,,,,0.0,3,3,0,1,0.0,0.0,0,0,0.0
2026-04-12,MFC012,Morning,6.0,6.0,0.0,7851.51,7851.51,7.8,26.02,4.03,0.0,3,3,0,4,2.0,0.0,5,1,83.33
2026-04-12,MFC012,Evening,6.0,5.0,1.0,11194.07,11194.07,7.74,27.13,3.67,0.0,3,3,0,3,2.0,16.67,3,2,60.0
2026-04-12,MFC012,Night,1.0,1.0,0.0,278.9,278.9,5.51,17.53,3.0,0.0,3,3,0,1,0.33,0.0,1,0,100.0
2026-04-12,MFC013,Morning,7.0,7.0,0.0,7178.47,6402.36,5.56,22.02,3.4,3.0,3,3,0,3,2.33,0.0,7,0,100.0
2026-04-12,MFC013,Evening,16.0,15.0,1.0,22215.6,21039.19,7.37,25.88,3.76,3.0,4,4,0,2,4.0,6.25,11,4,73.33
2026-04-12,MFC013,Night,2.0,2.0,0.0,5352.41,5352.41,6.4,36.11,3.85,0.0,3,3,0,4,0.67,0.0,2,0,100.0
2026-04-12,MFC014,Morning,5.0,5.0,0.0,3472.48,3400.19,6.13,25.01,3.86,1.0,3,3,0,3,1.67,0.0,5,0,100.0
2026-04-12,MFC014,Evening,3.0,3.0,0.0,10589.81,9660.84,8.29,26.21,3.03,1.0,3,3,0,2,1.0,0.0,3,0,100.0
2026-04-12,MFC014,Night,2.0,2.0,0.0,772.33,661.75,4.8,19.17,3.8,1.0,3,2,1,2,1.0,0.0,2,0,100.0
2026-04-12,MFC015,Morning,12.0,11.0,1.0,14273.27,13655.53,8.0,24.87,3.19,1.0,4,3,1,1,4.0,8.33,9,2,81.82
2026-04-12,MFC015,Evening,10.0,10.0,0.0,14359.34,13386.45,8.72,23.79,3.28,5.0,4,4,0,1,2.5,0.0,8,2,80.0
2026-04-12,MFC015,Night,2.0,2.0,0.0,1452.41,1452.41,5.72,22.02,3.45,0.0,3,2,1,3,1.0,0.0,2,0,100.0
2026-04-12,MFC016,Morning,5.0,5.0,0.0,4907.11,4695.61,7.46,25.69,3.22,2.0,3,2,1,0,2.5,0.0,4,1,80.0
2026-04-12,MFC016,Evening,8.0,8.0,0.0,6650.77,6382.19,7.76,25.62,3.65,2.0,3,3,0,3,2.67,0.0,8,0,100.0
2026-04-12,MFC016,Night,1.0,1.0,0.0,992.02,850.3,5.39,20.41,2.9,1.0,3,3,0,2,0.33,0.0,1,0,100.0
2026-04-12,MFC017,Morning,13.0,12.0,1.0,15432.31,13810.54,8.07,25.19,3.45,2.0,4,3,1,2,4.33,7.69,10,2,83.33
2026-04-12,MFC017,Evening,7.0,7.0,0.0,9309.55,9309.55,6.93,25.87,3.54,0.0,3,3,0,6,2.33,0.0,5,2,71.43
2026-04-12,MFC017,Night,5.0,4.0,1.0,3840.44,3770.28,6.72,22.65,3.64,0.0,3,3,0,4,1.67,20.0,4,0,100.0
2026-04-12,MFC018,Morning,8.0,8.0,0.0,10443.59,10173.59,7.59,26.5,3.6,1.0,3,3,0,0,2.67,0.0,6,2,75.0
2026-04-12,MFC018,Evening,7.0,6.0,0.0,8670.59,8670.59,9.32,26.62,3.23,0.0,3,2,1,3,3.5,0.0,4,2,66.67
2026-04-12,MFC018,Night,5.0,4.0,0.0,3169.93,3097.48,5.77,21.98,3.35,1.0,3,2,1,2,2.5,0.0,3,1,75.0
2026-04-13,MFC001,Morning,3.0,3.0,0.0,10496.07,10496.07,8.47,25.95,3.37,0.0,3,3,0,4,1.0,0.0,2,1,66.67
2026-04-13,MFC001,Evening,6.0,5.0,0.0,9994.22,8327.19,10.45,29.55,3.22,0.0,3,3,0,3,2.0,0.0,3,2,60.0
2026-04-13,MFC001,Night,1.0,1.0,0.0,1158.83,1158.83,7.15,26.55,3.6,0.0,3,3,0,3,0.33,0.0,1,0,100.0
2026-04-13,MFC002,Morning,2.0,2.0,0.0,4489.37,4489.37,9.15,35.48,3.25,0.0,3,3,0,2,0.67,0.0,1,1,50.0
2026-04-13,MFC002,Evening,5.0,5.0,0.0,4316.6,4316.6,7.15,25.13,3.86,0.0,3,3,0,3,1.67,0.0,5,0,100.0
2026-04-13,MFC002,Night,1.0,1.0,0.0,1191.69,1191.69,2.0,16.22,3.0,0.0,3,3,0,1,0.33,0.0,1,0,100.0
2026-04-13,MFC003,Morning,9.0,8.0,1.0,9228.28,6506.64,4.64,23.56,3.76,0.0,4,4,0,4,2.25,11.11,8,0,100.0
2026-04-13,MFC003,Evening,6.0,5.0,1.0,4442.28,4378.74,3.79,24.68,2.93,1.0,3,3,0,5,2.0,16.67,5,0,100.0
2026-04-13,MFC003,Night,0.0,0.0,0.0,0.0,0.0,,,,0.0,3,2,1,6,0.0,0.0,0,0,0.0
2026-04-13,MFC004,Morning,5.0,5.0,0.0,5500.0,5500.0,7.1,22.56,3.62,0.0,3,2,1,3,2.5,0.0,4,1,80.0
2026-04-13,MFC004,Evening,6.0,6.0,0.0,6395.13,6395.13,8.86,24.7,3.73,0.0,3,3,0,3,2.0,0.0,6,0,100.0
2026-04-13,MFC004,Night,1.0,0.0,0.0,1223.57,1223.57,,,,0.0,3,3,0,1,0.33,0.0,0,0,0.0
2026-04-13,MFC005,Morning,7.0,6.0,1.0,5735.45,4595.3,6.97,19.86,3.39,1.0,3,3,0,3,2.33,14.29,5,1,83.33
2026-04-13,MFC005,Evening,12.0,11.0,1.0,8965.32,7553.15,7.23,22.95,3.52,2.0,4,3,1,3,4.0,8.33,11,0,100.0
2026-04-13,MFC005,Night,0.0,0.0,0.0,0.0,0.0,,,,0.0,3,3,0,1,0.0,0.0,0,0,0.0
2026-04-13,MFC006,Morning,1.0,1.0,0.0,1047.9,1047.9,7.58,27.55,3.5,0.0,3,3,0,2,0.33,0.0,1,0,100.0
2026-04-13,MFC006,Evening,4.0,4.0,0.0,1635.03,1349.75,5.9,19.46,3.4,0.0,3,3,0,3,1.33,0.0,4,0,100.0
2026-04-13,MFC006,Night,1.0,1.0,0.0,528.0,422.4,6.47,30.7,2.9,1.0,3,2,1,3,0.5,0.0,1,0,100.0
2026-04-13,MFC007,Morning,7.0,7.0,0.0,6982.58,6814.45,8.73,29.82,3.97,1.0,3,3,0,3,2.33,0.0,4,3,57.14
2026-04-13,MFC007,Evening,7.0,5.0,1.0,6598.48,3856.41,8.84,26.86,3.42,1.0,3,2,1,6,3.5,14.29,4,1,80.0
2026-04-13,MFC007,Night,1.0,0.0,1.0,339.69,0.0,,,,0.0,3,3,0,1,0.33,100.0,0,0,0.0
2026-04-13,MFC008,Morning,6.0,6.0,0.0,6959.03,5453.72,7.06,23.39,3.8,1.0,3,3,0,3,2.0,0.0,4,2,66.67
2026-04-13,MFC008,Evening,13.0,10.0,2.0,8368.2,8116.88,6.11,24.03,3.6,0.0,4,4,0,3,3.25,15.38,10,0,100.0
2026-04-13,MFC008,Night,2.0,2.0,0.0,4022.06,3437.71,6.28,20.33,3.25,1.0,3,3,0,3,0.67,0.0,2,0,100.0
2026-04-13,MFC009,Morning,7.0,6.0,1.0,9392.52,7483.35,6.64,25.51,3.73,1.0,3,3,0,4,2.33,14.29,5,1,83.33
2026-04-13,MFC009,Evening,4.0,4.0,0.0,8190.18,8190.18,7.95,27.23,4.05,0.0,3,3,0,4,1.33,0.0,2,2,50.0
2026-04-13,MFC009,Night,1.0,0.0,1.0,3155.79,0.0,,,1.9,0.0,3,3,0,0,0.33,100.0,0,0,0.0
2026-04-13,MFC010,Morning,5.0,5.0,0.0,2739.9,2714.9,5.88,24.63,3.8,1.0,3,3,0,2,1.67,0.0,5,0,100.0
2026-04-13,MFC010,Evening,5.0,5.0,0.0,3562.42,3433.52,5.38,24.89,3.36,1.0,3,3,0,4,1.67,0.0,4,1,80.0
2026-04-13,MFC010,Night,5.0,5.0,0.0,5785.71,5785.71,6.53,22.26,3.8,0.0,3,2,1,59,2.5,0.0,5,0,100.0
2026-04-13,MFC011,Morning,8.0,8.0,0.0,9120.59,8452.06,7.83,24.44,3.5,3.0,3,3,0,1,2.67,0.0,7,1,87.5
2026-04-13,MFC011,Evening,11.0,10.0,1.0,8773.78,7318.48,4.83,21.84,3.53,1.0,4,3,1,5,3.67,9.09,8,2,80.0
2026-04-13,MFC011,Night,3.0,3.0,0.0,4673.32,4673.32,8.94,30.53,3.8,0.0,3,2,1,2,1.5,0.0,3,0,100.0
2026-04-13,MFC012,Morning,4.0,4.0,0.0,1874.01,1874.01,6.54,28.54,3.62,0.0,3,3,0,4,1.33,0.0,3,1,75.0
2026-04-13,MFC012,Evening,5.0,5.0,0.0,7619.95,7619.95,8.23,27.92,3.74,0.0,3,3,0,23,1.67,0.0,2,3,40.0
2026-04-13,MFC012,Night,0.0,0.0,0.0,0.0,0.0,,,,0.0,3,2,1,0,0.0,0.0,0,0,0.0
2026-04-13,MFC013,Morning,5.0,4.0,1.0,7819.2,6918.98,7.38,23.74,3.4,0.0,3,2,1,1,2.5,20.0,3,1,75.0
2026-04-13,MFC013,Evening,11.0,11.0,0.0,8349.02,8349.02,6.45,22.72,3.91,0.0,4,4,0,2,2.75,0.0,10,1,90.91
2026-04-13,MFC013,Night,3.0,3.0,0.0,3344.15,3344.15,3.83,21.65,3.5,0.0,3,3,0,2,1.0,0.0,3,0,100.0
2026-04-13,MFC014,Morning,2.0,2.0,0.0,1378.11,1177.06,3.53,26.96,3.2,1.0,3,3,0,4,0.67,0.0,2,0,100.0
2026-04-13,MFC014,Evening,9.0,9.0,0.0,9311.55,8834.88,6.33,22.45,3.82,2.0,4,4,0,2,2.25,0.0,8,1,88.89
2026-04-13,MFC014,Night,3.0,2.0,1.0,6990.56,6840.06,7.84,28.16,3.45,0.0,3,3,0,0,1.0,33.33,1,1,50.0
2026-04-13,MFC015,Morning,8.0,7.0,1.0,9567.11,8528.04,7.05,31.04,3.09,1.0,3,2,1,4,4.0,12.5,4,3,57.14
2026-04-13,MFC015,Evening,8.0,7.0,1.0,7601.39,4701.46,7.24,25.39,3.5,2.0,3,2,1,3,4.0,12.5,6,1,85.71
2026-04-13,MFC015,Night,1.0,1.0,0.0,253.16,253.16,8.66,21.7,4.3,0.0,3,3,0,1,0.33,0.0,1,0,100.0
2026-04-13,MFC016,Morning,4.0,4.0,0.0,3112.6,3112.6,4.25,17.0,3.92,0.0,3,2,1,3,2.0,0.0,4,0,100.0
2026-04-13,MFC016,Evening,7.0,5.0,2.0,5809.37,4736.16,4.74,26.02,2.96,0.0,3,3,0,3,2.33,28.57,5,0,100.0
2026-04-13,MFC016,Night,3.0,3.0,0.0,6183.89,6183.89,6.18,21.05,3.0,0.0,3,3,0,1,1.0,0.0,3,0,100.0
2026-04-13,MFC017,Morning,10.0,9.0,1.0,7214.96,6621.24,7.98,22.7,3.37,0.0,4,4,0,2,2.5,10.0,8,1,88.89
2026-04-13,MFC017,Evening,9.0,9.0,0.0,10085.43,9967.89,7.85,26.95,4.16,1.0,4,3,1,3,3.0,0.0,7,2,77.78
2026-04-13,MFC017,Night,3.0,3.0,0.0,4265.69,3674.8,6.15,19.76,3.33,1.0,3,2,1,2,1.5,0.0,3,0,100.0
2026-04-13,MFC018,Morning,3.0,3.0,0.0,6333.85,6333.85,9.5,29.95,3.3,0.0,3,3,0,4,1.0,0.0,2,1,66.67
2026-04-13,MFC018,Evening,3.0,2.0,1.0,3115.11,2633.09,6.33,28.4,4.0,0.0,3,3,0,3,1.0,33.33,2,0,100.0
2026-04-13,MFC018,Night,1.0,1.0,0.0,764.01,764.01,2.38,26.34,3.0,0.0,3,3,0,3,0.33,0.0,1,0,100.0
2026-04-14,MFC001,Morning,2.0,2.0,0.0,2412.04,2412.04,5.71,24.26,4.4,0.0,3,3,0,0,0.67,0.0,2,0,100.0
2026-04-14,MFC001,Evening,8.0,7.0,1.0,12615.87,11114.44,6.38,25.5,3.24,0.0,3,3,0,2,2.67,12.5,6,1,85.71
2026-04-14,MFC001,Night,1.0,1.0,0.0,3731.73,3731.73,9.72,28.03,4.1,0.0,3,2,1,1,0.5,0.0,0,1,0.0
2026-04-14,MFC002,Morning,4.0,4.0,0.0,4602.07,4219.1,8.0,24.12,3.0,1.0,3,2,1,5,2.0,0.0,3,1,75.0
2026-04-14,MFC002,Evening,5.0,5.0,0.0,6683.19,6683.19,5.18,25.31,3.84,0.0,3,3,0,3,1.67,0.0,4,1,80.0
2026-04-14,MFC002,Night,0.0,0.0,0.0,0.0,0.0,,,,0.0,3,2,1,2,0.0,0.0,0,0,0.0
2026-04-14,MFC003,Morning,9.0,8.0,1.0,11459.67,9039.43,5.47,24.04,3.35,2.0,4,4,0,5,2.25,11.11,8,0,100.0
2026-04-14,MFC003,Evening,8.0,8.0,0.0,10166.2,10034.93,6.59,22.39,3.96,2.0,3,2,1,5,4.0,0.0,7,1,87.5
2026-04-14,MFC003,Night,3.0,3.0,0.0,4730.17,4730.17,7.71,25.0,4.23,0.0,3,3,0,4,1.0,0.0,3,0,100.0
2026-04-14,MFC004,Morning,5.0,4.0,1.0,6183.16,5858.86,11.13,30.21,3.44,1.0,3,3,0,0,1.67,20.0,1,3,25.0
2026-04-14,MFC004,Evening,3.0,1.0,1.0,2503.11,2445.89,9.28,24.28,4.5,1.0,3,3,0,1,1.0,33.33,1,0,100.0
2026-04-14,MFC004,Night,1.0,1.0,0.0,697.4,697.4,11.05,29.36,3.5,0.0,3,3,0,5,0.33,0.0,0,1,0.0
2026-04-14,MFC005,Morning,15.0,13.0,2.0,14233.78,12411.28,7.47,27.87,3.56,1.0,4,4,0,2,3.75,13.33,11,2,84.62
2026-04-14,MFC005,Evening,7.0,7.0,0.0,5598.9,5444.9,9.03,26.35,3.39,2.0,3,3,0,2,2.33,0.0,5,2,71.43
2026-04-14,MFC005,Night,3.0,3.0,0.0,2022.89,1748.11,6.05,22.47,3.2,1.0,3,3,0,1,1.0,0.0,3,0,100.0
2026-04-14,MFC006,Morning,3.0,3.0,0.0,7593.65,7593.65,9.59,29.93,4.07,0.0,3,3,0,4,1.0,0.0,2,1,66.67
2026-04-14,MFC006,Evening,8.0,8.0,0.0,10417.75,10417.75,7.67,27.12,3.32,0.0,3,3,0,1,2.67,0.0,6,2,75.0
2026-04-14,MFC006,Night,2.0,2.0,0.0,1458.63,1458.63,6.94,24.01,4.15,0.0,3,3,0,4,0.67,0.0,2,0,100.0
2026-04-14,MFC007,Morning,4.0,3.0,1.0,3432.62,2954.14,8.13,25.8,3.43,0.0,3,3,0,1,1.33,25.0,3,0,100.0
2026-04-14,MFC007,Evening,7.0,6.0,0.0,8102.14,7871.26,6.25,22.75,3.63,1.0,3,3,0,2,2.33,0.0,5,1,83.33
2026-04-14,MFC007,Night,0.0,0.0,0.0,0.0,0.0,,,,0.0,3,3,0,2,0.0,0.0,0,0,0.0
2026-04-14,MFC008,Morning,6.0,6.0,0.0,7120.82,7120.82,7.05,26.65,3.83,0.0,3,3,0,2,2.0,0.0,5,1,83.33
2026-04-14,MFC008,Evening,14.0,13.0,1.0,22036.48,21300.03,7.62,27.24,3.35,1.0,4,4,0,2,3.5,7.14,9,4,69.23
2026-04-14,MFC008,Night,1.0,1.0,0.0,113.82,113.82,2.69,18.06,3.9,0.0,3,3,0,4,0.33,0.0,1,0,100.0
2026-04-14,MFC009,Morning,6.0,6.0,0.0,7695.91,7659.47,6.72,22.95,3.57,1.0,3,3,0,6,2.0,0.0,5,1,83.33
2026-04-14,MFC009,Evening,6.0,6.0,0.0,8873.09,8430.82,7.28,25.72,3.75,1.0,3,3,0,5,2.0,0.0,4,2,66.67
2026-04-14,MFC009,Night,2.0,2.0,0.0,4940.23,4940.23,5.34,18.94,3.05,0.0,3,3,0,1,0.67,0.0,2,0,100.0
2026-04-14,MFC010,Morning,2.0,0.0,2.0,1967.19,0.0,,,2.9,0.0,3,3,0,2,0.67,100.0,0,0,0.0
2026-04-14,MFC010,Evening,6.0,6.0,0.0,5806.1,5573.31,9.92,31.62,3.65,2.0,3,3,0,2,2.0,0.0,3,3,50.0
2026-04-14,MFC010,Night,1.0,1.0,0.0,768.42,768.42,6.62,22.09,3.4,0.0,3,3,0,6,0.33,0.0,1,0,100.0
2026-04-14,MFC011,Morning,3.0,3.0,0.0,5002.52,5002.52,10.1,31.99,3.57,0.0,3,3,0,1,1.0,0.0,1,2,33.33
2026-04-14,MFC011,Evening,8.0,8.0,0.0,12485.09,11514.47,7.96,26.31,3.45,2.0,3,2,1,2,4.0,0.0,5,3,62.5
2026-04-14,MFC011,Night,2.0,2.0,0.0,2932.47,2525.26,5.32,19.27,3.25,1.0,3,3,0,3,0.67,0.0,2,0,100.0
2026-04-14,MFC012,Morning,1.0,1.0,0.0,1803.15,1803.15,7.46,24.49,3.4,0.0,3,3,0,3,0.33,0.0,1,0,100.0
2026-04-14,MFC012,Evening,5.0,5.0,0.0,8526.36,8058.81,7.28,23.67,3.16,2.0,3,3,0,2,1.67,0.0,5,0,100.0
2026-04-14,MFC012,Night,0.0,0.0,0.0,0.0,0.0,,,,0.0,3,3,0,0,0.0,0.0,0,0,0.0
2026-04-14,MFC013,Morning,10.0,10.0,0.0,12046.83,12046.83,5.72,24.0,3.78,0.0,4,3,1,4,3.33,0.0,8,2,80.0
2026-04-14,MFC013,Evening,6.0,6.0,0.0,4811.63,4507.59,7.76,25.64,3.5,2.0,3,3,0,2,2.0,0.0,5,1,83.33
2026-04-14,MFC013,Night,0.0,0.0,0.0,0.0,0.0,,,,0.0,3,3,0,1,0.0,0.0,0,0,0.0
2026-04-14,MFC014,Morning,2.0,2.0,0.0,3812.62,3812.62,7.66,27.04,4.0,0.0,3,3,0,2,0.67,0.0,2,0,100.0
2026-04-14,MFC014,Evening,6.0,5.0,1.0,5179.03,3732.84,7.4,25.66,3.2,3.0,3,3,0,2,2.0,16.67,2,3,40.0
2026-04-14,MFC014,Night,2.0,2.0,0.0,3923.22,3923.22,6.43,20.26,3.45,0.0,3,3,0,3,0.67,0.0,2,0,100.0
2026-04-14,MFC015,Morning,7.0,7.0,0.0,11551.26,11551.26,8.3,25.56,3.73,0.0,3,3,0,5,2.33,0.0,5,2,71.43
2026-04-14,MFC015,Evening,4.0,2.0,1.0,3190.03,3117.21,8.81,26.61,3.37,1.0,3,3,0,0,1.33,25.0,2,0,100.0
2026-04-14,MFC015,Night,2.0,2.0,0.0,981.35,981.35,5.14,20.88,3.65,0.0,3,3,0,1,0.67,0.0,2,0,100.0
2026-04-14,MFC016,Morning,8.0,7.0,1.0,12600.09,10131.93,6.32,25.33,3.79,0.0,3,3,0,3,2.67,12.5,5,2,71.43
2026-04-14,MFC016,Evening,10.0,10.0,0.0,7654.11,7581.22,4.53,22.97,3.72,1.0,4,3,1,1,3.33,0.0,9,1,90.0
2026-04-14,MFC016,Night,0.0,0.0,0.0,0.0,0.0,,,,0.0,3,2,1,0,0.0,0.0,0,0,0.0
2026-04-14,MFC017,Morning,6.0,6.0,0.0,9230.82,8899.65,8.94,26.49,3.55,1.0,3,3,0,4,2.0,0.0,4,2,66.67
2026-04-14,MFC017,Evening,10.0,10.0,0.0,15291.87,14822.77,8.53,20.9,3.74,1.0,4,4,0,25,2.5,0.0,9,1,90.0
2026-04-14,MFC017,Night,0.0,0.0,0.0,0.0,0.0,,,,0.0,3,3,0,1,0.0,0.0,0,0,0.0
2026-04-14,MFC018,Morning,2.0,1.0,1.0,764.29,668.18,7.69,27.94,4.0,0.0,3,3,0,2,0.67,50.0,1,0,100.0
2026-04-14,MFC018,Evening,7.0,7.0,0.0,5096.57,4890.95,6.49,23.58,3.54,2.0,3,3,0,2,2.33,0.0,6,1,85.71
2026-04-14,MFC018,Night,2.0,2.0,0.0,2259.68,2205.45,7.66,23.2,3.3,1.0,3,3,0,4,0.67,0.0,2,0,100.0
2026-04-15,MFC001,Morning,5.0,4.0,1.0,4528.87,4316.23,6.9,27.07,3.8,0.0,3,3,0,1,1.67,20.0,2,2,50.0
2026-04-15,MFC001,Evening,12.0,12.0,0.0,10939.32,8405.4,7.63,25.06,3.63,4.0,4,3,1,4,4.0,0.0,9,3,75.0
2026-04-15,MFC001,Night,1.0,1.0,0.0,384.35,384.35,5.49,16.07,3.5,0.0,3,2,1,1,0.5,0.0,1,0,100.0
2026-04-15,MFC002,Morning,6.0,5.0,1.0,10829.33,8038.95,6.23,22.82,3.42,2.0,3,3,0,0,2.0,16.67,5,0,100.0
2026-04-15,MFC002,Evening,5.0,5.0,0.0,4607.12,4607.12,6.41,22.78,3.94,0.0,3,3,0,2,1.67,0.0,5,0,100.0
2026-04-15,MFC002,Night,2.0,1.0,0.0,1316.76,1316.76,5.71,22.33,3.8,0.0,3,3,0,2,0.67,0.0,1,0,100.0
2026-04-15,MFC003,Morning,8.0,8.0,0.0,8728.77,8206.87,7.35,25.35,3.86,2.0,3,2,1,35,4.0,0.0,8,0,100.0
2026-04-15,MFC003,Evening,9.0,8.0,0.0,8452.93,8180.71,6.9,24.36,2.98,2.0,4,4,0,3,2.25,0.0,8,0,100.0
2026-04-15,MFC003,Night,2.0,2.0,0.0,669.47,669.47,3.44,16.83,3.7,0.0,3,3,0,2,0.67,0.0,2,0,100.0
2026-04-15,MFC004,Morning,3.0,3.0,0.0,4409.62,4409.62,9.77,31.51,3.27,0.0,3,3,0,1,1.0,0.0,2,1,66.67
2026-04-15,MFC004,Evening,3.0,3.0,0.0,1841.73,1841.73,4.54,22.7,3.5,0.0,3,2,1,3,1.5,0.0,3,0,100.0
2026-04-15,MFC004,Night,1.0,1.0,0.0,826.32,826.32,3.57,17.08,3.6,0.0,3,3,0,2,0.33,0.0,1,0,100.0
2026-04-15,MFC005,Morning,8.0,8.0,0.0,7700.38,7426.49,7.18,25.78,3.55,3.0,3,3,0,3,2.67,0.0,4,4,50.0
2026-04-15,MFC005,Evening,10.0,10.0,0.0,12076.15,11805.2,9.19,27.1,3.56,1.0,4,4,0,2,2.5,0.0,7,3,70.0
2026-04-15,MFC005,Night,6.0,5.0,1.0,5388.62,4799.73,8.67,25.27,3.4,0.0,3,3,0,1,2.0,16.67,5,0,100.0
2026-04-15,MFC006,Morning,3.0,2.0,1.0,3201.46,1434.72,6.07,19.34,2.95,0.0,3,2,1,5,1.5,33.33,2,0,100.0
2026-04-15,MFC006,Evening,7.0,6.0,1.0,9609.15,7027.26,8.65,28.12,3.93,0.0,3,3,0,1,2.33,14.29,4,2,66.67
2026-04-15,MFC006,Night,1.0,1.0,0.0,751.03,751.03,6.91,24.22,4.6,0.0,3,3,0,0,0.33,0.0,1,0,100.0
2026-04-15,MFC007,Morning,5.0,4.0,1.0,7111.44,7111.44,8.96,24.4,3.6,0.0,3,3,0,2,1.67,20.0,3,1,75.0
2026-04-15,MFC007,Evening,7.0,7.0,0.0,7060.57,5897.12,7.01,26.29,3.87,1.0,3,2,1,2,3.5,0.0,5,2,71.43
2026-04-15,MFC007,Night,4.0,4.0,0.0,7739.63,7739.63,4.06,16.98,3.82,0.0,3,3,0,4,1.33,0.0,4,0,100.0
2026-04-15,MFC008,Morning,6.0,5.0,0.0,4850.99,4611.87,6.29,20.46,3.78,2.0,3,3,0,1,2.0,0.0,4,1,80.0
2026-04-15,MFC008,Evening,9.0,9.0,0.0,11921.42,11242.66,6.83,27.07,3.41,2.0,4,4,0,2,2.25,0.0,8,1,88.89
2026-04-15,MFC008,Night,3.0,3.0,0.0,2922.69,2922.69,5.77,24.6,3.1,0.0,3,3,0,4,1.0,0.0,3,0,100.0
2026-04-15,MFC009,Morning,7.0,7.0,0.0,7995.73,7995.73,6.28,21.01,3.87,0.0,3,3,0,2,2.33,0.0,5,2,71.43
2026-04-15,MFC009,Evening,7.0,6.0,0.0,6199.45,6115.42,5.46,23.0,3.68,1.0,3,3,0,1,2.33,0.0,5,1,83.33
2026-04-15,MFC009,Night,1.0,1.0,0.0,785.16,785.16,5.75,14.98,4.3,0.0,3,2,1,3,0.5,0.0,1,0,100.0
2026-04-15,MFC010,Morning,9.0,9.0,0.0,11594.39,11526.43,6.75,23.1,3.89,1.0,4,4,0,2,2.25,0.0,8,1,88.89
2026-04-15,MFC010,Evening,1.0,0.0,1.0,779.59,0.0,,,,0.0,3,3,0,3,0.33,100.0,0,0,0.0
2026-04-15,MFC010,Night,0.0,0.0,0.0,0.0,0.0,,,,0.0,3,3,0,4,0.0,0.0,0,0,0.0
2026-04-15,MFC011,Morning,5.0,5.0,0.0,4434.34,4434.34,9.03,27.7,3.66,0.0,3,3,0,2,1.67,0.0,4,1,80.0
2026-04-15,MFC011,Evening,15.0,14.0,1.0,24692.79,23235.58,8.14,30.44,3.53,1.0,4,4,0,1,3.75,6.67,9,5,64.29
2026-04-15,MFC011,Night,3.0,3.0,0.0,2472.34,2472.34,5.15,18.74,3.43,0.0,3,3,0,6,1.0,0.0,3,0,100.0
2026-04-15,MFC012,Morning,5.0,5.0,0.0,8160.52,8160.52,8.05,27.85,3.18,0.0,3,3,0,2,1.67,0.0,4,1,80.0
2026-04-15,MFC012,Evening,5.0,4.0,0.0,7126.86,7126.86,9.89,24.26,3.62,0.0,3,3,0,1,1.67,0.0,3,1,75.0
2026-04-15,MFC012,Night,1.0,1.0,0.0,787.37,787.37,6.11,22.91,4.1,0.0,3,3,0,1,0.33,0.0,1,0,100.0
2026-04-15,MFC013,Morning,7.0,6.0,0.0,4538.4,4279.7,6.08,26.8,3.93,2.0,3,2,1,3,3.5,0.0,5,1,83.33
2026-04-15,MFC013,Evening,5.0,3.0,2.0,2323.14,940.26,6.0,31.48,3.93,0.0,3,3,0,2,1.67,40.0,3,0,100.0
2026-04-15,MFC013,Night,3.0,3.0,0.0,2426.6,2426.6,5.64,22.33,4.17,0.0,3,3,0,2,1.0,0.0,3,0,100.0
2026-04-15,MFC014,Morning,4.0,4.0,0.0,2729.75,2729.75,4.08,20.52,3.65,0.0,3,3,0,2,1.33,0.0,4,0,100.0
2026-04-15,MFC014,Evening,6.0,6.0,0.0,11787.77,11641.64,7.15,26.29,3.48,1.0,3,3,0,2,2.0,0.0,5,1,83.33
2026-04-15,MFC014,Night,0.0,0.0,0.0,0.0,0.0,,,,0.0,3,3,0,2,0.0,0.0,0,0,0.0
2026-04-15,MFC015,Morning,5.0,5.0,0.0,6721.4,6345.39,7.0,24.92,3.38,0.0,3,2,1,1,2.5,0.0,5,0,100.0
2026-04-15,MFC015,Evening,6.0,5.0,1.0,2519.35,1737.18,8.55,25.16,2.96,3.0,3,3,0,3,2.0,16.67,5,0,100.0
2026-04-15,MFC015,Night,0.0,0.0,0.0,0.0,0.0,,,,0.0,3,3,0,4,0.0,0.0,0,0,0.0
2026-04-15,MFC016,Morning,6.0,6.0,0.0,3541.25,3381.29,5.34,22.51,3.5,2.0,3,3,0,3,2.0,0.0,6,0,100.0
2026-04-15,MFC016,Evening,9.0,8.0,1.0,8638.21,7578.98,6.07,25.73,3.48,1.0,4,3,1,3,3.0,11.11,7,1,87.5
2026-04-15,MFC016,Night,2.0,2.0,0.0,2767.39,2767.39,7.45,24.88,4.05,0.0,3,3,0,3,0.67,0.0,2,0,100.0
2026-04-15,MFC017,Morning,8.0,6.0,2.0,7899.32,3788.34,5.66,24.61,3.27,1.0,3,3,0,3,2.67,25.0,5,1,83.33
2026-04-15,MFC017,Evening,6.0,6.0,0.0,4877.89,4636.11,7.18,26.1,3.1,2.0,3,3,0,3,2.0,0.0,5,1,83.33
2026-04-15,MFC017,Night,1.0,1.0,0.0,2321.64,2321.64,11.27,23.91,4.0,0.0,3,2,1,1,0.5,0.0,1,0,100.0
2026-04-15,MFC018,Morning,5.0,5.0,0.0,9360.9,9360.9,9.15,29.14,3.38,0.0,3,3,0,2,1.67,0.0,3,2,60.0
2026-04-15,MFC018,Evening,5.0,4.0,1.0,9391.97,8012.82,12.98,30.95,3.82,0.0,3,3,0,2,1.67,20.0,1,3,25.0
2026-04-15,MFC018,Night,1.0,1.0,0.0,201.08,201.08,2.0,20.57,3.4,0.0,3,3,0,2,0.33,0.0,1,0,100.0
2026-04-16,MFC001,Morning,1.0,1.0,0.0,1620.27,1620.27,6.74,26.4,4.1,0.0,3,3,0,3,0.33,0.0,1,0,100.0
2026-04-16,MFC001,Evening,12.0,11.0,1.0,15181.0,15035.16,5.77,26.54,3.41,1.0,4,3,1,4,4.0,8.33,9,2,81.82
2026-04-16,MFC001,Night,0.0,0.0,0.0,0.0,0.0,,,,0.0,3,3,0,3,0.0,0.0,0,0,0.0
2026-04-16,MFC002,Morning,4.0,4.0,0.0,1785.08,1785.08,5.91,25.11,4.05,0.0,3,3,0,1,1.33,0.0,4,0,100.0
2026-04-16,MFC002,Evening,7.0,7.0,0.0,4356.67,4356.67,5.65,22.79,3.87,0.0,3,3,0,2,2.33,0.0,6,1,85.71
2026-04-16,MFC002,Night,2.0,2.0,0.0,1191.26,1191.26,5.91,29.96,4.05,0.0,3,3,0,5,0.67,0.0,2,0,100.0
2026-04-16,MFC003,Morning,6.0,6.0,0.0,3969.46,3969.46,6.94,31.22,3.28,0.0,3,2,1,1,3.0,0.0,3,3,50.0
2026-04-16,MFC003,Evening,13.0,12.0,1.0,9649.03,7956.06,5.79,22.86,3.66,1.0,4,3,1,1,4.33,7.69,11,1,91.67
2026-04-16,MFC003,Night,3.0,3.0,0.0,1001.76,1001.76,5.28,21.14,4.33,0.0,3,3,0,1,1.0,0.0,3,0,100.0
2026-04-16,MFC004,Morning,7.0,7.0,0.0,9667.7,9325.19,10.31,29.09,3.44,1.0,3,3,0,4,2.33,0.0,4,3,57.14
2026-04-16,MFC004,Evening,5.0,4.0,1.0,4731.93,4005.31,10.87,26.14,3.4,2.0,3,3,0,0,1.67,20.0,2,2,50.0
2026-04-16,MFC004,Night,1.0,1.0,0.0,3512.37,3512.37,12.45,24.58,4.9,0.0,3,3,0,5,0.33,0.0,1,0,100.0
2026-04-16,MFC005,Morning,11.0,9.0,2.0,16255.9,10977.18,8.35,25.24,3.49,1.0,4,4,0,7,2.75,18.18,7,2,77.78
2026-04-16,MFC005,Evening,10.0,8.0,2.0,10959.1,7059.6,9.38,26.1,3.41,2.0,4,4,0,5,2.5,20.0,5,3,62.5
2026-04-16,MFC005,Night,2.0,2.0,0.0,3791.62,3791.62,10.84,26.07,3.0,0.0,3,3,0,3,0.67,0.0,1,1,50.0
2026-04-16,MFC006,Morning,4.0,4.0,0.0,4842.48,4842.48,9.8,32.28,3.68,0.0,3,3,0,2,1.33,0.0,3,1,75.0
2026-04-16,MFC006,Evening,6.0,6.0,0.0,7831.89,7831.89,6.37,24.12,3.48,0.0,3,3,0,2,2.0,0.0,6,0,100.0
2026-04-16,MFC006,Night,1.0,1.0,0.0,1499.93,1499.93,16.12,26.76,3.9,0.0,3,2,1,3,0.5,0.0,1,0,100.0
2026-04-16,MFC007,Morning,4.0,4.0,0.0,4490.71,4490.71,6.48,24.03,3.5,0.0,3,3,0,1,1.33,0.0,4,0,100.0
2026-04-16,MFC007,Evening,11.0,9.0,2.0,13599.25,10294.92,6.01,24.93,3.42,1.0,4,4,0,2,2.75,18.18,7,2,77.78
2026-04-16,MFC007,Night,2.0,2.0,0.0,6407.61,6407.61,5.08,25.58,3.65,0.0,3,3,0,3,0.67,0.0,1,1,50.0
2026-04-16,MFC008,Morning,5.0,3.0,2.0,5806.64,2771.62,6.65,26.48,3.4,1.0,3,3,0,1,1.67,40.0,2,1,66.67
2026-04-16,MFC008,Evening,9.0,9.0,0.0,9358.76,8910.22,5.11,22.85,3.46,2.0,4,4,0,3,2.25,0.0,9,0,100.0
2026-04-16,MFC008,Night,0.0,0.0,0.0,0.0,0.0,,,,0.0,3,3,0,1,0.0,0.0,0,0,0.0
2026-04-16,MFC009,Morning,5.0,5.0,0.0,10009.26,10009.26,7.91,24.24,3.66,0.0,3,3,0,2,1.67,0.0,3,2,60.0
2026-04-16,MFC009,Evening,2.0,2.0,0.0,1902.05,1902.05,6.56,24.1,3.45,0.0,3,3,0,5,0.67,0.0,2,0,100.0
2026-04-16,MFC009,Night,1.0,1.0,0.0,512.58,512.58,2.0,9.92,4.8,0.0,3,2,1,1,0.5,0.0,1,0,100.0
2026-04-16,MFC010,Morning,4.0,3.0,0.0,3526.09,3459.22,7.5,26.29,3.57,1.0,3,3,0,1,1.33,0.0,3,0,100.0
2026-04-16,MFC010,Evening,2.0,2.0,0.0,1493.35,1493.35,8.57,21.42,3.25,0.0,3,3,0,3,0.67,0.0,2,0,100.0
2026-04-16,MFC010,Night,1.0,1.0,0.0,1491.8,1065.57,6.13,25.39,3.3,1.0,3,3,0,2,0.33,0.0,1,0,100.0
2026-04-16,MFC011,Morning,8.0,8.0,0.0,11395.94,11338.23,7.62,25.4,3.31,1.0,3,3,0,3,2.67,0.0,7,1,87.5
2026-04-16,MFC011,Evening,4.0,3.0,1.0,4439.57,4439.57,6.52,31.72,3.77,1.0,3,3,0,4,1.33,25.0,1,2,33.33
2026-04-16,MFC011,Night,2.0,2.0,0.0,262.31,162.04,4.36,19.67,2.95,1.0,3,2,1,2,1.0,0.0,2,0,100.0
2026-04-16,MFC012,Morning,8.0,8.0,0.0,13720.69,13720.69,5.51,25.75,4.05,0.0,3,2,1,7,4.0,0.0,6,2,75.0
2026-04-16,MFC012,Evening,9.0,8.0,1.0,12992.28,11559.04,7.44,25.21,3.8,1.0,4,4,0,2,2.25,11.11,4,4,50.0
2026-04-16,MFC012,Night,2.0,2.0,0.0,1405.65,1405.65,5.06,19.83,3.15,0.0,3,3,0,1,0.67,0.0,2,0,100.0
2026-04-16,MFC013,Morning,4.0,4.0,0.0,5072.02,4818.28,6.0,21.65,3.52,1.0,3,2,1,4,2.0,0.0,3,1,75.0
2026-04-16,MFC013,Evening,7.0,7.0,0.0,8294.39,8034.08,7.43,24.81,3.73,1.0,3,3,0,1,2.33,0.0,6,1,85.71
2026-04-16,MFC013,Night,1.0,1.0,0.0,521.08,521.08,4.9,16.23,4.1,0.0,3,3,0,3,0.33,0.0,1,0,100.0
2026-04-16,MFC014,Morning,5.0,5.0,0.0,7139.59,7139.59,6.11,27.04,3.76,0.0,3,3,0,62,1.67,0.0,4,1,80.0
2026-04-16,MFC014,Evening,8.0,8.0,0.0,13185.8,13185.8,6.97,23.36,3.89,0.0,3,2,1,5,4.0,0.0,7,1,87.5
2026-04-16,MFC014,Night,3.0,3.0,0.0,1704.17,1704.17,6.28,20.08,4.1,0.0,3,3,0,1,1.0,0.0,3,0,100.0
2026-04-16,MFC015,Morning,7.0,7.0,0.0,8259.62,7906.75,7.91,24.92,3.19,3.0,3,2,1,2,3.5,0.0,6,1,85.71
2026-04-16,MFC015,Evening,9.0,9.0,0.0,10889.34,10889.34,5.96,24.21,3.53,0.0,4,3,1,2,3.0,0.0,8,1,88.89
2026-04-16,MFC015,Night,1.0,1.0,0.0,817.89,817.89,9.39,22.63,4.8,0.0,3,3,0,4,0.33,0.0,1,0,100.0
2026-04-16,MFC016,Morning,7.0,7.0,0.0,7528.85,7528.85,6.28,21.85,3.5,0.0,3,3,0,74,2.33,0.0,6,1,85.71
2026-04-16,MFC016,Evening,10.0,9.0,1.0,12681.11,11744.77,8.6,26.6,3.47,1.0,4,4,0,0,2.5,10.0,8,1,88.89
2026-04-16,MFC016,Night,3.0,3.0,0.0,3391.41,3391.41,5.32,19.77,3.63,0.0,3,3,0,1,1.0,0.0,3,0,100.0
2026-04-16,MFC017,Morning,3.0,2.0,0.0,2158.94,2083.7,8.14,27.78,3.85,1.0,3,3,0,0,1.0,0.0,1,1,50.0
2026-04-16,MFC017,Evening,8.0,7.0,1.0,19225.08,19112.91,8.85,28.06,3.33,1.0,3,2,1,2,4.0,12.5,6,1,85.71
2026-04-16,MFC017,Night,3.0,3.0,0.0,5638.08,5638.08,7.49,22.21,4.17,0.0,3,3,0,5,1.0,0.0,3,0,100.0
2026-04-16,MFC018,Morning,9.0,9.0,0.0,6595.98,6595.98,8.09,26.59,3.66,0.0,4,4,0,0,2.25,0.0,5,4,55.56
2026-04-16,MFC018,Evening,7.0,6.0,0.0,11479.51,11479.51,8.81,27.0,3.42,1.0,3,3,0,3,2.33,0.0,4,2,66.67
2026-04-16,MFC018,Night,1.0,1.0,0.0,1465.81,1221.51,4.45,19.9,2.1,1.0,3,3,0,0,0.33,0.0,1,0,100.0
2026-04-17,MFC001,Morning,4.0,4.0,0.0,7697.97,7697.97,7.36,27.53,3.75,0.0,3,3,0,3,1.33,0.0,2,2,50.0
2026-04-17,MFC001,Evening,6.0,6.0,0.0,2966.56,2830.6,5.57,23.54,3.63,1.0,3,2,1,6,3.0,0.0,5,1,83.33
2026-04-17,MFC001,Night,1.0,1.0,0.0,651.49,651.49,4.19,20.45,3.4,0.0,3,3,0,4,0.33,0.0,1,0,100.0
2026-04-17,MFC002,Morning,3.0,2.0,1.0,5115.79,3174.78,9.44,32.41,3.85,1.0,3,3,0,4,1.0,33.33,1,1,50.0
2026-04-17,MFC002,Evening,6.0,5.0,1.0,3946.87,3540.25,6.97,23.6,3.4,1.0,3,2,1,4,3.0,16.67,5,0,100.0
2026-04-17,MFC002,Night,0.0,0.0,0.0,0.0,0.0,,,,0.0,3,3,0,55,0.0,0.0,0,0,0.0
2026-04-17,MFC003,Morning,6.0,6.0,0.0,9862.63,9516.12,9.2,24.68,3.48,2.0,3,2,1,6,3.0,0.0,4,2,66.67
2026-04-17,MFC003,Evening,6.0,6.0,0.0,6028.3,5657.13,5.14,23.0,3.77,0.0,3,3,0,1,2.0,0.0,6,0,100.0
2026-04-17,MFC003,Night,2.0,2.0,0.0,1448.58,1448.58,3.86,20.98,4.65,0.0,3,3,0,5,0.67,0.0,2,0,100.0
2026-04-17,MFC004,Morning,3.0,3.0,0.0,4381.15,4381.15,8.98,27.48,3.87,0.0,3,3,0,3,1.0,0.0,2,1,66.67
2026-04-17,MFC004,Evening,4.0,4.0,0.0,2317.45,2199.29,4.84,26.26,3.58,1.0,3,3,0,4,1.33,0.0,4,0,100.0
2026-04-17,MFC004,Night,3.0,3.0,0.0,3585.51,3585.51,6.34,18.38,3.77,0.0,3,3,0,2,1.0,0.0,3,0,100.0
2026-04-17,MFC005,Morning,9.0,9.0,0.0,13170.11,8161.25,7.06,26.28,3.4,0.0,4,3,1,2,3.0,0.0,7,2,77.78
2026-04-17,MFC005,Evening,10.0,9.0,1.0,9560.69,7015.74,10.03,29.89,4.18,1.0,4,4,0,3,2.5,10.0,7,2,77.78
2026-04-17,MFC005,Night,0.0,0.0,0.0,0.0,0.0,,,,0.0,3,3,0,4,0.0,0.0,0,0,0.0
2026-04-17,MFC006,Morning,8.0,7.0,1.0,8830.37,6135.82,6.11,27.67,3.36,1.0,3,3,0,0,2.67,12.5,5,2,71.43
2026-04-17,MFC006,Evening,9.0,6.0,3.0,5595.0,4094.1,7.09,26.01,3.65,0.0,4,4,0,5,2.25,33.33,5,1,83.33
2026-04-17,MFC006,Night,1.0,1.0,0.0,220.51,110.26,2.84,16.67,2.1,1.0,3,3,0,3,0.33,0.0,1,0,100.0
2026-04-17,MFC007,Morning,7.0,6.0,0.0,8150.31,8150.31,8.24,27.32,3.53,1.0,3,3,0,5,2.33,0.0,4,2,66.67
2026-04-17,MFC007,Evening,8.0,6.0,2.0,6982.91,4632.38,6.3,25.12,3.41,1.0,3,2,1,3,4.0,25.0,4,2,66.67
2026-04-17,MFC007,Night,0.0,0.0,0.0,0.0,0.0,,,,0.0,3,3,0,0,0.0,0.0,0,0,0.0
2026-04-17,MFC008,Morning,1.0,1.0,0.0,2244.05,2244.05,7.93,29.96,4.4,0.0,3,2,1,4,0.5,0.0,1,0,100.0
2026-04-17,MFC008,Evening,15.0,15.0,0.0,14629.01,14073.06,5.74,25.35,3.64,2.0,4,4,0,1,3.75,0.0,13,2,86.67
2026-04-17,MFC008,Night,5.0,5.0,0.0,3172.76,3172.76,4.71,18.54,3.48,0.0,3,3,0,0,1.67,0.0,5,0,100.0
2026-04-17,MFC009,Morning,7.0,7.0,0.0,11079.87,11079.87,6.34,26.91,3.57,0.0,3,3,0,3,2.33,0.0,5,2,71.43
2026-04-17,MFC009,Evening,5.0,5.0,0.0,6727.71,5916.88,7.25,28.31,3.28,1.0,3,3,0,1,1.67,0.0,4,1,80.0
2026-04-17,MFC009,Night,2.0,2.0,0.0,2155.13,2155.13,7.24,20.05,3.8,0.0,3,3,0,2,0.67,0.0,2,0,100.0
2026-04-17,MFC010,Morning,7.0,6.0,0.0,12479.2,12479.2,10.06,27.61,3.55,0.0,3,2,1,5,3.5,0.0,2,4,33.33
2026-04-17,MFC010,Evening,7.0,5.0,2.0,6507.0,5602.21,7.64,25.06,3.75,2.0,3,2,1,2,3.5,28.57,3,2,60.0
2026-04-17,MFC010,Night,3.0,3.0,0.0,1961.14,1961.14,5.44,17.97,4.0,0.0,3,3,0,0,1.0,0.0,3,0,100.0
2026-04-17,MFC011,Morning,8.0,8.0,0.0,11356.94,11356.94,7.55,23.75,3.64,0.0,3,3,0,2,2.67,0.0,5,3,62.5
2026-04-17,MFC011,Evening,5.0,5.0,0.0,10971.46,6429.12,7.46,25.66,3.7,0.0,3,3,0,2,1.67,0.0,4,1,80.0
2026-04-17,MFC011,Night,1.0,1.0,0.0,277.4,277.4,7.49,23.05,3.4,0.0,3,3,0,4,0.33,0.0,1,0,100.0
2026-04-17,MFC012,Morning,4.0,4.0,0.0,4409.33,4409.33,5.39,19.5,3.5,0.0,3,3,0,2,1.33,0.0,4,0,100.0
2026-04-17,MFC012,Evening,7.0,6.0,1.0,6300.44,5908.53,7.9,24.59,3.25,1.0,3,3,0,2,2.33,14.29,6,0,100.0
2026-04-17,MFC012,Night,1.0,1.0,0.0,634.9,634.9,5.02,27.19,3.9,0.0,3,3,0,5,0.33,0.0,1,0,100.0
2026-04-17,MFC013,Morning,7.0,6.0,1.0,11381.43,9468.97,6.66,29.1,3.12,2.0,3,3,0,3,2.33,14.29,5,1,83.33
2026-04-17,MFC013,Evening,8.0,8.0,0.0,5174.78,5174.78,5.22,26.94,3.59,0.0,3,3,0,3,2.67,0.0,7,1,87.5
2026-04-17,MFC013,Night,1.0,1.0,0.0,1125.9,1125.9,6.41,33.43,4.1,0.0,3,3,0,2,0.33,0.0,0,1,0.0
2026-04-17,MFC014,Morning,4.0,4.0,0.0,8400.82,8400.82,7.16,22.72,3.88,0.0,3,3,0,2,1.33,0.0,4,0,100.0
2026-04-17,MFC014,Evening,13.0,13.0,0.0,18442.29,17998.11,5.78,20.33,3.55,1.0,4,4,0,1,3.25,0.0,10,3,76.92
2026-04-17,MFC014,Night,4.0,4.0,0.0,3977.28,3977.28,4.26,17.25,3.62,0.0,3,3,0,1,1.33,0.0,4,0,100.0
2026-04-17,MFC015,Morning,9.0,9.0,0.0,19892.68,19845.42,7.99,26.39,3.48,1.0,4,4,0,5,2.25,0.0,6,3,66.67
2026-04-17,MFC015,Evening,5.0,5.0,0.0,8530.99,8530.99,9.73,29.5,4.08,0.0,3,3,0,0,1.67,0.0,4,1,80.0
2026-04-17,MFC015,Night,2.0,2.0,0.0,1736.79,1736.79,9.57,22.66,4.35,0.0,3,3,0,7,0.67,0.0,2,0,100.0
2026-04-17,MFC016,Morning,6.0,6.0,0.0,2482.4,2482.4,4.49,21.51,3.72,0.0,3,3,0,6,2.0,0.0,5,1,83.33
2026-04-17,MFC016,Evening,9.0,9.0,0.0,6474.34,6322.84,6.98,24.66,3.53,1.0,4,3,1,3,3.0,0.0,7,2,77.78
2026-04-17,MFC016,Night,0.0,0.0,0.0,0.0,0.0,,,,0.0,3,3,0,4,0.0,0.0,0,0,0.0
2026-04-17,MFC017,Morning,6.0,6.0,0.0,7683.38,7683.38,8.86,26.06,3.65,0.0,3,3,0,0,2.0,0.0,5,1,83.33
2026-04-17,MFC017,Evening,5.0,4.0,1.0,3740.13,871.24,3.72,24.41,3.65,0.0,3,3,0,1,1.67,20.0,3,1,75.0
2026-04-17,MFC017,Night,1.0,1.0,0.0,3925.98,3925.98,9.6,18.59,3.7,0.0,3,2,1,3,0.5,0.0,1,0,100.0
2026-04-17,MFC018,Morning,4.0,4.0,0.0,2369.13,2369.13,5.17,20.48,4.0,0.0,3,3,0,4,1.33,0.0,4,0,100.0
2026-04-17,MFC018,Evening,7.0,7.0,0.0,4229.83,4080.86,7.72,26.11,3.19,1.0,3,3,0,3,2.33,0.0,4,3,57.14
2026-04-17,MFC018,Night,0.0,0.0,0.0,0.0,0.0,,,,0.0,3,3,0,3,0.0,0.0,0,0,0.0
2026-04-18,MFC001,Morning,15.0,15.0,0.0,16002.3,15632.21,6.43,26.09,3.55,2.0,4,3,1,3,5.0,0.0,13,2,86.67
2026-04-18,MFC001,Evening,13.0,12.0,1.0,13887.29,13375.28,6.14,23.44,3.49,3.0,4,4,0,0,3.25,7.69,9,3,75.0
2026-04-18,MFC001,Night,3.0,3.0,0.0,2970.15,2970.15,6.23,21.83,4.03,0.0,3,3,0,4,1.0,0.0,3,0,100.0
2026-04-18,MFC002,Morning,4.0,4.0,0.0,3984.57,3643.24,5.48,21.12,3.22,1.0,3,3,0,0,1.33,0.0,4,0,100.0
2026-04-18,MFC002,Evening,2.0,2.0,0.0,875.86,875.86,4.29,23.45,4.1,0.0,3,3,0,1,0.67,0.0,2,0,100.0
2026-04-18,MFC002,Night,1.0,1.0,0.0,1835.35,1835.35,7.55,20.59,3.8,0.0,3,2,1,3,0.5,0.0,1,0,100.0
2026-04-18,MFC003,Morning,7.0,7.0,0.0,7733.46,7556.57,7.22,24.43,3.17,2.0,3,3,0,2,2.33,0.0,6,1,85.71
2026-04-18,MFC003,Evening,13.0,13.0,0.0,13743.93,13743.93,6.92,25.02,3.65,0.0,4,4,0,3,3.25,0.0,12,1,92.31
2026-04-18,MFC003,Night,3.0,3.0,0.0,4671.22,4671.22,7.02,22.42,3.8,0.0,3,3,0,5,1.0,0.0,3,0,100.0
2026-04-18,MFC004,Morning,3.0,2.0,1.0,1709.32,1709.32,7.91,23.36,2.9,0.0,3,3,0,2,1.0,33.33,2,0,100.0
2026-04-18,MFC004,Evening,8.0,8.0,0.0,5086.52,4337.31,7.25,23.56,3.48,4.0,3,3,0,3,2.67,0.0,7,1,87.5
2026-04-18,MFC004,Night,1.0,1.0,0.0,1382.59,1382.59,10.94,41.84,3.7,0.0,3,3,0,6,0.33,0.0,0,1,0.0
2026-04-18,MFC005,Morning,16.0,15.0,1.0,18419.64,18172.49,8.29,25.05,3.53,2.0,4,4,0,3,4.0,6.25,10,5,66.67
2026-04-18,MFC005,Evening,11.0,11.0,0.0,9482.83,9139.98,8.22,26.1,3.67,1.0,4,4,0,1,2.75,0.0,9,2,81.82
2026-04-18,MFC005,Night,4.0,4.0,0.0,2195.38,2195.38,6.47,21.46,4.08,0.0,3,3,0,1,1.33,0.0,4,0,100.0
2026-04-18,MFC006,Morning,9.0,9.0,0.0,7280.91,6947.99,7.03,23.74,3.22,4.0,4,3,1,4,3.0,0.0,7,2,77.78
2026-04-18,MFC006,Evening,10.0,10.0,0.0,12464.76,12194.81,7.64,24.95,3.77,2.0,4,4,0,3,2.5,0.0,7,3,70.0
2026-04-18,MFC006,Night,1.0,1.0,0.0,573.38,573.38,7.47,23.66,3.6,0.0,3,3,0,1,0.33,0.0,1,0,100.0
2026-04-18,MFC007,Morning,5.0,5.0,0.0,6643.2,6643.2,7.12,25.37,3.84,0.0,3,3,0,1,1.67,0.0,4,1,80.0
2026-04-18,MFC007,Evening,4.0,4.0,0.0,5942.49,5942.49,8.12,28.19,3.73,0.0,3,3,0,3,1.33,0.0,3,1,75.0
2026-04-18,MFC007,Night,0.0,0.0,0.0,0.0,0.0,,,,0.0,3,3,0,2,0.0,0.0,0,0,0.0
2026-04-18,MFC008,Morning,12.0,10.0,2.0,14056.77,13001.33,7.55,27.3,3.37,4.0,4,4,0,1,3.0,16.67,7,3,70.0
2026-04-18,MFC008,Evening,8.0,7.0,0.0,6771.47,6621.56,6.38,20.87,3.67,1.0,3,3,0,2,2.67,0.0,7,0,100.0
2026-04-18,MFC008,Night,3.0,3.0,0.0,4312.13,4205.82,6.28,26.13,2.93,1.0,3,3,0,5,1.0,0.0,3,0,100.0
2026-04-18,MFC009,Morning,4.0,4.0,0.0,2101.65,2101.65,4.31,22.18,3.85,0.0,3,2,1,1,2.0,0.0,4,0,100.0
2026-04-18,MFC009,Evening,1.0,1.0,0.0,1437.51,1437.51,6.13,32.05,3.3,0.0,3,3,0,4,0.33,0.0,0,1,0.0
2026-04-18,MFC009,Night,1.0,1.0,0.0,2350.23,2350.23,7.07,18.72,4.3,0.0,3,2,1,2,0.5,0.0,1,0,100.0
2026-04-18,MFC010,Morning,8.0,8.0,0.0,11383.61,11209.19,8.14,26.58,3.61,1.0,3,3,0,5,2.67,0.0,4,4,50.0
2026-04-18,MFC010,Evening,4.0,4.0,0.0,4979.05,4921.02,7.88,21.0,3.38,1.0,3,3,0,5,1.33,0.0,3,1,75.0
2026-04-18,MFC010,Night,1.0,1.0,0.0,3270.82,3270.82,10.36,26.77,3.6,0.0,3,3,0,4,0.33,0.0,1,0,100.0
2026-04-18,MFC011,Morning,9.0,9.0,0.0,19789.14,18980.51,9.31,29.13,3.24,2.0,4,4,0,3,2.25,0.0,5,4,55.56
2026-04-18,MFC011,Evening,13.0,13.0,0.0,13962.93,13853.23,7.7,26.16,3.77,1.0,4,4,0,1,3.25,0.0,9,4,69.23
2026-04-18,MFC011,Night,5.0,4.0,1.0,3555.79,3219.74,7.16,27.0,3.72,0.0,3,3,0,1,1.67,20.0,3,1,75.0
2026-04-18,MFC012,Morning,3.0,3.0,0.0,2573.26,2573.26,6.56,18.26,3.97,0.0,3,3,0,1,1.0,0.0,2,1,66.67
2026-04-18,MFC012,Evening,7.0,6.0,1.0,6535.33,5874.76,7.34,26.51,3.85,1.0,3,3,0,0,2.33,14.29,6,0,100.0
2026-04-18,MFC012,Night,0.0,0.0,0.0,0.0,0.0,,,,0.0,3,3,0,3,0.0,0.0,0,0,0.0
2026-04-18,MFC013,Morning,6.0,4.0,2.0,6287.88,2699.72,6.56,23.87,3.8,0.0,3,3,0,3,2.0,33.33,3,1,75.0
2026-04-18,MFC013,Evening,14.0,12.0,2.0,20529.59,14636.13,9.5,28.03,3.44,2.0,4,4,0,5,3.5,14.29,7,5,58.33
2026-04-18,MFC013,Night,5.0,5.0,0.0,5016.86,4790.42,5.7,27.17,3.72,1.0,3,3,0,5,1.67,0.0,4,1,80.0
2026-04-18,MFC014,Morning,4.0,3.0,1.0,8351.74,7503.54,8.84,32.39,3.77,0.0,3,3,0,0,1.33,25.0,1,2,33.33
2026-04-18,MFC014,Evening,7.0,6.0,1.0,14819.2,13622.42,6.63,27.63,3.52,0.0,3,3,0,0,2.33,14.29,5,1,83.33
2026-04-18,MFC014,Night,1.0,1.0,0.0,591.29,591.29,4.92,22.46,3.7,0.0,3,3,0,2,0.33,0.0,1,0,100.0
2026-04-18,MFC015,Morning,3.0,3.0,0.0,1838.9,1838.9,7.07,25.84,3.63,0.0,3,3,0,4,1.0,0.0,3,0,100.0
2026-04-18,MFC015,Evening,10.0,10.0,0.0,13220.06,13124.52,8.11,24.53,3.6,1.0,4,4,0,1,2.5,0.0,8,2,80.0
2026-04-18,MFC015,Night,6.0,5.0,1.0,2964.63,2782.33,5.69,17.94,3.9,2.0,3,3,0,2,2.0,16.67,5,0,100.0
2026-04-18,MFC016,Morning,3.0,3.0,0.0,1684.71,1684.71,4.24,25.26,4.13,0.0,3,3,0,2,1.0,0.0,3,0,100.0
2026-04-18,MFC016,Evening,6.0,6.0,0.0,6986.73,6986.73,6.66,24.15,3.48,0.0,3,3,0,21,2.0,0.0,5,1,83.33
2026-04-18,MFC016,Night,3.0,3.0,0.0,4464.51,4464.51,4.37,23.78,3.5,0.0,3,3,0,2,1.0,0.0,3,0,100.0
2026-04-18,MFC017,Morning,8.0,7.0,0.0,9175.8,9175.8,7.0,25.79,3.81,0.0,3,3,0,2,2.67,0.0,6,1,85.71
2026-04-18,MFC017,Evening,8.0,6.0,2.0,7565.88,6471.86,7.88,26.8,3.37,3.0,3,3,0,3,2.67,25.0,2,4,33.33
2026-04-18,MFC017,Night,2.0,2.0,0.0,926.41,926.41,6.98,27.76,3.85,0.0,3,3,0,0,0.67,0.0,2,0,100.0
2026-04-18,MFC018,Morning,6.0,6.0,0.0,4573.32,4223.82,5.96,23.38,3.28,1.0,3,3,0,1,2.0,0.0,4,2,66.67
2026-04-18,MFC018,Evening,8.0,7.0,1.0,7914.15,7213.39,7.44,25.19,3.5,1.0,3,3,0,3,2.67,12.5,3,4,42.86
2026-04-18,MFC018,Night,1.0,1.0,0.0,1066.4,1066.4,7.98,19.6,4.8,0.0,3,3,0,60,0.33,0.0,1,0,100.0
2026-04-19,MFC001,Morning,8.0,8.0,0.0,12942.68,12942.68,6.89,26.79,3.5,0.0,3,2,1,5,4.0,0.0,5,3,62.5
2026-04-19,MFC001,Evening,8.0,7.0,1.0,17101.29,15937.48,8.49,25.04,3.66,0.0,3,2,1,1,4.0,12.5,4,3,57.14
2026-04-19,MFC001,Night,2.0,2.0,0.0,1274.19,1274.19,5.0,15.92,3.75,0.0,3,3,0,4,0.67,0.0,2,0,100.0
2026-04-19,MFC002,Morning,7.0,6.0,1.0,6331.91,4860.52,6.46,27.29,3.67,1.0,3,3,0,2,2.33,14.29,5,1,83.33
2026-04-19,MFC002,Evening,5.0,5.0,0.0,7605.4,7605.4,7.22,23.88,4.36,0.0,3,3,0,1,1.67,0.0,3,2,60.0
2026-04-19,MFC002,Night,2.0,2.0,0.0,909.8,909.8,7.42,22.44,3.1,0.0,3,3,0,2,0.67,0.0,2,0,100.0
2026-04-19,MFC003,Morning,9.0,9.0,0.0,8020.82,7854.86,6.43,27.32,3.5,1.0,4,4,0,3,2.25,0.0,6,3,66.67
2026-04-19,MFC003,Evening,6.0,6.0,0.0,4904.73,4904.73,5.7,28.47,3.15,0.0,3,3,0,4,2.0,0.0,5,1,83.33
2026-04-19,MFC003,Night,3.0,3.0,0.0,1529.42,1498.0,2.52,19.61,3.43,1.0,3,3,0,0,1.0,0.0,3,0,100.0
2026-04-19,MFC004,Morning,6.0,6.0,0.0,6323.34,4797.9,7.49,24.74,3.52,1.0,3,3,0,3,2.0,0.0,5,1,83.33
2026-04-19,MFC004,Evening,5.0,5.0,0.0,7466.56,6821.78,9.96,29.84,3.4,2.0,3,3,0,3,1.67,0.0,3,2,60.0
2026-04-19,MFC004,Night,1.0,1.0,0.0,174.76,174.76,8.58,18.48,3.5,0.0,3,3,0,2,0.33,0.0,1,0,100.0
2026-04-19,MFC005,Morning,8.0,6.0,2.0,8259.46,6986.56,7.07,20.74,3.8,1.0,3,3,0,4,2.67,25.0,4,2,66.67
2026-04-19,MFC005,Evening,11.0,9.0,2.0,16062.69,15028.16,8.76,25.93,3.41,2.0,4,4,0,3,2.75,18.18,6,3,66.67
2026-04-19,MFC005,Night,4.0,4.0,0.0,2895.24,2895.24,5.02,20.66,3.95,0.0,3,3,0,1,1.33,0.0,4,0,100.0
2026-04-19,MFC006,Morning,9.0,8.0,1.0,9635.91,9133.0,8.96,27.85,3.14,3.0,4,4,0,71,2.25,11.11,6,2,75.0
2026-04-19,MFC006,Evening,8.0,8.0,0.0,9419.93,9419.93,6.52,22.15,4.0,0.0,3,3,0,1,2.67,0.0,7,1,87.5
2026-04-19,MFC006,Night,3.0,3.0,0.0,5373.95,5373.95,9.95,25.41,4.07,0.0,3,2,1,33,1.5,0.0,3,0,100.0
2026-04-19,MFC007,Morning,7.0,6.0,1.0,8655.53,8529.79,7.64,25.71,4.12,0.0,3,3,0,2,2.33,14.29,3,3,50.0
2026-04-19,MFC007,Evening,7.0,6.0,1.0,5607.1,4818.1,8.36,26.68,3.1,2.0,3,3,0,2,2.33,14.29,3,3,50.0
2026-04-19,MFC007,Night,2.0,2.0,0.0,1446.81,1446.81,7.62,19.31,4.1,0.0,3,3,0,1,0.67,0.0,2,0,100.0
2026-04-19,MFC008,Morning,4.0,4.0,0.0,5380.69,5380.69,5.19,19.44,3.8,0.0,3,3,0,4,1.33,0.0,4,0,100.0
2026-04-19,MFC008,Evening,17.0,17.0,0.0,19158.72,18386.42,7.02,26.85,3.48,5.0,5,5,0,1,3.4,0.0,13,4,76.47
2026-04-19,MFC008,Night,0.0,0.0,0.0,0.0,0.0,,,,0.0,3,3,0,3,0.0,0.0,0,0,0.0
2026-04-19,MFC009,Morning,3.0,3.0,0.0,1927.11,1927.11,5.81,24.38,3.7,0.0,3,3,0,2,1.0,0.0,3,0,100.0
2026-04-19,MFC009,Evening,9.0,9.0,0.0,11207.76,11095.68,7.16,24.4,3.49,1.0,4,3,1,1,3.0,0.0,8,1,88.89
2026-04-19,MFC009,Night,2.0,2.0,0.0,3705.88,3495.51,7.01,21.02,3.75,1.0,3,2,1,3,1.0,0.0,2,0,100.0
2026-04-19,MFC010,Morning,6.0,6.0,0.0,5458.46,5333.32,7.44,25.37,3.32,1.0,3,3,0,5,2.0,0.0,3,3,50.0
2026-04-19,MFC010,Evening,2.0,2.0,0.0,365.81,313.76,3.99,19.76,3.5,0.0,3,3,0,4,0.67,0.0,2,0,100.0
2026-04-19,MFC010,Night,1.0,1.0,0.0,1022.52,1022.52,10.83,41.89,3.3,0.0,3,3,0,3,0.33,0.0,0,1,0.0
2026-04-19,MFC011,Morning,12.0,10.0,2.0,14908.07,14465.3,8.74,28.98,3.29,2.0,4,4,0,4,3.0,16.67,9,1,90.0
2026-04-19,MFC011,Evening,13.0,11.0,1.0,18284.19,17612.16,6.78,24.3,3.79,2.0,4,4,0,0,3.25,7.69,8,3,72.73
2026-04-19,MFC011,Night,0.0,0.0,0.0,0.0,0.0,,,,0.0,3,3,0,1,0.0,0.0,0,0,0.0
2026-04-19,MFC012,Morning,7.0,7.0,0.0,9561.13,9561.13,7.59,25.07,3.61,0.0,3,3,0,4,2.33,0.0,6,1,85.71
2026-04-19,MFC012,Evening,11.0,10.0,1.0,10950.33,10225.93,9.04,26.66,3.5,3.0,4,4,0,2,2.75,9.09,6,4,60.0
2026-04-19,MFC012,Night,1.0,1.0,0.0,838.09,838.09,3.29,29.91,4.3,0.0,3,3,0,1,0.33,0.0,1,0,100.0
2026-04-19,MFC013,Morning,10.0,9.0,1.0,7610.54,7113.9,6.14,23.31,3.71,3.0,4,4,0,6,2.5,10.0,9,0,100.0
2026-04-19,MFC013,Evening,13.0,12.0,1.0,14665.8,13284.52,6.64,22.89,3.47,2.0,4,4,0,3,3.25,7.69,10,2,83.33
2026-04-19,MFC013,Night,1.0,1.0,0.0,324.72,324.72,4.69,17.09,3.8,0.0,3,3,0,1,0.33,0.0,1,0,100.0
2026-04-19,MFC014,Morning,6.0,6.0,0.0,8442.04,8442.04,4.01,21.21,3.82,0.0,3,3,0,67,2.0,0.0,5,1,83.33
2026-04-19,MFC014,Evening,10.0,9.0,1.0,10366.59,8948.23,6.82,27.91,3.78,1.0,4,4,0,1,2.5,10.0,7,2,77.78
2026-04-19,MFC014,Night,4.0,4.0,0.0,6715.52,6280.22,5.22,18.56,3.8,1.0,3,3,0,2,1.33,0.0,4,0,100.0
2026-04-19,MFC015,Morning,5.0,5.0,0.0,7700.27,4738.58,9.4,27.98,3.36,1.0,3,3,0,2,1.67,0.0,3,2,60.0
2026-04-19,MFC015,Evening,8.0,7.0,1.0,10612.19,6226.6,5.43,20.48,3.59,2.0,3,3,0,3,2.67,12.5,7,0,100.0
2026-04-19,MFC015,Night,3.0,2.0,1.0,2005.66,1337.54,5.22,17.92,2.93,0.0,3,3,0,2,1.0,33.33,2,0,100.0
2026-04-19,MFC016,Morning,4.0,3.0,1.0,11004.74,6614.77,9.89,28.1,3.35,0.0,3,3,0,6,1.33,25.0,2,1,66.67
2026-04-19,MFC016,Evening,11.0,11.0,0.0,10676.16,10032.02,7.47,28.37,3.53,4.0,4,3,1,45,3.67,0.0,8,3,72.73
2026-04-19,MFC016,Night,2.0,2.0,0.0,2328.44,2328.44,5.12,24.5,4.3,0.0,3,3,0,1,0.67,0.0,2,0,100.0
2026-04-19,MFC017,Morning,7.0,6.0,1.0,8104.47,5373.73,9.08,24.7,3.05,3.0,3,3,0,2,2.33,14.29,4,2,66.67
2026-04-19,MFC017,Evening,10.0,9.0,1.0,11822.83,11237.11,9.65,28.75,3.7,0.0,4,4,0,2,2.5,10.0,8,1,88.89
2026-04-19,MFC017,Night,2.0,2.0,0.0,768.66,768.66,6.05,21.18,4.5,0.0,3,3,0,2,0.67,0.0,2,0,100.0
2026-04-19,MFC018,Morning,7.0,7.0,0.0,5375.94,5013.45,7.17,25.48,3.36,1.0,3,3,0,3,2.33,0.0,7,0,100.0
2026-04-19,MFC018,Evening,11.0,9.0,2.0,12405.7,11345.28,9.64,26.57,3.37,3.0,4,4,0,2,2.75,18.18,7,2,77.78
2026-04-19,MFC018,Night,4.0,3.0,1.0,5940.01,5940.01,5.99,23.04,4.07,0.0,3,3,0,1,1.33,25.0,3,0,100.0
2026-04-20,MFC001,Morning,2.0,2.0,0.0,1798.5,1085.08,4.29,21.82,3.4,0.0,3,3,0,2,0.67,0.0,2,0,100.0
2026-04-20,MFC001,Evening,5.0,5.0,0.0,3428.82,3032.46,8.13,29.14,3.62,1.0,3,3,0,2,1.67,0.0,3,2,60.0
2026-04-20,MFC001,Night,1.0,1.0,0.0,457.22,457.22,5.83,18.4,4.0,0.0,3,3,0,4,0.33,0.0,1,0,100.0
2026-04-20,MFC002,Morning,5.0,5.0,0.0,3631.31,3345.69,6.16,23.53,3.6,3.0,3,3,0,2,1.67,0.0,4,1,80.0
2026-04-20,MFC002,Evening,6.0,6.0,0.0,5476.68,5476.68,8.98,29.31,3.58,0.0,3,3,0,3,2.0,0.0,3,3,50.0
2026-04-20,MFC002,Night,0.0,0.0,0.0,0.0,0.0,,,,0.0,3,3,0,3,0.0,0.0,0,0,0.0
2026-04-20,MFC003,Morning,5.0,5.0,0.0,4793.5,4793.5,5.25,25.93,3.46,0.0,3,3,0,3,1.67,0.0,5,0,100.0
2026-04-20,MFC003,Evening,16.0,15.0,0.0,14528.27,14462.85,6.85,23.86,3.77,2.0,4,4,0,4,4.0,0.0,10,5,66.67
2026-04-20,MFC003,Night,0.0,0.0,0.0,0.0,0.0,,,,0.0,3,3,0,1,0.0,0.0,0,0,0.0
2026-04-20,MFC004,Morning,3.0,2.0,1.0,3570.31,1517.23,5.7,21.76,2.73,0.0,3,3,0,4,1.0,33.33,2,0,100.0
2026-04-20,MFC004,Evening,1.0,1.0,0.0,497.28,497.28,7.59,22.24,3.9,0.0,3,3,0,2,0.33,0.0,0,1,0.0
2026-04-20,MFC004,Night,2.0,2.0,0.0,799.71,799.71,5.12,15.1,3.4,0.0,3,3,0,3,0.67,0.0,2,0,100.0
2026-04-20,MFC005,Morning,11.0,9.0,2.0,16070.92,15188.73,10.35,28.21,3.38,1.0,4,3,1,3,3.67,18.18,3,6,33.33
2026-04-20,MFC005,Evening,11.0,11.0,0.0,12665.18,12219.35,8.45,26.34,3.35,2.0,4,4,0,2,2.75,0.0,9,2,81.82
2026-04-20,MFC005,Night,1.0,1.0,0.0,2185.22,2185.22,10.04,24.82,4.7,0.0,3,3,0,0,0.33,0.0,1,0,100.0
2026-04-20,MFC006,Morning,5.0,5.0,0.0,4885.59,4846.76,7.6,27.03,3.44,1.0,3,3,0,2,1.67,0.0,4,1,80.0
2026-04-20,MFC006,Evening,5.0,4.0,1.0,3580.63,1613.06,7.16,23.5,3.26,0.0,3,2,1,3,2.5,20.0,3,1,75.0
2026-04-20,MFC006,Night,4.0,3.0,1.0,8758.39,8070.36,6.97,21.28,3.37,0.0,3,3,0,1,1.33,25.0,2,1,66.67
2026-04-20,MFC007,Morning,7.0,7.0,0.0,5633.43,5633.43,5.28,25.98,3.29,0.0,3,3,0,2,2.33,0.0,7,0,100.0
2026-04-20,MFC007,Evening,9.0,9.0,0.0,13386.99,13386.99,7.79,28.2,3.7,0.0,4,4,0,5,2.25,0.0,7,2,77.78
2026-04-20,MFC007,Night,1.0,1.0,0.0,373.57,373.57,2.07,14.69,4.1,0.0,3,3,0,3,0.33,0.0,1,0,100.0
2026-04-20,MFC008,Morning,9.0,8.0,0.0,8051.3,7951.25,5.33,23.6,2.98,1.0,4,4,0,1,2.25,0.0,6,2,75.0
2026-04-20,MFC008,Evening,11.0,11.0,0.0,10242.15,10242.15,5.73,24.31,3.85,0.0,4,4,0,1,2.75,0.0,11,0,100.0
2026-04-20,MFC008,Night,2.0,2.0,0.0,1208.01,1208.01,4.62,17.01,3.4,0.0,3,3,0,3,0.67,0.0,2,0,100.0
2026-04-20,MFC009,Morning,0.0,0.0,0.0,0.0,0.0,,,,0.0,3,3,0,4,0.0,0.0,0,0,0.0
2026-04-20,MFC009,Evening,5.0,5.0,0.0,11702.98,11651.27,12.64,36.11,3.26,1.0,3,3,0,4,1.67,0.0,1,4,20.0
2026-04-20,MFC009,Night,1.0,1.0,0.0,530.52,530.52,3.12,14.17,3.9,0.0,3,3,0,2,0.33,0.0,1,0,100.0
2026-04-20,MFC010,Morning,6.0,5.0,1.0,4500.75,3569.75,5.89,19.65,2.94,1.0,3,3,0,3,2.0,16.67,5,0,100.0
2026-04-20,MFC010,Evening,8.0,8.0,0.0,10851.32,10693.41,9.02,27.71,3.59,1.0,3,2,1,4,4.0,0.0,7,1,87.5
2026-04-20,MFC010,Night,2.0,2.0,0.0,1616.91,1616.91,6.0,24.16,2.75,0.0,3,3,0,6,0.67,0.0,2,0,100.0
2026-04-20,MFC011,Morning,5.0,5.0,0.0,6384.02,5831.37,9.09,26.52,3.14,2.0,3,3,0,2,1.67,0.0,4,1,80.0
2026-04-20,MFC011,Evening,15.0,15.0,0.0,19919.11,19271.72,7.25,22.78,3.55,2.0,4,4,0,1,3.75,0.0,14,1,93.33
2026-04-20,MFC011,Night,3.0,3.0,0.0,1789.47,1789.47,4.47,23.76,3.87,0.0,3,3,0,3,1.0,0.0,3,0,100.0
2026-04-20,MFC012,Morning,7.0,6.0,0.0,4565.36,4481.22,6.53,28.96,3.57,1.0,3,3,0,1,2.33,0.0,5,1,83.33
2026-04-20,MFC012,Evening,4.0,4.0,0.0,5072.21,4990.3,7.64,29.65,3.65,1.0,3,3,0,28,1.33,0.0,3,1,75.0
2026-04-20,MFC012,Night,3.0,3.0,0.0,6256.29,6256.29,7.22,26.7,4.07,0.0,3,3,0,1,1.0,0.0,3,0,100.0
2026-04-20,MFC013,Morning,4.0,4.0,0.0,2539.72,2497.19,6.24,19.88,3.68,1.0,3,3,0,2,1.33,0.0,3,1,75.0
2026-04-20,MFC013,Evening,9.0,9.0,0.0,9450.83,9450.83,8.32,25.97,3.7,0.0,4,4,0,4,2.25,0.0,7,2,77.78
2026-04-20,MFC013,Night,2.0,2.0,0.0,3387.1,3387.1,3.93,16.05,3.4,0.0,3,3,0,4,0.67,0.0,2,0,100.0
2026-04-20,MFC014,Morning,8.0,5.0,2.0,5691.82,4872.71,7.23,22.76,2.68,0.0,3,3,0,2,2.67,25.0,5,0,100.0
2026-04-20,MFC014,Evening,6.0,6.0,0.0,4268.61,4268.61,6.42,24.68,3.65,0.0,3,3,0,1,2.0,0.0,5,1,83.33
2026-04-20,MFC014,Night,3.0,3.0,0.0,2296.87,2296.87,4.7,21.63,4.0,0.0,3,3,0,0,1.0,0.0,3,0,100.0
2026-04-20,MFC015,Morning,5.0,4.0,1.0,8180.48,8180.48,8.55,27.23,4.03,0.0,3,3,0,1,1.67,20.0,2,2,50.0
2026-04-20,MFC015,Evening,13.0,13.0,0.0,15904.79,15057.15,8.85,25.43,3.35,1.0,4,3,1,4,4.33,0.0,10,3,76.92
2026-04-20,MFC015,Night,1.0,1.0,0.0,1093.19,1093.19,5.09,20.04,2.8,0.0,3,3,0,1,0.33,0.0,1,0,100.0
2026-04-20,MFC016,Morning,6.0,5.0,1.0,11007.32,8919.66,7.48,24.7,3.72,0.0,3,3,0,2,2.0,16.67,4,1,80.0
2026-04-20,MFC016,Evening,12.0,12.0,0.0,16618.39,16618.39,8.54,25.25,3.82,0.0,4,3,1,6,4.0,0.0,7,5,58.33
2026-04-20,MFC016,Night,0.0,0.0,0.0,0.0,0.0,,,,0.0,3,3,0,0,0.0,0.0,0,0,0.0
2026-04-20,MFC017,Morning,8.0,8.0,0.0,4728.64,4343.22,7.95,23.58,3.4,2.0,3,3,0,2,2.67,0.0,5,3,62.5
2026-04-20,MFC017,Evening,7.0,7.0,0.0,6692.94,6556.49,9.09,28.31,3.71,1.0,3,3,0,4,2.33,0.0,6,1,85.71
2026-04-20,MFC017,Night,3.0,3.0,0.0,1107.73,1022.05,4.6,16.79,3.5,1.0,3,3,0,2,1.0,0.0,3,0,100.0
2026-04-20,MFC018,Morning,4.0,4.0,0.0,8659.07,8582.51,10.4,26.53,3.1,1.0,3,2,1,4,2.0,0.0,2,2,50.0
2026-04-20,MFC018,Evening,5.0,4.0,1.0,5018.74,3867.79,10.29,28.96,3.88,0.0,3,3,0,2,1.67,20.0,2,2,50.0
2026-04-20,MFC018,Night,2.0,2.0,0.0,1485.66,1485.66,8.75,25.47,3.75,0.0,3,3,0,73,0.67,0.0,2,0,100.0
2026-04-21,MFC001,Morning,7.0,5.0,0.0,11150.84,10934.49,8.42,28.67,3.44,1.0,3,3,0,3,2.33,0.0,3,2,60.0
2026-04-21,MFC001,Evening,3.0,3.0,0.0,6505.82,5980.2,11.6,33.1,3.1,2.0,3,3,0,1,1.0,0.0,0,3,0.0
2026-04-21,MFC001,Night,2.0,2.0,0.0,1288.04,1288.04,6.6,24.63,4.35,0.0,3,3,0,2,0.67,0.0,2,0,100.0
2026-04-21,MFC002,Morning,7.0,6.0,1.0,5401.73,4770.96,7.77,25.48,3.7,0.0,3,2,1,1,3.5,14.29,6,0,100.0
2026-04-21,MFC002,Evening,4.0,4.0,0.0,4919.74,4919.74,4.03,18.75,3.62,0.0,3,3,0,1,1.33,0.0,4,0,100.0
2026-04-21,MFC002,Night,1.0,1.0,0.0,573.9,573.9,2.88,17.47,3.9,0.0,3,3,0,3,0.33,0.0,1,0,100.0
2026-04-21,MFC003,Morning,5.0,5.0,0.0,3340.17,3231.34,6.22,22.55,3.76,1.0,3,3,0,2,1.67,0.0,5,0,100.0
2026-04-21,MFC003,Evening,12.0,11.0,1.0,14819.14,13794.53,7.14,23.32,3.49,1.0,4,4,0,6,3.0,8.33,9,2,81.82
2026-04-21,MFC003,Night,1.0,1.0,0.0,1112.57,1112.57,7.07,26.97,4.4,0.0,3,3,0,5,0.33,0.0,1,0,100.0
2026-04-21,MFC004,Morning,9.0,9.0,0.0,8820.66,8568.57,8.46,24.66,3.71,1.0,4,4,0,5,2.25,0.0,6,3,66.67
2026-04-21,MFC004,Evening,6.0,4.0,1.0,6421.42,5659.38,7.54,28.46,4.03,1.0,3,3,0,3,2.0,16.67,2,2,50.0
2026-04-21,MFC004,Night,1.0,1.0,0.0,2547.45,2547.45,8.35,27.81,5.0,0.0,3,3,0,2,0.33,0.0,1,0,100.0
2026-04-21,MFC005,Morning,12.0,9.0,3.0,7686.49,5574.2,7.08,29.26,3.48,2.0,4,3,1,6,4.0,25.0,6,3,66.67
2026-04-21,MFC005,Evening,10.0,10.0,0.0,7774.2,7216.09,7.94,24.41,3.78,2.0,4,4,0,0,2.5,0.0,7,3,70.0
2026-04-21,MFC005,Night,2.0,2.0,0.0,1078.51,1078.51,8.68,19.54,3.6,0.0,3,2,1,3,1.0,0.0,2,0,100.0
2026-04-21,MFC006,Morning,2.0,2.0,0.0,6831.44,6831.44,7.0,22.45,4.45,0.0,3,3,0,4,0.67,0.0,2,0,100.0
2026-04-21,MFC006,Evening,11.0,11.0,0.0,15050.43,15050.43,8.03,25.49,3.48,0.0,4,4,0,2,2.75,0.0,7,4,63.64
2026-04-21,MFC006,Night,0.0,0.0,0.0,0.0,0.0,,,,0.0,3,3,0,3,0.0,0.0,0,0,0.0
2026-04-21,MFC007,Morning,2.0,2.0,0.0,834.95,783.71,7.06,25.98,3.4,1.0,3,3,0,3,0.67,0.0,1,1,50.0
2026-04-21,MFC007,Evening,5.0,4.0,1.0,4659.1,2923.77,7.7,19.61,3.22,2.0,3,3,0,5,1.67,20.0,3,1,75.0
2026-04-21,MFC007,Night,0.0,0.0,0.0,0.0,0.0,,,,0.0,3,3,0,3,0.0,0.0,0,0,0.0
2026-04-21,MFC008,Morning,5.0,5.0,0.0,3730.26,3730.26,6.09,25.91,3.4,0.0,3,3,0,0,1.67,0.0,3,2,60.0
2026-04-21,MFC008,Evening,9.0,8.0,1.0,9831.32,9816.32,7.46,23.4,3.64,2.0,4,4,0,2,2.25,11.11,7,1,87.5
2026-04-21,MFC008,Night,2.0,2.0,0.0,10338.13,10338.13,5.4,19.08,3.6,0.0,3,3,0,1,0.67,0.0,2,0,100.0
2026-04-21,MFC009,Morning,4.0,3.0,1.0,3296.38,2893.82,7.04,23.73,3.67,1.0,3,2,1,3,2.0,25.0,3,0,100.0
2026-04-21,MFC009,Evening,3.0,3.0,0.0,4629.41,4629.41,7.62,27.73,3.9,0.0,3,3,0,7,1.0,0.0,2,1,66.67
2026-04-21,MFC009,Night,2.0,2.0,0.0,876.27,876.27,5.31,39.08,3.25,0.0,3,3,0,2,0.67,0.0,2,0,100.0
2026-04-21,MFC010,Morning,1.0,1.0,0.0,1269.95,1269.95,11.11,27.07,3.6,0.0,3,2,1,4,0.5,0.0,1,0,100.0
2026-04-21,MFC010,Evening,7.0,6.0,1.0,7237.52,7237.52,6.6,27.3,3.51,0.0,3,3,0,0,2.33,14.29,4,2,66.67
2026-04-21,MFC010,Night,0.0,0.0,0.0,0.0,0.0,,,,0.0,3,2,1,4,0.0,0.0,0,0,0.0
2026-04-21,MFC011,Morning,5.0,4.0,1.0,3628.29,2881.17,5.26,22.08,2.98,0.0,3,3,0,3,1.67,20.0,4,0,100.0
2026-04-21,MFC011,Evening,5.0,5.0,0.0,5214.77,4988.05,7.76,22.69,3.5,1.0,3,3,0,2,1.67,0.0,4,1,80.0
2026-04-21,MFC011,Night,2.0,2.0,0.0,533.94,533.94,5.59,21.61,4.15,0.0,3,3,0,2,0.67,0.0,2,0,100.0
2026-04-21,MFC012,Morning,4.0,3.0,1.0,5240.79,2748.46,8.68,26.11,3.3,1.0,3,3,0,4,1.33,25.0,3,0,100.0
2026-04-21,MFC012,Evening,8.0,7.0,1.0,15568.96,13156.21,8.43,23.64,3.02,1.0,3,3,0,4,2.67,12.5,6,1,85.71
2026-04-21,MFC012,Night,2.0,2.0,0.0,648.92,648.92,4.14,18.96,3.9,0.0,3,3,0,1,0.67,0.0,2,0,100.0
2026-04-21,MFC013,Morning,8.0,8.0,0.0,9870.25,9870.25,7.27,24.5,3.82,0.0,3,3,0,2,2.67,0.0,6,2,75.0
2026-04-21,MFC013,Evening,9.0,8.0,1.0,8123.8,5684.15,6.24,22.38,3.23,2.0,4,4,0,3,2.25,11.11,8,0,100.0
2026-04-21,MFC013,Night,1.0,0.0,1.0,64.37,0.0,,,2.8,1.0,3,2,1,2,0.5,100.0,0,0,0.0
2026-04-21,MFC014,Morning,1.0,1.0,0.0,1156.92,1156.92,6.81,19.5,4.5,0.0,3,3,0,3,0.33,0.0,1,0,100.0
2026-04-21,MFC014,Evening,4.0,3.0,1.0,4112.43,3560.04,5.54,31.49,3.55,1.0,3,3,0,0,1.33,25.0,2,1,66.67
2026-04-21,MFC014,Night,2.0,2.0,0.0,1057.59,1057.59,5.62,19.26,4.4,0.0,3,3,0,2,0.67,0.0,2,0,100.0
2026-04-21,MFC015,Morning,4.0,3.0,1.0,4320.84,4149.96,7.77,24.84,2.77,1.0,3,3,0,3,1.33,25.0,3,0,100.0
2026-04-21,MFC015,Evening,4.0,3.0,1.0,4008.22,2371.4,8.89,24.98,2.75,1.0,3,3,0,0,1.33,25.0,2,1,66.67
2026-04-21,MFC015,Night,0.0,0.0,0.0,0.0,0.0,,,,0.0,3,3,0,2,0.0,0.0,0,0,0.0
2026-04-21,MFC016,Morning,5.0,4.0,1.0,6969.99,6900.01,6.83,24.61,3.7,1.0,3,3,0,1,1.67,20.0,4,0,100.0
2026-04-21,MFC016,Evening,8.0,8.0,0.0,8063.84,8063.84,5.86,20.39,3.5,0.0,3,3,0,3,2.67,0.0,7,1,87.5
2026-04-21,MFC016,Night,1.0,1.0,0.0,341.61,341.61,3.46,22.88,3.5,0.0,3,3,0,1,0.33,0.0,1,0,100.0
2026-04-21,MFC017,Morning,8.0,6.0,2.0,7275.24,6275.32,9.15,29.12,3.4,2.0,3,3,0,3,2.67,25.0,3,3,50.0
2026-04-21,MFC017,Evening,12.0,12.0,0.0,8320.5,8181.91,6.97,25.56,3.45,2.0,4,3,1,3,4.0,0.0,9,3,75.0
2026-04-21,MFC017,Night,1.0,1.0,0.0,1266.95,1266.95,9.93,25.67,3.3,0.0,3,3,0,2,0.33,0.0,1,0,100.0
2026-04-21,MFC018,Morning,3.0,3.0,0.0,4539.16,4539.16,5.96,26.61,3.67,0.0,3,3,0,2,1.0,0.0,2,1,66.67
2026-04-21,MFC018,Evening,8.0,6.0,2.0,11992.66,9214.79,8.02,26.1,3.54,0.0,3,3,0,3,2.67,25.0,3,3,50.0
2026-04-21,MFC018,Night,2.0,2.0,0.0,2366.36,2366.36,5.63,17.52,3.8,0.0,3,3,0,1,0.67,0.0,2,0,100.0
2026-04-22,MFC001,Morning,5.0,5.0,0.0,6044.22,6044.22,8.44,25.35,4.1,0.0,3,3,0,4,1.67,0.0,2,3,40.0
2026-04-22,MFC001,Evening,11.0,10.0,1.0,11357.86,10887.04,6.01,25.53,3.63,1.0,4,4,0,1,2.75,9.09,9,1,90.0
2026-04-22,MFC001,Night,2.0,2.0,0.0,1780.32,1543.51,4.92,19.61,3.35,1.0,3,3,0,3,0.67,0.0,2,0,100.0
2026-04-22,MFC002,Morning,5.0,4.0,1.0,5175.66,4522.82,8.63,25.1,3.1,1.0,3,3,0,1,1.67,20.0,3,1,75.0
2026-04-22,MFC002,Evening,3.0,3.0,0.0,4704.79,4577.96,9.36,27.4,3.9,1.0,3,2,1,3,1.5,0.0,1,2,33.33
2026-04-22,MFC002,Night,0.0,0.0,0.0,0.0,0.0,,,,0.0,3,3,0,4,0.0,0.0,0,0,0.0
2026-04-22,MFC003,Morning,3.0,2.0,1.0,1965.12,1814.72,5.55,24.9,3.4,0.0,3,3,0,1,1.0,33.33,2,0,100.0
2026-04-22,MFC003,Evening,14.0,13.0,0.0,13455.23,13125.21,5.96,23.82,3.62,2.0,4,4,0,0,3.5,0.0,9,4,69.23
2026-04-22,MFC003,Night,0.0,0.0,0.0,0.0,0.0,,,,0.0,3,3,0,2,0.0,0.0,0,0,0.0
2026-04-22,MFC004,Morning,9.0,8.0,1.0,6913.96,6755.3,6.91,24.4,3.6,0.0,4,4,0,1,2.25,11.11,7,1,87.5
2026-04-22,MFC004,Evening,5.0,5.0,0.0,7834.99,7550.42,7.4,23.22,3.62,1.0,3,3,0,2,1.67,0.0,5,0,100.0
2026-04-22,MFC004,Night,1.0,1.0,0.0,1099.26,1099.26,5.85,21.17,2.3,0.0,3,3,0,2,0.33,0.0,1,0,100.0
2026-04-22,MFC005,Morning,9.0,8.0,1.0,16042.18,15055.77,11.12,27.29,3.59,0.0,4,4,0,3,2.25,11.11,7,1,87.5
2026-04-22,MFC005,Evening,12.0,12.0,0.0,13464.84,13349.98,7.77,22.81,3.49,1.0,4,3,1,3,4.0,0.0,10,2,83.33
2026-04-22,MFC005,Night,1.0,1.0,0.0,2797.83,2797.83,7.4,21.16,3.4,0.0,3,3,0,2,0.33,0.0,1,0,100.0
2026-04-22,MFC006,Morning,4.0,4.0,0.0,7214.33,7214.33,7.1,23.28,3.72,0.0,3,3,0,1,1.33,0.0,4,0,100.0
2026-04-22,MFC006,Evening,5.0,5.0,0.0,8251.52,7558.83,6.83,23.47,3.62,2.0,3,3,0,0,1.67,0.0,4,1,80.0
2026-04-22,MFC006,Night,1.0,1.0,0.0,1239.34,1239.34,6.47,16.01,3.3,0.0,3,3,0,4,0.33,0.0,1,0,100.0
2026-04-22,MFC007,Morning,4.0,4.0,0.0,5503.92,4537.48,7.42,28.85,3.12,0.0,3,3,0,3,1.33,0.0,3,1,75.0
2026-04-22,MFC007,Evening,4.0,4.0,0.0,5174.61,5174.61,9.46,24.42,3.88,0.0,3,3,0,2,1.33,0.0,1,3,25.0
2026-04-22,MFC007,Night,2.0,2.0,0.0,4905.97,4905.97,10.09,31.62,3.4,0.0,3,3,0,4,0.67,0.0,1,1,50.0
2026-04-22,MFC008,Morning,2.0,2.0,0.0,3622.11,3313.81,6.96,21.7,3.35,1.0,3,3,0,2,0.67,0.0,2,0,100.0
2026-04-22,MFC008,Evening,11.0,11.0,0.0,12392.48,12392.48,5.04,22.23,3.57,0.0,4,4,0,2,2.75,0.0,10,1,90.91
2026-04-22,MFC008,Night,0.0,0.0,0.0,0.0,0.0,,,,0.0,3,3,0,4,0.0,0.0,0,0,0.0
2026-04-22,MFC009,Morning,7.0,7.0,0.0,8730.78,8202.52,8.16,27.0,3.66,1.0,3,3,0,1,2.33,0.0,5,2,71.43
2026-04-22,MFC009,Evening,3.0,3.0,0.0,4466.82,3939.3,7.61,26.19,3.8,1.0,3,2,1,0,1.5,0.0,2,1,66.67
2026-04-22,MFC009,Night,0.0,0.0,0.0,0.0,0.0,,,,0.0,3,2,1,4,0.0,0.0,0,0,0.0
2026-04-22,MFC010,Morning,7.0,5.0,2.0,8759.61,8311.6,9.43,30.88,3.62,0.0,3,3,0,3,2.33,28.57,4,1,80.0
2026-04-22,MFC010,Evening,6.0,4.0,1.0,5618.06,4955.92,5.84,22.63,3.58,1.0,3,3,0,1,2.0,16.67,4,0,100.0
2026-04-22,MFC010,Night,1.0,1.0,0.0,146.78,146.78,2.31,20.46,4.6,0.0,3,3,0,3,0.33,0.0,1,0,100.0
2026-04-22,MFC011,Morning,5.0,5.0,0.0,6625.58,6625.58,8.9,22.4,3.46,0.0,3,3,0,5,1.67,0.0,4,1,80.0
2026-04-22,MFC011,Evening,12.0,11.0,1.0,12155.97,10091.37,6.95,23.39,3.44,2.0,4,4,0,1,3.0,8.33,10,1,90.91
2026-04-22,MFC011,Night,2.0,2.0,0.0,777.06,777.06,2.29,33.76,4.45,0.0,3,3,0,4,0.67,0.0,1,1,50.0
2026-04-22,MFC012,Morning,5.0,5.0,0.0,5893.79,5893.79,5.66,26.37,3.58,0.0,3,3,0,1,1.67,0.0,5,0,100.0
2026-04-22,MFC012,Evening,5.0,5.0,0.0,6551.5,6551.5,5.19,24.84,3.92,0.0,3,3,0,1,1.67,0.0,4,1,80.0
2026-04-22,MFC012,Night,3.0,2.0,1.0,2358.42,1927.37,6.83,21.79,3.5,0.0,3,2,1,4,1.5,33.33,2,0,100.0
2026-04-22,MFC013,Morning,7.0,7.0,0.0,11163.09,8905.69,9.5,26.0,3.73,0.0,3,3,0,3,2.33,0.0,4,3,57.14
2026-04-22,MFC013,Evening,5.0,5.0,0.0,3684.51,3684.51,7.02,26.19,3.64,0.0,3,2,1,3,2.5,0.0,5,0,100.0
2026-04-22,MFC013,Night,1.0,1.0,0.0,1534.46,1534.46,9.07,20.77,3.7,0.0,3,3,0,2,0.33,0.0,1,0,100.0
2026-04-22,MFC014,Morning,5.0,5.0,0.0,6981.0,6654.18,7.62,31.0,3.54,2.0,3,3,0,3,1.67,0.0,4,1,80.0
2026-04-22,MFC014,Evening,6.0,5.0,1.0,4970.18,4554.74,4.96,22.48,4.24,0.0,3,3,0,0,2.0,16.67,4,1,80.0
2026-04-22,MFC014,Night,2.0,2.0,0.0,3976.61,3976.61,6.74,27.06,3.35,0.0,3,2,1,4,1.0,0.0,2,0,100.0
2026-04-22,MFC015,Morning,5.0,5.0,0.0,6109.45,6109.45,7.62,23.34,3.58,0.0,3,3,0,1,1.67,0.0,4,1,80.0
2026-04-22,MFC015,Evening,10.0,10.0,0.0,15647.53,15108.47,7.98,23.82,3.44,2.0,4,4,0,4,2.5,0.0,8,2,80.0
2026-04-22,MFC015,Night,0.0,0.0,0.0,0.0,0.0,,,,0.0,3,3,0,5,0.0,0.0,0,0,0.0
2026-04-22,MFC016,Morning,8.0,8.0,0.0,7368.84,7153.5,5.28,19.8,3.86,1.0,3,3,0,4,2.67,0.0,8,0,100.0
2026-04-22,MFC016,Evening,1.0,1.0,0.0,245.7,245.7,6.48,26.39,4.4,0.0,3,2,1,4,0.5,0.0,1,0,100.0
2026-04-22,MFC016,Night,2.0,1.0,1.0,938.39,866.29,5.12,15.34,3.25,1.0,3,3,0,2,0.67,50.0,1,0,100.0
2026-04-22,MFC017,Morning,4.0,4.0,0.0,2933.06,2933.06,6.33,21.87,4.35,0.0,3,3,0,3,1.33,0.0,4,0,100.0
2026-04-22,MFC017,Evening,12.0,12.0,0.0,12063.43,11913.0,8.82,24.99,3.41,1.0,4,3,1,4,4.0,0.0,11,1,91.67
2026-04-22,MFC017,Night,1.0,1.0,0.0,752.24,752.24,7.64,28.26,3.9,0.0,3,3,0,5,0.33,0.0,0,1,0.0
2026-04-22,MFC018,Morning,1.0,1.0,0.0,1014.29,1014.29,9.9,34.84,3.8,0.0,3,3,0,1,0.33,0.0,1,0,100.0
2026-04-22,MFC018,Evening,3.0,3.0,0.0,4539.5,4152.78,6.62,24.4,3.3,0.0,3,3,0,1,1.0,0.0,3,0,100.0
2026-04-22,MFC018,Night,1.0,1.0,0.0,1322.6,1322.6,10.34,29.88,4.3,0.0,3,3,0,1,0.33,0.0,1,0,100.0
2026-04-23,MFC001,Morning,11.0,10.0,0.0,8630.71,8565.38,6.71,23.67,3.73,2.0,4,4,0,2,2.75,0.0,10,0,100.0
2026-04-23,MFC001,Evening,8.0,6.0,2.0,7335.32,5666.69,6.14,24.45,3.46,0.0,3,3,0,3,2.67,25.0,6,0,100.0
2026-04-23,MFC001,Night,3.0,3.0,0.0,2874.57,2874.57,5.15,20.16,3.9,0.0,3,3,0,3,1.0,0.0,3,0,100.0
2026-04-23,MFC002,Morning,1.0,1.0,0.0,2103.71,2103.71,9.52,24.92,2.9,0.0,3,3,0,1,0.33,0.0,1,0,100.0
2026-04-23,MFC002,Evening,7.0,7.0,0.0,6210.64,5099.51,7.95,26.28,3.5,1.0,3,3,0,1,2.33,0.0,5,2,71.43
2026-04-23,MFC002,Night,3.0,3.0,0.0,2208.69,2208.69,5.87,23.14,3.97,0.0,3,3,0,1,1.0,0.0,3,0,100.0
2026-04-23,MFC003,Morning,9.0,9.0,0.0,8448.32,8448.32,5.91,22.73,3.59,0.0,4,4,0,3,2.25,0.0,9,0,100.0
2026-04-23,MFC003,Evening,8.0,8.0,0.0,14780.99,14780.99,8.37,24.7,3.64,0.0,3,3,0,2,2.67,0.0,7,1,87.5
2026-04-23,MFC003,Night,0.0,0.0,0.0,0.0,0.0,,,,0.0,3,3,0,1,0.0,0.0,0,0,0.0
2026-04-23,MFC004,Morning,5.0,5.0,0.0,7297.35,7297.35,8.51,20.16,3.94,0.0,3,2,1,2,2.5,0.0,4,1,80.0
2026-04-23,MFC004,Evening,2.0,2.0,0.0,1134.53,1134.53,6.12,21.48,3.75,0.0,3,3,0,5,0.67,0.0,2,0,100.0
2026-04-23,MFC004,Night,2.0,2.0,0.0,6112.38,5463.89,10.31,36.98,3.15,1.0,3,3,0,1,0.67,0.0,2,0,100.0
2026-04-23,MFC005,Morning,8.0,8.0,0.0,8632.72,8632.72,8.46,24.87,3.66,0.0,3,3,0,2,2.67,0.0,6,2,75.0
2026-04-23,MFC005,Evening,8.0,6.0,2.0,5594.59,3276.42,6.37,17.59,3.51,3.0,3,3,0,2,2.67,25.0,5,1,83.33
2026-04-23,MFC005,Night,1.0,1.0,0.0,1009.98,757.48,11.29,30.78,3.1,1.0,3,3,0,2,0.33,0.0,0,1,0.0
2026-04-23,MFC006,Morning,2.0,2.0,0.0,7358.17,7358.17,13.36,33.48,3.7,0.0,3,3,0,5,0.67,0.0,1,1,50.0
2026-04-23,MFC006,Evening,4.0,3.0,1.0,6124.47,1660.95,10.18,25.89,2.8,1.0,3,3,0,5,1.33,25.0,2,1,66.67
2026-04-23,MFC006,Night,0.0,0.0,0.0,0.0,0.0,,,,0.0,3,3,0,3,0.0,0.0,0,0,0.0
2026-04-23,MFC007,Morning,2.0,2.0,0.0,3087.29,2572.74,14.88,35.89,3.1,2.0,3,3,0,2,0.67,0.0,0,2,0.0
2026-04-23,MFC007,Evening,9.0,9.0,0.0,8457.11,7994.72,5.58,22.36,3.57,2.0,4,4,0,3,2.25,0.0,7,2,77.78
2026-04-23,MFC007,Night,3.0,3.0,0.0,2849.31,2849.31,5.74,19.66,3.43,0.0,3,2,1,0,1.5,0.0,2,1,66.67
2026-04-23,MFC008,Morning,4.0,2.0,2.0,6026.66,4227.28,3.83,16.94,3.37,1.0,3,3,0,0,1.33,50.0,2,0,100.0
2026-04-23,MFC008,Evening,8.0,8.0,0.0,8010.21,8010.21,5.22,27.24,3.89,0.0,3,2,1,3,4.0,0.0,7,1,87.5
2026-04-23,MFC008,Night,1.0,1.0,0.0,857.11,734.67,6.85,18.74,4.2,1.0,3,2,1,3,0.5,0.0,1,0,100.0
2026-04-23,MFC009,Morning,4.0,4.0,0.0,7247.95,7247.95,7.06,25.07,3.65,0.0,3,3,0,3,1.33,0.0,4,0,100.0
2026-04-23,MFC009,Evening,6.0,6.0,0.0,7070.21,7070.21,7.18,29.29,3.68,0.0,3,2,1,1,3.0,0.0,5,1,83.33
2026-04-23,MFC009,Night,1.0,1.0,0.0,2685.58,2685.58,7.41,23.27,3.7,0.0,3,3,0,3,0.33,0.0,1,0,100.0
2026-04-23,MFC010,Morning,1.0,1.0,0.0,282.22,169.33,6.9,23.92,2.1,1.0,3,3,0,7,0.33,0.0,1,0,100.0
2026-04-23,MFC010,Evening,9.0,9.0,0.0,11290.65,11290.65,6.13,25.59,3.53,0.0,4,4,0,3,2.25,0.0,8,1,88.89
2026-04-23,MFC010,Night,4.0,4.0,0.0,1938.84,1938.84,4.04,17.98,4.18,0.0,3,3,0,1,1.33,0.0,4,0,100.0
2026-04-23,MFC011,Morning,8.0,8.0,0.0,7561.03,7561.03,7.5,25.83,3.95,0.0,3,3,0,2,2.67,0.0,5,3,62.5
2026-04-23,MFC011,Evening,13.0,13.0,0.0,23093.37,22932.84,8.41,24.7,3.51,1.0,4,4,0,3,3.25,0.0,12,1,92.31
2026-04-23,MFC011,Night,1.0,1.0,0.0,2484.3,2484.3,14.54,38.45,4.7,0.0,3,3,0,6,0.33,0.0,0,1,0.0
2026-04-23,MFC012,Morning,1.0,1.0,0.0,482.59,482.59,5.15,22.07,4.4,0.0,3,3,0,2,0.33,0.0,1,0,100.0
2026-04-23,MFC012,Evening,5.0,5.0,0.0,5835.83,5784.17,7.23,24.72,4.0,1.0,3,2,1,2,2.5,0.0,4,1,80.0
2026-04-23,MFC012,Night,1.0,1.0,0.0,284.95,284.95,4.44,13.09,3.5,0.0,3,2,1,4,0.5,0.0,1,0,100.0
2026-04-23,MFC013,Morning,10.0,10.0,0.0,7525.91,7374.06,6.55,23.16,3.7,2.0,4,4,0,0,2.5,0.0,9,1,90.0
2026-04-23,MFC013,Evening,8.0,7.0,1.0,11283.15,9309.65,7.38,34.4,3.71,1.0,3,3,0,58,2.67,12.5,3,4,42.86
2026-04-23,MFC013,Night,1.0,1.0,0.0,858.16,858.16,4.81,21.43,4.3,0.0,3,3,0,1,0.33,0.0,1,0,100.0
2026-04-23,MFC014,Morning,3.0,2.0,1.0,3624.95,2856.94,11.0,32.06,3.3,0.0,3,2,1,3,1.5,33.33,2,0,100.0
2026-04-23,MFC014,Evening,7.0,6.0,1.0,6113.99,4624.76,7.64,28.43,3.1,2.0,3,3,0,0,2.33,14.29,4,2,66.67
2026-04-23,MFC014,Night,2.0,2.0,0.0,4957.74,4957.74,7.71,27.82,3.9,0.0,3,3,0,3,0.67,0.0,1,1,50.0
2026-04-23,MFC015,Morning,7.0,6.0,1.0,7547.0,5564.22,7.03,25.1,3.9,0.0,3,3,0,0,2.33,14.29,6,0,100.0
2026-04-23,MFC015,Evening,10.0,10.0,0.0,16111.33,15783.4,7.37,23.71,3.49,1.0,4,4,0,1,2.5,0.0,8,2,80.0
2026-04-23,MFC015,Night,2.0,1.0,1.0,1587.62,709.84,8.82,22.68,3.2,0.0,3,3,0,3,0.67,50.0,1,0,100.0
2026-04-23,MFC016,Morning,3.0,3.0,0.0,2751.3,2751.3,6.93,21.24,4.0,0.0,3,2,1,3,1.5,0.0,2,1,66.67
2026-04-23,MFC016,Evening,3.0,3.0,0.0,878.62,837.57,7.64,26.92,3.07,1.0,3,2,1,5,1.5,0.0,2,1,66.67
2026-04-23,MFC016,Night,4.0,4.0,0.0,6300.31,5877.48,8.35,25.87,3.32,1.0,3,3,0,32,1.33,0.0,3,1,75.0
2026-04-23,MFC017,Morning,6.0,5.0,0.0,5805.29,5805.29,7.49,24.15,3.96,0.0,3,2,1,2,3.0,0.0,5,0,100.0
2026-04-23,MFC017,Evening,18.0,17.0,1.0,19414.83,15170.16,7.31,24.75,3.42,1.0,5,5,0,1,3.6,5.56,15,2,88.24
2026-04-23,MFC017,Night,2.0,2.0,0.0,1301.27,1059.84,4.41,18.68,2.55,1.0,3,3,0,5,0.67,0.0,2,0,100.0
2026-04-23,MFC018,Morning,5.0,5.0,0.0,7680.02,7680.02,9.2,22.41,3.5,0.0,3,3,0,1,1.67,0.0,5,0,100.0
2026-04-23,MFC018,Evening,4.0,4.0,0.0,6454.97,6454.97,8.2,21.97,3.22,0.0,3,3,0,1,1.33,0.0,4,0,100.0
2026-04-23,MFC018,Night,0.0,0.0,0.0,0.0,0.0,,,,0.0,3,3,0,4,0.0,0.0,0,0,0.0
2026-04-24,MFC001,Morning,7.0,6.0,1.0,6943.75,5252.64,5.14,20.55,3.63,1.0,3,3,0,4,2.33,14.29,6,0,100.0
2026-04-24,MFC001,Evening,10.0,8.0,2.0,12690.87,10742.25,6.73,25.32,3.7,0.0,4,2,2,1,5.0,20.0,5,3,62.5
2026-04-24,MFC001,Night,2.0,2.0,0.0,4088.46,4088.46,7.64,22.99,4.45,0.0,3,3,0,0,0.67,0.0,1,1,50.0
2026-04-24,MFC002,Morning,4.0,4.0,0.0,3569.3,3569.3,7.76,23.46,3.75,0.0,3,3,0,1,1.33,0.0,3,1,75.0
2026-04-24,MFC002,Evening,3.0,3.0,0.0,3566.32,3566.32,7.14,25.72,3.93,0.0,3,2,1,1,1.5,0.0,2,1,66.67
2026-04-24,MFC002,Night,0.0,0.0,0.0,0.0,0.0,,,,0.0,3,3,0,3,0.0,0.0,0,0,0.0
2026-04-24,MFC003,Morning,5.0,4.0,1.0,5202.35,5069.93,5.14,18.39,3.06,0.0,3,3,0,1,1.67,20.0,4,0,100.0
2026-04-24,MFC003,Evening,6.0,6.0,0.0,7101.98,7101.98,7.8,25.31,3.82,0.0,3,2,1,1,3.0,0.0,6,0,100.0
2026-04-24,MFC003,Night,2.0,2.0,0.0,1301.79,1072.38,5.22,17.51,3.45,1.0,3,3,0,3,0.67,0.0,2,0,100.0
2026-04-24,MFC004,Morning,5.0,5.0,0.0,4761.15,4761.15,6.19,31.17,3.88,0.0,3,3,0,1,1.67,0.0,4,1,80.0
2026-04-24,MFC004,Evening,4.0,4.0,0.0,3837.6,2955.6,7.14,23.48,2.88,1.0,3,3,0,3,1.33,0.0,3,1,75.0
2026-04-24,MFC004,Night,1.0,1.0,0.0,1318.59,1153.77,11.3,27.75,2.8,1.0,3,3,0,3,0.33,0.0,1,0,100.0
2026-04-24,MFC005,Morning,6.0,4.0,1.0,5623.21,4078.66,8.07,24.14,3.5,0.0,3,3,0,4,2.0,16.67,4,0,100.0
2026-04-24,MFC005,Evening,10.0,9.0,0.0,15340.89,15340.89,8.13,26.08,3.62,0.0,4,3,1,1,3.33,0.0,7,2,77.78
2026-04-24,MFC005,Night,0.0,0.0,0.0,0.0,0.0,,,,0.0,3,3,0,4,0.0,0.0,0,0,0.0
2026-04-24,MFC006,Morning,3.0,3.0,0.0,4002.69,3460.84,7.96,27.83,2.9,1.0,3,3,0,6,1.0,0.0,2,1,66.67
2026-04-24,MFC006,Evening,8.0,7.0,1.0,12058.41,11779.06,10.76,29.23,3.41,2.0,3,3,0,4,2.67,12.5,3,4,42.86
2026-04-24,MFC006,Night,0.0,0.0,0.0,0.0,0.0,,,,0.0,3,2,1,1,0.0,0.0,0,0,0.0
2026-04-24,MFC007,Morning,1.0,1.0,0.0,367.25,367.25,5.65,22.7,3.4,0.0,3,3,0,4,0.33,0.0,1,0,100.0
2026-04-24,MFC007,Evening,8.0,8.0,0.0,11101.02,10928.01,9.77,27.69,3.76,1.0,3,3,0,4,2.67,0.0,4,4,50.0
2026-04-24,MFC007,Night,2.0,2.0,0.0,544.66,544.66,4.88,29.91,4.4,0.0,3,3,0,1,0.67,0.0,1,1,50.0
2026-04-24,MFC008,Morning,4.0,4.0,0.0,4813.26,4813.26,6.71,23.77,3.72,0.0,3,3,0,6,1.33,0.0,4,0,100.0
2026-04-24,MFC008,Evening,8.0,8.0,0.0,7287.75,7272.75,6.62,26.17,3.41,1.0,3,3,0,1,2.67,0.0,6,2,75.0
2026-04-24,MFC008,Night,2.0,2.0,0.0,5539.68,5539.68,4.38,15.78,4.05,0.0,3,2,1,4,1.0,0.0,2,0,100.0
2026-04-24,MFC009,Morning,1.0,0.0,1.0,432.45,0.0,,,,0.0,3,3,0,1,0.33,100.0,0,0,0.0
2026-04-24,MFC009,Evening,11.0,10.0,1.0,10977.82,9932.09,7.74,26.9,3.4,1.0,4,4,0,8,2.75,9.09,8,2,80.0
2026-04-24,MFC009,Night,1.0,1.0,0.0,628.51,628.51,6.6,28.37,4.0,0.0,3,3,0,4,0.33,0.0,1,0,100.0
2026-04-24,MFC010,Morning,5.0,4.0,0.0,5458.86,5458.86,6.9,25.48,3.75,0.0,3,3,0,1,1.67,0.0,2,2,50.0
2026-04-24,MFC010,Evening,9.0,9.0,0.0,8695.49,6912.44,7.26,27.09,3.31,0.0,4,4,0,2,2.25,0.0,4,5,44.44
2026-04-24,MFC010,Night,1.0,1.0,0.0,4287.76,3675.22,7.0,18.98,4.1,1.0,3,2,1,4,0.5,0.0,1,0,100.0
2026-04-24,MFC011,Morning,9.0,8.0,1.0,4437.4,4322.16,6.24,22.17,3.52,1.0,4,4,0,2,2.25,11.11,7,1,87.5
2026-04-24,MFC011,Evening,9.0,8.0,0.0,8218.67,8218.67,6.02,26.92,3.35,0.0,4,4,0,2,2.25,0.0,6,2,75.0
2026-04-24,MFC011,Night,3.0,2.0,1.0,2240.98,1902.48,6.84,25.73,3.4,2.0,3,3,0,3,1.0,33.33,1,1,50.0
2026-04-24,MFC012,Morning,3.0,3.0,0.0,2976.05,2976.05,6.99,32.83,3.5,0.0,3,2,1,4,1.5,0.0,2,1,66.67
2026-04-24,MFC012,Evening,7.0,6.0,1.0,5236.26,4962.55,7.5,28.14,3.34,1.0,3,3,0,1,2.33,14.29,5,1,83.33
2026-04-24,MFC012,Night,0.0,0.0,0.0,0.0,0.0,,,,0.0,3,3,0,4,0.0,0.0,0,0,0.0
2026-04-24,MFC013,Morning,5.0,4.0,0.0,3594.37,3594.37,5.4,28.67,3.58,0.0,3,3,0,1,1.67,0.0,4,0,100.0
2026-04-24,MFC013,Evening,6.0,6.0,0.0,12863.2,12863.2,10.19,28.71,3.82,0.0,3,3,0,3,2.0,0.0,5,1,83.33
2026-04-24,MFC013,Night,3.0,3.0,0.0,2889.3,2705.68,7.12,24.91,3.27,1.0,3,3,0,2,1.0,0.0,2,1,66.67
2026-04-24,MFC014,Morning,3.0,3.0,0.0,1792.06,1666.89,7.26,20.13,3.47,1.0,3,2,1,2,1.5,0.0,3,0,100.0
2026-04-24,MFC014,Evening,10.0,10.0,0.0,11914.72,11914.72,7.11,24.64,3.85,0.0,4,4,0,3,2.5,0.0,7,3,70.0
2026-04-24,MFC014,Night,0.0,0.0,0.0,0.0,0.0,,,,0.0,3,3,0,2,0.0,0.0,0,0,0.0
2026-04-24,MFC015,Morning,6.0,5.0,1.0,10067.36,3251.14,7.03,21.79,2.92,1.0,3,2,1,1,3.0,16.67,5,0,100.0
2026-04-24,MFC015,Evening,9.0,8.0,0.0,12882.75,12882.75,8.76,23.12,3.62,0.0,4,3,1,2,3.0,0.0,6,2,75.0
2026-04-24,MFC015,Night,0.0,0.0,0.0,0.0,0.0,,,,0.0,3,3,0,1,0.0,0.0,0,0,0.0
2026-04-24,MFC016,Morning,3.0,3.0,0.0,7854.52,7301.67,7.49,26.77,3.47,0.0,3,2,1,1,1.5,0.0,3,0,100.0
2026-04-24,MFC016,Evening,7.0,7.0,0.0,6672.44,4116.67,6.28,24.69,3.63,0.0,3,3,0,1,2.33,0.0,5,2,71.43
2026-04-24,MFC016,Night,0.0,0.0,0.0,0.0,0.0,,,,0.0,3,2,1,3,0.0,0.0,0,0,0.0
2026-04-24,MFC017,Morning,8.0,8.0,0.0,8065.71,8065.71,7.9,26.99,3.74,0.0,3,2,1,1,4.0,0.0,7,1,87.5
2026-04-24,MFC017,Evening,5.0,3.0,1.0,5088.48,4570.01,6.45,28.73,3.18,1.0,3,3,0,5,1.67,20.0,3,0,100.0
2026-04-24,MFC017,Night,2.0,2.0,0.0,1991.37,1991.37,5.01,16.39,4.05,0.0,3,3,0,1,0.67,0.0,2,0,100.0
2026-04-24,MFC018,Morning,7.0,5.0,2.0,9356.17,5133.96,6.02,21.54,3.06,0.0,3,3,0,1,2.33,28.57,4,1,80.0
2026-04-24,MFC018,Evening,3.0,3.0,0.0,3553.8,3282.91,9.12,27.04,3.4,2.0,3,3,0,1,1.0,0.0,1,2,33.33
2026-04-24,MFC018,Night,0.0,0.0,0.0,0.0,0.0,,,,0.0,3,3,0,2,0.0,0.0,0,0,0.0
2026-04-25,MFC001,Morning,7.0,7.0,0.0,12012.58,10911.74,8.5,25.77,3.44,3.0,3,3,0,2,2.33,0.0,5,2,71.43
2026-04-25,MFC001,Evening,12.0,9.0,2.0,12981.79,10256.43,6.15,23.67,3.26,2.0,4,4,0,3,3.0,16.67,9,0,100.0
2026-04-25,MFC001,Night,2.0,1.0,1.0,2479.24,1691.11,9.04,25.98,3.1,2.0,3,2,1,1,1.0,50.0,1,0,100.0
2026-04-25,MFC002,Morning,1.0,1.0,0.0,586.26,586.26,6.22,26.51,3.4,0.0,3,2,1,3,0.5,0.0,1,0,100.0
2026-04-25,MFC002,Evening,8.0,8.0,0.0,16800.03,14965.7,6.74,24.62,3.44,3.0,3,3,0,3,2.67,0.0,7,1,87.5
2026-04-25,MFC002,Night,3.0,3.0,0.0,3910.96,3910.96,6.32,19.29,4.0,0.0,3,3,0,3,1.0,0.0,3,0,100.0
2026-04-25,MFC003,Morning,8.0,7.0,0.0,6890.85,6692.56,6.95,25.34,3.83,1.0,3,3,0,1,2.67,0.0,5,2,71.43
2026-04-25,MFC003,Evening,9.0,8.0,0.0,10363.23,10218.85,7.6,26.14,3.58,1.0,4,3,1,4,3.0,0.0,7,1,87.5
2026-04-25,MFC003,Night,1.0,1.0,0.0,628.64,471.48,5.08,16.25,3.2,1.0,3,3,0,5,0.33,0.0,1,0,100.0
2026-04-25,MFC004,Morning,8.0,8.0,0.0,8496.28,8260.61,6.23,23.93,3.52,2.0,3,2,1,1,4.0,0.0,7,1,87.5
2026-04-25,MFC004,Evening,5.0,4.0,1.0,8406.43,6370.91,8.23,27.18,3.12,2.0,3,2,1,2,2.5,20.0,3,1,75.0
2026-04-25,MFC004,Night,1.0,1.0,0.0,3457.25,1075.76,8.57,20.84,2.4,0.0,3,3,0,3,0.33,0.0,1,0,100.0
2026-04-25,MFC005,Morning,10.0,9.0,1.0,20009.08,18094.67,9.7,27.09,3.28,2.0,4,3,1,3,3.33,10.0,5,4,55.56
2026-04-25,MFC005,Evening,12.0,11.0,1.0,22205.95,19536.89,9.47,29.66,3.39,1.0,4,3,1,0,4.0,8.33,7,4,63.64
2026-04-25,MFC005,Night,3.0,3.0,0.0,4640.15,1776.71,8.0,21.49,4.07,0.0,3,3,0,1,1.0,0.0,3,0,100.0
2026-04-25,MFC006,Morning,4.0,4.0,0.0,4217.42,4014.31,6.47,22.04,3.8,1.0,3,3,0,1,1.33,0.0,3,1,75.0
2026-04-25,MFC006,Evening,9.0,7.0,2.0,8219.7,6497.23,8.63,24.1,3.42,3.0,4,4,0,1,2.25,22.22,6,1,85.71
2026-04-25,MFC006,Night,3.0,3.0,0.0,2245.91,2245.91,8.73,27.0,4.1,0.0,3,3,0,3,1.0,0.0,2,1,66.67
2026-04-25,MFC007,Morning,6.0,6.0,0.0,3377.08,3048.27,7.59,23.36,3.58,4.0,3,3,0,2,2.0,0.0,6,0,100.0
2026-04-25,MFC007,Evening,11.0,11.0,0.0,8041.09,7617.94,6.29,26.37,3.55,2.0,4,3,1,1,3.67,0.0,9,2,81.82
2026-04-25,MFC007,Night,0.0,0.0,0.0,0.0,0.0,,,,0.0,3,2,1,3,0.0,0.0,0,0,0.0
2026-04-25,MFC008,Morning,10.0,9.0,0.0,13307.41,13179.75,6.2,23.08,3.66,1.0,4,4,0,1,2.5,0.0,9,0,100.0
2026-04-25,MFC008,Evening,16.0,16.0,0.0,22416.31,21627.72,6.59,24.61,3.54,3.0,4,4,0,1,4.0,0.0,14,2,87.5
2026-04-25,MFC008,Night,2.0,2.0,0.0,1875.48,1727.28,7.06,19.48,3.0,1.0,3,3,0,2,0.67,0.0,2,0,100.0
2026-04-25,MFC009,Morning,4.0,4.0,0.0,7197.96,6039.25,7.35,26.76,2.8,3.0,3,3,0,2,1.33,0.0,3,1,75.0
2026-04-25,MFC009,Evening,9.0,7.0,2.0,11237.02,8668.78,7.21,22.86,3.07,2.0,4,4,0,3,2.25,22.22,7,0,100.0
2026-04-25,MFC009,Night,1.0,1.0,0.0,2958.72,2588.88,8.45,18.72,3.2,1.0,3,3,0,2,0.33,0.0,1,0,100.0
2026-04-25,MFC010,Morning,2.0,2.0,0.0,1588.25,1439.75,9.8,30.76,3.15,2.0,3,3,0,4,0.67,0.0,1,1,50.0
2026-04-25,MFC010,Evening,5.0,4.0,1.0,5554.0,3761.8,7.72,25.85,3.6,0.0,3,3,0,3,1.67,20.0,2,2,50.0
2026-04-25,MFC010,Night,0.0,0.0,0.0,0.0,0.0,,,,0.0,3,3,0,22,0.0,0.0,0,0,0.0
2026-04-25,MFC011,Morning,5.0,5.0,0.0,4404.66,4404.66,8.01,28.12,3.38,0.0,3,3,0,1,1.67,0.0,4,1,80.0
2026-04-25,MFC011,Evening,17.0,17.0,0.0,28250.04,27015.81,7.39,25.71,3.51,2.0,5,5,0,3,3.4,0.0,11,6,64.71
2026-04-25,MFC011,Night,0.0,0.0,0.0,0.0,0.0,,,,0.0,3,3,0,2,0.0,0.0,0,0,0.0
2026-04-25,MFC012,Morning,5.0,5.0,0.0,7003.27,6579.09,9.55,28.74,3.26,1.0,3,2,1,4,2.5,0.0,4,1,80.0
2026-04-25,MFC012,Evening,6.0,6.0,0.0,8241.24,7817.34,6.37,23.24,3.35,1.0,3,2,1,0,3.0,0.0,5,1,83.33
2026-04-25,MFC012,Night,1.0,1.0,0.0,3782.0,3782.0,2.72,17.92,3.7,0.0,3,3,0,2,0.33,0.0,1,0,100.0
2026-04-25,MFC013,Morning,6.0,5.0,0.0,5338.9,5043.87,8.75,29.47,3.5,2.0,3,2,1,2,3.0,0.0,3,2,60.0
2026-04-25,MFC013,Evening,9.0,9.0,0.0,11615.26,10283.89,7.63,24.37,3.66,3.0,4,4,0,2,2.25,0.0,6,3,66.67
2026-04-25,MFC013,Night,1.0,1.0,0.0,688.37,688.37,6.32,19.54,4.1,0.0,3,2,1,1,0.5,0.0,1,0,100.0
2026-04-25,MFC014,Morning,4.0,4.0,0.0,3610.91,3293.4,5.98,21.1,4.03,1.0,3,3,0,4,1.33,0.0,4,0,100.0
2026-04-25,MFC014,Evening,2.0,2.0,0.0,2267.86,2267.86,7.1,23.88,3.55,0.0,3,3,0,2,0.67,0.0,2,0,100.0
2026-04-25,MFC014,Night,2.0,2.0,0.0,2156.11,1880.99,6.87,26.06,3.0,1.0,3,3,0,3,0.67,0.0,2,0,100.0
2026-04-25,MFC015,Morning,4.0,4.0,0.0,3704.38,3704.38,8.72,31.75,3.85,0.0,3,3,0,0,1.33,0.0,2,2,50.0
2026-04-25,MFC015,Evening,11.0,11.0,0.0,8280.71,8002.66,7.11,21.86,3.67,1.0,4,4,0,3,2.75,0.0,11,0,100.0
2026-04-25,MFC015,Night,3.0,2.0,1.0,1005.52,1005.52,2.41,14.73,3.03,1.0,3,2,1,3,1.5,33.33,2,0,100.0
2026-04-25,MFC016,Morning,7.0,6.0,1.0,5926.22,4481.76,6.56,26.6,3.27,2.0,3,3,0,2,2.33,14.29,5,1,83.33
2026-04-25,MFC016,Evening,10.0,9.0,1.0,9664.97,8650.36,6.66,26.56,3.67,2.0,4,4,0,3,2.5,10.0,8,1,88.89
2026-04-25,MFC016,Night,1.0,1.0,0.0,236.02,236.02,2.32,14.16,2.5,0.0,3,3,0,2,0.33,0.0,1,0,100.0
2026-04-25,MFC017,Morning,12.0,11.0,1.0,17311.17,16551.86,9.07,27.42,3.56,0.0,4,3,1,3,4.0,8.33,7,4,63.64
2026-04-25,MFC017,Evening,11.0,10.0,1.0,10615.97,9278.7,7.72,26.65,3.18,2.0,4,4,0,2,2.75,9.09,6,4,60.0
2026-04-25,MFC017,Night,2.0,2.0,0.0,1242.61,1242.61,5.26,19.95,4.2,0.0,3,3,0,6,0.67,0.0,2,0,100.0
2026-04-25,MFC018,Morning,7.0,5.0,2.0,7702.23,5002.63,9.54,27.68,3.27,2.0,3,3,0,1,2.33,28.57,5,0,100.0
2026-04-25,MFC018,Evening,3.0,3.0,0.0,1559.51,1510.45,6.67,22.61,3.03,1.0,3,3,0,3,1.0,0.0,1,2,33.33
2026-04-25,MFC018,Night,0.0,0.0,0.0,0.0,0.0,,,,0.0,3,3,0,2,0.0,0.0,0,0,0.0
2026-04-26,MFC001,Morning,10.0,10.0,0.0,7928.21,7602.38,6.03,23.74,3.42,2.0,4,4,0,1,2.5,0.0,8,2,80.0
2026-04-26,MFC001,Evening,11.0,9.0,2.0,10277.48,6795.18,6.25,23.13,3.52,1.0,4,3,1,64,3.67,18.18,8,1,88.89
2026-04-26,MFC001,Night,2.0,2.0,0.0,1292.7,1292.7,7.0,20.6,4.05,0.0,3,3,0,2,0.67,0.0,2,0,100.0
2026-04-26,MFC002,Morning,4.0,3.0,0.0,4334.34,3823.32,8.15,24.52,3.47,2.0,3,3,0,2,1.33,0.0,2,1,66.67
2026-04-26,MFC002,Evening,10.0,9.0,1.0,8887.25,8621.33,7.83,27.05,3.53,4.0,4,4,0,3,2.5,10.0,7,2,77.78
2026-04-26,MFC002,Night,3.0,2.0,1.0,1940.55,949.57,6.04,27.83,3.65,0.0,3,3,0,4,1.0,33.33,2,0,100.0
2026-04-26,MFC003,Morning,4.0,4.0,0.0,2184.22,2184.22,4.87,21.64,4.05,0.0,3,3,0,1,1.33,0.0,4,0,100.0
2026-04-26,MFC003,Evening,12.0,10.0,2.0,6962.18,5059.53,4.43,22.72,3.41,0.0,4,4,0,6,3.0,16.67,10,0,100.0
2026-04-26,MFC003,Night,2.0,2.0,0.0,1593.63,1593.63,3.91,20.79,4.35,0.0,3,3,0,1,0.67,0.0,2,0,100.0
2026-04-26,MFC004,Morning,5.0,5.0,0.0,6322.61,6322.61,7.29,25.98,3.44,0.0,3,3,0,4,1.67,0.0,4,1,80.0
2026-04-26,MFC004,Evening,6.0,6.0,0.0,6779.43,6779.43,8.63,24.14,3.27,0.0,3,3,0,0,2.0,0.0,6,0,100.0
2026-04-26,MFC004,Night,2.0,2.0,0.0,2694.95,2694.95,6.3,23.2,3.6,0.0,3,3,0,0,0.67,0.0,2,0,100.0
2026-04-26,MFC005,Morning,8.0,7.0,1.0,6130.29,5960.34,8.89,25.58,3.57,2.0,3,3,0,4,2.67,12.5,4,3,57.14
2026-04-26,MFC005,Evening,19.0,17.0,1.0,22268.44,20277.83,9.27,28.52,3.28,7.0,5,5,0,5,3.8,5.26,8,9,47.06
2026-04-26,MFC005,Night,2.0,2.0,0.0,2396.11,2396.11,11.0,29.71,3.65,0.0,3,3,0,3,0.67,0.0,2,0,100.0
2026-04-26,MFC006,Morning,9.0,7.0,2.0,12379.76,11298.75,9.94,30.01,3.45,1.0,4,4,0,1,2.25,22.22,4,3,57.14
2026-04-26,MFC006,Evening,10.0,9.0,1.0,6209.45,6109.08,6.19,21.88,3.81,3.0,4,4,0,4,2.5,10.0,7,2,77.78
2026-04-26,MFC006,Night,2.0,2.0,0.0,2089.2,2089.2,7.1,20.94,3.2,0.0,3,3,0,7,0.67,0.0,2,0,100.0
2026-04-26,MFC007,Morning,4.0,3.0,1.0,6510.22,4723.15,7.73,21.36,3.53,0.0,3,3,0,1,1.33,25.0,3,0,100.0
2026-04-26,MFC007,Evening,9.0,9.0,0.0,3873.56,3873.56,4.59,21.04,3.63,0.0,4,4,0,2,2.25,0.0,7,2,77.78
2026-04-26,MFC007,Night,4.0,4.0,0.0,1693.52,1693.52,3.82,20.23,3.72,0.0,3,3,0,2,1.33,0.0,4,0,100.0
2026-04-26,MFC008,Morning,11.0,10.0,0.0,10583.16,10416.66,5.39,22.93,3.33,1.0,4,4,0,4,2.75,0.0,10,0,100.0
2026-04-26,MFC008,Evening,11.0,11.0,0.0,9983.11,9983.11,5.47,23.28,3.8,0.0,4,4,0,6,2.75,0.0,11,0,100.0
2026-04-26,MFC008,Night,5.0,5.0,0.0,6654.4,6654.4,7.63,22.69,3.32,0.0,3,3,0,3,1.67,0.0,5,0,100.0
2026-04-26,MFC009,Morning,4.0,4.0,0.0,1455.35,1253.57,3.34,20.69,3.42,0.0,3,3,0,31,1.33,0.0,3,1,75.0
2026-04-26,MFC009,Evening,11.0,10.0,1.0,9163.99,8684.34,5.42,22.68,3.47,3.0,4,4,0,2,2.75,9.09,9,1,90.0
2026-04-26,MFC009,Night,1.0,1.0,0.0,522.49,391.87,3.81,15.14,3.3,1.0,3,3,0,1,0.33,0.0,1,0,100.0
2026-04-26,MFC010,Morning,2.0,2.0,0.0,1558.62,1558.62,8.32,27.04,3.25,0.0,3,3,0,1,0.67,0.0,1,1,50.0
2026-04-26,MFC010,Evening,3.0,2.0,1.0,2096.15,1174.42,7.44,22.8,3.9,0.0,3,3,0,1,1.0,33.33,2,0,100.0
2026-04-26,MFC010,Night,4.0,4.0,0.0,5438.84,5324.7,7.72,28.67,3.12,1.0,3,3,0,2,1.33,0.0,4,0,100.0
2026-04-26,MFC011,Morning,14.0,13.0,1.0,11144.63,8445.08,6.59,24.54,3.22,4.0,4,4,0,4,3.5,7.14,11,2,84.62
2026-04-26,MFC011,Evening,12.0,12.0,0.0,11232.0,10904.1,7.03,25.2,3.77,2.0,4,4,0,0,3.0,0.0,10,2,83.33
2026-04-26,MFC011,Night,4.0,4.0,0.0,5062.73,5062.73,7.84,23.92,4.5,0.0,3,2,1,3,2.0,0.0,3,1,75.0
2026-04-26,MFC012,Morning,6.0,5.0,1.0,6667.96,6309.68,9.03,26.49,3.12,2.0,3,3,0,3,2.0,16.67,4,1,80.0
2026-04-26,MFC012,Evening,7.0,7.0,0.0,5649.15,5159.28,5.51,26.91,3.26,2.0,3,3,0,3,2.33,0.0,4,3,57.14
2026-04-26,MFC012,Night,2.0,2.0,0.0,802.4,802.4,4.69,21.47,3.55,0.0,3,3,0,2,0.67,0.0,2,0,100.0
2026-04-26,MFC013,Morning,11.0,9.0,2.0,17828.19,15917.89,7.42,23.58,3.33,2.0,4,3,1,2,3.67,18.18,8,1,88.89
2026-04-26,MFC013,Evening,11.0,11.0,0.0,10041.4,9758.33,5.94,24.1,3.69,2.0,4,4,0,18,2.75,0.0,10,1,90.91
2026-04-26,MFC013,Night,0.0,0.0,0.0,0.0,0.0,,,,0.0,3,3,0,2,0.0,0.0,0,0,0.0
2026-04-26,MFC014,Morning,6.0,5.0,1.0,6384.06,5799.42,7.45,27.66,3.43,0.0,3,3,0,5,2.0,16.67,5,0,100.0
2026-04-26,MFC014,Evening,6.0,6.0,0.0,6312.54,6312.54,6.64,25.52,3.77,0.0,3,2,1,4,3.0,0.0,5,1,83.33
2026-04-26,MFC014,Night,1.0,1.0,0.0,2181.59,2181.59,10.58,26.03,3.1,0.0,3,3,0,0,0.33,0.0,1,0,100.0
2026-04-26,MFC015,Morning,7.0,7.0,0.0,9341.39,8227.82,9.61,29.86,3.76,1.0,3,3,0,2,2.33,0.0,4,3,57.14
2026-04-26,MFC015,Evening,10.0,9.0,1.0,8861.18,6911.16,6.72,21.93,3.7,1.0,4,4,0,3,2.5,10.0,9,0,100.0
2026-04-26,MFC015,Night,5.0,5.0,0.0,5127.6,5127.6,8.1,26.1,3.74,0.0,3,3,0,4,1.67,0.0,4,1,80.0
2026-04-26,MFC016,Morning,3.0,3.0,0.0,6396.95,6396.95,6.83,23.06,3.37,0.0,3,2,1,2,1.5,0.0,3,0,100.0
2026-04-26,MFC016,Evening,8.0,8.0,0.0,12304.75,11759.34,7.5,21.74,3.55,3.0,3,3,0,2,2.67,0.0,8,0,100.0
2026-04-26,MFC016,Night,1.0,1.0,0.0,589.59,589.59,6.9,26.09,4.1,0.0,3,3,0,3,0.33,0.0,1,0,100.0
2026-04-26,MFC017,Morning,8.0,8.0,0.0,10970.85,10635.42,7.99,25.76,3.44,2.0,3,3,0,0,2.67,0.0,5,3,62.5
2026-04-26,MFC017,Evening,14.0,13.0,1.0,14638.17,14160.62,8.29,24.23,3.48,1.0,4,4,0,9,3.5,7.14,11,2,84.62
2026-04-26,MFC017,Night,1.0,1.0,0.0,1535.71,1535.71,10.07,27.65,3.2,0.0,3,3,0,4,0.33,0.0,1,0,100.0
2026-04-26,MFC018,Morning,6.0,4.0,2.0,7564.62,4125.32,7.28,27.15,3.74,0.0,3,3,0,2,2.0,33.33,3,1,75.0
2026-04-26,MFC018,Evening,7.0,6.0,0.0,4027.25,3930.09,5.53,23.26,3.57,1.0,3,3,0,2,2.33,0.0,6,0,100.0
2026-04-26,MFC018,Night,2.0,1.0,1.0,4057.78,911.49,4.38,18.43,3.7,0.0,3,2,1,2,1.0,50.0,1,0,100.0
2026-04-27,MFC001,Morning,7.0,6.0,1.0,5996.06,5155.09,5.44,20.4,3.57,0.0,3,3,0,5,2.33,14.29,6,0,100.0
2026-04-27,MFC001,Evening,8.0,8.0,0.0,12535.03,12349.28,8.31,24.64,3.51,1.0,3,3,0,4,2.67,0.0,6,2,75.0
2026-04-27,MFC001,Night,0.0,0.0,0.0,0.0,0.0,,,,0.0,3,3,0,3,0.0,0.0,0,0,0.0
2026-04-27,MFC002,Morning,2.0,2.0,0.0,2564.95,2104.88,8.7,21.94,3.05,1.0,3,3,0,2,0.67,0.0,2,0,100.0
2026-04-27,MFC002,Evening,2.0,1.0,1.0,1841.21,1317.99,10.9,22.95,3.1,0.0,3,3,0,1,0.67,50.0,1,0,100.0
2026-04-27,MFC002,Night,1.0,1.0,0.0,2089.59,2089.59,5.25,18.36,3.9,0.0,3,3,0,0,0.33,0.0,1,0,100.0
2026-04-27,MFC003,Morning,4.0,4.0,0.0,3087.28,3087.28,6.72,26.08,3.58,0.0,3,3,0,2,1.33,0.0,3,1,75.0
2026-04-27,MFC003,Evening,15.0,14.0,1.0,18985.51,16542.79,6.2,25.5,3.58,1.0,4,4,0,4,3.75,6.67,10,4,71.43
2026-04-27,MFC003,Night,2.0,2.0,0.0,4633.27,4633.27,5.23,19.3,3.65,0.0,3,3,0,3,0.67,0.0,2,0,100.0
2026-04-27,MFC004,Morning,6.0,5.0,1.0,5638.41,4929.23,6.3,24.81,3.38,0.0,3,3,0,2,2.0,16.67,5,0,100.0
2026-04-27,MFC004,Evening,7.0,5.0,2.0,5478.55,4132.96,9.05,28.09,3.77,1.0,3,3,0,1,2.33,28.57,2,3,40.0
2026-04-27,MFC004,Night,1.0,1.0,0.0,1715.45,1715.45,10.35,28.73,4.5,0.0,3,3,0,3,0.33,0.0,1,0,100.0
2026-04-27,MFC005,Morning,4.0,3.0,1.0,2908.69,2024.72,8.9,30.25,3.23,1.0,3,3,0,1,1.33,25.0,2,1,66.67
2026-04-27,MFC005,Evening,8.0,7.0,1.0,8181.59,7003.32,11.87,30.24,3.32,2.0,3,3,0,4,2.67,12.5,1,6,14.29
2026-04-27,MFC005,Night,1.0,1.0,0.0,1549.25,1549.25,14.41,39.62,3.8,0.0,3,3,0,4,0.33,0.0,0,1,0.0
2026-04-27,MFC006,Morning,5.0,5.0,0.0,2479.14,2479.14,3.97,21.7,3.88,0.0,3,3,0,0,1.67,0.0,5,0,100.0
2026-04-27,MFC006,Evening,9.0,8.0,1.0,11584.71,11537.22,8.55,28.23,4.03,1.0,4,4,0,1,2.25,11.11,4,4,50.0
2026-04-27,MFC006,Night,1.0,1.0,0.0,527.91,395.93,9.64,22.72,2.0,1.0,3,3,0,4,0.33,0.0,1,0,100.0
2026-04-27,MFC007,Morning,9.0,9.0,0.0,11543.38,11474.32,9.64,32.65,3.36,1.0,4,4,0,0,2.25,0.0,5,4,55.56
2026-04-27,MFC007,Evening,11.0,11.0,0.0,14791.64,13885.42,7.37,26.18,3.08,4.0,4,4,0,3,2.75,0.0,7,4,63.64
2026-04-27,MFC007,Night,0.0,0.0,0.0,0.0,0.0,,,,0.0,3,3,0,1,0.0,0.0,0,0,0.0
2026-04-27,MFC008,Morning,7.0,7.0,0.0,10258.64,9999.78,6.89,24.0,3.34,1.0,3,2,1,2,3.5,0.0,6,1,85.71
2026-04-27,MFC008,Evening,15.0,15.0,0.0,15517.79,14598.15,6.23,26.6,3.55,3.0,4,4,0,2,3.75,0.0,11,4,73.33
2026-04-27,MFC008,Night,3.0,3.0,0.0,3633.94,3633.94,4.23,22.62,4.07,0.0,3,3,0,2,1.0,0.0,3,0,100.0
2026-04-27,MFC009,Morning,2.0,1.0,1.0,2057.22,822.91,3.88,28.82,3.55,0.0,3,3,0,2,0.67,50.0,1,0,100.0
2026-04-27,MFC009,Evening,7.0,7.0,0.0,2788.67,2788.67,4.62,19.87,3.57,0.0,3,3,0,2,2.33,0.0,7,0,100.0
2026-04-27,MFC009,Night,0.0,0.0,0.0,0.0,0.0,,,,0.0,3,2,1,4,0.0,0.0,0,0,0.0
2026-04-27,MFC010,Morning,2.0,2.0,0.0,957.36,957.36,6.56,22.66,4.1,0.0,3,3,0,2,0.67,0.0,2,0,100.0
2026-04-27,MFC010,Evening,7.0,6.0,1.0,5347.62,4073.5,4.99,23.94,3.46,1.0,3,3,0,1,2.33,14.29,5,1,83.33
2026-04-27,MFC010,Night,0.0,0.0,0.0,0.0,0.0,,,,0.0,3,3,0,2,0.0,0.0,0,0,0.0
2026-04-27,MFC011,Morning,7.0,7.0,0.0,8912.49,7256.59,7.51,28.09,3.5,1.0,3,3,0,2,2.33,0.0,6,1,85.71
2026-04-27,MFC011,Evening,8.0,7.0,1.0,7198.95,6524.42,6.23,22.95,3.19,2.0,3,3,0,52,2.67,12.5,7,0,100.0
2026-04-27,MFC011,Night,2.0,2.0,0.0,3199.6,3199.6,6.28,21.62,3.65,0.0,3,3,0,3,0.67,0.0,2,0,100.0
2026-04-27,MFC012,Morning,5.0,5.0,0.0,4393.49,4081.65,5.65,25.08,3.38,0.0,3,3,0,2,1.67,0.0,5,0,100.0
2026-04-27,MFC012,Evening,4.0,4.0,0.0,3220.17,3073.14,10.01,27.19,3.68,1.0,3,3,0,6,1.33,0.0,3,1,75.0
2026-04-27,MFC012,Night,0.0,0.0,0.0,0.0,0.0,,,,0.0,3,2,1,6,0.0,0.0,0,0,0.0
2026-04-27,MFC013,Morning,8.0,7.0,0.0,8192.55,8192.55,7.29,25.25,3.71,0.0,3,3,0,4,2.67,0.0,5,2,71.43
2026-04-27,MFC013,Evening,12.0,10.0,2.0,17794.11,15564.7,9.86,25.82,3.65,1.0,4,4,0,3,3.0,16.67,6,4,60.0
2026-04-27,MFC013,Night,0.0,0.0,0.0,0.0,0.0,,,,0.0,3,2,1,4,0.0,0.0,0,0,0.0
2026-04-27,MFC014,Morning,8.0,8.0,0.0,5964.01,5436.38,4.62,22.28,3.52,2.0,3,3,0,0,2.67,0.0,8,0,100.0
2026-04-27,MFC014,Evening,3.0,3.0,0.0,1676.27,1676.27,3.83,15.96,4.63,0.0,3,3,0,3,1.0,0.0,3,0,100.0
2026-04-27,MFC014,Night,0.0,0.0,0.0,0.0,0.0,,,,0.0,3,3,0,40,0.0,0.0,0,0,0.0
2026-04-27,MFC015,Morning,12.0,12.0,0.0,9172.94,9172.94,6.08,23.72,4.09,0.0,4,4,0,3,3.0,0.0,10,2,83.33
2026-04-27,MFC015,Evening,11.0,11.0,0.0,11227.95,11137.98,9.08,27.8,3.89,1.0,4,4,0,3,2.75,0.0,8,3,72.73
2026-04-27,MFC015,Night,1.0,1.0,0.0,606.37,606.37,5.8,20.77,3.4,0.0,3,3,0,3,0.33,0.0,1,0,100.0
2026-04-27,MFC016,Morning,7.0,7.0,0.0,10744.23,10744.23,5.45,25.28,3.57,0.0,3,3,0,1,2.33,0.0,6,1,85.71
2026-04-27,MFC016,Evening,8.0,7.0,1.0,6161.41,5689.15,5.18,24.98,3.6,2.0,3,3,0,6,2.67,12.5,7,0,100.0
2026-04-27,MFC016,Night,2.0,2.0,0.0,2651.0,2651.0,5.16,17.38,3.85,0.0,3,3,0,1,0.67,0.0,2,0,100.0
2026-04-27,MFC017,Morning,7.0,6.0,1.0,6691.47,6419.48,7.33,24.75,3.35,2.0,3,3,0,51,2.33,14.29,5,1,83.33
2026-04-27,MFC017,Evening,9.0,8.0,1.0,9152.9,8823.52,9.51,29.75,3.92,0.0,4,4,0,7,2.25,11.11,5,3,62.5
2026-04-27,MFC017,Night,1.0,1.0,0.0,1973.45,1973.45,7.14,28.27,3.6,0.0,3,3,0,4,0.33,0.0,0,1,0.0
2026-04-27,MFC018,Morning,8.0,8.0,0.0,10213.19,10213.19,8.22,27.61,3.64,0.0,3,3,0,1,2.67,0.0,4,4,50.0
2026-04-27,MFC018,Evening,8.0,6.0,2.0,9458.73,7756.19,9.58,26.64,3.41,0.0,3,3,0,2,2.67,25.0,4,2,66.67
2026-04-27,MFC018,Night,1.0,1.0,0.0,259.01,259.01,4.68,13.79,3.8,0.0,3,3,0,0,0.33,0.0,1,0,100.0
2026-04-28,MFC001,Morning,5.0,4.0,1.0,6950.39,5832.21,10.24,23.67,3.02,1.0,3,3,0,2,1.67,20.0,3,1,75.0
2026-04-28,MFC001,Evening,8.0,6.0,2.0,12132.17,10281.09,5.98,30.78,3.39,1.0,3,3,0,1,2.67,25.0,4,2,66.67
2026-04-28,MFC001,Night,0.0,0.0,0.0,0.0,0.0,,,,0.0,3,3,0,2,0.0,0.0,0,0,0.0
2026-04-28,MFC002,Morning,4.0,4.0,0.0,5210.31,5020.74,6.04,27.09,3.45,1.0,3,3,0,1,1.33,0.0,3,1,75.0
2026-04-28,MFC002,Evening,4.0,4.0,0.0,9322.86,9322.86,7.86,25.22,3.68,0.0,3,3,0,0,1.33,0.0,3,1,75.0
2026-04-28,MFC002,Night,2.0,2.0,0.0,4336.53,4336.53,8.86,29.99,4.05,0.0,3,2,1,2,1.0,0.0,1,1,50.0
2026-04-28,MFC003,Morning,4.0,4.0,0.0,4245.14,3994.63,5.82,24.61,3.88,1.0,3,2,1,6,2.0,0.0,4,0,100.0
2026-04-28,MFC003,Evening,6.0,6.0,0.0,6413.98,6413.98,6.78,24.66,4.0,0.0,3,3,0,1,2.0,0.0,6,0,100.0
2026-04-28,MFC003,Night,2.0,2.0,0.0,882.05,882.05,3.34,18.27,4.0,0.0,3,3,0,1,0.67,0.0,2,0,100.0
2026-04-28,MFC004,Morning,2.0,2.0,0.0,6002.25,5679.4,11.9,30.4,3.0,1.0,3,3,0,3,0.67,0.0,0,2,0.0
2026-04-28,MFC004,Evening,4.0,4.0,0.0,10189.29,10109.88,7.41,25.04,3.62,1.0,3,3,0,1,1.33,0.0,2,2,50.0
2026-04-28,MFC004,Night,2.0,2.0,0.0,1185.24,1185.24,8.68,22.0,3.35,0.0,3,3,0,2,0.67,0.0,1,1,50.0
2026-04-28,MFC005,Morning,10.0,9.0,1.0,7617.32,5920.14,5.43,23.07,3.59,0.0,4,4,0,2,2.5,10.0,9,0,100.0
2026-04-28,MFC005,Evening,10.0,8.0,2.0,8868.6,7443.25,6.33,23.34,3.14,1.0,4,4,0,3,2.5,20.0,8,0,100.0
2026-04-28,MFC005,Night,0.0,0.0,0.0,0.0,0.0,,,,0.0,3,3,0,1,0.0,0.0,0,0,0.0
2026-04-28,MFC006,Morning,3.0,1.0,2.0,6754.84,5143.24,11.75,38.59,3.55,0.0,3,3,0,3,1.0,66.67,0,1,0.0
2026-04-28,MFC006,Evening,8.0,8.0,0.0,4455.78,4455.78,6.82,23.75,3.51,0.0,3,3,0,3,2.67,0.0,7,1,87.5
2026-04-28,MFC006,Night,0.0,0.0,0.0,0.0,0.0,,,,0.0,3,3,0,1,0.0,0.0,0,0,0.0
2026-04-28,MFC007,Morning,3.0,3.0,0.0,5467.25,5467.25,7.27,27.12,2.83,0.0,3,3,0,1,1.0,0.0,2,1,66.67
2026-04-28,MFC007,Evening,2.0,2.0,0.0,4307.34,4307.34,9.17,37.5,3.45,0.0,3,3,0,4,0.67,0.0,0,2,0.0
2026-04-28,MFC007,Night,0.0,0.0,0.0,0.0,0.0,,,,0.0,3,3,0,4,0.0,0.0,0,0,0.0
2026-04-28,MFC008,Morning,7.0,7.0,0.0,9507.27,9125.43,6.56,28.65,3.67,2.0,3,3,0,2,2.33,0.0,5,2,71.43
2026-04-28,MFC008,Evening,11.0,11.0,0.0,16208.58,15979.87,7.23,24.88,3.42,2.0,4,4,0,0,2.75,0.0,10,1,90.91
2026-04-28,MFC008,Night,1.0,1.0,0.0,3459.62,2594.72,4.18,21.58,2.9,1.0,3,3,0,3,0.33,0.0,1,0,100.0
2026-04-28,MFC009,Morning,7.0,6.0,0.0,7374.57,7374.57,5.62,24.48,3.5,0.0,3,3,0,2,2.33,0.0,6,0,100.0
2026-04-28,MFC009,Evening,11.0,10.0,1.0,11537.0,9696.24,7.13,23.32,3.26,2.0,4,3,1,1,3.67,9.09,8,2,80.0
2026-04-28,MFC009,Night,3.0,3.0,0.0,1083.24,1083.24,4.0,20.47,3.53,0.0,3,3,0,3,1.0,0.0,3,0,100.0
2026-04-28,MFC010,Morning,4.0,4.0,0.0,3407.55,3407.55,6.7,21.55,3.68,0.0,3,3,0,4,1.33,0.0,4,0,100.0
2026-04-28,MFC010,Evening,5.0,5.0,0.0,3221.64,3221.64,4.95,26.1,4.0,0.0,3,3,0,3,1.67,0.0,4,1,80.0
2026-04-28,MFC010,Night,2.0,2.0,0.0,2738.91,1100.61,7.57,26.08,3.05,0.0,3,3,0,5,0.67,0.0,2,0,100.0
2026-04-28,MFC011,Morning,4.0,4.0,0.0,4688.39,4688.39,5.31,26.74,3.55,0.0,3,3,0,4,1.33,0.0,4,0,100.0
2026-04-28,MFC011,Evening,7.0,5.0,2.0,9132.14,5514.63,5.95,20.91,3.98,1.0,3,3,0,2,2.33,28.57,4,1,80.0
2026-04-28,MFC011,Night,3.0,3.0,0.0,8260.19,8260.19,10.56,27.51,3.63,0.0,3,3,0,3,1.0,0.0,2,1,66.67
2026-04-28,MFC012,Morning,6.0,5.0,0.0,11336.6,11336.6,7.19,23.57,3.64,0.0,3,3,0,2,2.0,0.0,4,1,80.0
2026-04-28,MFC012,Evening,7.0,7.0,0.0,7677.85,6875.01,6.59,26.67,3.51,3.0,3,3,0,4,2.33,0.0,6,1,85.71
2026-04-28,MFC012,Night,1.0,1.0,0.0,2119.16,2119.16,5.9,23.93,4.0,0.0,3,3,0,1,0.33,0.0,1,0,100.0
2026-04-28,MFC013,Morning,6.0,6.0,0.0,6612.86,6612.86,6.96,23.92,3.5,0.0,3,3,0,1,2.0,0.0,6,0,100.0
2026-04-28,MFC013,Evening,8.0,8.0,0.0,3417.11,2821.65,5.73,23.6,3.36,1.0,3,3,0,3,2.67,0.0,6,2,75.0
2026-04-28,MFC013,Night,2.0,2.0,0.0,2846.05,2846.05,6.26,30.28,4.1,0.0,3,3,0,1,0.67,0.0,2,0,100.0
2026-04-28,MFC014,Morning,6.0,6.0,0.0,9325.94,9325.94,5.86,22.82,3.58,0.0,3,3,0,3,2.0,0.0,5,1,83.33
2026-04-28,MFC014,Evening,6.0,5.0,1.0,6545.02,3744.35,7.76,20.75,3.58,2.0,3,3,0,2,2.0,16.67,5,0,100.0
2026-04-28,MFC014,Night,2.0,2.0,0.0,4760.32,4760.32,5.17,27.85,3.65,0.0,3,3,0,2,0.67,0.0,2,0,100.0
2026-04-28,MFC015,Morning,2.0,2.0,0.0,2623.22,2461.83,13.82,29.78,2.9,1.0,3,2,1,1,1.0,0.0,2,0,100.0
2026-04-28,MFC015,Evening,11.0,10.0,1.0,11422.78,9969.86,10.13,29.38,3.55,3.0,4,3,1,1,3.67,9.09,6,4,60.0
2026-04-28,MFC015,Night,3.0,2.0,0.0,1226.7,1082.37,4.54,18.64,3.25,1.0,3,2,1,4,1.5,0.0,2,0,100.0
2026-04-28,MFC016,Morning,6.0,6.0,0.0,6643.11,6242.13,6.92,25.53,3.37,2.0,3,3,0,2,2.0,0.0,5,1,83.33
2026-04-28,MFC016,Evening,9.0,8.0,1.0,7582.35,7205.49,6.93,25.19,3.46,0.0,4,4,0,3,2.25,11.11,8,0,100.0
2026-04-28,MFC016,Night,0.0,0.0,0.0,0.0,0.0,,,,0.0,3,3,0,3,0.0,0.0,0,0,0.0
2026-04-28,MFC017,Morning,14.0,14.0,0.0,17200.09,17109.61,6.07,22.54,3.85,1.0,4,4,0,4,3.5,0.0,11,3,78.57
2026-04-28,MFC017,Evening,9.0,8.0,1.0,10110.23,9286.59,7.22,23.04,3.71,0.0,4,4,0,6,2.25,11.11,6,2,75.0
2026-04-28,MFC017,Night,2.0,2.0,0.0,3668.8,3668.8,7.76,21.59,3.85,0.0,3,3,0,2,0.67,0.0,2,0,100.0
2026-04-28,MFC018,Morning,8.0,8.0,0.0,9503.88,9183.73,6.51,21.96,3.45,2.0,3,3,0,5,2.67,0.0,8,0,100.0
2026-04-28,MFC018,Evening,3.0,3.0,0.0,1233.18,1233.18,6.42,21.12,4.03,0.0,3,3,0,1,1.0,0.0,2,1,66.67
2026-04-28,MFC018,Night,0.0,0.0,0.0,0.0,0.0,,,,0.0,3,3,0,2,0.0,0.0,0,0,0.0
2026-04-29,MFC001,Morning,7.0,7.0,0.0,5658.66,5468.75,6.35,25.24,3.77,1.0,3,3,0,2,2.33,0.0,6,1,85.71
2026-04-29,MFC001,Evening,12.0,10.0,2.0,9097.28,8335.32,6.47,28.77,3.88,4.0,4,4,0,2,3.0,16.67,7,3,70.0
2026-04-29,MFC001,Night,6.0,6.0,0.0,10168.69,10168.69,6.39,19.22,3.73,0.0,3,3,0,3,2.0,0.0,6,0,100.0
2026-04-29,MFC002,Morning,4.0,4.0,0.0,7739.79,7739.79,9.69,30.56,3.42,0.0,3,2,1,2,2.0,0.0,3,1,75.0
2026-04-29,MFC002,Evening,5.0,5.0,0.0,3114.38,2944.39,4.81,19.66,3.0,0.0,3,3,0,2,1.67,0.0,5,0,100.0
2026-04-29,MFC002,Night,4.0,4.0,0.0,3585.85,3585.85,7.14,21.87,3.4,0.0,3,3,0,2,1.33,0.0,4,0,100.0
2026-04-29,MFC003,Morning,8.0,7.0,1.0,5760.93,5678.62,7.52,22.41,3.81,2.0,3,3,0,1,2.67,12.5,5,2,71.43
2026-04-29,MFC003,Evening,7.0,6.0,1.0,10855.82,10855.82,7.74,29.24,3.68,0.0,3,3,0,0,2.33,14.29,5,1,83.33
2026-04-29,MFC003,Night,0.0,0.0,0.0,0.0,0.0,,,,0.0,3,3,0,3,0.0,0.0,0,0,0.0
2026-04-29,MFC004,Morning,7.0,7.0,0.0,11852.16,11852.16,8.82,25.44,3.7,0.0,3,3,0,3,2.33,0.0,4,3,57.14
2026-04-29,MFC004,Evening,6.0,6.0,0.0,10146.29,10146.29,10.26,32.84,3.67,0.0,3,3,0,4,2.0,0.0,2,4,33.33
2026-04-29,MFC004,Night,0.0,0.0,0.0,0.0,0.0,,,,0.0,3,3,0,1,0.0,0.0,0,0,0.0
2026-04-29,MFC005,Morning,6.0,6.0,0.0,6986.07,6986.07,5.9,22.06,3.62,0.0,3,3,0,3,2.0,0.0,5,1,83.33
2026-04-29,MFC005,Evening,16.0,16.0,0.0,9588.08,9286.73,7.41,24.3,3.56,3.0,4,4,0,2,4.0,0.0,13,3,81.25
2026-04-29,MFC005,Night,2.0,2.0,0.0,970.98,970.98,7.92,22.7,3.1,0.0,3,3,0,2,0.67,0.0,2,0,100.0
2026-04-29,MFC006,Morning,11.0,10.0,0.0,12897.02,12645.61,6.81,27.24,3.48,2.0,4,4,0,5,2.75,0.0,10,0,100.0
2026-04-29,MFC006,Evening,5.0,4.0,1.0,6672.27,6188.8,8.61,25.12,3.3,1.0,3,3,0,1,1.67,20.0,3,1,75.0
2026-04-29,MFC006,Night,1.0,1.0,0.0,506.26,337.51,6.15,22.92,2.7,1.0,3,3,0,6,0.33,0.0,1,0,100.0
2026-04-29,MFC007,Morning,7.0,7.0,0.0,12243.59,11900.0,9.15,27.21,3.76,2.0,3,3,0,4,2.33,0.0,4,3,57.14
2026-04-29,MFC007,Evening,6.0,5.0,1.0,7605.99,7605.99,9.25,25.0,3.38,0.0,3,3,0,3,2.0,16.67,4,1,80.0
2026-04-29,MFC007,Night,3.0,2.0,1.0,1142.82,1127.82,6.64,18.7,3.8,1.0,3,2,1,2,1.5,33.33,2,0,100.0
2026-04-29,MFC008,Morning,10.0,10.0,0.0,7368.38,7136.95,5.87,25.81,3.82,2.0,4,3,1,2,3.33,0.0,6,4,60.0
2026-04-29,MFC008,Evening,8.0,8.0,0.0,9246.98,9246.98,5.1,22.31,3.55,0.0,3,2,1,3,4.0,0.0,7,1,87.5
2026-04-29,MFC008,Night,3.0,3.0,0.0,3728.43,3728.43,5.56,18.8,3.97,0.0,3,3,0,0,1.0,0.0,3,0,100.0
2026-04-29,MFC009,Morning,3.0,3.0,0.0,6707.82,6446.39,10.88,36.21,3.33,2.0,3,3,0,4,1.0,0.0,1,2,33.33
2026-04-29,MFC009,Evening,4.0,4.0,0.0,6051.35,6051.35,6.5,22.28,4.12,0.0,3,3,0,4,1.33,0.0,4,0,100.0
2026-04-29,MFC009,Night,0.0,0.0,0.0,0.0,0.0,,,,0.0,3,3,0,0,0.0,0.0,0,0,0.0
2026-04-29,MFC010,Morning,5.0,5.0,0.0,4382.9,4382.9,6.37,28.95,3.68,0.0,3,3,0,5,1.67,0.0,5,0,100.0
2026-04-29,MFC010,Evening,6.0,6.0,0.0,6554.91,6443.03,7.77,27.5,3.43,1.0,3,3,0,0,2.0,0.0,4,2,66.67
2026-04-29,MFC010,Night,0.0,0.0,0.0,0.0,0.0,,,,0.0,3,3,0,3,0.0,0.0,0,0,0.0
2026-04-29,MFC011,Morning,4.0,3.0,1.0,3313.27,2429.27,7.12,28.84,2.75,2.0,3,3,0,5,1.33,25.0,2,1,66.67
2026-04-29,MFC011,Evening,12.0,11.0,1.0,26322.32,25624.33,9.11,26.53,3.59,4.0,4,3,1,1,4.0,8.33,10,1,90.91
2026-04-29,MFC011,Night,3.0,3.0,0.0,4184.66,3930.77,6.69,21.75,3.3,1.0,3,3,0,4,1.0,0.0,3,0,100.0
2026-04-29,MFC012,Morning,9.0,9.0,0.0,10856.76,10856.76,6.81,23.08,3.91,0.0,4,4,0,5,2.25,0.0,8,1,88.89
2026-04-29,MFC012,Evening,8.0,7.0,1.0,5985.71,5220.95,7.38,24.23,4.13,0.0,3,3,0,1,2.67,12.5,7,0,100.0
2026-04-29,MFC012,Night,0.0,0.0,0.0,0.0,0.0,,,,0.0,3,3,0,2,0.0,0.0,0,0,0.0
2026-04-29,MFC013,Morning,10.0,10.0,0.0,8742.89,8433.25,7.21,28.16,3.53,1.0,4,4,0,3,2.5,0.0,9,1,90.0
2026-04-29,MFC013,Evening,10.0,9.0,1.0,8591.68,7441.07,6.85,24.96,3.34,1.0,4,3,1,0,3.33,10.0,8,1,88.89
2026-04-29,MFC013,Night,2.0,2.0,0.0,2170.64,2170.64,5.86,23.48,3.2,0.0,3,3,0,6,0.67,0.0,2,0,100.0
2026-04-29,MFC014,Morning,4.0,4.0,0.0,7035.0,7035.0,8.65,28.82,4.0,0.0,3,3,0,1,1.33,0.0,4,0,100.0
2026-04-29,MFC014,Evening,2.0,2.0,0.0,1003.5,676.12,4.34,22.32,3.45,1.0,3,3,0,3,0.67,0.0,1,1,50.0
2026-04-29,MFC014,Night,2.0,2.0,0.0,3306.93,3306.93,6.62,30.66,3.85,0.0,3,3,0,1,0.67,0.0,1,1,50.0
2026-04-29,MFC015,Morning,4.0,4.0,0.0,5958.46,5501.3,10.15,32.92,2.92,2.0,3,3,0,2,1.33,0.0,2,2,50.0
2026-04-29,MFC015,Evening,10.0,9.0,0.0,7078.19,6879.61,8.18,26.37,3.57,1.0,4,4,0,2,2.5,0.0,6,3,66.67
2026-04-29,MFC015,Night,3.0,3.0,0.0,4677.22,4677.22,9.21,29.14,3.73,0.0,3,3,0,39,1.0,0.0,2,1,66.67
2026-04-29,MFC016,Morning,4.0,4.0,0.0,7331.38,7123.85,9.55,28.73,3.18,1.0,3,3,0,3,1.33,0.0,2,2,50.0
2026-04-29,MFC016,Evening,12.0,12.0,0.0,18036.86,17766.2,6.17,24.76,3.58,2.0,4,4,0,1,3.0,0.0,9,3,75.0
2026-04-29,MFC016,Night,1.0,1.0,0.0,1988.13,1988.13,7.12,19.06,5.0,0.0,3,2,1,2,0.5,0.0,1,0,100.0
2026-04-29,MFC017,Morning,3.0,2.0,1.0,2109.77,2109.77,7.67,27.36,3.45,0.0,3,3,0,3,1.0,33.33,1,1,50.0
2026-04-29,MFC017,Evening,8.0,8.0,0.0,6637.52,6519.35,6.74,26.47,3.76,1.0,3,3,0,4,2.67,0.0,7,1,87.5
2026-04-29,MFC017,Night,1.0,1.0,0.0,1800.86,1800.86,9.73,24.53,3.7,0.0,3,3,0,3,0.33,0.0,1,0,100.0
2026-04-29,MFC018,Morning,6.0,5.0,1.0,8272.62,5511.59,8.54,27.01,3.4,0.0,3,3,0,5,2.0,16.67,3,2,60.0
2026-04-29,MFC018,Evening,8.0,7.0,1.0,8420.56,8004.94,8.75,25.51,3.7,1.0,3,2,1,0,4.0,12.5,4,3,57.14
2026-04-29,MFC018,Night,1.0,1.0,0.0,2760.05,2760.05,7.27,22.63,3.4,0.0,3,3,0,1,0.33,0.0,1,0,100.0
2026-04-30,MFC001,Morning,7.0,7.0,0.0,8708.85,8519.75,6.41,24.17,3.51,0.0,3,2,1,3,3.5,0.0,6,1,85.71
2026-04-30,MFC001,Evening,5.0,5.0,0.0,5443.91,5443.91,7.02,27.26,4.04,0.0,3,3,0,2,1.67,0.0,2,3,40.0
2026-04-30,MFC001,Night,1.0,1.0,0.0,1082.72,1082.72,6.81,24.83,3.9,0.0,3,3,0,0,0.33,0.0,1,0,100.0
2026-04-30,MFC002,Morning,3.0,2.0,1.0,2812.89,2317.21,5.31,24.13,3.33,0.0,3,2,1,2,1.5,33.33,2,0,100.0
2026-04-30,MFC002,Evening,4.0,4.0,0.0,6703.53,6703.53,7.31,24.16,3.92,0.0,3,3,0,2,1.33,0.0,4,0,100.0
2026-04-30,MFC002,Night,2.0,1.0,1.0,1237.28,556.33,5.37,19.56,2.4,0.0,3,3,0,1,0.67,50.0,1,0,100.0
2026-04-30,MFC003,Morning,4.0,4.0,0.0,2746.06,2746.06,7.16,22.31,3.88,0.0,3,3,0,3,1.33,0.0,4,0,100.0
2026-04-30,MFC003,Evening,13.0,12.0,1.0,21572.29,20368.78,6.6,24.44,3.28,0.0,4,3,1,4,4.33,7.69,9,3,75.0
2026-04-30,MFC003,Night,1.0,1.0,0.0,210.43,210.43,2.35,14.81,4.5,0.0,3,3,0,5,0.33,0.0,1,0,100.0
2026-04-30,MFC004,Morning,9.0,8.0,1.0,11035.92,8942.07,7.64,28.2,3.85,0.0,4,4,0,3,2.25,11.11,5,3,62.5
2026-04-30,MFC004,Evening,7.0,7.0,0.0,5010.31,5010.31,7.82,28.36,3.61,0.0,3,3,0,1,2.33,0.0,5,2,71.43
2026-04-30,MFC004,Night,0.0,0.0,0.0,0.0,0.0,,,,0.0,3,3,0,4,0.0,0.0,0,0,0.0
2026-04-30,MFC005,Morning,2.0,2.0,0.0,1607.43,1607.43,8.0,22.34,3.5,0.0,3,3,0,2,0.67,0.0,2,0,100.0
2026-04-30,MFC005,Evening,8.0,8.0,0.0,22230.0,22230.0,10.93,31.53,3.41,0.0,3,3,0,4,2.67,0.0,4,4,50.0
2026-04-30,MFC005,Night,2.0,2.0,0.0,1312.66,1312.66,7.5,19.37,3.85,0.0,3,3,0,0,0.67,0.0,2,0,100.0
2026-04-30,MFC006,Morning,2.0,1.0,1.0,1323.4,94.2,2.47,16.4,3.8,0.0,3,3,0,1,0.67,50.0,1,0,100.0
2026-04-30,MFC006,Evening,16.0,16.0,0.0,16521.26,15224.67,7.94,24.16,3.59,2.0,4,4,0,4,4.0,0.0,14,2,87.5
2026-04-30,MFC006,Night,0.0,0.0,0.0,0.0,0.0,,,,0.0,3,3,0,2,0.0,0.0,0,0,0.0
2026-04-30,MFC007,Morning,1.0,1.0,0.0,569.37,569.37,6.33,28.52,4.1,0.0,3,3,0,47,0.33,0.0,0,1,0.0
2026-04-30,MFC007,Evening,8.0,6.0,2.0,12387.11,10166.53,7.7,24.35,3.41,1.0,3,3,0,1,2.67,25.0,5,1,83.33
2026-04-30,MFC007,Night,0.0,0.0,0.0,0.0,0.0,,,,0.0,3,3,0,1,0.0,0.0,0,0,0.0
2026-04-30,MFC008,Morning,8.0,8.0,0.0,7311.04,7185.32,6.77,24.34,3.14,1.0,3,3,0,1,2.67,0.0,5,3,62.5
2026-04-30,MFC008,Evening,18.0,17.0,1.0,21497.17,20071.54,5.1,23.35,3.44,1.0,5,4,1,4,4.5,5.56,15,2,88.24
2026-04-30,MFC008,Night,4.0,4.0,0.0,5406.25,5406.25,7.79,32.32,3.4,0.0,3,3,0,0,1.33,0.0,2,2,50.0
2026-04-30,MFC009,Morning,5.0,5.0,0.0,7433.32,7433.32,4.83,21.89,3.36,0.0,3,3,0,1,1.67,0.0,5,0,100.0
2026-04-30,MFC009,Evening,8.0,8.0,0.0,11280.52,10910.46,7.22,25.08,3.98,1.0,3,3,0,5,2.67,0.0,8,0,100.0
2026-04-30,MFC009,Night,1.0,1.0,0.0,813.47,813.47,5.28,20.19,3.0,0.0,3,3,0,2,0.33,0.0,1,0,100.0
2026-04-30,MFC010,Morning,6.0,5.0,1.0,8552.56,7041.16,7.19,22.42,3.64,0.0,3,3,0,8,2.0,16.67,5,0,100.0
2026-04-30,MFC010,Evening,5.0,5.0,0.0,6552.64,6552.64,6.44,24.85,4.14,0.0,3,2,1,5,2.5,0.0,5,0,100.0
2026-04-30,MFC010,Night,1.0,1.0,0.0,368.0,368.0,6.34,16.8,4.5,0.0,3,3,0,1,0.33,0.0,1,0,100.0
2026-04-30,MFC011,Morning,8.0,6.0,2.0,5822.81,4071.08,6.54,24.56,3.26,0.0,3,3,0,6,2.67,25.0,5,1,83.33
2026-04-30,MFC011,Evening,12.0,12.0,0.0,13444.23,12509.57,6.66,26.41,3.67,1.0,4,4,0,4,3.0,0.0,10,2,83.33
2026-04-30,MFC011,Night,3.0,3.0,0.0,4462.39,4462.39,9.66,23.02,3.8,0.0,3,3,0,3,1.0,0.0,3,0,100.0
2026-04-30,MFC012,Morning,6.0,5.0,1.0,6170.41,4299.73,7.39,31.14,3.47,0.0,3,3,0,2,2.0,16.67,3,2,60.0
2026-04-30,MFC012,Evening,6.0,5.0,0.0,7991.03,7579.3,7.96,24.08,4.12,1.0,3,3,0,3,2.0,0.0,4,1,80.0
2026-04-30,MFC012,Night,2.0,1.0,1.0,2654.84,1900.54,8.68,30.45,3.8,1.0,3,3,0,3,0.67,50.0,0,1,0.0
2026-04-30,MFC013,Morning,3.0,2.0,0.0,1231.74,1231.74,4.8,22.81,4.7,0.0,3,3,0,5,1.0,0.0,1,1,50.0
2026-04-30,MFC013,Evening,9.0,9.0,0.0,9549.32,9325.94,8.09,25.14,3.68,1.0,4,4,0,2,2.25,0.0,5,4,55.56
2026-04-30,MFC013,Night,1.0,1.0,0.0,1397.16,1222.51,8.78,22.75,2.0,1.0,3,3,0,1,0.33,0.0,1,0,100.0
2026-04-30,MFC014,Morning,7.0,6.0,1.0,5503.65,4623.03,5.82,24.16,3.37,0.0,3,3,0,5,2.33,14.29,4,2,66.67
2026-04-30,MFC014,Evening,5.0,4.0,1.0,9870.73,9362.95,6.55,19.28,3.7,1.0,3,3,0,4,1.67,20.0,4,0,100.0
2026-04-30,MFC014,Night,0.0,0.0,0.0,0.0,0.0,,,,0.0,3,2,1,4,0.0,0.0,0,0,0.0
2026-04-30,MFC015,Morning,12.0,12.0,0.0,12518.88,12355.23,7.34,26.55,3.67,1.0,4,3,1,2,4.0,0.0,8,4,66.67
2026-04-30,MFC015,Evening,9.0,6.0,2.0,10319.94,9892.39,7.8,26.53,3.55,1.0,4,4,0,2,2.25,22.22,3,3,50.0
2026-04-30,MFC015,Night,2.0,2.0,0.0,5958.62,5958.62,10.48,23.5,3.15,0.0,3,3,0,3,0.67,0.0,2,0,100.0
2026-04-30,MFC016,Morning,4.0,4.0,0.0,5067.35,5067.35,6.92,25.6,3.78,0.0,3,3,0,0,1.33,0.0,4,0,100.0
2026-04-30,MFC016,Evening,10.0,10.0,0.0,8752.14,8547.42,5.74,23.01,3.67,2.0,4,4,0,1,2.5,0.0,9,1,90.0
2026-04-30,MFC016,Night,0.0,0.0,0.0,0.0,0.0,,,,0.0,3,2,1,3,0.0,0.0,0,0,0.0
2026-04-30,MFC017,Morning,7.0,7.0,0.0,6090.95,6090.95,6.35,22.5,3.93,0.0,3,3,0,2,2.33,0.0,7,0,100.0
2026-04-30,MFC017,Evening,13.0,13.0,0.0,15934.32,15569.51,7.38,24.75,3.15,2.0,4,4,0,4,3.25,0.0,10,3,76.92
2026-04-30,MFC017,Night,1.0,1.0,0.0,199.69,199.69,6.26,28.76,3.9,0.0,3,3,0,2,0.33,0.0,1,0,100.0
2026-04-30,MFC018,Morning,6.0,5.0,1.0,4537.29,4454.34,7.06,29.67,3.03,1.0,3,3,0,0,2.0,16.67,4,1,80.0
2026-04-30,MFC018,Evening,5.0,5.0,0.0,5483.46,5483.46,6.98,26.84,3.76,0.0,3,3,0,3,1.67,0.0,4,1,80.0
2026-04-30,MFC018,Night,1.0,1.0,0.0,936.39,936.39,8.81,49.37,3.5,0.0,3,3,0,1,0.33,0.0,0,1,0.0
2026-05-01,MFC001,Morning,11.0,11.0,0.0,8219.4,8219.4,6.06,26.63,3.46,0.0,4,4,0,66,2.75,0.0,10,1,90.91
2026-05-01,MFC001,Evening,11.0,10.0,1.0,12168.34,9926.96,7.82,24.4,2.93,2.0,4,4,0,2,2.75,9.09,8,2,80.0
2026-05-01,MFC001,Night,1.0,1.0,0.0,288.83,288.83,5.19,21.45,4.0,0.0,3,3,0,1,0.33,0.0,1,0,100.0
2026-05-01,MFC002,Morning,1.0,0.0,1.0,512.06,0.0,,,2.5,0.0,3,3,0,2,0.33,100.0,0,0,0.0
2026-05-01,MFC002,Evening,3.0,3.0,0.0,2152.04,2044.16,7.13,23.2,3.17,1.0,3,3,0,1,1.0,0.0,2,1,66.67
2026-05-01,MFC002,Night,1.0,1.0,0.0,926.35,926.35,2.6,14.57,4.9,0.0,3,3,0,1,0.33,0.0,1,0,100.0
2026-05-01,MFC003,Morning,8.0,7.0,0.0,15790.89,15790.89,7.53,24.23,3.7,0.0,3,3,0,3,2.67,0.0,6,1,85.71
2026-05-01,MFC003,Evening,12.0,11.0,1.0,16485.03,13320.36,6.87,25.64,3.33,0.0,4,2,2,3,6.0,8.33,8,3,72.73
2026-05-01,MFC003,Night,2.0,2.0,0.0,2542.6,2542.6,6.74,27.54,3.5,0.0,3,3,0,3,0.67,0.0,2,0,100.0
2026-05-01,MFC004,Morning,5.0,5.0,0.0,5450.83,5450.83,7.4,22.98,3.62,0.0,3,2,1,3,2.5,0.0,4,1,80.0
2026-05-01,MFC004,Evening,7.0,7.0,0.0,5535.03,5535.03,7.13,25.47,3.6,0.0,3,3,0,3,2.33,0.0,5,2,71.43
2026-05-01,MFC004,Night,1.0,1.0,0.0,526.24,151.29,6.79,20.78,1.7,0.0,3,3,0,3,0.33,0.0,1,0,100.0
2026-05-01,MFC005,Morning,8.0,8.0,0.0,3665.03,3665.03,6.52,23.82,3.71,0.0,3,2,1,2,4.0,0.0,6,2,75.0
2026-05-01,MFC005,Evening,10.0,9.0,1.0,11488.07,10970.84,8.23,25.92,3.71,0.0,4,3,1,2,3.33,10.0,9,0,100.0
2026-05-01,MFC005,Night,2.0,1.0,0.0,1079.93,1079.93,8.13,25.2,3.7,0.0,3,3,0,1,0.67,0.0,1,0,100.0
2026-05-01,MFC006,Morning,3.0,3.0,0.0,4744.07,4744.07,9.38,26.11,3.53,0.0,3,3,0,2,1.0,0.0,2,1,66.67
2026-05-01,MFC006,Evening,9.0,8.0,1.0,12691.65,12021.45,8.06,27.06,3.16,3.0,4,4,0,5,2.25,11.11,6,2,75.0
2026-05-01,MFC006,Night,3.0,3.0,0.0,3079.7,3079.7,7.86,22.99,3.4,0.0,3,3,0,4,1.0,0.0,3,0,100.0
2026-05-01,MFC007,Morning,5.0,4.0,1.0,5444.09,5262.83,8.26,29.54,3.5,0.0,3,3,0,1,1.67,20.0,2,2,50.0
2026-05-01,MFC007,Evening,9.0,9.0,0.0,6180.86,6180.86,6.18,25.78,3.78,0.0,4,4,0,4,2.25,0.0,6,3,66.67
2026-05-01,MFC007,Night,4.0,4.0,0.0,3806.46,3806.46,6.11,24.28,3.82,0.0,3,3,0,0,1.33,0.0,4,0,100.0
2026-05-01,MFC008,Morning,5.0,2.0,2.0,4128.6,2860.3,6.9,19.87,3.3,2.0,3,2,1,2,2.5,40.0,2,0,100.0
2026-05-01,MFC008,Evening,5.0,5.0,0.0,8757.94,8711.15,6.78,20.78,3.84,1.0,3,3,0,3,1.67,0.0,4,1,80.0
2026-05-01,MFC008,Night,2.0,2.0,0.0,1188.77,941.24,4.3,24.26,3.25,2.0,3,3,0,5,0.67,0.0,2,0,100.0
2026-05-01,MFC009,Morning,4.0,4.0,0.0,2331.75,2331.75,4.78,21.3,3.82,0.0,3,3,0,3,1.33,0.0,4,0,100.0
2026-05-01,MFC009,Evening,5.0,5.0,0.0,6908.96,4912.32,7.46,29.32,3.6,0.0,3,3,0,7,1.67,0.0,3,2,60.0
2026-05-01,MFC009,Night,1.0,1.0,0.0,1492.04,1492.04,8.97,25.42,4.1,0.0,3,3,0,2,0.33,0.0,1,0,100.0
2026-05-01,MFC010,Morning,2.0,2.0,0.0,1165.9,1165.9,6.6,20.76,3.5,0.0,3,3,0,2,0.67,0.0,2,0,100.0
2026-05-01,MFC010,Evening,7.0,7.0,0.0,6946.22,6946.22,6.62,23.05,3.83,0.0,3,2,1,3,3.5,0.0,5,2,71.43
2026-05-01,MFC010,Night,0.0,0.0,0.0,0.0,0.0,,,,0.0,3,3,0,1,0.0,0.0,0,0,0.0
2026-05-01,MFC011,Morning,3.0,3.0,0.0,3895.7,3895.7,7.38,22.35,3.63,0.0,3,3,0,2,1.0,0.0,3,0,100.0
2026-05-01,MFC011,Evening,10.0,8.0,1.0,12572.67,10239.99,8.95,27.73,3.64,1.0,4,4,0,2,2.5,10.0,6,2,75.0
2026-05-01,MFC011,Night,5.0,5.0,0.0,6427.16,6427.16,7.33,22.89,3.96,0.0,3,2,1,5,2.5,0.0,5,0,100.0
2026-05-01,MFC012,Morning,5.0,5.0,0.0,2868.52,2868.52,5.82,20.92,3.7,0.0,3,3,0,74,1.67,0.0,5,0,100.0
2026-05-01,MFC012,Evening,4.0,3.0,0.0,2504.45,2504.45,5.31,21.23,3.9,1.0,3,2,1,1,2.0,0.0,2,1,66.67
2026-05-01,MFC012,Night,1.0,1.0,0.0,816.65,816.65,4.48,34.47,3.9,0.0,3,3,0,0,0.33,0.0,1,0,100.0
2026-05-01,MFC013,Morning,4.0,4.0,0.0,1659.92,1435.93,5.36,21.04,3.28,2.0,3,3,0,1,1.33,0.0,4,0,100.0
2026-05-01,MFC013,Evening,11.0,11.0,0.0,12224.9,12151.2,7.16,24.56,3.64,2.0,4,3,1,3,3.67,0.0,10,1,90.91
2026-05-01,MFC013,Night,2.0,2.0,0.0,2434.28,2434.28,5.45,23.13,3.45,0.0,3,2,1,3,1.0,0.0,2,0,100.0
2026-05-01,MFC014,Morning,6.0,6.0,0.0,6955.28,6955.28,6.45,22.41,3.85,0.0,3,3,0,6,2.0,0.0,5,1,83.33
2026-05-01,MFC014,Evening,14.0,14.0,0.0,16432.22,15940.04,6.37,26.01,3.61,2.0,4,3,1,2,4.67,0.0,11,3,78.57
2026-05-01,MFC014,Night,0.0,0.0,0.0,0.0,0.0,,,,0.0,3,3,0,2,0.0,0.0,0,0,0.0
2026-05-01,MFC015,Morning,9.0,9.0,0.0,10657.49,10485.34,7.3,26.54,3.53,1.0,4,3,1,1,3.0,0.0,8,1,88.89
2026-05-01,MFC015,Evening,8.0,7.0,1.0,6981.03,5917.85,9.07,31.48,3.44,2.0,3,3,0,2,2.67,12.5,3,4,42.86
2026-05-01,MFC015,Night,1.0,1.0,0.0,1014.83,1014.83,7.34,19.25,3.9,0.0,3,3,0,3,0.33,0.0,1,0,100.0
2026-05-01,MFC016,Morning,8.0,8.0,0.0,10387.07,10015.81,8.01,23.64,3.85,1.0,3,2,1,4,4.0,0.0,6,2,75.0
2026-05-01,MFC016,Evening,7.0,6.0,0.0,8666.99,8666.99,7.59,26.66,3.35,0.0,3,3,0,5,2.33,0.0,6,0,100.0
2026-05-01,MFC016,Night,2.0,2.0,0.0,1882.72,1882.72,5.16,14.68,3.75,0.0,3,3,0,2,0.67,0.0,2,0,100.0
2026-05-01,MFC017,Morning,4.0,4.0,0.0,2861.94,2565.26,8.78,29.9,3.45,2.0,3,2,1,4,2.0,0.0,3,1,75.0
2026-05-01,MFC017,Evening,9.0,8.0,1.0,13533.19,12212.03,8.41,24.9,3.9,1.0,4,4,0,1,2.25,11.11,6,2,75.0
2026-05-01,MFC017,Night,2.0,2.0,0.0,1737.67,1737.67,3.42,17.94,3.55,0.0,3,2,1,68,1.0,0.0,2,0,100.0
2026-05-01,MFC018,Morning,1.0,1.0,0.0,2750.83,2357.85,11.27,26.5,3.9,1.0,3,3,0,6,0.33,0.0,1,0,100.0
2026-05-01,MFC018,Evening,1.0,1.0,0.0,445.88,445.88,6.23,19.01,3.3,0.0,3,3,0,2,0.33,0.0,1,0,100.0
2026-05-01,MFC018,Night,0.0,0.0,0.0,0.0,0.0,,,,0.0,3,3,0,3,0.0,0.0,0,0,0.0
2026-05-02,MFC001,Morning,4.0,4.0,0.0,3908.51,3694.55,8.08,24.61,3.78,1.0,3,3,0,1,1.33,0.0,3,1,75.0
2026-05-02,MFC001,Evening,5.0,5.0,0.0,5698.33,5622.17,7.42,24.64,3.62,1.0,3,3,0,4,1.67,0.0,4,1,80.0
2026-05-02,MFC001,Night,3.0,3.0,0.0,2699.02,2699.02,6.44,24.31,4.07,0.0,3,2,1,2,1.5,0.0,3,0,100.0
2026-05-02,MFC002,Morning,6.0,6.0,0.0,7869.17,7511.51,7.38,25.61,4.07,1.0,3,3,0,4,2.0,0.0,4,2,66.67
2026-05-02,MFC002,Evening,8.0,7.0,1.0,8721.13,8493.1,7.24,27.41,3.21,1.0,3,3,0,5,2.67,12.5,6,1,85.71
2026-05-02,MFC002,Night,3.0,3.0,0.0,3033.86,3033.86,5.59,21.79,3.17,0.0,3,2,1,4,1.5,0.0,3,0,100.0
2026-05-02,MFC003,Morning,12.0,11.0,0.0,13056.35,9623.34,7.06,23.83,3.48,1.0,4,4,0,1,3.0,0.0,9,2,81.82
2026-05-02,MFC003,Evening,12.0,12.0,0.0,10647.78,10140.58,6.5,26.14,3.58,1.0,4,4,0,1,3.0,0.0,9,3,75.0
2026-05-02,MFC003,Night,2.0,2.0,0.0,3797.8,3797.8,6.94,23.02,4.15,0.0,3,2,1,3,1.0,0.0,1,1,50.0
2026-05-02,MFC004,Morning,8.0,8.0,0.0,8228.51,8228.51,7.54,26.28,3.69,0.0,3,3,0,0,2.67,0.0,7,1,87.5
2026-05-02,MFC004,Evening,5.0,5.0,0.0,8923.59,8764.19,11.06,34.8,3.04,1.0,3,3,0,5,1.67,0.0,2,3,40.0
2026-05-02,MFC004,Night,4.0,3.0,1.0,5032.06,2055.14,3.94,19.99,3.53,0.0,3,3,0,2,1.33,25.0,3,0,100.0
2026-05-02,MFC005,Morning,15.0,13.0,2.0,15940.08,14827.76,8.37,26.93,3.76,3.0,4,4,0,7,3.75,13.33,10,3,76.92
2026-05-02,MFC005,Evening,11.0,11.0,0.0,9691.4,8540.43,7.18,23.06,3.49,2.0,4,4,0,53,2.75,0.0,8,3,72.73
2026-05-02,MFC005,Night,1.0,1.0,0.0,394.54,394.54,4.86,18.51,2.9,0.0,3,3,0,5,0.33,0.0,1,0,100.0
2026-05-02,MFC006,Morning,5.0,5.0,0.0,4129.55,4129.55,6.47,22.46,3.42,0.0,3,3,0,5,1.67,0.0,4,1,80.0
2026-05-02,MFC006,Evening,4.0,4.0,0.0,9912.06,9563.77,8.35,24.96,3.45,1.0,3,3,0,5,1.33,0.0,3,1,75.0
2026-05-02,MFC006,Night,0.0,0.0,0.0,0.0,0.0,,,,0.0,3,3,0,2,0.0,0.0,0,0,0.0
2026-05-02,MFC007,Morning,10.0,10.0,0.0,16714.97,16714.97,7.12,21.66,3.68,0.0,4,4,0,3,2.5,0.0,8,2,80.0
2026-05-02,MFC007,Evening,10.0,8.0,2.0,10861.5,9068.76,7.6,24.23,3.19,1.0,4,4,0,1,2.5,20.0,5,3,62.5
2026-05-02,MFC007,Night,1.0,1.0,0.0,828.0,828.0,4.81,17.58,4.3,0.0,3,3,0,33,0.33,0.0,1,0,100.0
2026-05-02,MFC008,Morning,10.0,9.0,1.0,14083.66,8761.71,6.89,25.8,3.21,3.0,4,4,0,4,2.5,10.0,7,2,77.78
2026-05-02,MFC008,Evening,11.0,10.0,1.0,13935.9,11203.71,6.08,23.28,3.35,0.0,4,2,2,0,5.5,9.09,10,0,100.0
2026-05-02,MFC008,Night,2.0,2.0,0.0,3688.53,3438.03,6.94,24.12,3.5,1.0,3,3,0,3,0.67,0.0,2,0,100.0
2026-05-02,MFC009,Morning,6.0,6.0,0.0,6904.46,6782.13,8.24,27.46,3.53,1.0,3,3,0,5,2.0,0.0,5,1,83.33
2026-05-02,MFC009,Evening,8.0,8.0,0.0,6945.84,6945.84,5.69,25.28,3.74,0.0,3,3,0,3,2.67,0.0,7,1,87.5
2026-05-02,MFC009,Night,2.0,2.0,0.0,4351.01,4351.01,5.52,24.43,4.8,0.0,3,3,0,2,0.67,0.0,2,0,100.0
2026-05-02,MFC010,Morning,6.0,6.0,0.0,6698.49,6545.66,6.48,24.23,3.68,1.0,3,3,0,56,2.0,0.0,4,2,66.67
2026-05-02,MFC010,Evening,10.0,9.0,1.0,13057.65,11889.89,7.55,25.37,3.65,3.0,4,3,1,1,3.33,10.0,4,5,44.44
2026-05-02,MFC010,Night,2.0,1.0,1.0,2434.1,1181.01,6.28,23.0,3.1,0.0,3,3,0,1,0.67,50.0,1,0,100.0
2026-05-02,MFC011,Morning,8.0,8.0,0.0,6673.88,6396.16,7.44,26.37,3.9,1.0,3,2,1,4,4.0,0.0,6,2,75.0
2026-05-02,MFC011,Evening,15.0,14.0,1.0,20271.27,19015.81,8.73,27.44,3.24,5.0,4,4,0,2,3.75,6.67,10,4,71.43
2026-05-02,MFC011,Night,2.0,2.0,0.0,2078.64,1761.66,4.68,21.72,3.05,1.0,3,3,0,3,0.67,0.0,2,0,100.0
2026-05-02,MFC012,Morning,5.0,5.0,0.0,8471.13,8258.05,8.84,26.58,3.88,1.0,3,3,0,2,1.67,0.0,3,2,60.0
2026-05-02,MFC012,Evening,7.0,7.0,0.0,8403.04,8215.25,8.26,27.69,3.79,1.0,3,2,1,2,3.5,0.0,6,1,85.71
2026-05-02,MFC012,Night,1.0,1.0,0.0,1016.09,1016.09,3.25,26.32,3.2,0.0,3,2,1,1,0.5,0.0,1,0,100.0
2026-05-02,MFC013,Morning,7.0,6.0,1.0,11025.24,9175.85,6.35,23.61,3.57,2.0,3,3,0,2,2.33,14.29,4,2,66.67
2026-05-02,MFC013,Evening,10.0,10.0,0.0,8832.7,8705.31,5.24,24.78,3.69,2.0,4,4,0,1,2.5,0.0,9,1,90.0
2026-05-02,MFC013,Night,4.0,4.0,0.0,3994.32,3891.97,5.79,26.14,3.3,1.0,3,3,0,4,1.33,0.0,4,0,100.0
2026-05-02,MFC014,Morning,5.0,4.0,1.0,6761.06,4710.56,6.23,27.13,3.52,2.0,3,3,0,2,1.67,20.0,3,1,75.0
2026-05-02,MFC014,Evening,9.0,8.0,1.0,9302.02,7603.64,5.82,25.75,3.29,2.0,4,4,0,3,2.25,11.11,6,2,75.0
2026-05-02,MFC014,Night,2.0,2.0,0.0,1588.12,1588.12,4.23,20.16,4.0,0.0,3,3,0,2,0.67,0.0,2,0,100.0
2026-05-02,MFC015,Morning,6.0,5.0,1.0,10804.5,7925.49,7.67,23.73,3.32,3.0,3,3,0,1,2.0,16.67,3,2,60.0
2026-05-02,MFC015,Evening,8.0,7.0,0.0,7765.01,7765.01,5.89,23.58,3.61,0.0,3,3,0,2,2.67,0.0,7,0,100.0
2026-05-02,MFC015,Night,2.0,2.0,0.0,2841.81,2841.81,6.25,20.42,3.5,0.0,3,3,0,3,0.67,0.0,2,0,100.0
2026-05-02,MFC016,Morning,10.0,10.0,0.0,9298.38,8766.74,4.87,22.87,3.83,2.0,4,4,0,2,2.5,0.0,9,1,90.0
2026-05-02,MFC016,Evening,13.0,11.0,2.0,15619.5,14277.2,6.51,26.4,3.4,2.0,4,4,0,0,3.25,15.38,10,1,90.91
2026-05-02,MFC016,Night,3.0,3.0,0.0,1027.35,816.55,5.24,21.83,3.63,2.0,3,3,0,2,1.0,0.0,3,0,100.0
2026-05-02,MFC017,Morning,8.0,8.0,0.0,10203.31,9990.92,7.62,25.51,3.68,1.0,3,3,0,27,2.67,0.0,6,2,75.0
2026-05-02,MFC017,Evening,10.0,10.0,0.0,14381.7,14001.84,8.2,25.58,3.6,3.0,4,4,0,2,2.5,0.0,8,2,80.0
2026-05-02,MFC017,Night,2.0,2.0,0.0,3303.31,3303.31,9.48,27.35,4.1,0.0,3,3,0,2,0.67,0.0,1,1,50.0
2026-05-02,MFC018,Morning,5.0,5.0,0.0,8582.32,8170.75,6.27,24.44,3.22,1.0,3,3,0,1,1.67,0.0,5,0,100.0
2026-05-02,MFC018,Evening,5.0,3.0,2.0,6132.57,2756.13,8.38,27.74,3.5,1.0,3,3,0,1,1.67,40.0,2,1,66.67
2026-05-02,MFC018,Night,0.0,0.0,0.0,0.0,0.0,,,,0.0,3,3,0,2,0.0,0.0,0,0,0.0
2026-05-03,MFC001,Morning,8.0,8.0,0.0,12413.01,11540.24,9.83,27.62,3.6,0.0,3,2,1,2,4.0,0.0,6,2,75.0
2026-05-03,MFC001,Evening,11.0,11.0,0.0,11817.91,9854.66,5.81,23.21,3.46,1.0,4,4,0,3,2.75,0.0,9,2,81.82
2026-05-03,MFC001,Night,0.0,0.0,0.0,0.0,0.0,,,,0.0,3,3,0,3,0.0,0.0,0,0,0.0
2026-05-03,MFC002,Morning,4.0,4.0,0.0,3756.51,3694.94,6.76,23.58,3.15,1.0,3,3,0,2,1.33,0.0,4,0,100.0
2026-05-03,MFC002,Evening,11.0,11.0,0.0,11953.59,10181.71,7.75,23.6,3.21,4.0,4,4,0,2,2.75,0.0,8,3,72.73
2026-05-03,MFC002,Night,1.0,1.0,0.0,555.03,555.03,7.04,20.1,4.2,0.0,3,2,1,4,0.5,0.0,1,0,100.0
2026-05-03,MFC003,Morning,4.0,4.0,0.0,4558.27,4558.27,6.81,22.14,3.8,0.0,3,3,0,2,1.33,0.0,4,0,100.0
2026-05-03,MFC003,Evening,8.0,8.0,0.0,9953.61,9878.26,6.74,24.12,3.68,1.0,3,3,0,1,2.67,0.0,6,2,75.0
2026-05-03,MFC003,Night,4.0,4.0,0.0,6880.63,6430.51,7.47,22.16,3.95,2.0,3,3,0,2,1.33,0.0,4,0,100.0
2026-05-03,MFC004,Morning,10.0,9.0,1.0,13708.13,12765.74,9.46,24.07,3.49,1.0,4,3,1,3,3.33,10.0,6,3,66.67
2026-05-03,MFC004,Evening,8.0,8.0,0.0,11819.79,11284.17,7.75,24.89,3.32,1.0,3,3,0,1,2.67,0.0,6,2,75.0
2026-05-03,MFC004,Night,3.0,3.0,0.0,3041.54,3041.54,8.86,26.86,3.6,0.0,3,3,0,3,1.0,0.0,3,0,100.0
2026-05-03,MFC005,Morning,3.0,3.0,0.0,2480.15,2480.15,7.69,25.61,3.9,0.0,3,2,1,3,1.5,0.0,3,0,100.0
2026-05-03,MFC005,Evening,15.0,14.0,1.0,19043.06,15882.5,8.54,24.96,3.45,3.0,4,4,0,3,3.75,6.67,11,3,78.57
2026-05-03,MFC005,Night,2.0,1.0,1.0,2626.96,1127.24,6.65,24.39,4.2,1.0,3,3,0,4,0.67,50.0,1,0,100.0
2026-05-03,MFC006,Morning,6.0,6.0,0.0,4267.17,4078.21,7.59,24.44,3.7,1.0,3,3,0,3,2.0,0.0,4,2,66.67
2026-05-03,MFC006,Evening,9.0,7.0,2.0,10015.16,5366.64,8.66,25.57,3.09,4.0,4,4,0,2,2.25,22.22,5,2,71.43
2026-05-03,MFC006,Night,4.0,3.0,1.0,4685.16,4541.01,5.89,23.24,3.9,0.0,3,3,0,1,1.33,25.0,3,0,100.0
2026-05-03,MFC007,Morning,7.0,7.0,0.0,9288.06,9288.06,7.8,28.23,3.64,0.0,3,3,0,1,2.33,0.0,3,4,42.86
2026-05-03,MFC007,Evening,14.0,14.0,0.0,13249.65,12846.27,7.93,24.78,3.51,3.0,4,4,0,3,3.5,0.0,9,5,64.29
2026-05-03,MFC007,Night,3.0,2.0,1.0,5511.1,5179.56,6.2,20.45,3.4,0.0,3,2,1,2,1.5,33.33,2,0,100.0
2026-05-03,MFC008,Morning,8.0,6.0,2.0,12022.64,10564.56,8.63,26.0,3.09,1.0,3,3,0,3,2.67,25.0,4,2,66.67
2026-05-03,MFC008,Evening,13.0,12.0,1.0,15731.09,13752.82,7.73,22.69,3.98,3.0,4,4,0,1,3.25,7.69,12,0,100.0
2026-05-03,MFC008,Night,1.0,1.0,0.0,360.97,360.97,3.1,20.6,4.0,0.0,3,3,0,1,0.33,0.0,1,0,100.0
2026-05-03,MFC009,Morning,11.0,10.0,1.0,10920.54,10749.47,6.9,24.12,3.35,1.0,4,4,0,1,2.75,9.09,8,2,80.0
2026-05-03,MFC009,Evening,5.0,3.0,2.0,3233.46,1678.34,4.98,21.01,3.04,0.0,3,3,0,1,1.67,40.0,3,0,100.0
2026-05-03,MFC009,Night,3.0,2.0,1.0,7605.63,7215.81,7.26,18.73,3.8,0.0,3,3,0,5,1.0,33.33,2,0,100.0
2026-05-03,MFC010,Morning,5.0,4.0,0.0,4413.77,4340.98,8.83,25.67,3.78,2.0,3,3,0,0,1.67,0.0,2,2,50.0
2026-05-03,MFC010,Evening,6.0,6.0,0.0,6959.8,6232.98,9.41,27.62,3.43,4.0,3,3,0,3,2.0,0.0,5,1,83.33
2026-05-03,MFC010,Night,4.0,4.0,0.0,6100.95,6100.95,5.03,16.67,3.8,0.0,3,2,1,4,2.0,0.0,4,0,100.0
2026-05-03,MFC011,Morning,9.0,9.0,0.0,14510.02,13800.3,7.97,23.5,3.04,3.0,4,4,0,5,2.25,0.0,7,2,77.78
2026-05-03,MFC011,Evening,11.0,10.0,1.0,8634.14,7231.19,7.62,24.07,3.3,2.0,4,3,1,5,3.67,9.09,9,1,90.0
2026-05-03,MFC011,Night,2.0,1.0,0.0,1987.59,1987.59,3.5,18.41,3.4,0.0,3,3,0,0,0.67,0.0,1,0,100.0
2026-05-03,MFC012,Morning,9.0,9.0,0.0,7138.88,7138.88,5.95,21.79,3.28,0.0,4,2,2,4,4.5,0.0,9,0,100.0
2026-05-03,MFC012,Evening,7.0,6.0,1.0,4216.0,3472.17,7.28,26.82,3.23,2.0,3,3,0,6,2.33,14.29,5,1,83.33
2026-05-03,MFC012,Night,0.0,0.0,0.0,0.0,0.0,,,,0.0,3,3,0,1,0.0,0.0,0,0,0.0
2026-05-03,MFC013,Morning,5.0,5.0,0.0,3994.54,3810.73,6.51,27.52,3.5,1.0,3,3,0,7,1.67,0.0,4,1,80.0
2026-05-03,MFC013,Evening,7.0,5.0,1.0,6435.0,5096.33,5.65,25.58,3.6,1.0,3,3,0,3,2.33,14.29,4,1,80.0
2026-05-03,MFC013,Night,3.0,3.0,0.0,2202.27,2202.27,5.39,20.4,3.37,0.0,3,3,0,2,1.0,0.0,3,0,100.0
2026-05-03,MFC014,Morning,5.0,5.0,0.0,6230.28,6230.28,7.03,27.69,4.06,0.0,3,3,0,2,1.67,0.0,4,1,80.0
2026-05-03,MFC014,Evening,13.0,11.0,2.0,11126.6,9931.69,5.41,23.78,3.51,1.0,4,4,0,3,3.25,15.38,10,1,90.91
2026-05-03,MFC014,Night,1.0,1.0,0.0,493.56,394.85,5.0,15.56,3.0,1.0,3,3,0,4,0.33,0.0,1,0,100.0
2026-05-03,MFC015,Morning,5.0,5.0,0.0,6346.06,6238.08,6.36,21.4,3.64,1.0,3,3,0,3,1.67,0.0,5,0,100.0
2026-05-03,MFC015,Evening,10.0,10.0,0.0,11879.78,11879.78,8.96,27.56,3.54,0.0,4,3,1,2,3.33,0.0,6,4,60.0
2026-05-03,MFC015,Night,1.0,1.0,0.0,1054.09,1054.09,3.9,17.63,4.2,0.0,3,3,0,3,0.33,0.0,1,0,100.0
2026-05-03,MFC016,Morning,8.0,8.0,0.0,10009.99,9560.05,7.27,22.8,3.06,2.0,3,3,0,4,2.67,0.0,6,2,75.0
2026-05-03,MFC016,Evening,14.0,14.0,0.0,12580.13,11609.91,6.54,25.01,3.54,4.0,4,3,1,5,4.67,0.0,10,4,71.43
2026-05-03,MFC016,Night,1.0,1.0,0.0,712.94,356.47,6.95,19.15,2.7,1.0,3,2,1,1,0.5,0.0,1,0,100.0
2026-05-03,MFC017,Morning,10.0,9.0,0.0,9985.62,9888.81,7.49,25.57,3.36,1.0,4,3,1,2,3.33,0.0,8,1,88.89
2026-05-03,MFC017,Evening,11.0,10.0,1.0,8517.11,6937.86,6.93,27.67,3.33,3.0,4,4,0,5,2.75,9.09,8,2,80.0
2026-05-03,MFC017,Night,1.0,1.0,0.0,299.78,299.78,5.06,18.07,3.0,0.0,3,2,1,0,0.5,0.0,1,0,100.0
2026-05-03,MFC018,Morning,2.0,2.0,0.0,2089.16,1995.37,7.49,25.36,3.3,1.0,3,2,1,56,1.0,0.0,1,1,50.0
2026-05-03,MFC018,Evening,10.0,9.0,1.0,15953.16,15549.84,8.91,28.04,3.59,2.0,4,4,0,2,2.5,10.0,6,3,66.67
2026-05-03,MFC018,Night,0.0,0.0,0.0,0.0,0.0,,,,0.0,3,3,0,2,0.0,0.0,0,0,0.0
2026-05-04,MFC001,Morning,7.0,7.0,0.0,6822.67,6747.92,7.88,24.23,3.39,1.0,3,3,0,1,2.33,0.0,6,1,85.71
2026-05-04,MFC001,Evening,5.0,5.0,0.0,4720.5,4594.35,6.44,22.99,4.02,1.0,3,3,0,1,1.67,0.0,5,0,100.0
2026-05-04,MFC001,Night,0.0,0.0,0.0,0.0,0.0,,,,0.0,3,3,0,2,0.0,0.0,0,0,0.0
2026-05-04,MFC002,Morning,2.0,2.0,0.0,1619.63,1619.63,5.44,20.14,3.85,0.0,3,3,0,4,0.67,0.0,2,0,100.0
2026-05-04,MFC002,Evening,4.0,2.0,2.0,2796.04,1731.62,6.03,23.75,3.63,0.0,3,3,0,2,1.33,50.0,2,0,100.0
2026-05-04,MFC002,Night,2.0,2.0,0.0,2509.27,2509.27,7.18,18.49,4.7,0.0,3,2,1,4,1.0,0.0,2,0,100.0
2026-05-04,MFC003,Morning,7.0,7.0,0.0,11989.03,11989.03,7.86,26.63,3.89,0.0,3,2,1,2,3.5,0.0,6,1,85.71
2026-05-04,MFC003,Evening,13.0,11.0,2.0,19485.81,15498.03,6.84,24.89,3.56,3.0,4,4,0,2,3.25,15.38,9,2,81.82
2026-05-04,MFC003,Night,1.0,1.0,0.0,1007.64,1007.64,2.85,18.04,3.2,0.0,3,3,0,1,0.33,0.0,1,0,100.0
2026-05-04,MFC004,Morning,9.0,9.0,0.0,12983.93,12619.78,9.81,24.41,3.27,2.0,4,4,0,2,2.25,0.0,6,3,66.67
2026-05-04,MFC004,Evening,9.0,8.0,1.0,12123.07,11806.42,8.18,26.42,3.89,0.0,4,3,1,6,3.0,11.11,7,1,87.5
2026-05-04,MFC004,Night,0.0,0.0,0.0,0.0,0.0,,,,0.0,3,3,0,4,0.0,0.0,0,0,0.0
2026-05-04,MFC005,Morning,4.0,4.0,0.0,8183.74,7862.28,8.66,30.14,3.9,1.0,3,3,0,1,1.33,0.0,3,1,75.0
2026-05-04,MFC005,Evening,10.0,10.0,0.0,16685.4,16619.61,9.93,32.88,3.6,1.0,4,4,0,2,2.5,0.0,5,5,50.0
2026-05-04,MFC005,Night,2.0,1.0,1.0,770.02,526.71,8.25,24.03,4.0,0.0,3,2,1,1,1.0,50.0,1,0,100.0
2026-05-04,MFC006,Morning,2.0,2.0,0.0,3023.81,2855.2,13.78,33.5,3.85,1.0,3,3,0,3,0.67,0.0,0,2,0.0
2026-05-04,MFC006,Evening,7.0,7.0,0.0,4427.41,4238.96,7.88,23.57,3.24,1.0,3,3,0,1,2.33,0.0,6,1,85.71
2026-05-04,MFC006,Night,3.0,2.0,1.0,1289.81,885.97,3.68,20.28,3.47,0.0,3,3,0,2,1.0,33.33,2,0,100.0
2026-05-04,MFC007,Morning,10.0,8.0,2.0,9209.66,8420.3,8.04,28.98,3.6,1.0,4,3,1,2,3.33,20.0,4,4,50.0
2026-05-04,MFC007,Evening,3.0,3.0,0.0,3348.95,3348.95,8.85,24.55,4.3,0.0,3,3,0,3,1.0,0.0,3,0,100.0
2026-05-04,MFC007,Night,2.0,1.0,1.0,4640.9,2163.78,10.57,23.02,3.45,0.0,3,2,1,3,1.0,50.0,1,0,100.0
2026-05-04,MFC008,Morning,10.0,9.0,1.0,14806.75,14054.43,7.61,26.52,3.57,1.0,4,4,0,0,2.5,10.0,8,1,88.89
2026-05-04,MFC008,Evening,17.0,16.0,0.0,14751.89,14056.18,5.63,22.58,3.35,4.0,5,5,0,2,3.4,0.0,16,0,100.0
2026-05-04,MFC008,Night,3.0,2.0,1.0,4396.62,3976.31,6.92,20.92,4.05,0.0,3,3,0,0,1.0,33.33,2,0,100.0
2026-05-04,MFC009,Morning,5.0,5.0,0.0,5408.6,5328.4,6.55,24.38,3.44,1.0,3,3,0,1,1.67,0.0,4,1,80.0
2026-05-04,MFC009,Evening,5.0,5.0,0.0,9001.33,8798.1,8.37,28.95,3.56,1.0,3,3,0,3,1.67,0.0,4,1,80.0
2026-05-04,MFC009,Night,1.0,1.0,0.0,810.28,810.28,5.46,23.61,3.9,0.0,3,3,0,2,0.33,0.0,1,0,100.0
2026-05-04,MFC010,Morning,8.0,8.0,0.0,7582.62,7582.62,7.09,25.32,3.68,0.0,3,3,0,17,2.67,0.0,7,1,87.5
2026-05-04,MFC010,Evening,5.0,5.0,0.0,5712.64,5164.15,5.79,24.16,3.9,0.0,3,3,0,1,1.67,0.0,5,0,100.0
2026-05-04,MFC010,Night,0.0,0.0,0.0,0.0,0.0,,,,0.0,3,3,0,4,0.0,0.0,0,0,0.0
2026-05-04,MFC011,Morning,9.0,8.0,1.0,5646.09,5571.75,5.57,22.75,3.52,0.0,4,3,1,2,3.0,11.11,7,1,87.5
2026-05-04,MFC011,Evening,10.0,10.0,0.0,9899.6,9372.64,8.41,30.42,3.41,2.0,4,4,0,0,2.5,0.0,7,3,70.0
2026-05-04,MFC011,Night,1.0,1.0,0.0,805.6,805.6,3.01,11.18,3.3,0.0,3,3,0,4,0.33,0.0,1,0,100.0
2026-05-04,MFC012,Morning,2.0,2.0,0.0,4307.91,4307.91,6.97,33.63,4.1,0.0,3,3,0,2,0.67,0.0,1,1,50.0
2026-05-04,MFC012,Evening,11.0,11.0,0.0,13852.21,13572.78,7.36,26.5,3.35,2.0,4,4,0,5,2.75,0.0,7,4,63.64
2026-05-04,MFC012,Night,1.0,0.0,1.0,417.6,0.0,,,1.3,0.0,3,3,0,4,0.33,100.0,0,0,0.0
2026-05-04,MFC013,Morning,5.0,5.0,0.0,6724.61,6411.34,7.48,20.85,3.72,1.0,3,3,0,0,1.67,0.0,5,0,100.0
2026-05-04,MFC013,Evening,7.0,6.0,1.0,7739.22,7146.18,7.13,26.68,3.07,3.0,3,3,0,2,2.33,14.29,5,1,83.33
2026-05-04,MFC013,Night,1.0,1.0,0.0,500.77,500.77,7.75,23.24,3.5,0.0,3,3,0,1,0.33,0.0,1,0,100.0
2026-05-04,MFC014,Morning,3.0,3.0,0.0,3676.84,3422.85,6.21,33.78,3.67,1.0,3,3,0,3,1.0,0.0,0,3,0.0
2026-05-04,MFC014,Evening,10.0,8.0,2.0,6369.02,4839.56,5.15,25.78,3.89,0.0,4,3,1,1,3.33,20.0,7,1,87.5
2026-05-04,MFC014,Night,4.0,4.0,0.0,3456.97,3456.97,3.91,22.53,3.78,0.0,3,3,0,3,1.33,0.0,4,0,100.0
2026-05-04,MFC015,Morning,8.0,7.0,1.0,12867.76,11189.68,7.92,24.42,3.77,1.0,3,3,0,2,2.67,12.5,6,1,85.71
2026-05-04,MFC015,Evening,13.0,13.0,0.0,15563.02,14710.72,8.5,28.9,3.28,2.0,4,4,0,4,3.25,0.0,10,3,76.92
2026-05-04,MFC015,Night,2.0,2.0,0.0,1003.08,1003.08,5.42,17.18,3.25,0.0,3,3,0,2,0.67,0.0,2,0,100.0
2026-05-04,MFC016,Morning,3.0,3.0,0.0,2640.12,2640.12,6.98,27.27,3.97,0.0,3,2,1,72,1.5,0.0,2,1,66.67
2026-05-04,MFC016,Evening,14.0,14.0,0.0,18906.39,17784.48,6.52,24.46,3.36,2.0,4,3,1,2,4.67,0.0,14,0,100.0
2026-05-04,MFC016,Night,0.0,0.0,0.0,0.0,0.0,,,,0.0,3,3,0,1,0.0,0.0,0,0,0.0
2026-05-04,MFC017,Morning,7.0,7.0,0.0,15687.61,15580.58,8.58,25.2,3.33,1.0,3,3,0,2,2.33,0.0,5,2,71.43
2026-05-04,MFC017,Evening,5.0,4.0,0.0,2719.22,2719.22,6.74,25.8,3.15,0.0,3,2,1,4,2.5,0.0,2,2,50.0
2026-05-04,MFC017,Night,1.0,1.0,0.0,359.14,359.14,4.79,25.89,2.7,0.0,3,3,0,1,0.33,0.0,1,0,100.0
2026-05-04,MFC018,Morning,2.0,2.0,0.0,1807.83,1646.25,6.75,19.56,3.45,1.0,3,2,1,4,1.0,0.0,2,0,100.0
2026-05-04,MFC018,Evening,5.0,4.0,1.0,6287.91,4050.48,6.68,23.24,3.82,1.0,3,2,1,2,2.5,20.0,1,3,25.0
2026-05-04,MFC018,Night,0.0,0.0,0.0,0.0,0.0,,,,0.0,3,2,1,1,0.0,0.0,0,0,0.0
2026-05-05,MFC001,Morning,6.0,5.0,1.0,7003.86,4166.43,4.92,26.74,3.47,1.0,3,3,0,4,2.0,16.67,4,1,80.0
2026-05-05,MFC001,Evening,12.0,12.0,0.0,9940.67,9940.67,7.86,28.57,3.35,0.0,4,4,0,1,3.0,0.0,7,5,58.33
2026-05-05,MFC001,Night,2.0,2.0,0.0,2095.6,2095.6,6.79,19.97,3.35,0.0,3,3,0,2,0.67,0.0,2,0,100.0
2026-05-05,MFC002,Morning,3.0,3.0,0.0,3766.04,3766.04,8.92,32.41,3.8,0.0,3,2,1,2,1.5,0.0,2,1,66.67
2026-05-05,MFC002,Evening,5.0,5.0,0.0,2643.6,2617.57,9.33,29.85,3.5,1.0,3,3,0,31,1.67,0.0,2,3,40.0
2026-05-05,MFC002,Night,0.0,0.0,0.0,0.0,0.0,,,,0.0,3,3,0,2,0.0,0.0,0,0,0.0
2026-05-05,MFC003,Morning,6.0,5.0,0.0,7892.92,7892.92,5.28,23.83,3.52,1.0,3,2,1,1,3.0,0.0,3,2,60.0
2026-05-05,MFC003,Evening,8.0,6.0,2.0,8852.47,6153.98,6.71,23.28,3.35,1.0,3,3,0,4,2.67,25.0,5,1,83.33
2026-05-05,MFC003,Night,3.0,3.0,0.0,1958.58,1958.58,3.15,15.99,4.1,0.0,3,3,0,2,1.0,0.0,3,0,100.0
2026-05-05,MFC004,Morning,8.0,7.0,1.0,12800.64,12800.64,10.03,26.59,3.84,0.0,3,3,0,2,2.67,12.5,5,2,71.43
2026-05-05,MFC004,Evening,5.0,5.0,0.0,10513.27,9913.23,11.72,28.03,3.36,1.0,3,3,0,2,1.67,0.0,4,1,80.0
2026-05-05,MFC004,Night,0.0,0.0,0.0,0.0,0.0,,,,0.0,3,3,0,2,0.0,0.0,0,0,0.0
2026-05-05,MFC005,Morning,9.0,9.0,0.0,7760.3,7464.95,8.32,24.68,3.62,3.0,4,4,0,0,2.25,0.0,8,1,88.89
2026-05-05,MFC005,Evening,11.0,10.0,1.0,6155.38,5756.31,7.01,24.71,3.36,1.0,4,3,1,3,3.67,9.09,6,4,60.0
2026-05-05,MFC005,Night,1.0,1.0,0.0,499.78,249.89,3.93,15.35,3.2,1.0,3,3,0,1,0.33,0.0,1,0,100.0
2026-05-05,MFC006,Morning,3.0,3.0,0.0,5519.16,5519.16,6.79,19.44,4.23,0.0,3,3,0,1,1.0,0.0,3,0,100.0
2026-05-05,MFC006,Evening,11.0,11.0,0.0,15079.13,15079.13,7.78,27.65,3.85,0.0,4,4,0,5,2.75,0.0,6,5,54.55
2026-05-05,MFC006,Night,0.0,0.0,0.0,0.0,0.0,,,,0.0,3,3,0,6,0.0,0.0,0,0,0.0
2026-05-05,MFC007,Morning,2.0,1.0,1.0,4364.71,1930.1,12.45,38.17,2.65,2.0,3,3,0,4,0.67,50.0,0,1,0.0
2026-05-05,MFC007,Evening,4.0,4.0,0.0,6425.09,6425.09,7.74,25.47,3.65,0.0,3,2,1,3,2.0,0.0,4,0,100.0
2026-05-05,MFC007,Night,4.0,4.0,0.0,3908.39,3908.39,7.0,22.05,3.38,0.0,3,3,0,3,1.33,0.0,4,0,100.0
2026-05-05,MFC008,Morning,9.0,9.0,0.0,8965.93,8965.93,6.73,23.76,3.53,0.0,4,4,0,4,2.25,0.0,6,3,66.67
2026-05-05,MFC008,Evening,8.0,8.0,0.0,12314.38,12314.38,5.57,21.01,3.91,0.0,3,2,1,2,4.0,0.0,8,0,100.0
2026-05-05,MFC008,Night,3.0,3.0,0.0,4076.31,4076.31,4.04,18.64,3.93,0.0,3,2,1,2,1.5,0.0,3,0,100.0
2026-05-05,MFC009,Morning,4.0,3.0,1.0,4250.56,3505.56,7.55,25.02,3.25,1.0,3,3,0,54,1.33,25.0,2,1,66.67
2026-05-05,MFC009,Evening,10.0,9.0,1.0,11973.95,11111.03,5.64,21.82,3.87,0.0,4,4,0,6,2.5,10.0,7,2,77.78
2026-05-05,MFC009,Night,1.0,1.0,0.0,1102.1,188.7,4.29,25.04,1.9,0.0,3,3,0,4,0.33,0.0,1,0,100.0
2026-05-05,MFC010,Morning,3.0,3.0,0.0,3146.6,3146.6,7.67,23.33,3.93,0.0,3,3,0,2,1.0,0.0,3,0,100.0
2026-05-05,MFC010,Evening,3.0,3.0,0.0,5053.27,4477.26,6.0,20.12,3.8,1.0,3,3,0,1,1.0,0.0,3,0,100.0
2026-05-05,MFC010,Night,1.0,1.0,0.0,77.6,77.6,4.21,16.24,3.4,0.0,3,2,1,2,0.5,0.0,1,0,100.0
2026-05-05,MFC011,Morning,13.0,10.0,3.0,16894.46,13222.11,8.07,26.39,3.74,2.0,4,4,0,1,3.25,23.08,7,3,70.0
2026-05-05,MFC011,Evening,6.0,6.0,0.0,11134.36,11134.36,8.58,30.77,3.58,0.0,3,3,0,3,2.0,0.0,3,3,50.0
2026-05-05,MFC011,Night,2.0,2.0,0.0,4717.54,4717.54,9.34,31.15,4.1,0.0,3,3,0,1,0.67,0.0,2,0,100.0
2026-05-05,MFC012,Morning,5.0,5.0,0.0,3566.99,3382.84,7.05,22.16,3.62,1.0,3,3,0,2,1.67,0.0,4,1,80.0
2026-05-05,MFC012,Evening,4.0,3.0,1.0,2508.49,1323.4,4.57,23.23,3.7,0.0,3,3,0,4,1.33,25.0,3,0,100.0
2026-05-05,MFC012,Night,0.0,0.0,0.0,0.0,0.0,,,,0.0,3,3,0,3,0.0,0.0,0,0,0.0
2026-05-05,MFC013,Morning,5.0,5.0,0.0,6661.4,6661.4,8.04,25.71,3.36,0.0,3,3,0,3,1.67,0.0,5,0,100.0
2026-05-05,MFC013,Evening,8.0,8.0,0.0,9851.89,9584.02,8.39,25.45,3.38,1.0,3,3,0,3,2.67,0.0,7,1,87.5
2026-05-05,MFC013,Night,4.0,4.0,0.0,1680.64,1680.64,3.34,16.68,3.68,0.0,3,3,0,2,1.33,0.0,4,0,100.0
2026-05-05,MFC014,Morning,4.0,4.0,0.0,8215.7,8215.7,6.57,24.79,3.35,0.0,3,3,0,2,1.33,0.0,4,0,100.0
2026-05-05,MFC014,Evening,5.0,5.0,0.0,6048.46,6048.46,4.75,18.95,3.86,0.0,3,3,0,1,1.67,0.0,5,0,100.0
2026-05-05,MFC014,Night,3.0,3.0,0.0,1705.0,1705.0,5.94,21.5,4.2,0.0,3,3,0,5,1.0,0.0,3,0,100.0
2026-05-05,MFC015,Morning,4.0,4.0,0.0,3068.78,3068.78,7.22,23.08,3.78,0.0,3,3,0,3,1.33,0.0,4,0,100.0
2026-05-05,MFC015,Evening,13.0,13.0,0.0,17779.19,16780.12,9.15,26.67,3.52,2.0,4,4,0,5,3.25,0.0,9,4,69.23
2026-05-05,MFC015,Night,1.0,1.0,0.0,1044.44,1044.44,9.74,26.88,3.1,0.0,3,3,0,7,0.33,0.0,1,0,100.0
2026-05-05,MFC016,Morning,10.0,9.0,0.0,10336.1,9747.54,5.53,21.43,3.39,2.0,4,3,1,2,3.33,0.0,6,3,66.67
2026-05-05,MFC016,Evening,10.0,8.0,1.0,10079.47,9637.33,6.4,27.8,3.62,1.0,4,4,0,4,2.5,10.0,6,2,75.0
2026-05-05,MFC016,Night,0.0,0.0,0.0,0.0,0.0,,,,0.0,3,2,1,3,0.0,0.0,0,0,0.0
2026-05-05,MFC017,Morning,9.0,9.0,0.0,12749.96,12467.75,8.41,26.95,3.57,1.0,4,4,0,3,2.25,0.0,6,3,66.67
2026-05-05,MFC017,Evening,10.0,9.0,1.0,9771.78,8023.76,7.38,23.41,3.26,4.0,4,4,0,3,2.5,10.0,7,2,77.78
2026-05-05,MFC017,Night,1.0,0.0,1.0,698.77,0.0,,,,0.0,3,3,0,4,0.33,100.0,0,0,0.0
2026-05-05,MFC018,Morning,5.0,5.0,0.0,2304.19,2304.19,4.85,19.2,3.58,0.0,3,3,0,3,1.67,0.0,4,1,80.0
2026-05-05,MFC018,Evening,9.0,8.0,1.0,9908.81,9326.4,6.55,22.4,3.45,0.0,4,4,0,3,2.25,11.11,7,1,87.5
2026-05-05,MFC018,Night,1.0,0.0,1.0,25.0,0.0,,,1.0,1.0,3,3,0,2,0.33,100.0,0,0,0.0
2026-05-06,MFC001,Morning,6.0,6.0,0.0,7753.85,7753.85,7.59,28.34,3.87,0.0,3,3,0,1,2.0,0.0,4,2,66.67
2026-05-06,MFC001,Evening,10.0,10.0,0.0,8653.19,8474.87,6.36,24.56,3.54,1.0,4,4,0,4,2.5,0.0,9,1,90.0
2026-05-06,MFC001,Night,1.0,1.0,0.0,1507.02,1507.02,10.12,35.66,4.1,0.0,3,3,0,3,0.33,0.0,1,0,100.0
2026-05-06,MFC002,Morning,4.0,4.0,0.0,4268.94,4109.13,8.89,26.72,4.1,1.0,3,3,0,1,1.33,0.0,3,1,75.0
2026-05-06,MFC002,Evening,4.0,3.0,1.0,6700.38,6239.2,5.57,23.02,3.9,0.0,3,3,0,4,1.33,25.0,2,1,66.67
2026-05-06,MFC002,Night,3.0,3.0,0.0,2519.09,2519.09,4.58,17.14,3.73,0.0,3,3,0,3,1.0,0.0,3,0,100.0
2026-05-06,MFC003,Morning,4.0,4.0,0.0,2406.02,2290.11,4.68,19.95,3.85,1.0,3,2,1,4,2.0,0.0,4,0,100.0
2026-05-06,MFC003,Evening,10.0,10.0,0.0,15315.45,15183.21,7.57,24.35,3.69,1.0,4,4,0,4,2.5,0.0,9,1,90.0
2026-05-06,MFC003,Night,0.0,0.0,0.0,0.0,0.0,,,,0.0,3,3,0,2,0.0,0.0,0,0,0.0
2026-05-06,MFC004,Morning,5.0,5.0,0.0,3489.24,3489.24,8.6,30.94,3.72,0.0,3,3,0,1,1.67,0.0,2,3,40.0
2026-05-06,MFC004,Evening,6.0,6.0,0.0,15292.35,14084.98,10.54,29.55,3.9,1.0,3,3,0,4,2.0,0.0,4,2,66.67
2026-05-06,MFC004,Night,0.0,0.0,0.0,0.0,0.0,,,,0.0,3,3,0,5,0.0,0.0,0,0,0.0
2026-05-06,MFC005,Morning,7.0,6.0,1.0,6200.03,5602.53,11.66,31.36,3.23,2.0,3,3,0,3,2.33,14.29,2,4,33.33
2026-05-06,MFC005,Evening,5.0,4.0,1.0,2951.26,2225.95,6.78,30.29,4.12,0.0,3,2,1,5,2.5,20.0,4,0,100.0
2026-05-06,MFC005,Night,1.0,1.0,0.0,314.41,314.41,4.02,15.21,4.0,0.0,3,3,0,3,0.33,0.0,1,0,100.0
2026-05-06,MFC006,Morning,3.0,2.0,1.0,4368.54,2937.4,7.27,22.94,3.93,1.0,3,3,0,2,1.0,33.33,2,0,100.0
2026-05-06,MFC006,Evening,7.0,7.0,0.0,9647.51,9647.51,9.95,29.48,3.84,0.0,3,3,0,2,2.33,0.0,3,4,42.86
2026-05-06,MFC006,Night,2.0,1.0,1.0,6920.74,2811.36,7.75,29.34,3.05,0.0,3,3,0,0,0.67,50.0,1,0,100.0
2026-05-06,MFC007,Morning,6.0,6.0,0.0,4965.2,4843.64,7.52,24.75,3.82,1.0,3,3,0,5,2.0,0.0,5,1,83.33
2026-05-06,MFC007,Evening,7.0,7.0,0.0,9487.97,9487.97,9.06,28.68,3.87,0.0,3,3,0,0,2.33,0.0,5,2,71.43
2026-05-06,MFC007,Night,0.0,0.0,0.0,0.0,0.0,,,,0.0,3,3,0,1,0.0,0.0,0,0,0.0
2026-05-06,MFC008,Morning,7.0,7.0,0.0,10701.82,10564.66,5.81,19.93,3.67,1.0,3,3,0,2,2.33,0.0,7,0,100.0
2026-05-06,MFC008,Evening,6.0,5.0,1.0,6189.63,5442.73,7.34,23.91,3.65,0.0,3,3,0,1,2.0,16.67,5,0,100.0
2026-05-06,MFC008,Night,3.0,2.0,1.0,3512.8,2814.95,6.96,27.34,3.75,0.0,3,3,0,1,1.0,33.33,1,1,50.0
2026-05-06,MFC009,Morning,4.0,4.0,0.0,5328.35,4723.83,5.18,20.43,3.85,0.0,3,3,0,4,1.33,0.0,4,0,100.0
2026-05-06,MFC009,Evening,6.0,6.0,0.0,7571.43,7571.43,7.54,26.15,3.87,0.0,3,3,0,1,2.0,0.0,6,0,100.0
2026-05-06,MFC009,Night,0.0,0.0,0.0,0.0,0.0,,,,0.0,3,3,0,5,0.0,0.0,0,0,0.0
2026-05-06,MFC010,Morning,2.0,2.0,0.0,2026.9,645.89,7.6,23.74,2.95,0.0,3,2,1,5,1.0,0.0,2,0,100.0
2026-05-06,MFC010,Evening,11.0,11.0,0.0,12983.76,12914.62,7.2,24.27,3.84,1.0,4,4,0,5,2.75,0.0,10,1,90.91
2026-05-06,MFC010,Night,2.0,2.0,0.0,1290.5,1290.5,4.43,27.1,3.9,0.0,3,3,0,2,0.67,0.0,2,0,100.0
2026-05-06,MFC011,Morning,7.0,7.0,0.0,11857.28,11857.28,9.79,27.96,3.56,0.0,3,3,0,1,2.33,0.0,4,3,57.14
2026-05-06,MFC011,Evening,10.0,9.0,1.0,8986.97,6591.31,6.69,24.18,3.54,3.0,4,4,0,5,2.5,10.0,6,3,66.67
2026-05-06,MFC011,Night,1.0,1.0,0.0,292.37,292.37,6.35,19.21,3.1,0.0,3,3,0,2,0.33,0.0,1,0,100.0
2026-05-06,MFC012,Morning,5.0,5.0,0.0,3401.15,3076.33,5.53,22.05,3.4,1.0,3,3,0,2,1.67,0.0,4,1,80.0
2026-05-06,MFC012,Evening,7.0,7.0,0.0,8479.6,8479.6,7.95,28.11,3.87,0.0,3,3,0,1,2.33,0.0,6,1,85.71
2026-05-06,MFC012,Night,1.0,0.0,1.0,2833.68,0.0,,,,0.0,3,2,1,2,0.5,100.0,0,0,0.0
2026-05-06,MFC013,Morning,2.0,2.0,0.0,475.09,475.09,5.1,17.31,4.2,0.0,3,3,0,1,0.67,0.0,2,0,100.0
2026-05-06,MFC013,Evening,8.0,8.0,0.0,10278.02,9993.96,6.98,22.68,3.6,1.0,3,3,0,5,2.67,0.0,7,1,87.5
2026-05-06,MFC013,Night,1.0,1.0,0.0,521.3,434.42,6.41,21.23,3.0,1.0,3,3,0,3,0.33,0.0,1,0,100.0
2026-05-06,MFC014,Morning,4.0,4.0,0.0,4504.93,4504.93,6.13,21.13,4.1,0.0,3,3,0,2,1.33,0.0,4,0,100.0
2026-05-06,MFC014,Evening,3.0,3.0,0.0,1394.37,1394.37,3.49,15.8,3.2,0.0,3,3,0,2,1.0,0.0,3,0,100.0
2026-05-06,MFC014,Night,3.0,3.0,0.0,1956.11,1956.11,6.0,18.99,4.17,0.0,3,3,0,2,1.0,0.0,2,1,66.67
2026-05-06,MFC015,Morning,13.0,12.0,1.0,11571.08,11057.04,8.96,25.95,3.43,2.0,4,4,0,0,3.25,7.69,8,4,66.67
2026-05-06,MFC015,Evening,11.0,10.0,1.0,13572.07,12602.67,7.36,27.52,3.66,4.0,4,4,0,3,2.75,9.09,7,3,70.0
2026-05-06,MFC015,Night,2.0,1.0,0.0,2158.07,2158.07,5.59,19.49,2.8,0.0,3,2,1,2,1.0,0.0,1,0,100.0
2026-05-06,MFC016,Morning,7.0,5.0,2.0,3755.95,2466.52,5.29,22.79,3.56,2.0,3,3,0,4,2.33,28.57,4,1,80.0
2026-05-06,MFC016,Evening,10.0,9.0,1.0,10960.56,10776.87,6.85,25.9,3.79,0.0,4,4,0,5,2.5,10.0,6,3,66.67
2026-05-06,MFC016,Night,3.0,3.0,0.0,4181.8,4181.8,5.82,21.09,3.43,0.0,3,3,0,0,1.0,0.0,3,0,100.0
2026-05-06,MFC017,Morning,9.0,9.0,0.0,9529.32,9107.08,9.12,28.19,3.74,1.0,4,4,0,1,2.25,0.0,5,4,55.56
2026-05-06,MFC017,Evening,11.0,10.0,0.0,14505.9,14505.9,6.35,23.36,3.52,1.0,4,4,0,63,2.75,0.0,10,0,100.0
2026-05-06,MFC017,Night,2.0,2.0,0.0,994.21,994.21,9.22,24.32,4.15,0.0,3,3,0,2,0.67,0.0,2,0,100.0
2026-05-06,MFC018,Morning,3.0,3.0,0.0,3679.66,3679.66,7.23,28.31,4.0,0.0,3,3,0,2,1.0,0.0,3,0,100.0
2026-05-06,MFC018,Evening,4.0,3.0,1.0,3348.78,2485.71,7.78,24.31,3.87,0.0,3,3,0,4,1.33,25.0,2,1,66.67
2026-05-06,MFC018,Night,3.0,3.0,0.0,1715.84,1475.33,7.95,27.87,3.0,0.0,3,3,0,3,1.0,0.0,2,1,66.67
2026-05-07,MFC001,Morning,9.0,9.0,0.0,6700.7,6519.01,6.96,21.77,3.42,0.0,4,4,0,2,2.25,0.0,7,2,77.78
2026-05-07,MFC001,Evening,10.0,8.0,2.0,14201.0,12287.89,7.32,24.1,3.66,1.0,4,4,0,1,2.5,20.0,7,1,87.5
2026-05-07,MFC001,Night,1.0,1.0,0.0,1005.05,1005.05,6.89,22.61,3.1,0.0,3,3,0,2,0.33,0.0,1,0,100.0
2026-05-07,MFC002,Morning,5.0,5.0,0.0,5223.53,5097.99,7.48,24.94,3.88,1.0,3,3,0,5,1.67,0.0,5,0,100.0
2026-05-07,MFC002,Evening,3.0,3.0,0.0,4850.88,4726.68,7.84,26.43,3.47,0.0,3,3,0,2,1.0,0.0,2,1,66.67
2026-05-07,MFC002,Night,0.0,0.0,0.0,0.0,0.0,,,,0.0,3,3,0,2,0.0,0.0,0,0,0.0
2026-05-07,MFC003,Morning,7.0,5.0,2.0,9480.39,7828.55,7.54,25.21,3.93,0.0,3,3,0,1,2.33,28.57,4,1,80.0
2026-05-07,MFC003,Evening,10.0,10.0,0.0,11661.99,10432.19,5.97,22.99,3.31,3.0,4,3,1,5,3.33,0.0,10,0,100.0
2026-05-07,MFC003,Night,1.0,1.0,0.0,470.06,376.05,6.27,21.78,1.7,1.0,3,3,0,3,0.33,0.0,1,0,100.0
2026-05-07,MFC004,Morning,6.0,6.0,0.0,4616.68,4575.5,6.63,21.46,3.55,1.0,3,3,0,2,2.0,0.0,5,1,83.33
2026-05-07,MFC004,Evening,2.0,2.0,0.0,2487.18,2487.18,5.89,20.64,3.0,0.0,3,3,0,0,0.67,0.0,2,0,100.0
2026-05-07,MFC004,Night,2.0,2.0,0.0,1434.3,1434.3,10.3,20.67,4.15,0.0,3,3,0,3,0.67,0.0,2,0,100.0
2026-05-07,MFC005,Morning,8.0,7.0,1.0,6980.24,6980.24,6.37,24.87,3.66,0.0,3,3,0,2,2.67,12.5,6,1,85.71
2026-05-07,MFC005,Evening,15.0,14.0,1.0,12720.32,12088.17,6.19,24.62,3.73,2.0,4,4,0,2,3.75,6.67,12,2,85.71
2026-05-07,MFC005,Night,1.0,1.0,0.0,711.25,711.25,6.17,23.34,3.4,0.0,3,3,0,1,0.33,0.0,1,0,100.0
2026-05-07,MFC006,Morning,6.0,6.0,0.0,4967.02,4876.23,6.42,25.96,3.77,1.0,3,3,0,6,2.0,0.0,5,1,83.33
2026-05-07,MFC006,Evening,8.0,8.0,0.0,5385.07,5385.07,6.1,22.55,3.75,0.0,3,3,0,1,2.67,0.0,7,1,87.5
2026-05-07,MFC006,Night,1.0,1.0,0.0,1110.43,1110.43,3.28,16.95,3.6,0.0,3,3,0,1,0.33,0.0,1,0,100.0
2026-05-07,MFC007,Morning,6.0,6.0,0.0,6061.89,5680.53,8.39,28.7,3.4,1.0,3,3,0,0,2.0,0.0,5,1,83.33
2026-05-07,MFC007,Evening,16.0,15.0,1.0,16176.34,15914.3,7.5,25.86,3.82,0.0,4,4,0,0,4.0,6.25,12,3,80.0
2026-05-07,MFC007,Night,1.0,1.0,0.0,418.41,418.41,4.38,20.76,3.7,0.0,3,3,0,2,0.33,0.0,1,0,100.0
2026-05-07,MFC008,Morning,8.0,8.0,0.0,10233.96,10233.96,5.94,20.8,4.1,0.0,3,3,0,4,2.67,0.0,8,0,100.0
2026-05-07,MFC008,Evening,12.0,11.0,1.0,9787.86,7918.78,5.93,25.53,3.44,0.0,4,4,0,1,3.0,8.33,9,2,81.82
2026-05-07,MFC008,Night,3.0,3.0,0.0,3377.35,3377.35,7.1,16.2,4.37,0.0,3,2,1,4,1.5,0.0,3,0,100.0
2026-05-07,MFC009,Morning,4.0,4.0,0.0,5659.73,5462.23,6.9,22.76,3.42,1.0,3,3,0,5,1.33,0.0,4,0,100.0
2026-05-07,MFC009,Evening,6.0,6.0,0.0,9444.01,9288.35,6.18,24.33,3.53,1.0,3,3,0,2,2.0,0.0,4,2,66.67
2026-05-07,MFC009,Night,1.0,0.0,1.0,591.03,0.0,,,1.7,0.0,3,2,1,1,0.5,100.0,0,0,0.0
2026-05-07,MFC010,Morning,3.0,1.0,2.0,6769.03,3581.02,8.81,26.16,2.95,0.0,3,3,0,0,1.0,66.67,1,0,100.0
2026-05-07,MFC010,Evening,6.0,5.0,1.0,11104.64,9749.15,7.59,24.33,3.88,0.0,3,2,1,1,3.0,16.67,3,2,60.0
2026-05-07,MFC010,Night,2.0,1.0,0.0,1621.58,1621.58,4.98,16.98,3.5,0.0,3,3,0,1,0.67,0.0,1,0,100.0
2026-05-07,MFC011,Morning,8.0,8.0,0.0,10012.0,8950.62,9.41,31.59,3.26,2.0,3,3,0,5,2.67,0.0,4,4,50.0
2026-05-07,MFC011,Evening,12.0,11.0,1.0,16671.05,12712.35,7.02,26.45,3.29,1.0,4,4,0,3,3.0,8.33,8,3,72.73
2026-05-07,MFC011,Night,3.0,3.0,0.0,6054.76,5666.69,6.5,22.08,3.5,1.0,3,3,0,2,1.0,0.0,3,0,100.0
2026-05-07,MFC012,Morning,6.0,6.0,0.0,5190.65,5190.65,7.72,26.98,4.03,0.0,3,3,0,2,2.0,0.0,4,2,66.67
2026-05-07,MFC012,Evening,11.0,11.0,0.0,11522.96,11348.26,7.68,24.36,3.5,1.0,4,4,0,6,2.75,0.0,7,4,63.64
2026-05-07,MFC012,Night,0.0,0.0,0.0,0.0,0.0,,,,0.0,3,3,0,3,0.0,0.0,0,0,0.0
2026-05-07,MFC013,Morning,10.0,10.0,0.0,5665.96,5427.29,6.66,24.51,3.26,1.0,4,3,1,5,3.33,0.0,9,1,90.0
2026-05-07,MFC013,Evening,6.0,6.0,0.0,6502.06,6502.06,7.71,33.09,3.7,0.0,3,3,0,3,2.0,0.0,4,2,66.67
2026-05-07,MFC013,Night,1.0,1.0,0.0,402.35,402.35,4.12,10.6,4.5,0.0,3,3,0,1,0.33,0.0,1,0,100.0
2026-05-07,MFC014,Morning,6.0,6.0,0.0,9745.53,9745.53,6.86,23.22,3.67,0.0,3,3,0,2,2.0,0.0,4,2,66.67
2026-05-07,MFC014,Evening,7.0,6.0,1.0,8878.66,7412.04,6.37,22.44,3.43,0.0,3,3,0,3,2.33,14.29,5,1,83.33
2026-05-07,MFC014,Night,0.0,0.0,0.0,0.0,0.0,,,,0.0,3,2,1,1,0.0,0.0,0,0,0.0
2026-05-07,MFC015,Morning,4.0,4.0,0.0,3650.35,3351.02,7.92,22.87,3.5,1.0,3,2,1,3,2.0,0.0,4,0,100.0
2026-05-07,MFC015,Evening,11.0,11.0,0.0,12471.02,12350.57,8.13,26.62,3.56,1.0,4,4,0,3,2.75,0.0,11,0,100.0
2026-05-07,MFC015,Night,1.0,1.0,0.0,1144.47,1144.47,8.36,20.87,3.0,0.0,3,3,0,1,0.33,0.0,1,0,100.0
2026-05-07,MFC016,Morning,8.0,8.0,0.0,5007.11,5007.11,5.95,28.28,3.75,0.0,3,3,0,0,2.67,0.0,7,1,87.5
2026-05-07,MFC016,Evening,7.0,6.0,1.0,4374.94,3614.28,6.47,26.64,3.34,0.0,3,3,0,2,2.33,14.29,5,1,83.33
2026-05-07,MFC016,Night,3.0,3.0,0.0,3649.77,3649.77,7.1,22.77,3.87,0.0,3,3,0,73,1.0,0.0,3,0,100.0
2026-05-07,MFC017,Morning,8.0,8.0,0.0,4672.16,4508.46,8.62,27.12,3.69,1.0,3,3,0,5,2.67,0.0,3,5,37.5
2026-05-07,MFC017,Evening,14.0,13.0,1.0,12254.98,11476.29,7.47,23.03,3.33,3.0,4,4,0,5,3.5,7.14,10,3,76.92
2026-05-07,MFC017,Night,3.0,3.0,0.0,2303.45,2303.45,6.62,22.2,3.93,0.0,3,2,1,1,1.5,0.0,2,1,66.67
2026-05-07,MFC018,Morning,6.0,4.0,2.0,8834.8,5441.75,7.38,25.54,3.46,1.0,3,3,0,4,2.0,33.33,3,1,75.0
2026-05-07,MFC018,Evening,7.0,7.0,0.0,5346.33,5346.33,7.42,28.93,3.61,0.0,3,2,1,1,3.5,0.0,5,2,71.43
2026-05-07,MFC018,Night,1.0,1.0,0.0,3712.04,3712.04,10.9,22.82,4.7,0.0,3,3,0,1,0.33,0.0,1,0,100.0
2026-05-08,MFC001,Morning,2.0,2.0,0.0,1848.07,1848.07,7.06,21.82,3.65,0.0,3,2,1,2,1.0,0.0,2,0,100.0
2026-05-08,MFC001,Evening,9.0,9.0,0.0,11052.72,10894.98,6.13,24.29,3.66,1.0,4,4,0,5,2.25,0.0,7,2,77.78
2026-05-08,MFC001,Night,5.0,4.0,1.0,4081.29,3896.56,6.86,27.41,3.44,0.0,3,3,0,2,1.67,20.0,4,0,100.0
2026-05-08,MFC002,Morning,4.0,4.0,0.0,2720.13,2520.83,9.53,27.85,2.95,2.0,3,3,0,4,1.33,0.0,2,2,50.0
2026-05-08,MFC002,Evening,6.0,6.0,0.0,8795.48,8795.48,9.35,30.58,3.7,0.0,3,3,0,1,2.0,0.0,3,3,50.0
2026-05-08,MFC002,Night,0.0,0.0,0.0,0.0,0.0,,,,0.0,3,3,0,8,0.0,0.0,0,0,0.0
2026-05-08,MFC003,Morning,3.0,3.0,0.0,2280.53,2280.53,6.03,22.88,4.27,0.0,3,3,0,1,1.0,0.0,3,0,100.0
2026-05-08,MFC003,Evening,13.0,12.0,0.0,15590.92,15427.3,7.25,27.71,3.4,1.0,4,2,2,2,6.5,0.0,10,2,83.33
2026-05-08,MFC003,Night,0.0,0.0,0.0,0.0,0.0,,,,0.0,3,3,0,3,0.0,0.0,0,0,0.0
2026-05-08,MFC004,Morning,1.0,1.0,0.0,2338.93,2338.93,17.72,46.8,4.7,0.0,3,3,0,4,0.33,0.0,0,1,0.0
2026-05-08,MFC004,Evening,6.0,6.0,0.0,8968.79,8502.43,6.83,21.67,3.45,1.0,3,2,1,1,3.0,0.0,6,0,100.0
2026-05-08,MFC004,Night,0.0,0.0,0.0,0.0,0.0,,,,0.0,3,3,0,5,0.0,0.0,0,0,0.0
2026-05-08,MFC005,Morning,9.0,8.0,1.0,9243.67,8456.84,7.21,24.37,3.49,0.0,4,3,1,2,3.0,11.11,8,0,100.0
2026-05-08,MFC005,Evening,4.0,4.0,0.0,3149.31,3149.31,8.24,24.16,3.45,0.0,3,3,0,3,1.33,0.0,3,1,75.0
2026-05-08,MFC005,Night,2.0,2.0,0.0,1772.19,1772.19,5.55,27.54,3.25,0.0,3,3,0,1,0.67,0.0,1,1,50.0
2026-05-08,MFC006,Morning,2.0,2.0,0.0,1911.68,1911.68,5.98,21.26,3.25,0.0,3,3,0,1,0.67,0.0,2,0,100.0
2026-05-08,MFC006,Evening,7.0,7.0,0.0,9552.45,9552.45,8.19,25.77,3.77,0.0,3,3,0,3,2.33,0.0,5,2,71.43
2026-05-08,MFC006,Night,0.0,0.0,0.0,0.0,0.0,,,,0.0,3,3,0,2,0.0,0.0,0,0,0.0
2026-05-08,MFC007,Morning,5.0,5.0,0.0,6603.1,6603.1,8.16,23.42,3.72,0.0,3,3,0,0,1.67,0.0,4,1,80.0
2026-05-08,MFC007,Evening,7.0,6.0,1.0,12284.08,9613.49,6.86,26.3,3.72,0.0,3,3,0,4,2.33,14.29,5,1,83.33
2026-05-08,MFC007,Night,1.0,0.0,1.0,2578.11,0.0,,,1.0,1.0,3,3,0,1,0.33,100.0,0,0,0.0
2026-05-08,MFC008,Morning,6.0,5.0,1.0,8146.21,6943.32,8.55,27.88,3.22,2.0,3,2,1,2,3.0,16.67,5,0,100.0
2026-05-08,MFC008,Evening,9.0,7.0,2.0,14062.52,12213.99,7.04,23.03,3.57,1.0,4,4,0,1,2.25,22.22,6,1,85.71
2026-05-08,MFC008,Night,2.0,2.0,0.0,2875.68,2875.68,11.16,30.42,2.95,0.0,3,3,0,4,0.67,0.0,1,1,50.0
2026-05-08,MFC009,Morning,6.0,6.0,0.0,5244.76,5196.2,6.4,24.68,3.67,1.0,3,2,1,4,3.0,0.0,4,2,66.67
2026-05-08,MFC009,Evening,4.0,4.0,0.0,3853.45,3735.63,7.01,25.49,3.38,1.0,3,3,0,1,1.33,0.0,3,1,75.0
2026-05-08,MFC009,Night,0.0,0.0,0.0,0.0,0.0,,,,0.0,3,2,1,0,0.0,0.0,0,0,0.0
2026-05-08,MFC010,Morning,5.0,4.0,1.0,8192.05,7781.9,5.55,24.9,3.38,2.0,3,2,1,2,2.5,20.0,4,0,100.0
2026-05-08,MFC010,Evening,6.0,6.0,0.0,7065.39,6666.92,6.9,24.13,3.47,1.0,3,3,0,3,2.0,0.0,6,0,100.0
2026-05-08,MFC010,Night,1.0,1.0,0.0,541.63,541.63,5.96,17.24,3.7,0.0,3,2,1,1,0.5,0.0,1,0,100.0
2026-05-08,MFC011,Morning,6.0,6.0,0.0,3207.74,3207.74,5.1,20.49,3.72,0.0,3,3,0,6,2.0,0.0,6,0,100.0
2026-05-08,MFC011,Evening,8.0,8.0,0.0,7583.27,7583.27,6.3,24.03,3.49,0.0,3,3,0,2,2.67,0.0,7,1,87.5
2026-05-08,MFC011,Night,0.0,0.0,0.0,0.0,0.0,,,,0.0,3,3,0,4,0.0,0.0,0,0,0.0
2026-05-08,MFC012,Morning,9.0,8.0,1.0,11013.15,10523.42,6.93,26.13,3.32,1.0,4,4,0,5,2.25,11.11,7,1,87.5
2026-05-08,MFC012,Evening,8.0,8.0,0.0,8178.68,8178.68,7.53,26.38,3.72,0.0,3,3,0,1,2.67,0.0,7,1,87.5
2026-05-08,MFC012,Night,0.0,0.0,0.0,0.0,0.0,,,,0.0,3,3,0,6,0.0,0.0,0,0,0.0
2026-05-08,MFC013,Morning,8.0,7.0,1.0,7386.56,5110.77,7.51,28.04,3.6,1.0,3,3,0,3,2.67,12.5,4,3,57.14
2026-05-08,MFC013,Evening,11.0,10.0,1.0,16272.85,13013.18,6.32,21.52,3.78,1.0,4,4,0,2,2.75,9.09,10,0,100.0
2026-05-08,MFC013,Night,3.0,3.0,0.0,3241.9,3241.9,5.54,17.4,4.5,0.0,3,2,1,2,1.5,0.0,3,0,100.0
2026-05-08,MFC014,Morning,5.0,5.0,0.0,6688.11,6539.86,5.99,23.7,2.86,1.0,3,3,0,3,1.67,0.0,4,1,80.0
2026-05-08,MFC014,Evening,2.0,1.0,1.0,1119.59,861.59,7.95,23.81,2.9,0.0,3,3,0,0,0.67,50.0,1,0,100.0
2026-05-08,MFC014,Night,2.0,2.0,0.0,1384.31,1384.31,5.56,20.72,3.95,0.0,3,3,0,2,0.67,0.0,2,0,100.0
2026-05-08,MFC015,Morning,5.0,5.0,0.0,10985.72,10985.72,10.44,31.76,3.86,0.0,3,3,0,6,1.67,0.0,3,2,60.0
2026-05-08,MFC015,Evening,8.0,8.0,0.0,7449.35,6891.47,8.09,27.25,3.31,3.0,3,3,0,4,2.67,0.0,5,3,62.5
2026-05-08,MFC015,Night,1.0,1.0,0.0,1950.33,1950.33,6.41,30.05,3.6,0.0,3,3,0,1,0.33,0.0,1,0,100.0
2026-05-08,MFC016,Morning,3.0,3.0,0.0,3138.35,3138.35,6.86,23.27,4.0,0.0,3,3,0,0,1.0,0.0,2,1,66.67
2026-05-08,MFC016,Evening,10.0,9.0,1.0,11549.77,10531.97,7.54,28.92,3.24,0.0,4,4,0,5,2.5,10.0,6,3,66.67
2026-05-08,MFC016,Night,3.0,3.0,0.0,2703.31,2703.31,4.73,21.24,3.6,0.0,3,3,0,0,1.0,0.0,3,0,100.0
2026-05-08,MFC017,Morning,4.0,4.0,0.0,6700.43,6700.43,7.46,25.68,3.4,0.0,3,2,1,2,2.0,0.0,3,1,75.0
2026-05-08,MFC017,Evening,14.0,13.0,1.0,18925.39,16207.94,8.63,30.11,3.46,2.0,4,4,0,3,3.5,7.14,11,2,84.62
2026-05-08,MFC017,Night,1.0,0.0,1.0,424.19,0.0,,,,0.0,3,3,0,1,0.33,100.0,0,0,0.0
2026-05-08,MFC018,Morning,4.0,3.0,1.0,6632.06,5778.23,9.74,30.27,3.6,1.0,3,3,0,60,1.33,25.0,2,1,66.67
2026-05-08,MFC018,Evening,9.0,9.0,0.0,16810.65,15595.75,9.11,25.71,3.34,3.0,4,4,0,4,2.25,0.0,6,3,66.67
2026-05-08,MFC018,Night,1.0,1.0,0.0,228.54,228.54,3.37,17.79,3.6,0.0,3,3,0,2,0.33,0.0,1,0,100.0
2026-05-09,MFC001,Morning,14.0,14.0,0.0,19175.72,19175.72,6.26,25.09,3.69,0.0,4,3,1,2,4.67,0.0,11,3,78.57
2026-05-09,MFC001,Evening,13.0,10.0,3.0,19872.82,12889.2,7.94,26.2,3.43,4.0,4,4,0,3,3.25,23.08,9,1,90.0
2026-05-09,MFC001,Night,0.0,0.0,0.0,0.0,0.0,,,,0.0,3,3,0,46,0.0,0.0,0,0,0.0
2026-05-09,MFC002,Morning,4.0,4.0,0.0,3385.85,3303.37,7.17,22.99,3.5,1.0,3,3,0,1,1.33,0.0,3,1,75.0
2026-05-09,MFC002,Evening,10.0,10.0,0.0,5494.14,5033.89,6.69,23.83,3.56,3.0,4,4,0,2,2.5,0.0,9,1,90.0
2026-05-09,MFC002,Night,1.0,1.0,0.0,438.82,438.82,6.04,25.2,2.9,0.0,3,3,0,3,0.33,0.0,1,0,100.0
2026-05-09,MFC003,Morning,8.0,7.0,1.0,7361.44,7203.99,5.41,21.88,3.97,0.0,3,3,0,2,2.67,12.5,7,0,100.0
2026-05-09,MFC003,Evening,12.0,12.0,0.0,15313.97,14459.39,7.4,26.67,3.78,3.0,4,4,0,2,3.0,0.0,8,4,66.67
2026-05-09,MFC003,Night,3.0,3.0,0.0,4829.22,4829.22,6.61,19.87,3.23,0.0,3,3,0,1,1.0,0.0,3,0,100.0
2026-05-09,MFC004,Morning,1.0,0.0,1.0,516.3,0.0,,,,0.0,3,3,0,2,0.33,100.0,0,0,0.0
2026-05-09,MFC004,Evening,7.0,7.0,0.0,9162.97,9021.41,11.8,31.39,3.13,1.0,3,3,0,4,2.33,0.0,3,4,42.86
2026-05-09,MFC004,Night,0.0,0.0,0.0,0.0,0.0,,,,0.0,3,3,0,5,0.0,0.0,0,0,0.0
2026-05-09,MFC005,Morning,5.0,5.0,0.0,5088.36,4728.6,7.94,29.62,3.2,1.0,3,3,0,4,1.67,0.0,3,2,60.0
2026-05-09,MFC005,Evening,10.0,9.0,1.0,11417.46,8061.52,8.49,28.96,3.4,2.0,4,3,1,4,3.33,10.0,6,3,66.67
2026-05-09,MFC005,Night,3.0,3.0,0.0,1390.56,1390.56,4.47,22.47,3.73,0.0,3,3,0,4,1.0,0.0,3,0,100.0
2026-05-09,MFC006,Morning,2.0,2.0,0.0,460.06,460.06,4.81,24.78,3.85,0.0,3,3,0,3,0.67,0.0,1,1,50.0
2026-05-09,MFC006,Evening,4.0,4.0,0.0,2316.82,2173.58,9.48,25.67,4.12,1.0,3,3,0,3,1.33,0.0,3,1,75.0
2026-05-09,MFC006,Night,0.0,0.0,0.0,0.0,0.0,,,,0.0,3,3,0,3,0.0,0.0,0,0,0.0
2026-05-09,MFC007,Morning,6.0,4.0,1.0,4778.62,4366.2,7.92,26.12,3.16,0.0,3,3,0,4,2.0,16.67,4,0,100.0
2026-05-09,MFC007,Evening,8.0,8.0,0.0,7251.58,6909.83,6.73,23.64,3.5,2.0,3,3,0,4,2.67,0.0,8,0,100.0
2026-05-09,MFC007,Night,2.0,2.0,0.0,1886.87,1886.87,7.48,30.24,4.05,0.0,3,3,0,4,0.67,0.0,2,0,100.0
2026-05-09,MFC008,Morning,4.0,4.0,0.0,4145.63,3736.7,7.74,33.19,3.45,2.0,3,3,0,2,1.33,0.0,3,1,75.0
2026-05-09,MFC008,Evening,9.0,8.0,1.0,9492.96,9332.56,7.46,25.42,3.36,1.0,4,4,0,3,2.25,11.11,7,1,87.5
2026-05-09,MFC008,Night,3.0,3.0,0.0,6319.2,6186.3,5.87,23.1,3.83,1.0,3,3,0,2,1.0,0.0,3,0,100.0
2026-05-09,MFC009,Morning,4.0,4.0,0.0,4623.48,3227.23,6.22,29.26,3.55,0.0,3,3,0,4,1.33,0.0,3,1,75.0
2026-05-09,MFC009,Evening,8.0,8.0,0.0,8946.92,8709.12,6.15,31.92,3.59,2.0,3,3,0,4,2.67,0.0,6,2,75.0
2026-05-09,MFC009,Night,1.0,1.0,0.0,659.25,659.25,5.45,20.7,3.9,0.0,3,2,1,3,0.5,0.0,1,0,100.0
2026-05-09,MFC010,Morning,7.0,7.0,0.0,14895.36,14895.36,9.0,27.4,3.69,0.0,3,3,0,2,2.33,0.0,4,3,57.14
2026-05-09,MFC010,Evening,8.0,8.0,0.0,7055.99,6455.58,5.56,20.84,3.59,3.0,3,3,0,0,2.67,0.0,7,1,87.5
2026-05-09,MFC010,Night,0.0,0.0,0.0,0.0,0.0,,,,0.0,3,3,0,2,0.0,0.0,0,0,0.0
2026-05-09,MFC011,Morning,13.0,11.0,2.0,10416.26,9109.33,6.94,24.16,3.37,8.0,4,4,0,2,3.25,15.38,11,0,100.0
2026-05-09,MFC011,Evening,10.0,10.0,0.0,13748.39,12495.69,8.81,28.93,3.54,3.0,4,4,0,2,2.5,0.0,8,2,80.0
2026-05-09,MFC011,Night,3.0,3.0,0.0,4380.15,4380.15,9.71,25.73,3.6,0.0,3,2,1,2,1.5,0.0,2,1,66.67
2026-05-09,MFC012,Morning,2.0,1.0,1.0,1298.73,1114.34,9.25,27.79,2.9,0.0,3,3,0,2,0.67,50.0,1,0,100.0
2026-05-09,MFC012,Evening,4.0,3.0,1.0,4995.41,4995.41,7.88,23.04,3.33,0.0,3,3,0,2,1.33,25.0,2,1,66.67
2026-05-09,MFC012,Night,2.0,2.0,0.0,1268.93,953.64,6.42,20.7,2.75,2.0,3,3,0,3,0.67,0.0,2,0,100.0
2026-05-09,MFC013,Morning,8.0,8.0,0.0,5543.19,5416.16,5.72,24.52,3.51,1.0,3,3,0,6,2.67,0.0,7,1,87.5
2026-05-09,MFC013,Evening,9.0,9.0,0.0,15927.46,15927.46,6.94,23.03,3.78,0.0,4,4,0,2,2.25,0.0,8,1,88.89
2026-05-09,MFC013,Night,5.0,4.0,1.0,3299.35,2022.24,6.13,23.35,3.88,1.0,3,3,0,0,1.67,20.0,3,1,75.0
2026-05-09,MFC014,Morning,8.0,8.0,0.0,17988.09,17439.85,9.85,30.22,3.72,0.0,3,2,1,4,4.0,0.0,5,3,62.5
2026-05-09,MFC014,Evening,5.0,5.0,0.0,5894.93,5894.93,6.44,19.53,3.68,0.0,3,3,0,6,1.67,0.0,5,0,100.0
2026-05-09,MFC014,Night,2.0,2.0,0.0,801.11,737.08,6.47,17.1,3.2,1.0,3,2,1,1,1.0,0.0,2,0,100.0
2026-05-09,MFC015,Morning,8.0,8.0,0.0,6495.72,6495.72,7.85,23.36,4.08,0.0,3,2,1,1,4.0,0.0,7,1,87.5
2026-05-09,MFC015,Evening,9.0,8.0,1.0,11651.1,10376.98,8.21,26.52,3.34,0.0,4,4,0,6,2.25,11.11,6,2,75.0
2026-05-09,MFC015,Night,0.0,0.0,0.0,0.0,0.0,,,,0.0,3,3,0,2,0.0,0.0,0,0,0.0
2026-05-09,MFC016,Morning,4.0,4.0,0.0,7102.75,6839.43,7.13,28.64,3.65,1.0,3,3,0,2,1.33,0.0,2,2,50.0
2026-05-09,MFC016,Evening,11.0,9.0,1.0,8735.97,7644.52,5.56,23.61,3.56,0.0,4,3,1,1,3.67,9.09,8,1,88.89
2026-05-09,MFC016,Night,2.0,2.0,0.0,841.56,841.56,5.47,21.01,4.1,0.0,3,3,0,4,0.67,0.0,2,0,100.0
2026-05-09,MFC017,Morning,6.0,6.0,0.0,12415.13,12348.66,8.53,23.49,3.53,1.0,3,3,0,2,2.0,0.0,3,3,50.0
2026-05-09,MFC017,Evening,13.0,11.0,2.0,11651.3,7881.0,8.07,26.32,3.58,3.0,4,4,0,3,3.25,15.38,7,4,63.64
2026-05-09,MFC017,Night,2.0,2.0,0.0,3209.57,3209.57,9.38,26.56,3.2,0.0,3,3,0,2,0.67,0.0,1,1,50.0
2026-05-09,MFC018,Morning,4.0,3.0,1.0,4603.26,3959.27,7.22,32.13,3.9,0.0,3,3,0,3,1.33,25.0,2,1,66.67
2026-05-09,MFC018,Evening,7.0,6.0,1.0,5961.84,5171.56,6.37,25.54,3.38,1.0,3,3,0,5,2.33,14.29,5,1,83.33
2026-05-09,MFC018,Night,0.0,0.0,0.0,0.0,0.0,,,,0.0,3,3,0,2,0.0,0.0,0,0,0.0
2026-05-10,MFC001,Morning,9.0,9.0,0.0,5957.23,5776.66,5.39,19.68,3.57,1.0,4,3,1,0,3.0,0.0,9,0,100.0
2026-05-10,MFC001,Evening,13.0,11.0,2.0,16368.47,13327.35,6.91,25.37,3.31,3.0,4,4,0,2,3.25,15.38,8,3,72.73
2026-05-10,MFC001,Night,1.0,1.0,0.0,4058.07,4058.07,10.25,31.52,3.9,0.0,3,2,1,3,0.5,0.0,1,0,100.0
2026-05-10,MFC002,Morning,10.0,8.0,2.0,8866.63,6338.25,9.34,29.53,3.5,3.0,4,4,0,5,2.5,20.0,7,1,87.5
2026-05-10,MFC002,Evening,8.0,8.0,0.0,10142.52,9702.2,9.68,25.95,3.45,3.0,3,3,0,4,2.67,0.0,5,3,62.5
2026-05-10,MFC002,Night,1.0,1.0,0.0,2055.81,2055.81,5.71,18.33,4.4,0.0,3,3,0,1,0.33,0.0,1,0,100.0
2026-05-10,MFC003,Morning,4.0,4.0,0.0,4693.95,4693.95,5.52,20.69,2.9,0.0,3,2,1,3,2.0,0.0,4,0,100.0
2026-05-10,MFC003,Evening,8.0,8.0,0.0,7509.43,7189.11,6.47,25.33,3.51,2.0,3,3,0,3,2.67,0.0,7,1,87.5
2026-05-10,MFC003,Night,0.0,0.0,0.0,0.0,0.0,,,,0.0,3,3,0,2,0.0,0.0,0,0,0.0
2026-05-10,MFC004,Morning,2.0,2.0,0.0,4120.24,3858.97,11.02,34.81,3.1,1.0,3,3,0,0,0.67,0.0,0,2,0.0
2026-05-10,MFC004,Evening,6.0,6.0,0.0,5417.63,5331.48,7.6,24.74,3.32,1.0,3,2,1,2,3.0,0.0,5,1,83.33
2026-05-10,MFC004,Night,1.0,0.0,1.0,107.46,0.0,,,2.8,1.0,3,3,0,0,0.33,100.0,0,0,0.0
2026-05-10,MFC005,Morning,8.0,7.0,1.0,12599.96,11421.21,8.25,27.43,3.41,2.0,3,3,0,2,2.67,12.5,4,3,57.14
2026-05-10,MFC005,Evening,8.0,7.0,1.0,11477.88,9438.53,8.98,24.14,3.69,1.0,3,3,0,0,2.67,12.5,5,2,71.43
2026-05-10,MFC005,Night,4.0,4.0,0.0,4891.42,4891.42,6.32,23.22,3.52,0.0,3,3,0,3,1.33,0.0,4,0,100.0
2026-05-10,MFC006,Morning,3.0,2.0,1.0,3118.66,2015.62,5.96,20.1,4.15,0.0,3,2,1,2,1.5,33.33,2,0,100.0
2026-05-10,MFC006,Evening,7.0,7.0,0.0,7504.96,7504.96,7.92,27.45,3.84,0.0,3,3,0,2,2.33,0.0,5,2,71.43
2026-05-10,MFC006,Night,1.0,1.0,0.0,2447.32,2447.32,13.37,39.2,3.6,0.0,3,2,1,2,0.5,0.0,0,1,0.0
2026-05-10,MFC007,Morning,7.0,7.0,0.0,6292.11,6161.18,8.05,27.93,4.03,1.0,3,3,0,4,2.33,0.0,6,1,85.71
2026-05-10,MFC007,Evening,13.0,10.0,2.0,11424.47,8965.57,7.45,22.53,3.56,2.0,4,4,0,3,3.25,15.38,8,2,80.0
2026-05-10,MFC007,Night,0.0,0.0,0.0,0.0,0.0,,,,0.0,3,2,1,6,0.0,0.0,0,0,0.0
2026-05-10,MFC008,Morning,10.0,9.0,1.0,11941.86,7535.8,5.01,22.75,3.74,2.0,4,4,0,3,2.5,10.0,9,0,100.0
2026-05-10,MFC008,Evening,6.0,6.0,0.0,9786.9,9340.47,5.54,21.86,3.83,0.0,3,3,0,3,2.0,0.0,6,0,100.0
2026-05-10,MFC008,Night,1.0,1.0,0.0,909.8,682.35,7.35,20.95,2.6,1.0,3,2,1,1,0.5,0.0,1,0,100.0
2026-05-10,MFC009,Morning,2.0,2.0,0.0,1494.57,1494.57,4.99,26.24,4.55,0.0,3,2,1,5,1.0,0.0,2,0,100.0
2026-05-10,MFC009,Evening,5.0,5.0,0.0,3768.85,3703.05,5.69,23.05,3.24,1.0,3,3,0,4,1.67,0.0,5,0,100.0
2026-05-10,MFC009,Night,1.0,1.0,0.0,3291.04,3291.04,3.67,27.87,4.1,0.0,3,3,0,5,0.33,0.0,1,0,100.0
2026-05-10,MFC010,Morning,2.0,2.0,0.0,1256.94,1124.38,8.07,23.24,3.55,1.0,3,3,0,4,0.67,0.0,2,0,100.0
2026-05-10,MFC010,Evening,7.0,7.0,0.0,8119.22,8119.22,6.75,23.96,3.71,0.0,3,3,0,45,2.33,0.0,5,2,71.43
2026-05-10,MFC010,Night,2.0,2.0,0.0,4682.14,4682.14,8.35,24.82,4.25,0.0,3,3,0,2,0.67,0.0,2,0,100.0
2026-05-10,MFC011,Morning,12.0,12.0,0.0,10390.14,9948.65,5.95,21.88,3.62,1.0,4,4,0,4,3.0,0.0,12,0,100.0
2026-05-10,MFC011,Evening,7.0,5.0,2.0,6354.95,3880.92,4.7,21.71,3.13,1.0,3,3,0,3,2.33,28.57,5,0,100.0
2026-05-10,MFC011,Night,0.0,0.0,0.0,0.0,0.0,,,,0.0,3,2,1,2,0.0,0.0,0,0,0.0
2026-05-10,MFC012,Morning,8.0,7.0,1.0,7294.78,6521.66,7.78,27.81,2.94,3.0,3,2,1,4,4.0,12.5,6,1,85.71
2026-05-10,MFC012,Evening,5.0,5.0,0.0,4795.08,4795.08,4.58,18.83,3.98,0.0,3,3,0,5,1.67,0.0,5,0,100.0
2026-05-10,MFC012,Night,2.0,2.0,0.0,1439.9,1439.9,4.12,24.08,3.85,0.0,3,3,0,2,0.67,0.0,2,0,100.0
2026-05-10,MFC013,Morning,7.0,7.0,0.0,7010.9,7010.9,9.02,26.54,3.97,0.0,3,3,0,2,2.33,0.0,7,0,100.0
2026-05-10,MFC013,Evening,15.0,14.0,1.0,15842.76,13897.13,7.53,25.42,3.27,6.0,4,4,0,0,3.75,6.67,12,2,85.71
2026-05-10,MFC013,Night,1.0,1.0,0.0,177.73,177.73,2.43,16.37,4.0,0.0,3,2,1,1,0.5,0.0,1,0,100.0
2026-05-10,MFC014,Morning,9.0,9.0,0.0,11534.92,10499.21,7.47,26.27,3.62,5.0,4,3,1,1,3.0,0.0,8,1,88.89
2026-05-10,MFC014,Evening,7.0,7.0,0.0,12102.07,12102.07,6.18,25.54,3.73,0.0,3,3,0,1,2.33,0.0,6,1,85.71
2026-05-10,MFC014,Night,1.0,1.0,0.0,1655.0,1655.0,8.67,22.13,4.5,0.0,3,3,0,3,0.33,0.0,1,0,100.0
2026-05-10,MFC015,Morning,8.0,7.0,1.0,8042.17,6108.9,6.06,21.68,3.22,1.0,3,3,0,2,2.67,12.5,7,0,100.0
2026-05-10,MFC015,Evening,4.0,3.0,1.0,2190.2,1028.63,7.86,24.66,3.87,1.0,3,2,1,3,2.0,25.0,2,1,66.67
2026-05-10,MFC015,Night,2.0,2.0,0.0,1916.53,1916.53,5.75,17.07,3.85,0.0,3,3,0,2,0.67,0.0,2,0,100.0
2026-05-10,MFC016,Morning,14.0,13.0,1.0,17838.84,16882.38,6.88,23.97,3.65,1.0,4,4,0,2,3.5,7.14,13,0,100.0
2026-05-10,MFC016,Evening,9.0,9.0,0.0,8607.99,8002.46,5.89,30.37,3.19,3.0,4,4,0,5,2.25,0.0,6,3,66.67
2026-05-10,MFC016,Night,1.0,1.0,0.0,333.29,333.29,6.97,24.3,2.1,0.0,3,3,0,0,0.33,0.0,1,0,100.0
2026-05-10,MFC017,Morning,7.0,6.0,1.0,7942.52,5470.7,8.31,27.21,2.94,3.0,3,3,0,5,2.33,14.29,4,2,66.67
2026-05-10,MFC017,Evening,18.0,18.0,0.0,21639.15,20848.03,6.72,22.98,3.7,3.0,5,5,0,2,3.6,0.0,16,2,88.89
2026-05-10,MFC017,Night,3.0,3.0,0.0,2363.42,2070.01,4.58,19.2,3.37,1.0,3,2,1,4,1.5,0.0,3,0,100.0
2026-05-10,MFC018,Morning,7.0,5.0,2.0,6005.86,3626.27,7.87,24.93,3.07,5.0,3,2,1,1,3.5,28.57,4,1,80.0
2026-05-10,MFC018,Evening,7.0,7.0,0.0,5953.76,5856.82,6.06,23.21,3.67,1.0,3,3,0,1,2.33,0.0,5,2,71.43
2026-05-10,MFC018,Night,3.0,3.0,0.0,1495.12,1382.8,4.67,23.98,3.33,1.0,3,3,0,1,1.0,0.0,3,0,100.0
2026-05-11,MFC001,Morning,8.0,8.0,0.0,9365.75,9293.43,5.75,23.37,3.65,1.0,3,3,0,2,2.67,0.0,7,1,87.5
2026-05-11,MFC001,Evening,8.0,7.0,1.0,8288.8,7182.53,6.25,23.99,3.76,1.0,3,3,0,75,2.67,12.5,5,2,71.43
2026-05-11,MFC001,Night,1.0,1.0,0.0,1127.98,966.84,7.18,30.0,2.2,1.0,3,2,1,4,0.5,0.0,1,0,100.0
2026-05-11,MFC002,Morning,4.0,4.0,0.0,4694.78,4694.78,7.72,26.78,3.7,0.0,3,3,0,1,1.33,0.0,3,1,75.0
2026-05-11,MFC002,Evening,6.0,5.0,1.0,3636.14,3116.82,5.61,22.23,3.37,1.0,3,3,0,1,2.0,16.67,5,0,100.0
2026-05-11,MFC002,Night,1.0,1.0,0.0,1314.2,1314.2,5.59,23.25,4.8,0.0,3,3,0,2,0.33,0.0,1,0,100.0
2026-05-11,MFC003,Morning,8.0,8.0,0.0,14920.16,14920.16,6.63,20.89,3.91,0.0,3,2,1,3,4.0,0.0,8,0,100.0
2026-05-11,MFC003,Evening,6.0,6.0,0.0,7452.68,7013.99,5.41,22.76,2.88,1.0,3,2,1,4,3.0,0.0,5,1,83.33
2026-05-11,MFC003,Night,1.0,1.0,0.0,3283.63,3283.63,13.38,32.59,4.0,0.0,3,2,1,4,0.5,0.0,0,1,0.0
2026-05-11,MFC004,Morning,2.0,2.0,0.0,3631.35,3312.86,11.42,35.83,3.15,1.0,3,3,0,2,0.67,0.0,0,2,0.0
2026-05-11,MFC004,Evening,6.0,6.0,0.0,4507.43,4507.43,7.11,23.26,3.52,0.0,3,2,1,2,3.0,0.0,6,0,100.0
2026-05-11,MFC004,Night,1.0,1.0,0.0,173.13,173.13,4.49,18.78,4.2,0.0,3,3,0,2,0.33,0.0,1,0,100.0
2026-05-11,MFC005,Morning,3.0,2.0,1.0,2665.4,1525.42,6.83,28.88,3.15,1.0,3,3,0,1,1.0,33.33,2,0,100.0
2026-05-11,MFC005,Evening,8.0,8.0,0.0,5427.5,5427.5,6.48,24.18,3.41,0.0,3,3,0,1,2.67,0.0,6,2,75.0
2026-05-11,MFC005,Night,2.0,2.0,0.0,4505.43,4505.43,10.9,24.98,3.8,0.0,3,3,0,4,0.67,0.0,1,1,50.0
2026-05-11,MFC006,Morning,11.0,11.0,0.0,7206.9,7206.9,5.6,23.03,3.93,0.0,4,4,0,2,2.75,0.0,10,1,90.91
2026-05-11,MFC006,Evening,5.0,5.0,0.0,7379.7,7163.07,8.41,25.72,3.2,1.0,3,3,0,2,1.67,0.0,5,0,100.0
2026-05-11,MFC006,Night,0.0,0.0,0.0,0.0,0.0,,,,0.0,3,3,0,2,0.0,0.0,0,0,0.0
2026-05-11,MFC007,Morning,8.0,7.0,1.0,7917.43,7064.82,6.88,24.07,3.48,0.0,3,3,0,0,2.67,12.5,5,2,71.43
2026-05-11,MFC007,Evening,11.0,10.0,1.0,9225.06,9118.72,7.49,28.58,3.35,1.0,4,4,0,2,2.75,9.09,8,2,80.0
2026-05-11,MFC007,Night,2.0,2.0,0.0,1857.53,1505.6,5.89,16.75,3.6,1.0,3,3,0,5,0.67,0.0,2,0,100.0
2026-05-11,MFC008,Morning,6.0,6.0,0.0,5639.2,5483.64,5.39,22.16,3.73,1.0,3,3,0,4,2.0,0.0,6,0,100.0
2026-05-11,MFC008,Evening,8.0,8.0,0.0,12654.49,12313.79,6.55,23.83,3.36,3.0,3,3,0,2,2.67,0.0,7,1,87.5
2026-05-11,MFC008,Night,1.0,0.0,1.0,135.52,0.0,,,2.1,1.0,3,3,0,1,0.33,100.0,0,0,0.0
2026-05-11,MFC009,Morning,2.0,2.0,0.0,1963.06,1963.06,5.98,22.38,3.35,0.0,3,3,0,1,0.67,0.0,1,1,50.0
2026-05-11,MFC009,Evening,10.0,10.0,0.0,16432.62,16146.13,6.13,24.71,3.45,2.0,4,3,1,2,3.33,0.0,10,0,100.0
2026-05-11,MFC009,Night,1.0,1.0,0.0,435.38,435.38,3.19,18.51,3.6,0.0,3,3,0,3,0.33,0.0,1,0,100.0
2026-05-11,MFC010,Morning,4.0,4.0,0.0,3333.84,3261.83,7.8,25.27,3.42,1.0,3,3,0,3,1.33,0.0,4,0,100.0
2026-05-11,MFC010,Evening,7.0,7.0,0.0,6549.68,6472.25,6.84,25.94,3.33,1.0,3,3,0,4,2.33,0.0,6,1,85.71
2026-05-11,MFC010,Night,5.0,5.0,0.0,4844.28,4844.28,5.48,18.91,4.36,0.0,3,2,1,1,2.5,0.0,5,0,100.0
2026-05-11,MFC011,Morning,7.0,7.0,0.0,10472.04,10066.87,8.64,30.04,3.21,2.0,3,3,0,3,2.33,0.0,4,3,57.14
2026-05-11,MFC011,Evening,8.0,8.0,0.0,10402.26,10402.26,6.25,25.7,3.72,0.0,3,3,0,7,2.67,0.0,7,1,87.5
2026-05-11,MFC011,Night,1.0,1.0,0.0,1443.41,1443.41,7.54,19.97,3.1,0.0,3,3,0,4,0.33,0.0,1,0,100.0
2026-05-11,MFC012,Morning,1.0,1.0,0.0,176.7,176.7,3.69,17.88,3.7,0.0,3,3,0,3,0.33,0.0,1,0,100.0
2026-05-11,MFC012,Evening,2.0,2.0,0.0,948.0,948.0,6.16,33.98,3.55,0.0,3,2,1,4,1.0,0.0,0,2,0.0
2026-05-11,MFC012,Night,3.0,3.0,0.0,3257.4,3257.4,6.43,22.81,3.53,0.0,3,3,0,3,1.0,0.0,3,0,100.0
2026-05-11,MFC013,Morning,6.0,6.0,0.0,7095.52,7080.52,7.12,26.45,3.12,1.0,3,3,0,1,2.0,0.0,4,2,66.67
2026-05-11,MFC013,Evening,9.0,6.0,3.0,13356.49,9745.32,8.4,25.96,3.27,1.0,4,4,0,2,2.25,33.33,4,2,66.67
2026-05-11,MFC013,Night,1.0,1.0,0.0,76.48,76.48,4.94,29.42,3.2,0.0,3,3,0,1,0.33,0.0,1,0,100.0
2026-05-11,MFC014,Morning,4.0,4.0,0.0,5660.42,5352.26,6.38,25.36,3.1,1.0,3,3,0,47,1.33,0.0,3,1,75.0
2026-05-11,MFC014,Evening,5.0,5.0,0.0,2932.4,2932.4,5.24,21.51,3.7,0.0,3,3,0,0,1.67,0.0,5,0,100.0
2026-05-11,MFC014,Night,2.0,2.0,0.0,2275.43,2275.43,6.62,20.2,4.2,0.0,3,3,0,2,0.67,0.0,2,0,100.0
2026-05-11,MFC015,Morning,1.0,1.0,0.0,1005.45,1005.45,9.03,26.88,3.8,0.0,3,3,0,2,0.33,0.0,1,0,100.0
2026-05-11,MFC015,Evening,8.0,8.0,0.0,8425.51,8246.08,8.35,23.61,3.46,1.0,3,2,1,2,4.0,0.0,6,2,75.0
2026-05-11,MFC015,Night,4.0,3.0,1.0,4015.62,1922.16,5.09,22.42,3.18,0.0,3,2,1,3,2.0,25.0,3,0,100.0
2026-05-11,MFC016,Morning,2.0,2.0,0.0,4071.08,4071.08,8.43,25.17,3.15,0.0,3,3,0,2,0.67,0.0,2,0,100.0
2026-05-11,MFC016,Evening,5.0,5.0,0.0,2148.86,2148.86,5.42,23.06,3.8,0.0,3,2,1,74,2.5,0.0,5,0,100.0
2026-05-11,MFC016,Night,3.0,3.0,0.0,3936.81,3936.81,5.55,22.14,3.8,0.0,3,3,0,3,1.0,0.0,3,0,100.0
2026-05-11,MFC017,Morning,3.0,3.0,0.0,3566.53,3464.34,6.91,23.44,3.1,1.0,3,3,0,1,1.0,0.0,2,1,66.67
2026-05-11,MFC017,Evening,8.0,8.0,0.0,14428.41,14301.45,7.85,25.52,3.88,1.0,3,3,0,4,2.67,0.0,5,3,62.5
2026-05-11,MFC017,Night,2.0,2.0,0.0,1419.94,1419.94,6.26,17.89,3.6,0.0,3,3,0,5,0.67,0.0,2,0,100.0
2026-05-11,MFC018,Morning,5.0,4.0,1.0,3697.87,2460.47,6.43,22.34,3.42,0.0,3,3,0,3,1.67,20.0,4,0,100.0
2026-05-11,MFC018,Evening,5.0,4.0,1.0,9661.56,8466.74,10.01,26.7,3.3,0.0,3,3,0,4,1.67,20.0,3,1,75.0
2026-05-11,MFC018,Night,0.0,0.0,0.0,0.0,0.0,,,,0.0,3,2,1,0,0.0,0.0,0,0,0.0
2026-05-12,MFC001,Morning,5.0,5.0,0.0,6681.73,6483.92,7.71,26.76,3.46,1.0,3,3,0,3,1.67,0.0,3,2,60.0
2026-05-12,MFC001,Evening,5.0,5.0,0.0,4445.66,4175.71,5.64,23.64,3.78,1.0,3,3,0,3,1.67,0.0,5,0,100.0
2026-05-12,MFC001,Night,0.0,0.0,0.0,0.0,0.0,,,,0.0,3,2,1,1,0.0,0.0,0,0,0.0
2026-05-12,MFC002,Morning,5.0,5.0,0.0,4471.76,4451.76,8.75,29.23,3.54,1.0,3,3,0,1,1.67,0.0,4,1,80.0
2026-05-12,MFC002,Evening,4.0,3.0,1.0,5386.49,3902.61,6.74,22.27,3.5,1.0,3,3,0,4,1.33,25.0,3,0,100.0
2026-05-12,MFC002,Night,2.0,2.0,0.0,875.13,802.76,6.16,25.34,3.05,1.0,3,3,0,3,0.67,0.0,2,0,100.0
2026-05-12,MFC003,Morning,9.0,9.0,0.0,6124.24,6124.24,5.8,22.65,3.41,0.0,4,4,0,5,2.25,0.0,8,1,88.89
2026-05-12,MFC003,Evening,10.0,9.0,1.0,9106.86,7906.93,5.31,23.26,3.83,0.0,4,3,1,4,3.33,10.0,9,0,100.0
2026-05-12,MFC003,Night,0.0,0.0,0.0,0.0,0.0,,,,0.0,3,3,0,1,0.0,0.0,0,0,0.0
2026-05-12,MFC004,Morning,7.0,7.0,0.0,6981.52,6981.52,7.04,24.48,3.74,0.0,3,3,0,2,2.33,0.0,6,1,85.71
2026-05-12,MFC004,Evening,3.0,3.0,0.0,9848.52,9489.62,14.14,36.54,3.8,1.0,3,3,0,4,1.0,0.0,0,3,0.0
2026-05-12,MFC004,Night,2.0,2.0,0.0,1945.4,1945.4,5.74,19.67,3.5,0.0,3,2,1,1,1.0,0.0,2,0,100.0
2026-05-12,MFC005,Morning,7.0,6.0,0.0,6798.9,6798.9,6.98,28.77,3.6,0.0,3,2,1,3,3.5,0.0,4,2,66.67
2026-05-12,MFC005,Evening,7.0,6.0,1.0,8202.14,7070.84,7.52,24.11,3.53,0.0,3,3,0,2,2.33,14.29,6,0,100.0
2026-05-12,MFC005,Night,2.0,2.0,0.0,1210.32,1210.32,6.65,17.2,3.9,0.0,3,3,0,1,0.67,0.0,2,0,100.0
2026-05-12,MFC006,Morning,6.0,6.0,0.0,11459.1,10466.89,8.32,24.62,3.5,1.0,3,3,0,1,2.0,0.0,6,0,100.0
2026-05-12,MFC006,Evening,8.0,8.0,0.0,7324.84,6622.92,8.65,26.38,3.86,0.0,3,2,1,1,4.0,0.0,7,1,87.5
2026-05-12,MFC006,Night,2.0,2.0,0.0,431.48,431.48,4.38,17.83,4.35,0.0,3,3,0,5,0.67,0.0,2,0,100.0
2026-05-12,MFC007,Morning,7.0,6.0,0.0,10995.99,10578.41,8.13,22.13,3.63,1.0,3,3,0,1,2.33,0.0,4,2,66.67
2026-05-12,MFC007,Evening,7.0,6.0,1.0,8825.55,7125.14,6.57,22.53,3.2,0.0,3,3,0,2,2.33,14.29,4,2,66.67
2026-05-12,MFC007,Night,1.0,0.0,1.0,823.44,0.0,,,,0.0,3,3,0,3,0.33,100.0,0,0,0.0
2026-05-12,MFC008,Morning,9.0,8.0,1.0,7665.15,6924.47,6.66,23.06,3.38,2.0,4,3,1,2,3.0,11.11,8,0,100.0
2026-05-12,MFC008,Evening,7.0,7.0,0.0,3517.37,3280.13,6.04,24.03,3.46,2.0,3,3,0,3,2.33,0.0,5,2,71.43
2026-05-12,MFC008,Night,0.0,0.0,0.0,0.0,0.0,,,,0.0,3,3,0,2,0.0,0.0,0,0,0.0
2026-05-12,MFC009,Morning,4.0,3.0,1.0,4548.11,2510.87,6.32,21.99,2.9,1.0,3,3,0,1,1.33,25.0,3,0,100.0
2026-05-12,MFC009,Evening,9.0,9.0,0.0,9763.62,9597.15,6.38,26.07,3.59,1.0,4,4,0,3,2.25,0.0,9,0,100.0
2026-05-12,MFC009,Night,2.0,2.0,0.0,4023.0,3818.37,6.98,24.0,3.15,1.0,3,2,1,2,1.0,0.0,2,0,100.0
2026-05-12,MFC010,Morning,8.0,7.0,1.0,6163.52,5697.02,5.72,23.13,3.75,1.0,3,3,0,2,2.67,12.5,7,0,100.0
2026-05-12,MFC010,Evening,2.0,1.0,1.0,3085.18,3085.18,10.61,52.46,4.1,0.0,3,3,0,5,0.67,50.0,0,1,0.0
2026-05-12,MFC010,Night,1.0,1.0,0.0,619.46,619.46,5.52,21.58,4.3,0.0,3,3,0,0,0.33,0.0,1,0,100.0
2026-05-12,MFC011,Morning,4.0,4.0,0.0,1679.04,1679.04,4.45,23.03,3.4,0.0,3,3,0,2,1.33,0.0,4,0,100.0
2026-05-12,MFC011,Evening,9.0,9.0,0.0,8764.3,8440.42,8.55,29.38,3.6,2.0,4,3,1,2,3.0,0.0,6,3,66.67
2026-05-12,MFC011,Night,0.0,0.0,0.0,0.0,0.0,,,,0.0,3,3,0,1,0.0,0.0,0,0,0.0
2026-05-12,MFC012,Morning,5.0,4.0,1.0,6089.42,5292.32,8.41,32.02,3.34,0.0,3,3,0,2,1.67,20.0,3,1,75.0
2026-05-12,MFC012,Evening,9.0,9.0,0.0,10297.24,9947.45,7.47,24.77,3.54,3.0,4,4,0,2,2.25,0.0,7,2,77.78
2026-05-12,MFC012,Night,1.0,1.0,0.0,1241.22,1241.22,8.89,20.53,3.8,0.0,3,3,0,3,0.33,0.0,1,0,100.0
2026-05-12,MFC013,Morning,3.0,3.0,0.0,2399.59,2399.59,4.12,22.37,3.83,0.0,3,3,0,2,1.0,0.0,3,0,100.0
2026-05-12,MFC013,Evening,5.0,5.0,0.0,8341.67,8273.34,8.05,27.36,3.86,1.0,3,3,0,1,1.67,0.0,4,1,80.0
2026-05-12,MFC013,Night,1.0,1.0,0.0,1231.29,1231.29,9.92,35.68,3.4,0.0,3,3,0,2,0.33,0.0,1,0,100.0
2026-05-12,MFC014,Morning,3.0,3.0,0.0,3750.68,3750.68,6.45,26.52,3.77,0.0,3,3,0,4,1.0,0.0,3,0,100.0
2026-05-12,MFC014,Evening,4.0,4.0,0.0,3130.97,3031.39,7.75,28.64,3.75,1.0,3,3,0,3,1.33,0.0,3,1,75.0
2026-05-12,MFC014,Night,2.0,2.0,0.0,2554.02,2554.02,4.9,18.94,4.7,0.0,3,3,0,3,0.67,0.0,2,0,100.0
2026-05-12,MFC015,Morning,5.0,4.0,1.0,4577.25,2489.08,5.7,22.74,2.78,1.0,3,3,0,7,1.67,20.0,4,0,100.0
2026-05-12,MFC015,Evening,12.0,12.0,0.0,18302.43,18047.62,9.55,27.18,3.72,2.0,4,4,0,2,3.0,0.0,9,3,75.0
2026-05-12,MFC015,Night,2.0,2.0,0.0,700.96,700.96,3.26,32.56,3.5,0.0,3,3,0,0,0.67,0.0,1,1,50.0
2026-05-12,MFC016,Morning,1.0,1.0,0.0,1210.88,1210.88,5.62,26.64,3.3,0.0,3,3,0,0,0.33,0.0,1,0,100.0
2026-05-12,MFC016,Evening,9.0,9.0,0.0,12448.61,12137.71,7.59,27.25,3.8,1.0,4,4,0,1,2.25,0.0,8,1,88.89
2026-05-12,MFC016,Night,0.0,0.0,0.0,0.0,0.0,,,,0.0,3,3,0,3,0.0,0.0,0,0,0.0
2026-05-12,MFC017,Morning,11.0,7.0,3.0,8970.59,7905.47,9.3,26.37,3.72,0.0,4,4,0,2,2.75,27.27,5,2,71.43
2026-05-12,MFC017,Evening,8.0,7.0,1.0,9036.58,7955.77,7.35,26.6,3.68,0.0,3,3,0,1,2.67,12.5,5,2,71.43
2026-05-12,MFC017,Night,0.0,0.0,0.0,0.0,0.0,,,,0.0,3,3,0,2,0.0,0.0,0,0,0.0
2026-05-12,MFC018,Morning,4.0,3.0,0.0,5108.93,5108.93,9.85,27.82,3.77,0.0,3,3,0,1,1.33,0.0,2,1,66.67
2026-05-12,MFC018,Evening,6.0,4.0,2.0,4286.39,3080.17,7.92,25.17,3.43,3.0,3,3,0,2,2.0,33.33,3,1,75.0
2026-05-12,MFC018,Night,2.0,2.0,0.0,1452.42,1452.42,7.1,20.47,3.1,0.0,3,3,0,4,0.67,0.0,2,0,100.0
2026-05-13,MFC001,Morning,5.0,5.0,0.0,6108.49,6108.49,7.08,26.92,3.78,0.0,3,3,0,2,1.67,0.0,4,1,80.0
2026-05-13,MFC001,Evening,9.0,9.0,0.0,7057.6,6244.3,6.63,27.36,3.32,3.0,4,4,0,4,2.25,0.0,8,1,88.89
2026-05-13,MFC001,Night,2.0,2.0,0.0,2827.08,2827.08,7.2,18.92,4.2,0.0,3,3,0,1,0.67,0.0,2,0,100.0
2026-05-13,MFC002,Morning,3.0,2.0,1.0,3465.27,2130.33,10.91,34.46,3.8,1.0,3,3,0,3,1.0,33.33,1,1,50.0
2026-05-13,MFC002,Evening,8.0,8.0,0.0,7790.99,7790.99,6.6,23.77,3.81,0.0,3,3,0,3,2.67,0.0,8,0,100.0
2026-05-13,MFC002,Night,1.0,1.0,0.0,2277.93,2277.93,10.88,19.42,4.9,0.0,3,3,0,1,0.33,0.0,1,0,100.0
2026-05-13,MFC003,Morning,7.0,7.0,0.0,9053.52,9053.52,8.57,25.57,3.83,0.0,3,2,1,2,3.5,0.0,5,2,71.43
2026-05-13,MFC003,Evening,11.0,11.0,0.0,12641.65,12641.65,6.53,23.87,3.78,0.0,4,4,0,6,2.75,0.0,8,3,72.73
2026-05-13,MFC003,Night,1.0,1.0,0.0,1073.16,1073.16,7.62,25.46,3.3,0.0,3,3,0,3,0.33,0.0,1,0,100.0
2026-05-13,MFC004,Morning,1.0,0.0,1.0,25.0,0.0,,,,1.0,3,3,0,0,0.33,100.0,0,0,0.0
2026-05-13,MFC004,Evening,7.0,6.0,1.0,6809.34,6712.82,6.68,24.69,3.58,0.0,3,3,0,4,2.33,14.29,5,1,83.33
2026-05-13,MFC004,Night,2.0,2.0,0.0,1200.86,1200.86,4.38,17.73,4.1,0.0,3,3,0,2,0.67,0.0,2,0,100.0
2026-05-13,MFC005,Morning,7.0,5.0,2.0,8077.96,6253.17,7.43,22.84,3.33,1.0,3,2,1,1,3.5,28.57,4,1,80.0
2026-05-13,MFC005,Evening,9.0,8.0,1.0,9651.15,9457.92,8.3,25.42,3.68,1.0,4,4,0,2,2.25,11.11,6,2,75.0
2026-05-13,MFC005,Night,1.0,1.0,0.0,1956.51,1956.51,9.24,24.6,2.9,0.0,3,2,1,0,0.5,0.0,1,0,100.0
2026-05-13,MFC006,Morning,4.0,4.0,0.0,4477.45,4477.45,6.1,23.87,3.7,0.0,3,3,0,2,1.33,0.0,3,1,75.0
2026-05-13,MFC006,Evening,9.0,8.0,0.0,9350.6,9062.9,8.24,25.91,3.54,2.0,4,3,1,3,3.0,0.0,6,2,75.0
2026-05-13,MFC006,Night,3.0,3.0,0.0,4011.09,4011.09,8.04,24.33,3.63,0.0,3,3,0,3,1.0,0.0,3,0,100.0
2026-05-13,MFC007,Morning,9.0,8.0,1.0,9807.43,7406.61,5.12,22.26,3.55,1.0,4,4,0,4,2.25,11.11,7,1,87.5
2026-05-13,MFC007,Evening,6.0,5.0,1.0,5243.03,2385.18,6.58,23.94,3.54,2.0,3,3,0,6,2.0,16.67,4,1,80.0
2026-05-13,MFC007,Night,0.0,0.0,0.0,0.0,0.0,,,,0.0,3,3,0,4,0.0,0.0,0,0,0.0
2026-05-13,MFC008,Morning,3.0,3.0,0.0,5847.1,5847.1,8.02,23.58,3.97,0.0,3,2,1,0,1.5,0.0,2,1,66.67
2026-05-13,MFC008,Evening,8.0,8.0,0.0,11174.3,11174.3,7.26,26.93,3.78,0.0,3,3,0,7,2.67,0.0,6,2,75.0
2026-05-13,MFC008,Night,1.0,1.0,0.0,90.29,90.29,5.14,42.09,2.8,0.0,3,3,0,3,0.33,0.0,0,1,0.0
2026-05-13,MFC009,Morning,7.0,4.0,3.0,6029.86,2840.36,8.07,30.28,3.33,0.0,3,3,0,3,2.33,42.86,3,1,75.0
2026-05-13,MFC009,Evening,9.0,7.0,1.0,8611.43,8282.25,6.06,22.62,3.83,1.0,4,4,0,4,2.25,11.11,6,1,85.71
2026-05-13,MFC009,Night,0.0,0.0,0.0,0.0,0.0,,,,0.0,3,3,0,3,0.0,0.0,0,0,0.0
2026-05-13,MFC010,Morning,4.0,4.0,0.0,4523.01,4124.46,7.44,28.53,3.7,0.0,3,3,0,2,1.33,0.0,2,2,50.0
2026-05-13,MFC010,Evening,5.0,5.0,0.0,2070.56,1976.66,6.43,24.55,3.44,1.0,3,3,0,1,1.67,0.0,4,1,80.0
2026-05-13,MFC010,Night,1.0,1.0,0.0,557.89,557.89,6.11,18.41,3.9,0.0,3,2,1,2,0.5,0.0,1,0,100.0
2026-05-13,MFC011,Morning,7.0,7.0,0.0,10224.95,9993.1,8.74,25.83,3.46,1.0,3,2,1,3,3.5,0.0,5,2,71.43
2026-05-13,MFC011,Evening,8.0,7.0,1.0,13071.57,11893.76,8.45,32.58,3.54,0.0,3,3,0,5,2.67,12.5,3,4,42.86
2026-05-13,MFC011,Night,2.0,2.0,0.0,3828.73,3828.73,6.58,19.31,3.85,0.0,3,3,0,5,0.67,0.0,2,0,100.0
2026-05-13,MFC012,Morning,4.0,4.0,0.0,5204.77,5204.77,9.17,25.82,3.85,0.0,3,3,0,1,1.33,0.0,2,2,50.0
2026-05-13,MFC012,Evening,7.0,7.0,0.0,10746.83,10631.51,7.28,27.07,3.56,1.0,3,3,0,2,2.33,0.0,4,3,57.14
2026-05-13,MFC012,Night,0.0,0.0,0.0,0.0,0.0,,,,0.0,3,3,0,4,0.0,0.0,0,0,0.0
2026-05-13,MFC013,Morning,11.0,10.0,1.0,23698.66,23631.97,5.8,22.86,3.71,1.0,4,4,0,2,2.75,9.09,9,1,90.0
2026-05-13,MFC013,Evening,2.0,1.0,1.0,2681.34,2159.93,7.5,20.26,3.8,0.0,3,3,0,4,0.67,50.0,1,0,100.0
2026-05-13,MFC013,Night,2.0,2.0,0.0,1310.24,1310.24,5.6,18.36,4.25,0.0,3,3,0,1,0.67,0.0,2,0,100.0
2026-05-13,MFC014,Morning,1.0,1.0,0.0,1742.97,271.37,3.09,16.88,2.6,0.0,3,3,0,1,0.33,0.0,1,0,100.0
2026-05-13,MFC014,Evening,4.0,3.0,1.0,9730.84,4161.02,6.49,24.85,3.77,1.0,3,3,0,2,1.33,25.0,3,0,100.0
2026-05-13,MFC014,Night,0.0,0.0,0.0,0.0,0.0,,,,0.0,3,3,0,5,0.0,0.0,0,0,0.0
2026-05-13,MFC015,Morning,8.0,7.0,1.0,7290.5,7148.73,9.58,29.79,3.46,0.0,3,3,0,4,2.67,12.5,5,2,71.43
2026-05-13,MFC015,Evening,11.0,9.0,1.0,19693.52,16446.93,9.8,30.22,3.5,3.0,4,4,0,1,2.75,9.09,5,4,55.56
2026-05-13,MFC015,Night,1.0,1.0,0.0,994.63,994.63,7.22,25.2,3.8,0.0,3,3,0,6,0.33,0.0,1,0,100.0
2026-05-13,MFC016,Morning,2.0,1.0,0.0,1803.96,1803.96,3.12,19.56,5.0,0.0,3,3,0,4,0.67,0.0,1,0,100.0
2026-05-13,MFC016,Evening,8.0,7.0,1.0,6911.46,5654.74,5.24,21.53,3.52,1.0,3,3,0,3,2.67,12.5,7,0,100.0
2026-05-13,MFC016,Night,1.0,1.0,0.0,995.75,995.75,4.88,31.33,3.2,0.0,3,3,0,4,0.33,0.0,1,0,100.0
2026-05-13,MFC017,Morning,7.0,7.0,0.0,9737.21,9737.21,7.62,23.55,4.11,0.0,3,3,0,2,2.33,0.0,5,2,71.43
2026-05-13,MFC017,Evening,10.0,9.0,0.0,10979.04,10907.73,5.46,20.48,3.28,1.0,4,3,1,2,3.33,0.0,8,1,88.89
2026-05-13,MFC017,Night,1.0,1.0,0.0,5417.67,3611.78,16.23,40.73,3.0,1.0,3,3,0,2,0.33,0.0,0,1,0.0
2026-05-13,MFC018,Morning,2.0,2.0,0.0,1094.05,1020.03,11.29,27.69,3.9,1.0,3,3,0,1,0.67,0.0,1,1,50.0
2026-05-13,MFC018,Evening,7.0,7.0,0.0,6266.83,6135.28,7.98,24.65,3.4,1.0,3,3,0,0,2.33,0.0,5,2,71.43
2026-05-13,MFC018,Night,1.0,1.0,0.0,936.83,936.83,11.84,27.36,4.0,0.0,3,3,0,2,0.33,0.0,1,0,100.0
2026-05-14,MFC001,Morning,5.0,5.0,0.0,1983.53,1522.02,5.78,25.13,3.52,1.0,3,3,0,1,1.67,0.0,3,2,60.0
2026-05-14,MFC001,Evening,8.0,8.0,0.0,10190.31,10061.38,9.13,27.14,3.85,1.0,3,2,1,1,4.0,0.0,5,3,62.5
2026-05-14,MFC001,Night,1.0,1.0,0.0,630.78,630.78,6.55,23.24,3.8,0.0,3,3,0,2,0.33,0.0,1,0,100.0
2026-05-14,MFC002,Morning,3.0,3.0,0.0,2347.43,1717.35,10.46,30.89,3.47,2.0,3,3,0,0,1.0,0.0,1,2,33.33
2026-05-14,MFC002,Evening,2.0,2.0,0.0,864.55,864.55,4.48,22.32,3.95,0.0,3,3,0,2,0.67,0.0,2,0,100.0
2026-05-14,MFC002,Night,0.0,0.0,0.0,0.0,0.0,,,,0.0,3,3,0,2,0.0,0.0,0,0,0.0
2026-05-14,MFC003,Morning,5.0,5.0,0.0,4167.58,3731.69,7.21,24.55,3.2,3.0,3,3,0,6,1.67,0.0,4,1,80.0
2026-05-14,MFC003,Evening,6.0,6.0,0.0,7699.34,7575.91,7.99,26.43,3.28,1.0,3,3,0,2,2.0,0.0,4,2,66.67
2026-05-14,MFC003,Night,1.0,1.0,0.0,1386.59,1386.59,9.44,24.19,4.1,0.0,3,3,0,2,0.33,0.0,1,0,100.0
2026-05-14,MFC004,Morning,2.0,2.0,0.0,3387.97,3387.97,9.4,33.68,4.55,0.0,3,3,0,2,0.67,0.0,1,1,50.0
2026-05-14,MFC004,Evening,3.0,3.0,0.0,5127.39,5127.39,6.76,24.37,3.47,0.0,3,2,1,2,1.5,0.0,2,1,66.67
2026-05-14,MFC004,Night,1.0,1.0,0.0,627.74,627.74,2.36,22.96,4.1,0.0,3,3,0,2,0.33,0.0,1,0,100.0
2026-05-14,MFC005,Morning,8.0,8.0,0.0,8659.13,8515.18,8.64,26.02,3.85,1.0,3,3,0,1,2.67,0.0,5,3,62.5
2026-05-14,MFC005,Evening,8.0,7.0,1.0,4749.6,3914.83,4.58,25.54,3.67,1.0,3,3,0,3,2.67,12.5,6,1,85.71
2026-05-14,MFC005,Night,1.0,1.0,0.0,1430.7,1430.7,2.94,18.06,3.6,0.0,3,3,0,1,0.33,0.0,1,0,100.0
2026-05-14,MFC006,Morning,6.0,6.0,0.0,4729.03,4729.03,5.61,21.15,3.82,0.0,3,3,0,3,2.0,0.0,5,1,83.33
2026-05-14,MFC006,Evening,6.0,6.0,0.0,4572.92,4496.63,7.59,23.03,3.55,1.0,3,3,0,0,2.0,0.0,5,1,83.33
2026-05-14,MFC006,Night,0.0,0.0,0.0,0.0,0.0,,,,0.0,3,3,0,7,0.0,0.0,0,0,0.0
2026-05-14,MFC007,Morning,3.0,3.0,0.0,5111.73,4840.31,6.11,21.15,3.47,1.0,3,3,0,0,1.0,0.0,3,0,100.0
2026-05-14,MFC007,Evening,6.0,6.0,0.0,7921.81,7921.81,6.27,27.97,3.57,0.0,3,3,0,3,2.0,0.0,4,2,66.67
2026-05-14,MFC007,Night,1.0,1.0,0.0,810.1,810.1,6.66,23.53,3.0,0.0,3,3,0,3,0.33,0.0,1,0,100.0
2026-05-14,MFC008,Morning,7.0,7.0,0.0,5203.46,5203.46,5.66,27.1,4.2,0.0,3,2,1,3,3.5,0.0,6,1,85.71
2026-05-14,MFC008,Evening,5.0,5.0,0.0,8427.38,7643.31,7.45,24.9,3.62,0.0,3,2,1,4,2.5,0.0,4,1,80.0
2026-05-14,MFC008,Night,0.0,0.0,0.0,0.0,0.0,,,,0.0,3,3,0,3,0.0,0.0,0,0,0.0
2026-05-14,MFC009,Morning,8.0,7.0,1.0,6491.14,5074.42,5.56,24.7,3.45,0.0,3,2,1,3,4.0,12.5,6,1,85.71
2026-05-14,MFC009,Evening,3.0,3.0,0.0,1452.41,1452.41,4.91,21.87,3.47,0.0,3,2,1,1,1.5,0.0,3,0,100.0
2026-05-14,MFC009,Night,1.0,1.0,0.0,1308.93,1308.93,4.91,21.13,3.2,0.0,3,3,0,0,0.33,0.0,1,0,100.0
2026-05-14,MFC010,Morning,3.0,2.0,1.0,3891.04,2965.53,8.43,31.3,2.97,0.0,3,3,0,3,1.0,33.33,1,1,50.0
2026-05-14,MFC010,Evening,7.0,7.0,0.0,5649.21,5649.21,7.55,23.81,3.73,0.0,3,3,0,4,2.33,0.0,6,1,85.71
2026-05-14,MFC010,Night,0.0,0.0,0.0,0.0,0.0,,,,0.0,3,3,0,2,0.0,0.0,0,0,0.0
2026-05-14,MFC011,Morning,5.0,3.0,2.0,4984.86,4871.55,9.55,28.59,3.48,0.0,3,3,0,4,1.67,40.0,1,2,33.33
2026-05-14,MFC011,Evening,9.0,9.0,0.0,12309.11,12309.11,8.27,26.81,3.74,0.0,4,3,1,1,3.0,0.0,6,3,66.67
2026-05-14,MFC011,Night,3.0,3.0,0.0,5571.1,5571.1,6.17,22.51,3.6,0.0,3,3,0,0,1.0,0.0,3,0,100.0
2026-05-14,MFC012,Morning,7.0,7.0,0.0,4500.63,4295.48,4.71,21.35,3.57,0.0,3,3,0,2,2.33,0.0,7,0,100.0
2026-05-14,MFC012,Evening,6.0,5.0,1.0,5902.2,5720.26,8.16,24.72,3.18,2.0,3,3,0,3,2.0,16.67,4,1,80.0
2026-05-14,MFC012,Night,0.0,0.0,0.0,0.0,0.0,,,,0.0,3,3,0,2,0.0,0.0,0,0,0.0
2026-05-14,MFC013,Morning,5.0,4.0,1.0,4456.54,4456.54,6.13,28.19,3.42,0.0,3,2,1,2,2.5,20.0,3,1,75.0
2026-05-14,MFC013,Evening,8.0,8.0,0.0,5938.08,5938.08,6.77,24.73,3.94,0.0,3,3,0,1,2.67,0.0,6,2,75.0
2026-05-14,MFC013,Night,0.0,0.0,0.0,0.0,0.0,,,,0.0,3,3,0,3,0.0,0.0,0,0,0.0
2026-05-14,MFC014,Morning,2.0,2.0,0.0,1508.19,1508.19,6.5,25.15,2.5,0.0,3,3,0,1,0.67,0.0,2,0,100.0
2026-05-14,MFC014,Evening,7.0,6.0,1.0,7261.9,6583.11,6.46,24.04,3.77,1.0,3,3,0,2,2.33,14.29,5,1,83.33
2026-05-14,MFC014,Night,0.0,0.0,0.0,0.0,0.0,,,,0.0,3,3,0,2,0.0,0.0,0,0,0.0
2026-05-14,MFC015,Morning,5.0,5.0,0.0,3747.86,3747.86,5.12,26.65,4.02,0.0,3,3,0,1,1.67,0.0,4,1,80.0
2026-05-14,MFC015,Evening,9.0,8.0,1.0,14874.65,14712.66,8.52,26.4,3.49,1.0,4,4,0,5,2.25,11.11,4,4,50.0
2026-05-14,MFC015,Night,1.0,1.0,0.0,979.86,979.86,10.07,23.96,4.0,0.0,3,3,0,0,0.33,0.0,1,0,100.0
2026-05-14,MFC016,Morning,4.0,4.0,0.0,2275.99,2275.99,6.08,25.17,4.12,0.0,3,3,0,3,1.33,0.0,4,0,100.0
2026-05-14,MFC016,Evening,6.0,6.0,0.0,5811.13,5811.13,8.41,29.41,3.6,0.0,3,3,0,5,2.0,0.0,4,2,66.67
2026-05-14,MFC016,Night,1.0,1.0,0.0,580.11,580.11,7.9,22.75,3.5,0.0,3,3,0,2,0.33,0.0,1,0,100.0
2026-05-14,MFC017,Morning,12.0,10.0,1.0,8853.85,7772.19,7.99,26.12,3.51,2.0,4,4,0,2,3.0,8.33,8,2,80.0
2026-05-14,MFC017,Evening,6.0,6.0,0.0,11366.27,10701.36,9.12,27.72,3.83,1.0,3,2,1,1,3.0,0.0,5,1,83.33
2026-05-14,MFC017,Night,3.0,3.0,0.0,1186.04,1186.04,4.71,19.58,4.07,0.0,3,3,0,4,1.0,0.0,3,0,100.0
2026-05-14,MFC018,Morning,6.0,6.0,0.0,7480.7,7050.08,9.28,30.32,3.3,2.0,3,3,0,1,2.0,0.0,3,3,50.0
2026-05-14,MFC018,Evening,8.0,8.0,0.0,7404.8,7404.8,8.91,31.32,3.74,0.0,3,2,1,4,4.0,0.0,5,3,62.5
2026-05-14,MFC018,Night,1.0,1.0,0.0,711.84,711.84,4.28,34.17,3.1,0.0,3,3,0,3,0.33,0.0,1,0,100.0
2026-05-15,MFC001,Morning,3.0,3.0,0.0,6455.95,6044.39,11.15,29.9,3.03,3.0,3,3,0,4,1.0,0.0,2,1,66.67
2026-05-15,MFC001,Evening,9.0,8.0,1.0,13211.1,12357.43,6.93,27.28,3.55,1.0,4,4,0,2,2.25,11.11,7,1,87.5
2026-05-15,MFC001,Night,1.0,1.0,0.0,1606.56,1606.56,5.48,16.94,4.0,0.0,3,2,1,2,0.5,0.0,1,0,100.0
2026-05-15,MFC002,Morning,3.0,3.0,0.0,1202.65,1202.65,7.28,22.77,3.27,0.0,3,3,0,4,1.0,0.0,3,0,100.0
2026-05-15,MFC002,Evening,2.0,1.0,1.0,995.95,587.05,3.95,19.61,3.9,0.0,3,3,0,4,0.67,50.0,1,0,100.0
2026-05-15,MFC002,Night,1.0,1.0,0.0,463.15,463.15,4.91,18.75,3.0,0.0,3,3,0,1,0.33,0.0,1,0,100.0
2026-05-15,MFC003,Morning,9.0,8.0,1.0,7447.58,7447.58,6.88,26.53,3.66,1.0,4,4,0,4,2.25,11.11,7,1,87.5
2026-05-15,MFC003,Evening,9.0,6.0,3.0,6276.45,4291.0,7.52,26.38,2.97,3.0,4,4,0,0,2.25,33.33,5,1,83.33
2026-05-15,MFC003,Night,3.0,3.0,0.0,3754.78,3754.78,5.98,26.97,3.5,0.0,3,3,0,4,1.0,0.0,3,0,100.0
2026-05-15,MFC004,Morning,2.0,2.0,0.0,2695.43,2695.43,7.22,21.82,3.85,0.0,3,3,0,2,0.67,0.0,2,0,100.0
2026-05-15,MFC004,Evening,3.0,2.0,1.0,7663.42,4781.31,13.44,33.78,2.97,0.0,3,3,0,1,1.0,33.33,0,2,0.0
2026-05-15,MFC004,Night,0.0,0.0,0.0,0.0,0.0,,,,0.0,3,3,0,2,0.0,0.0,0,0,0.0
2026-05-15,MFC005,Morning,10.0,10.0,0.0,9234.95,9009.09,8.49,29.79,3.3,1.0,4,4,0,3,2.5,0.0,6,4,60.0
2026-05-15,MFC005,Evening,9.0,8.0,1.0,10478.49,10121.77,7.74,25.86,3.54,0.0,4,3,1,6,3.0,11.11,7,1,87.5
2026-05-15,MFC005,Night,3.0,3.0,0.0,2615.29,2503.42,5.48,22.23,3.03,1.0,3,2,1,1,1.5,0.0,3,0,100.0
2026-05-15,MFC006,Morning,5.0,5.0,0.0,4334.51,4334.51,5.17,21.26,3.46,0.0,3,3,0,1,1.67,0.0,4,1,80.0
2026-05-15,MFC006,Evening,9.0,9.0,0.0,7438.28,7250.5,7.31,23.51,3.44,1.0,4,3,1,1,3.0,0.0,9,0,100.0
2026-05-15,MFC006,Night,0.0,0.0,0.0,0.0,0.0,,,,0.0,3,3,0,2,0.0,0.0,0,0,0.0
2026-05-15,MFC007,Morning,4.0,4.0,0.0,6361.56,6361.56,11.53,30.26,3.02,0.0,3,3,0,1,1.33,0.0,1,3,25.0
2026-05-15,MFC007,Evening,6.0,6.0,0.0,8469.88,8469.88,8.19,26.8,3.95,0.0,3,3,0,1,2.0,0.0,5,1,83.33
2026-05-15,MFC007,Night,2.0,2.0,0.0,2169.97,2169.97,4.6,22.51,3.8,0.0,3,3,0,3,0.67,0.0,2,0,100.0
2026-05-15,MFC008,Morning,7.0,7.0,0.0,8006.91,7883.06,3.47,21.24,3.5,1.0,3,3,0,5,2.33,0.0,7,0,100.0
2026-05-15,MFC008,Evening,8.0,8.0,0.0,9305.55,8767.63,6.01,21.52,3.39,0.0,3,3,0,2,2.67,0.0,7,1,87.5
2026-05-15,MFC008,Night,0.0,0.0,0.0,0.0,0.0,,,,0.0,3,3,0,5,0.0,0.0,0,0,0.0
2026-05-15,MFC009,Morning,5.0,5.0,0.0,5956.64,5956.64,7.14,25.86,4.0,0.0,3,3,0,5,1.67,0.0,4,1,80.0
2026-05-15,MFC009,Evening,7.0,6.0,1.0,3736.87,3701.67,4.81,22.16,3.87,1.0,3,2,1,4,3.5,14.29,6,0,100.0
2026-05-15,MFC009,Night,2.0,2.0,0.0,482.5,482.5,2.0,16.13,3.85,0.0,3,2,1,4,1.0,0.0,2,0,100.0
2026-05-15,MFC010,Morning,7.0,6.0,1.0,5875.02,5449.94,7.09,24.97,2.86,1.0,3,3,0,3,2.33,14.29,5,1,83.33
2026-05-15,MFC010,Evening,5.0,4.0,1.0,6473.5,6059.87,8.41,20.92,3.55,0.0,3,3,0,3,1.67,20.0,4,0,100.0
2026-05-15,MFC010,Night,0.0,0.0,0.0,0.0,0.0,,,,0.0,3,3,0,2,0.0,0.0,0,0,0.0
2026-05-15,MFC011,Morning,7.0,7.0,0.0,10890.56,10890.56,8.97,28.25,3.49,0.0,3,3,0,67,2.33,0.0,5,2,71.43
2026-05-15,MFC011,Evening,11.0,10.0,1.0,12825.29,12261.68,9.22,32.93,3.73,1.0,4,4,0,2,2.75,9.09,6,4,60.0
2026-05-15,MFC011,Night,1.0,1.0,0.0,988.49,988.49,3.98,18.11,4.3,0.0,3,3,0,3,0.33,0.0,1,0,100.0
2026-05-15,MFC012,Morning,8.0,7.0,1.0,12627.74,12476.19,7.98,22.55,3.57,1.0,3,3,0,2,2.67,12.5,5,2,71.43
2026-05-15,MFC012,Evening,4.0,4.0,0.0,4586.0,4448.8,6.76,24.3,3.52,1.0,3,3,0,3,1.33,0.0,4,0,100.0
2026-05-15,MFC012,Night,0.0,0.0,0.0,0.0,0.0,,,,0.0,3,3,0,3,0.0,0.0,0,0,0.0
2026-05-15,MFC013,Morning,6.0,6.0,0.0,9893.51,9830.79,6.53,24.27,3.38,1.0,3,3,0,3,2.0,0.0,5,1,83.33
2026-05-15,MFC013,Evening,8.0,7.0,1.0,5624.64,5423.56,7.5,27.57,3.72,1.0,3,3,0,2,2.67,12.5,5,2,71.43
2026-05-15,MFC013,Night,3.0,3.0,0.0,3256.14,3256.14,5.83,17.41,3.8,0.0,3,3,0,3,1.0,0.0,3,0,100.0
2026-05-15,MFC014,Morning,5.0,5.0,0.0,5338.02,3607.82,7.1,22.55,3.56,0.0,3,3,0,1,1.67,0.0,3,2,60.0
2026-05-15,MFC014,Evening,10.0,10.0,0.0,13260.47,13260.47,6.81,24.85,3.77,0.0,4,4,0,2,2.5,0.0,7,3,70.0
2026-05-15,MFC014,Night,1.0,1.0,0.0,4231.12,4231.12,2.43,10.27,4.7,0.0,3,3,0,2,0.33,0.0,1,0,100.0
2026-05-15,MFC015,Morning,10.0,10.0,0.0,9345.27,9182.23,6.62,22.27,3.88,1.0,4,4,0,6,2.5,0.0,9,1,90.0
2026-05-15,MFC015,Evening,6.0,6.0,0.0,7066.75,6967.19,7.06,23.78,3.62,2.0,3,3,0,0,2.0,0.0,4,2,66.67
2026-05-15,MFC015,Night,4.0,3.0,1.0,1876.16,1547.93,5.5,23.44,2.97,2.0,3,3,0,4,1.33,25.0,3,0,100.0
2026-05-15,MFC016,Morning,7.0,7.0,0.0,8697.46,7375.69,7.16,22.41,3.8,0.0,3,3,0,3,2.33,0.0,6,1,85.71
2026-05-15,MFC016,Evening,8.0,5.0,3.0,8797.29,4824.06,8.05,27.94,3.38,1.0,3,3,0,1,2.67,37.5,4,1,80.0
2026-05-15,MFC016,Night,3.0,3.0,0.0,2270.25,2270.25,4.73,24.88,3.23,0.0,3,3,0,2,1.0,0.0,3,0,100.0
2026-05-15,MFC017,Morning,8.0,8.0,0.0,11321.27,11024.53,8.78,26.86,3.4,2.0,3,2,1,3,4.0,0.0,5,3,62.5
2026-05-15,MFC017,Evening,13.0,12.0,1.0,15248.16,12237.01,9.22,28.05,3.61,0.0,4,4,0,5,3.25,7.69,8,4,66.67
2026-05-15,MFC017,Night,2.0,2.0,0.0,2597.98,2597.98,4.31,23.24,2.75,0.0,3,3,0,1,0.67,0.0,2,0,100.0
2026-05-15,MFC018,Morning,9.0,9.0,0.0,6772.08,6329.16,7.17,22.8,3.52,2.0,4,4,0,0,2.25,0.0,8,1,88.89
2026-05-15,MFC018,Evening,6.0,6.0,0.0,4070.99,4070.99,7.59,28.39,3.7,0.0,3,2,1,3,3.0,0.0,5,1,83.33
2026-05-15,MFC018,Night,1.0,1.0,0.0,451.51,451.51,5.35,26.87,2.8,0.0,3,3,0,4,0.33,0.0,1,0,100.0
2026-05-16,MFC001,Morning,11.0,11.0,0.0,13552.94,13462.03,7.66,27.59,3.73,1.0,4,4,0,3,2.75,0.0,7,4,63.64
2026-05-16,MFC001,Evening,8.0,8.0,0.0,6044.93,5645.51,7.64,24.38,3.29,4.0,3,3,0,1,2.67,0.0,6,2,75.0
2026-05-16,MFC001,Night,1.0,1.0,0.0,258.73,258.73,2.22,15.37,3.2,0.0,3,2,1,2,0.5,0.0,1,0,100.0
2026-05-16,MFC002,Morning,6.0,3.0,2.0,3478.15,2157.37,4.86,27.93,3.18,0.0,3,2,1,8,3.0,33.33,3,0,100.0
2026-05-16,MFC002,Evening,10.0,10.0,0.0,9617.26,9443.95,9.09,27.26,3.38,1.0,4,4,0,0,2.5,0.0,8,2,80.0
2026-05-16,MFC002,Night,0.0,0.0,0.0,0.0,0.0,,,,0.0,3,3,0,60,0.0,0.0,0,0,0.0
2026-05-16,MFC003,Morning,10.0,10.0,0.0,12056.92,11740.47,7.26,22.5,3.41,3.0,4,4,0,5,2.5,0.0,8,2,80.0
2026-05-16,MFC003,Evening,13.0,11.0,2.0,13387.98,11544.04,7.38,26.25,3.4,3.0,4,4,0,0,3.25,15.38,10,1,90.91
2026-05-16,MFC003,Night,1.0,1.0,0.0,546.8,546.8,7.55,25.21,4.5,0.0,3,3,0,0,0.33,0.0,1,0,100.0
2026-05-16,MFC004,Morning,7.0,7.0,0.0,5564.47,5300.44,8.64,31.01,3.43,3.0,3,3,0,61,2.33,0.0,5,2,71.43
2026-05-16,MFC004,Evening,8.0,6.0,2.0,7702.99,7578.91,7.38,26.13,3.5,0.0,3,3,0,0,2.67,25.0,4,2,66.67
2026-05-16,MFC004,Night,2.0,2.0,0.0,2901.92,2901.92,6.6,19.46,4.4,0.0,3,3,0,3,0.67,0.0,2,0,100.0
2026-05-16,MFC005,Morning,6.0,6.0,0.0,6499.72,6499.72,7.78,22.93,3.18,0.0,3,3,0,2,2.0,0.0,5,1,83.33
2026-05-16,MFC005,Evening,13.0,12.0,1.0,14438.46,13536.83,8.63,25.13,3.31,2.0,4,2,2,2,6.5,7.69,10,2,83.33
2026-05-16,MFC005,Night,2.0,2.0,0.0,2037.79,1644.78,7.3,19.88,2.7,2.0,3,3,0,2,0.67,0.0,1,1,50.0
2026-05-16,MFC006,Morning,5.0,5.0,0.0,3260.28,3260.28,7.95,27.63,3.76,0.0,3,3,0,3,1.67,0.0,5,0,100.0
2026-05-16,MFC006,Evening,13.0,12.0,1.0,12619.59,12103.86,7.18,24.16,3.52,2.0,4,3,1,2,4.33,7.69,10,2,83.33
2026-05-16,MFC006,Night,0.0,0.0,0.0,0.0,0.0,,,,0.0,3,2,1,0,0.0,0.0,0,0,0.0
2026-05-16,MFC007,Morning,14.0,14.0,0.0,17735.57,17593.43,6.53,26.48,3.61,1.0,4,4,0,3,3.5,0.0,10,4,71.43
2026-05-16,MFC007,Evening,9.0,8.0,1.0,8924.64,8865.99,5.75,22.18,3.06,0.0,4,4,0,5,2.25,11.11,8,0,100.0
2026-05-16,MFC007,Night,3.0,3.0,0.0,3637.22,3637.22,6.48,20.53,4.0,0.0,3,3,0,3,1.0,0.0,3,0,100.0
2026-05-16,MFC008,Morning,6.0,5.0,1.0,6217.03,4885.19,7.16,27.38,3.48,2.0,3,3,0,2,2.0,16.67,4,1,80.0
2026-05-16,MFC008,Evening,10.0,9.0,0.0,10398.84,10398.84,6.9,24.98,3.72,0.0,4,4,0,0,2.5,0.0,8,1,88.89
2026-05-16,MFC008,Night,2.0,2.0,0.0,1130.9,1130.9,4.08,18.3,3.15,0.0,3,3,0,2,0.67,0.0,2,0,100.0
2026-05-16,MFC009,Morning,6.0,6.0,0.0,3753.13,3753.13,6.4,21.85,3.6,0.0,3,3,0,2,2.0,0.0,4,2,66.67
2026-05-16,MFC009,Evening,13.0,12.0,1.0,16783.37,15676.57,7.24,29.53,3.59,3.0,4,4,0,0,3.25,7.69,8,4,66.67
2026-05-16,MFC009,Night,4.0,4.0,0.0,5066.75,5066.75,6.06,24.64,3.58,0.0,3,2,1,3,2.0,0.0,4,0,100.0
2026-05-16,MFC010,Morning,9.0,8.0,1.0,8108.69,7055.32,7.24,23.85,3.6,3.0,4,4,0,4,2.25,11.11,8,0,100.0
2026-05-16,MFC010,Evening,9.0,8.0,1.0,9124.6,8185.32,7.69,25.69,3.4,1.0,4,3,1,2,3.0,11.11,6,2,75.0
2026-05-16,MFC010,Night,1.0,1.0,0.0,182.77,182.77,3.2,16.51,3.6,0.0,3,3,0,42,0.33,0.0,1,0,100.0
2026-05-16,MFC011,Morning,13.0,13.0,0.0,15809.87,15722.89,8.85,26.22,3.46,1.0,4,4,0,4,3.25,0.0,8,5,61.54
2026-05-16,MFC011,Evening,11.0,9.0,2.0,8890.72,8676.04,6.59,23.31,3.31,5.0,4,4,0,4,2.75,18.18,8,1,88.89
2026-05-16,MFC011,Night,3.0,3.0,0.0,9514.28,9514.28,6.4,26.02,4.27,0.0,3,3,0,4,1.0,0.0,3,0,100.0
2026-05-16,MFC012,Morning,9.0,8.0,1.0,11160.1,10729.88,9.43,29.74,3.11,2.0,4,4,0,1,2.25,11.11,5,3,62.5
2026-05-16,MFC012,Evening,6.0,6.0,0.0,6233.09,5687.1,8.76,26.69,3.92,1.0,3,3,0,2,2.0,0.0,6,0,100.0
2026-05-16,MFC012,Night,0.0,0.0,0.0,0.0,0.0,,,,0.0,3,3,0,2,0.0,0.0,0,0,0.0
2026-05-16,MFC013,Morning,4.0,3.0,1.0,8223.37,6019.32,5.69,18.81,3.78,0.0,3,3,0,2,1.33,25.0,3,0,100.0
2026-05-16,MFC013,Evening,10.0,9.0,1.0,10195.57,9933.28,5.1,22.05,3.55,3.0,4,3,1,2,3.33,10.0,9,0,100.0
2026-05-16,MFC013,Night,2.0,2.0,0.0,2297.06,2297.06,8.02,25.26,4.05,0.0,3,3,0,5,0.67,0.0,2,0,100.0
2026-05-16,MFC014,Morning,2.0,2.0,0.0,1788.82,1788.82,6.75,25.86,4.3,0.0,3,3,0,4,0.67,0.0,2,0,100.0
2026-05-16,MFC014,Evening,10.0,9.0,1.0,11232.17,10717.3,5.82,23.58,3.87,1.0,4,4,0,4,2.5,10.0,8,1,88.89
2026-05-16,MFC014,Night,3.0,3.0,0.0,2878.32,2878.32,3.66,19.89,3.67,0.0,3,3,0,4,1.0,0.0,3,0,100.0
2026-05-16,MFC015,Morning,8.0,7.0,1.0,6338.66,5049.71,6.56,22.79,3.55,2.0,3,3,0,0,2.67,12.5,6,1,85.71
2026-05-16,MFC015,Evening,10.0,8.0,2.0,12355.08,5992.21,9.63,28.92,3.21,2.0,4,3,1,1,3.33,20.0,5,3,62.5
2026-05-16,MFC015,Night,3.0,3.0,0.0,3936.41,3776.06,7.59,20.3,3.1,1.0,3,3,0,2,1.0,0.0,2,1,66.67
2026-05-16,MFC016,Morning,12.0,11.0,0.0,16418.67,16289.43,6.27,23.85,3.61,1.0,4,4,0,3,3.0,0.0,9,2,81.82
2026-05-16,MFC016,Evening,7.0,7.0,0.0,4399.08,4399.08,6.05,24.11,3.36,0.0,3,3,0,7,2.33,0.0,7,0,100.0
2026-05-16,MFC016,Night,4.0,4.0,0.0,3634.54,3634.54,6.22,20.02,4.28,0.0,3,3,0,0,1.33,0.0,4,0,100.0
2026-05-16,MFC017,Morning,8.0,8.0,0.0,7988.09,7408.41,8.57,25.43,3.71,0.0,3,3,0,1,2.67,0.0,8,0,100.0
2026-05-16,MFC017,Evening,12.0,11.0,1.0,14971.09,13707.92,8.28,24.46,3.67,1.0,4,4,0,5,3.0,8.33,10,1,90.91
2026-05-16,MFC017,Night,2.0,2.0,0.0,2877.63,2116.05,8.7,21.97,3.9,1.0,3,3,0,1,0.67,0.0,1,1,50.0
2026-05-16,MFC018,Morning,6.0,6.0,0.0,3250.66,3250.66,5.01,23.5,3.67,0.0,3,3,0,3,2.0,0.0,5,1,83.33
2026-05-16,MFC018,Evening,11.0,11.0,0.0,11774.88,11505.67,7.9,25.9,3.51,2.0,4,3,1,4,3.67,0.0,8,3,72.73
2026-05-16,MFC018,Night,0.0,0.0,0.0,0.0,0.0,,,,0.0,3,3,0,3,0.0,0.0,0,0,0.0
2026-05-17,MFC001,Morning,8.0,8.0,0.0,14466.29,14466.29,5.75,24.01,3.6,0.0,3,3,0,5,2.67,0.0,6,2,75.0
2026-05-17,MFC001,Evening,10.0,9.0,1.0,8806.35,7421.67,7.2,27.34,3.47,4.0,4,3,1,4,3.33,10.0,7,2,77.78
2026-05-17,MFC001,Night,0.0,0.0,0.0,0.0,0.0,,,,0.0,3,3,0,3,0.0,0.0,0,0,0.0
2026-05-17,MFC002,Morning,1.0,0.0,1.0,1599.14,0.0,,,2.3,0.0,3,3,0,1,0.33,100.0,0,0,0.0
2026-05-17,MFC002,Evening,7.0,5.0,2.0,9617.34,5691.11,9.49,25.6,3.19,1.0,3,3,0,1,2.33,28.57,3,2,60.0
2026-05-17,MFC002,Night,1.0,1.0,0.0,454.26,363.41,7.26,24.87,4.3,1.0,3,3,0,1,0.33,0.0,1,0,100.0
2026-05-17,MFC003,Morning,14.0,11.0,3.0,12377.7,10843.42,6.34,21.17,3.81,3.0,4,4,0,2,3.5,21.43,10,1,90.91
2026-05-17,MFC003,Evening,18.0,18.0,0.0,16273.42,15683.86,7.19,26.16,3.45,3.0,5,5,0,0,3.6,0.0,14,4,77.78
2026-05-17,MFC003,Night,3.0,3.0,0.0,4868.6,4868.6,6.0,22.74,4.3,0.0,3,3,0,0,1.0,0.0,3,0,100.0
2026-05-17,MFC004,Morning,10.0,10.0,0.0,12889.67,12685.82,8.39,24.92,3.84,1.0,4,4,0,1,2.5,0.0,10,0,100.0
2026-05-17,MFC004,Evening,7.0,5.0,2.0,4102.26,3764.58,5.39,22.14,3.04,1.0,3,3,0,0,2.33,28.57,5,0,100.0
2026-05-17,MFC004,Night,0.0,0.0,0.0,0.0,0.0,,,,0.0,3,3,0,1,0.0,0.0,0,0,0.0
2026-05-17,MFC005,Morning,9.0,9.0,0.0,16313.63,15532.64,9.25,27.69,3.87,2.0,4,4,0,1,2.25,0.0,6,3,66.67
2026-05-17,MFC005,Evening,7.0,7.0,0.0,4368.24,3799.43,6.58,28.35,3.8,0.0,3,2,1,3,3.5,0.0,5,2,71.43
2026-05-17,MFC005,Night,2.0,1.0,1.0,483.55,287.3,5.34,15.2,2.6,0.0,3,3,0,3,0.67,50.0,1,0,100.0
2026-05-17,MFC006,Morning,6.0,6.0,0.0,6829.06,4947.58,7.82,20.7,3.7,1.0,3,3,0,3,2.0,0.0,5,1,83.33
2026-05-17,MFC006,Evening,7.0,7.0,0.0,10744.61,10563.71,8.26,26.16,3.46,1.0,3,3,0,59,2.33,0.0,6,1,85.71
2026-05-17,MFC006,Night,1.0,1.0,0.0,498.88,498.88,2.06,27.77,2.9,0.0,3,3,0,1,0.33,0.0,1,0,100.0
2026-05-17,MFC007,Morning,4.0,4.0,0.0,2383.79,1523.6,4.21,20.1,3.3,2.0,3,3,0,3,1.33,0.0,4,0,100.0
2026-05-17,MFC007,Evening,9.0,8.0,1.0,7583.77,7583.77,7.43,28.18,3.52,0.0,4,4,0,5,2.25,11.11,6,2,75.0
2026-05-17,MFC007,Night,1.0,1.0,0.0,555.68,555.68,6.36,24.64,3.3,0.0,3,3,0,1,0.33,0.0,1,0,100.0
2026-05-17,MFC008,Morning,8.0,8.0,0.0,7052.75,7052.75,5.64,22.4,3.65,0.0,3,3,0,7,2.67,0.0,8,0,100.0
2026-05-17,MFC008,Evening,10.0,9.0,1.0,8381.48,8329.33,5.58,21.77,3.5,1.0,4,4,0,3,2.5,10.0,8,1,88.89
2026-05-17,MFC008,Night,0.0,0.0,0.0,0.0,0.0,,,,0.0,3,3,0,0,0.0,0.0,0,0,0.0
2026-05-17,MFC009,Morning,1.0,1.0,0.0,445.47,445.47,4.26,20.56,2.9,0.0,3,3,0,4,0.33,0.0,1,0,100.0
2026-05-17,MFC009,Evening,7.0,7.0,0.0,5279.59,5182.48,4.37,22.11,3.26,1.0,3,3,0,29,2.33,0.0,7,0,100.0
2026-05-17,MFC009,Night,1.0,1.0,0.0,1424.18,1424.18,8.03,23.23,3.8,0.0,3,2,1,1,0.5,0.0,1,0,100.0
2026-05-17,MFC010,Morning,5.0,5.0,0.0,4021.32,3985.94,6.16,22.01,3.28,1.0,3,3,0,2,1.67,0.0,5,0,100.0
2026-05-17,MFC010,Evening,7.0,7.0,0.0,8242.1,7707.62,8.31,30.19,3.0,2.0,3,3,0,1,2.33,0.0,4,3,57.14
2026-05-17,MFC010,Night,0.0,0.0,0.0,0.0,0.0,,,,0.0,3,3,0,3,0.0,0.0,0,0,0.0
2026-05-17,MFC011,Morning,11.0,10.0,1.0,13374.59,8702.58,6.17,22.55,3.7,1.0,4,4,0,3,2.75,9.09,9,1,90.0
2026-05-17,MFC011,Evening,7.0,7.0,0.0,8862.46,8388.18,7.3,22.9,3.43,2.0,3,3,0,1,2.33,0.0,7,0,100.0
2026-05-17,MFC011,Night,1.0,1.0,0.0,1900.56,1900.56,5.88,19.91,4.2,0.0,3,3,0,4,0.33,0.0,1,0,100.0
2026-05-17,MFC012,Morning,3.0,3.0,0.0,3221.55,3221.55,3.33,20.91,3.4,0.0,3,3,0,5,1.0,0.0,3,0,100.0
2026-05-17,MFC012,Evening,8.0,8.0,0.0,15935.22,15068.29,7.59,23.94,3.46,2.0,3,3,0,4,2.67,0.0,8,0,100.0
2026-05-17,MFC012,Night,1.0,1.0,0.0,82.69,82.69,3.86,15.83,3.6,0.0,3,2,1,3,0.5,0.0,1,0,100.0
2026-05-17,MFC013,Morning,6.0,6.0,0.0,4984.16,4984.16,6.55,23.53,3.37,0.0,3,3,0,1,2.0,0.0,5,1,83.33
2026-05-17,MFC013,Evening,20.0,19.0,1.0,19840.59,17075.05,6.69,26.03,3.41,3.0,5,4,1,2,5.0,5.0,13,6,68.42
2026-05-17,MFC013,Night,2.0,2.0,0.0,619.47,619.47,4.68,20.74,3.2,0.0,3,3,0,1,0.67,0.0,2,0,100.0
2026-05-17,MFC014,Morning,5.0,5.0,0.0,6333.14,6303.65,8.44,27.79,3.04,1.0,3,3,0,2,1.67,0.0,5,0,100.0
2026-05-17,MFC014,Evening,7.0,6.0,1.0,5644.68,4177.81,6.42,22.3,3.53,0.0,3,3,0,0,2.33,14.29,6,0,100.0
2026-05-17,MFC014,Night,2.0,1.0,1.0,5692.71,2667.35,7.3,33.32,3.5,1.0,3,3,0,0,0.67,50.0,1,0,100.0
2026-05-17,MFC015,Morning,7.0,7.0,0.0,6642.9,6642.9,8.21,25.06,3.76,0.0,3,3,0,3,2.33,0.0,5,2,71.43
2026-05-17,MFC015,Evening,16.0,15.0,1.0,19716.59,19236.96,8.87,25.56,3.67,0.0,4,4,0,1,4.0,6.25,11,4,73.33
2026-05-17,MFC015,Night,0.0,0.0,0.0,0.0,0.0,,,,0.0,3,3,0,1,0.0,0.0,0,0,0.0
2026-05-17,MFC016,Morning,0.0,0.0,0.0,0.0,0.0,,,,0.0,3,3,0,6,0.0,0.0,0,0,0.0
2026-05-17,MFC016,Evening,10.0,10.0,0.0,8790.47,8049.23,6.24,24.96,3.32,3.0,4,4,0,2,2.5,0.0,10,0,100.0
2026-05-17,MFC016,Night,4.0,4.0,0.0,5330.75,5330.75,6.18,23.06,3.88,0.0,3,3,0,3,1.33,0.0,4,0,100.0
2026-05-17,MFC017,Morning,12.0,12.0,0.0,12884.59,12373.7,7.21,24.82,3.58,3.0,4,3,1,5,4.0,0.0,8,4,66.67
2026-05-17,MFC017,Evening,12.0,11.0,1.0,12949.27,12290.51,8.27,28.64,3.56,3.0,4,4,0,3,3.0,8.33,7,4,63.64
2026-05-17,MFC017,Night,3.0,3.0,0.0,3102.29,3102.29,5.05,26.98,3.47,0.0,3,3,0,0,1.0,0.0,2,1,66.67
2026-05-17,MFC018,Morning,6.0,5.0,1.0,8044.15,5935.43,9.07,32.14,3.17,2.0,3,3,0,2,2.0,16.67,1,4,20.0
2026-05-17,MFC018,Evening,7.0,7.0,0.0,3972.24,3844.41,7.64,23.09,3.49,1.0,3,3,0,0,2.33,0.0,6,1,85.71
2026-05-17,MFC018,Night,0.0,0.0,0.0,0.0,0.0,,,,0.0,3,3,0,2,0.0,0.0,0,0,0.0
2026-05-18,MFC001,Morning,9.0,8.0,1.0,16044.56,15268.9,6.72,26.74,3.6,2.0,4,4,0,7,2.25,11.11,6,2,75.0
2026-05-18,MFC001,Evening,7.0,7.0,0.0,7192.9,7192.9,4.66,20.44,3.79,0.0,3,3,0,3,2.33,0.0,6,1,85.71
2026-05-18,MFC001,Night,2.0,2.0,0.0,2591.42,2591.42,5.48,25.66,4.45,0.0,3,3,0,2,0.67,0.0,2,0,100.0
2026-05-18,MFC002,Morning,1.0,1.0,0.0,888.49,888.49,6.31,23.75,4.1,0.0,3,3,0,2,0.33,0.0,1,0,100.0
2026-05-18,MFC002,Evening,4.0,3.0,1.0,4422.94,2292.19,6.48,20.34,3.5,1.0,3,3,0,4,1.33,25.0,2,1,66.67
2026-05-18,MFC002,Night,2.0,2.0,0.0,1355.15,1267.78,4.15,20.06,3.0,2.0,3,2,1,6,1.0,0.0,2,0,100.0
2026-05-18,MFC003,Morning,9.0,9.0,0.0,9893.97,9765.5,6.86,24.69,3.58,1.0,4,4,0,1,2.25,0.0,7,2,77.78
2026-05-18,MFC003,Evening,10.0,9.0,1.0,16100.95,13846.48,7.97,24.24,3.42,1.0,4,4,0,5,2.5,10.0,7,2,77.78
2026-05-18,MFC003,Night,0.0,0.0,0.0,0.0,0.0,,,,0.0,3,3,0,2,0.0,0.0,0,0,0.0
2026-05-18,MFC004,Morning,3.0,3.0,0.0,2731.66,2731.66,9.23,25.06,3.47,0.0,3,3,0,1,1.0,0.0,3,0,100.0
2026-05-18,MFC004,Evening,7.0,7.0,0.0,8831.61,8641.83,9.34,28.29,3.63,1.0,3,3,0,4,2.33,0.0,5,2,71.43
2026-05-18,MFC004,Night,1.0,1.0,0.0,710.26,710.26,7.4,26.75,4.0,0.0,3,2,1,0,0.5,0.0,1,0,100.0
2026-05-18,MFC005,Morning,8.0,7.0,1.0,8818.01,6645.02,7.52,26.19,3.43,1.0,3,3,0,6,2.67,12.5,4,3,57.14
2026-05-18,MFC005,Evening,12.0,12.0,0.0,5882.3,5819.24,6.06,23.39,3.93,1.0,4,4,0,3,3.0,0.0,9,3,75.0
2026-05-18,MFC005,Night,3.0,3.0,0.0,6063.92,6006.28,9.48,23.54,3.3,1.0,3,3,0,4,1.0,0.0,3,0,100.0
2026-05-18,MFC006,Morning,2.0,2.0,0.0,2004.08,2004.08,5.66,26.46,4.15,0.0,3,3,0,1,0.67,0.0,2,0,100.0
2026-05-18,MFC006,Evening,6.0,6.0,0.0,4642.49,4555.61,7.09,23.49,3.47,1.0,3,3,0,3,2.0,0.0,6,0,100.0
2026-05-18,MFC006,Night,5.0,5.0,0.0,4309.25,4309.25,4.26,20.28,3.82,0.0,3,3,0,2,1.67,0.0,5,0,100.0
2026-05-18,MFC007,Morning,7.0,7.0,0.0,6011.5,5435.71,8.35,27.66,3.5,3.0,3,3,0,1,2.33,0.0,4,3,57.14
2026-05-18,MFC007,Evening,8.0,7.0,1.0,7851.71,7851.71,7.22,21.52,3.6,0.0,3,2,1,1,4.0,12.5,7,0,100.0
2026-05-18,MFC007,Night,2.0,2.0,0.0,1598.74,1598.74,8.86,21.42,3.6,0.0,3,3,0,0,0.67,0.0,2,0,100.0
2026-05-18,MFC008,Morning,7.0,7.0,0.0,8891.48,8891.48,5.41,21.56,3.9,0.0,3,2,1,3,3.5,0.0,7,0,100.0
2026-05-18,MFC008,Evening,13.0,13.0,0.0,11673.8,11445.99,4.59,21.83,3.44,1.0,4,4,0,2,3.25,0.0,12,1,92.31
2026-05-18,MFC008,Night,3.0,3.0,0.0,1957.55,1957.55,3.86,15.44,4.17,0.0,3,3,0,3,1.0,0.0,3,0,100.0
2026-05-18,MFC009,Morning,4.0,4.0,0.0,3743.11,3399.98,7.94,25.33,3.88,1.0,3,3,0,1,1.33,0.0,4,0,100.0
2026-05-18,MFC009,Evening,5.0,3.0,2.0,4780.43,3882.7,7.54,28.92,2.97,2.0,3,3,0,4,1.67,40.0,3,0,100.0
2026-05-18,MFC009,Night,0.0,0.0,0.0,0.0,0.0,,,,0.0,3,3,0,3,0.0,0.0,0,0,0.0
2026-05-18,MFC010,Morning,1.0,1.0,0.0,460.07,460.07,4.76,18.3,4.1,0.0,3,3,0,5,0.33,0.0,1,0,100.0
2026-05-18,MFC010,Evening,5.0,5.0,0.0,5084.83,4469.98,8.07,24.21,2.84,3.0,3,3,0,3,1.67,0.0,4,1,80.0
2026-05-18,MFC010,Night,1.0,1.0,0.0,444.2,444.2,4.86,25.55,3.4,0.0,3,2,1,1,0.5,0.0,1,0,100.0
2026-05-18,MFC011,Morning,4.0,4.0,0.0,2770.61,2770.61,7.28,29.8,3.4,0.0,3,3,0,2,1.33,0.0,3,1,75.0
2026-05-18,MFC011,Evening,6.0,6.0,0.0,8107.4,7806.34,7.15,27.82,3.37,1.0,3,3,0,5,2.0,0.0,4,2,66.67
2026-05-18,MFC011,Night,1.0,1.0,0.0,462.98,462.98,7.73,35.56,3.1,0.0,3,3,0,0,0.33,0.0,1,0,100.0
2026-05-18,MFC012,Morning,9.0,9.0,0.0,16093.24,16056.52,9.38,25.21,3.89,1.0,4,4,0,2,2.25,0.0,5,4,55.56
2026-05-18,MFC012,Evening,7.0,6.0,1.0,4941.71,2872.55,6.08,25.82,3.59,1.0,3,3,0,2,2.33,14.29,5,1,83.33
2026-05-18,MFC012,Night,1.0,1.0,0.0,1321.19,1321.19,3.28,16.42,3.7,0.0,3,3,0,1,0.33,0.0,1,0,100.0
2026-05-18,MFC013,Morning,8.0,8.0,0.0,6830.34,5145.73,7.6,25.18,3.04,2.0,3,2,1,1,4.0,0.0,5,3,62.5
2026-05-18,MFC013,Evening,7.0,6.0,1.0,10428.5,7108.33,6.74,27.11,3.41,4.0,3,3,0,4,2.33,14.29,5,1,83.33
2026-05-18,MFC013,Night,1.0,1.0,0.0,549.24,549.24,6.04,18.44,3.5,0.0,3,3,0,4,0.33,0.0,1,0,100.0
2026-05-18,MFC014,Morning,4.0,4.0,0.0,3368.28,3368.28,4.99,24.15,3.85,0.0,3,3,0,3,1.33,0.0,4,0,100.0
2026-05-18,MFC014,Evening,4.0,4.0,0.0,4410.75,4274.77,6.32,22.87,3.45,1.0,3,3,0,0,1.33,0.0,3,1,75.0
2026-05-18,MFC014,Night,2.0,2.0,0.0,3267.65,3267.65,7.1,19.51,3.8,0.0,3,2,1,1,1.0,0.0,2,0,100.0
2026-05-18,MFC015,Morning,4.0,2.0,1.0,1302.89,798.22,2.94,15.77,2.8,1.0,3,3,0,2,1.33,25.0,2,0,100.0
2026-05-18,MFC015,Evening,5.0,4.0,1.0,2455.65,2177.66,9.57,26.21,3.65,2.0,3,3,0,3,1.67,20.0,4,0,100.0
2026-05-18,MFC015,Night,3.0,2.0,1.0,3217.02,1020.89,5.19,16.04,3.45,0.0,3,3,0,0,1.0,33.33,2,0,100.0
2026-05-18,MFC016,Morning,9.0,9.0,0.0,16057.4,15845.58,6.07,21.8,3.68,1.0,4,4,0,3,2.25,0.0,8,1,88.89
2026-05-18,MFC016,Evening,6.0,6.0,0.0,5795.12,5598.18,8.34,26.54,3.7,1.0,3,2,1,2,3.0,0.0,4,2,66.67
2026-05-18,MFC016,Night,0.0,0.0,0.0,0.0,0.0,,,,0.0,3,3,0,4,0.0,0.0,0,0,0.0
2026-05-18,MFC017,Morning,7.0,7.0,0.0,12263.09,12004.96,9.37,28.65,3.23,1.0,3,3,0,2,2.33,0.0,5,2,71.43
2026-05-18,MFC017,Evening,10.0,9.0,1.0,8978.5,7890.53,5.78,25.05,3.57,1.0,4,3,1,1,3.33,10.0,9,0,100.0
2026-05-18,MFC017,Night,2.0,2.0,0.0,2450.08,2450.08,8.59,21.9,4.05,0.0,3,3,0,3,0.67,0.0,2,0,100.0
2026-05-18,MFC018,Morning,5.0,5.0,0.0,7078.66,6793.9,8.77,26.95,3.84,1.0,3,3,0,0,1.67,0.0,3,2,60.0
2026-05-18,MFC018,Evening,6.0,6.0,0.0,6873.58,6873.58,7.18,28.0,3.58,0.0,3,3,0,2,2.0,0.0,6,0,100.0
2026-05-18,MFC018,Night,4.0,4.0,0.0,5589.84,5589.84,5.78,21.74,3.68,0.0,3,3,0,5,1.33,0.0,4,0,100.0
2026-05-19,MFC001,Morning,8.0,7.0,1.0,5863.51,4547.73,5.51,26.47,3.59,4.0,3,3,0,4,2.67,12.5,7,0,100.0
2026-05-19,MFC001,Evening,12.0,11.0,1.0,14990.53,9506.98,6.79,26.64,3.57,1.0,4,3,1,4,4.0,8.33,8,3,72.73
2026-05-19,MFC001,Night,0.0,0.0,0.0,0.0,0.0,,,,0.0,3,2,1,0,0.0,0.0,0,0,0.0
2026-05-19,MFC002,Morning,4.0,4.0,0.0,2061.78,1959.4,7.71,23.81,3.42,1.0,3,3,0,3,1.33,0.0,3,1,75.0
2026-05-19,MFC002,Evening,7.0,7.0,0.0,6745.56,6565.81,7.98,27.54,3.36,2.0,3,3,0,4,2.33,0.0,5,2,71.43
2026-05-19,MFC002,Night,0.0,0.0,0.0,0.0,0.0,,,,0.0,3,3,0,3,0.0,0.0,0,0,0.0
2026-05-19,MFC003,Morning,9.0,7.0,2.0,9176.46,8251.96,7.3,27.7,3.75,1.0,4,4,0,3,2.25,22.22,3,4,42.86
2026-05-19,MFC003,Evening,5.0,4.0,1.0,3190.73,2797.57,4.46,19.1,3.25,2.0,3,3,0,5,1.67,20.0,4,0,100.0
2026-05-19,MFC003,Night,2.0,2.0,0.0,2820.37,2820.37,5.96,20.96,4.1,0.0,3,3,0,1,0.67,0.0,2,0,100.0
2026-05-19,MFC004,Morning,3.0,3.0,0.0,1198.24,1014.3,5.23,24.44,3.27,1.0,3,2,1,3,1.5,0.0,3,0,100.0
2026-05-19,MFC004,Evening,6.0,5.0,1.0,5813.05,3814.57,8.42,28.79,3.54,0.0,3,3,0,3,2.0,16.67,4,1,80.0
2026-05-19,MFC004,Night,2.0,2.0,0.0,4313.66,3866.01,7.34,19.35,3.55,1.0,3,3,0,3,0.67,0.0,2,0,100.0
2026-05-19,MFC005,Morning,7.0,6.0,1.0,7999.27,6983.56,6.4,23.04,3.6,0.0,3,3,0,3,2.33,14.29,6,0,100.0
2026-05-19,MFC005,Evening,8.0,8.0,0.0,13862.58,13862.58,9.9,29.66,3.92,0.0,3,3,0,2,2.67,0.0,6,2,75.0
2026-05-19,MFC005,Night,2.0,2.0,0.0,7087.28,7087.28,8.78,21.9,3.75,0.0,3,2,1,3,1.0,0.0,2,0,100.0
2026-05-19,MFC006,Morning,5.0,5.0,0.0,6553.53,6398.67,6.88,23.37,3.32,1.0,3,3,0,0,1.67,0.0,4,1,80.0
2026-05-19,MFC006,Evening,6.0,6.0,0.0,5753.98,5364.17,7.69,25.36,3.52,1.0,3,3,0,4,2.0,0.0,4,2,66.67
2026-05-19,MFC006,Night,3.0,3.0,0.0,2811.84,2690.5,6.89,21.47,3.5,1.0,3,3,0,3,1.0,0.0,3,0,100.0
2026-05-19,MFC007,Morning,3.0,3.0,0.0,2805.59,2805.59,6.61,29.14,3.93,0.0,3,3,0,2,1.0,0.0,3,0,100.0
2026-05-19,MFC007,Evening,7.0,7.0,0.0,10126.32,10126.32,6.94,22.74,3.74,0.0,3,3,0,1,2.33,0.0,7,0,100.0
2026-05-19,MFC007,Night,2.0,2.0,0.0,3342.4,3342.4,6.03,26.97,3.0,0.0,3,3,0,2,0.67,0.0,2,0,100.0
2026-05-19,MFC008,Morning,5.0,5.0,0.0,4715.74,4715.74,4.88,21.76,3.96,0.0,3,3,0,7,1.67,0.0,5,0,100.0
2026-05-19,MFC008,Evening,10.0,8.0,2.0,13684.72,8957.42,7.87,25.46,3.4,2.0,4,4,0,3,2.5,20.0,7,1,87.5
2026-05-19,MFC008,Night,3.0,3.0,0.0,2119.05,2119.05,6.59,22.16,4.37,0.0,3,2,1,1,1.5,0.0,3,0,100.0
2026-05-19,MFC009,Morning,3.0,3.0,0.0,1807.51,1141.61,3.15,11.78,3.87,0.0,3,3,0,2,1.0,0.0,3,0,100.0
2026-05-19,MFC009,Evening,2.0,2.0,0.0,1181.48,1181.48,5.5,24.76,3.6,0.0,3,3,0,0,0.67,0.0,2,0,100.0
2026-05-19,MFC009,Night,1.0,1.0,0.0,724.18,724.18,8.17,21.19,3.5,0.0,3,3,0,0,0.33,0.0,1,0,100.0
2026-05-19,MFC010,Morning,7.0,7.0,0.0,9573.08,9573.08,6.49,22.5,3.97,0.0,3,3,0,2,2.33,0.0,6,1,85.71
2026-05-19,MFC010,Evening,3.0,3.0,0.0,1929.16,1929.16,8.92,27.41,3.17,0.0,3,3,0,1,1.0,0.0,3,0,100.0
2026-05-19,MFC010,Night,1.0,1.0,0.0,2191.13,2191.13,9.82,19.2,3.6,0.0,3,3,0,3,0.33,0.0,1,0,100.0
2026-05-19,MFC011,Morning,3.0,2.0,1.0,3355.82,1339.06,9.23,26.6,2.4,1.0,3,3,0,3,1.0,33.33,1,1,50.0
2026-05-19,MFC011,Evening,7.0,7.0,0.0,8880.94,8880.94,7.36,24.51,3.13,0.0,3,3,0,27,2.33,0.0,5,2,71.43
2026-05-19,MFC011,Night,2.0,2.0,0.0,875.04,770.01,5.56,17.83,2.8,1.0,3,3,0,2,0.67,0.0,2,0,100.0
2026-05-19,MFC012,Morning,5.0,5.0,0.0,5631.86,5476.75,7.37,28.02,3.5,1.0,3,3,0,2,1.67,0.0,3,2,60.0
2026-05-19,MFC012,Evening,4.0,4.0,0.0,4274.43,4274.43,6.85,23.79,3.55,0.0,3,3,0,2,1.33,0.0,4,0,100.0
2026-05-19,MFC012,Night,1.0,1.0,0.0,383.52,383.52,2.87,24.44,3.8,0.0,3,2,1,1,0.5,0.0,1,0,100.0
2026-05-19,MFC013,Morning,4.0,4.0,0.0,3541.73,3541.73,7.12,21.84,4.08,0.0,3,3,0,2,1.33,0.0,4,0,100.0
2026-05-19,MFC013,Evening,5.0,5.0,0.0,5137.78,4924.51,5.26,22.36,3.62,1.0,3,3,0,2,1.67,0.0,4,1,80.0
2026-05-19,MFC013,Night,2.0,2.0,0.0,4131.75,4131.75,6.25,18.96,3.85,0.0,3,3,0,1,0.67,0.0,2,0,100.0
2026-05-19,MFC014,Morning,4.0,4.0,0.0,2670.11,2606.77,5.26,22.19,3.58,1.0,3,3,0,2,1.33,0.0,2,2,50.0
2026-05-19,MFC014,Evening,7.0,7.0,0.0,9787.53,9219.35,8.96,26.17,3.26,2.0,3,3,0,4,2.33,0.0,5,2,71.43
2026-05-19,MFC014,Night,0.0,0.0,0.0,0.0,0.0,,,,0.0,3,3,0,1,0.0,0.0,0,0,0.0
2026-05-19,MFC015,Morning,1.0,1.0,0.0,3530.62,3530.62,11.29,30.81,2.9,0.0,3,3,0,5,0.33,0.0,0,1,0.0
2026-05-19,MFC015,Evening,6.0,6.0,0.0,5518.14,5331.55,5.72,21.76,3.52,1.0,3,3,0,3,2.0,0.0,6,0,100.0
2026-05-19,MFC015,Night,3.0,3.0,0.0,3501.85,3501.85,7.43,30.07,3.37,0.0,3,3,0,1,1.0,0.0,3,0,100.0
2026-05-19,MFC016,Morning,2.0,2.0,0.0,433.23,433.23,5.41,25.14,4.0,0.0,3,3,0,3,0.67,0.0,2,0,100.0
2026-05-19,MFC016,Evening,4.0,4.0,0.0,1910.87,1910.87,5.59,25.5,3.82,0.0,3,2,1,2,2.0,0.0,4,0,100.0
2026-05-19,MFC016,Night,3.0,3.0,0.0,768.46,768.46,3.2,14.85,3.23,0.0,3,3,0,1,1.0,0.0,3,0,100.0
2026-05-19,MFC017,Morning,6.0,5.0,1.0,5146.96,4203.13,8.44,24.35,3.18,1.0,3,3,0,3,2.0,16.67,5,0,100.0
2026-05-19,MFC017,Evening,10.0,9.0,1.0,15289.81,14417.71,6.92,24.84,3.23,0.0,4,4,0,1,2.5,10.0,8,1,88.89
2026-05-19,MFC017,Night,4.0,4.0,0.0,4510.43,4510.43,6.53,21.84,3.75,0.0,3,2,1,0,2.0,0.0,3,1,75.0
2026-05-19,MFC018,Morning,5.0,2.0,3.0,3354.53,2413.05,5.24,21.33,3.58,2.0,3,2,1,1,2.5,60.0,2,0,100.0
2026-05-19,MFC018,Evening,9.0,8.0,1.0,13255.95,11204.51,8.58,23.39,4.04,1.0,4,4,0,1,2.25,11.11,7,1,87.5
2026-05-19,MFC018,Night,2.0,1.0,1.0,2456.31,2322.59,10.73,27.44,2.85,0.0,3,3,0,2,0.67,50.0,1,0,100.0
2026-05-20,MFC001,Morning,4.0,4.0,0.0,5659.81,5659.81,6.08,23.72,3.9,0.0,3,3,0,4,1.33,0.0,2,2,50.0
2026-05-20,MFC001,Evening,4.0,4.0,0.0,2299.36,2212.75,4.29,30.18,3.6,1.0,3,2,1,5,2.0,0.0,3,1,75.0
2026-05-20,MFC001,Night,2.0,2.0,0.0,1785.79,1785.79,4.34,21.35,4.05,0.0,3,3,0,4,0.67,0.0,2,0,100.0
2026-05-20,MFC002,Morning,1.0,1.0,0.0,180.83,180.83,2.0,19.65,4.7,0.0,3,3,0,30,0.33,0.0,1,0,100.0
2026-05-20,MFC002,Evening,11.0,11.0,0.0,7699.59,7442.49,6.19,23.54,3.57,1.0,4,4,0,1,2.75,0.0,10,1,90.91
2026-05-20,MFC002,Night,0.0,0.0,0.0,0.0,0.0,,,,0.0,3,3,0,2,0.0,0.0,0,0,0.0
2026-05-20,MFC003,Morning,7.0,6.0,1.0,7718.19,4664.01,5.49,21.45,3.53,0.0,3,3,0,6,2.33,14.29,6,0,100.0
2026-05-20,MFC003,Evening,11.0,11.0,0.0,8986.89,8865.5,6.41,27.48,3.39,1.0,4,4,0,0,2.75,0.0,8,3,72.73
2026-05-20,MFC003,Night,4.0,4.0,0.0,7281.95,6590.33,7.85,22.98,3.68,2.0,3,3,0,2,1.33,0.0,3,1,75.0
2026-05-20,MFC004,Morning,3.0,3.0,0.0,4915.9,4915.9,6.39,19.06,3.37,0.0,3,3,0,2,1.0,0.0,3,0,100.0
2026-05-20,MFC004,Evening,4.0,4.0,0.0,2536.44,2536.44,5.63,23.39,4.32,0.0,3,3,0,3,1.33,0.0,3,1,75.0
2026-05-20,MFC004,Night,1.0,1.0,0.0,2568.99,2568.99,9.02,21.01,2.4,0.0,3,3,0,2,0.33,0.0,1,0,100.0
2026-05-20,MFC005,Morning,10.0,8.0,2.0,16169.2,13775.72,7.36,22.02,3.32,2.0,4,4,0,7,2.5,20.0,8,0,100.0
2026-05-20,MFC005,Evening,11.0,11.0,0.0,8294.62,8151.94,7.24,24.95,3.24,2.0,4,4,0,4,2.75,0.0,8,3,72.73
2026-05-20,MFC005,Night,1.0,1.0,0.0,1607.02,1607.02,10.48,29.29,3.6,0.0,3,3,0,5,0.33,0.0,0,1,0.0
2026-05-20,MFC006,Morning,9.0,9.0,0.0,12113.42,11257.62,7.19,27.28,3.41,0.0,4,3,1,1,3.0,0.0,6,3,66.67
2026-05-20,MFC006,Evening,6.0,6.0,0.0,6278.19,5974.03,7.68,27.02,3.2,1.0,3,3,0,2,2.0,0.0,6,0,100.0
2026-05-20,MFC006,Night,3.0,3.0,0.0,6067.37,6067.37,5.69,17.35,3.87,0.0,3,3,0,5,1.0,0.0,3,0,100.0
2026-05-20,MFC007,Morning,7.0,6.0,1.0,8703.96,7085.16,7.9,24.6,3.3,0.0,3,3,0,4,2.33,14.29,4,2,66.67
2026-05-20,MFC007,Evening,6.0,6.0,0.0,5255.37,5037.64,6.24,26.64,3.95,1.0,3,3,0,2,2.0,0.0,5,1,83.33
2026-05-20,MFC007,Night,2.0,2.0,0.0,3262.99,3262.99,9.77,23.62,3.7,0.0,3,3,0,3,0.67,0.0,1,1,50.0
2026-05-20,MFC008,Morning,4.0,4.0,0.0,2566.14,2566.14,4.31,24.13,3.52,0.0,3,2,1,18,2.0,0.0,3,1,75.0
2026-05-20,MFC008,Evening,13.0,12.0,1.0,13454.04,12420.44,7.0,26.72,3.22,3.0,4,3,1,4,4.33,7.69,11,1,91.67
2026-05-20,MFC008,Night,1.0,1.0,0.0,521.79,521.79,7.76,24.89,4.5,0.0,3,3,0,2,0.33,0.0,1,0,100.0
2026-05-20,MFC009,Morning,3.0,3.0,0.0,1865.89,1362.47,4.89,23.05,3.5,1.0,3,3,0,4,1.0,0.0,3,0,100.0
2026-05-20,MFC009,Evening,8.0,7.0,1.0,7735.41,6881.26,5.22,23.59,3.69,0.0,3,3,0,0,2.67,12.5,7,0,100.0
2026-05-20,MFC009,Night,3.0,2.0,1.0,2449.97,875.14,3.96,25.22,3.43,0.0,3,3,0,0,1.0,33.33,2,0,100.0
2026-05-20,MFC010,Morning,3.0,3.0,0.0,4495.43,4495.43,7.05,21.19,3.57,0.0,3,3,0,3,1.0,0.0,3,0,100.0
2026-05-20,MFC010,Evening,6.0,6.0,0.0,5756.25,5756.25,7.79,25.28,3.5,0.0,3,2,1,3,3.0,0.0,4,2,66.67
2026-05-20,MFC010,Night,1.0,0.0,1.0,1474.38,0.0,,,,0.0,3,3,0,2,0.33,100.0,0,0,0.0
2026-05-20,MFC011,Morning,11.0,10.0,1.0,16909.7,15799.37,8.26,25.38,3.47,2.0,4,3,1,1,3.67,9.09,8,2,80.0
2026-05-20,MFC011,Evening,9.0,9.0,0.0,5711.13,5556.02,7.36,24.58,3.44,1.0,4,4,0,5,2.25,0.0,6,3,66.67
2026-05-20,MFC011,Night,2.0,1.0,0.0,2352.28,2352.28,8.07,17.64,4.1,0.0,3,3,0,3,0.67,0.0,1,0,100.0
2026-05-20,MFC012,Morning,2.0,2.0,0.0,1584.47,1584.47,11.34,28.99,3.6,0.0,3,3,0,2,0.67,0.0,1,1,50.0
2026-05-20,MFC012,Evening,8.0,7.0,1.0,10443.16,10165.53,7.34,28.49,3.71,0.0,3,3,0,1,2.67,12.5,6,1,85.71
2026-05-20,MFC012,Night,1.0,1.0,0.0,346.9,346.9,5.12,23.35,2.6,0.0,3,3,0,2,0.33,0.0,1,0,100.0
2026-05-20,MFC013,Morning,9.0,8.0,1.0,9657.17,7894.38,7.12,25.76,3.19,2.0,4,4,0,0,2.25,11.11,6,2,75.0
2026-05-20,MFC013,Evening,14.0,13.0,1.0,11618.68,9986.61,6.28,24.14,4.0,0.0,4,4,0,1,3.5,7.14,11,2,84.62
2026-05-20,MFC013,Night,1.0,1.0,0.0,132.14,132.14,6.0,22.47,3.9,0.0,3,3,0,3,0.33,0.0,0,1,0.0
2026-05-20,MFC014,Morning,5.0,5.0,0.0,5880.0,5515.91,6.91,25.76,3.56,0.0,3,2,1,75,2.5,0.0,5,0,100.0
2026-05-20,MFC014,Evening,8.0,8.0,0.0,5876.35,5876.35,6.87,24.5,3.56,0.0,3,3,0,5,2.67,0.0,6,2,75.0
2026-05-20,MFC014,Night,1.0,1.0,0.0,325.65,37.19,4.76,14.95,2.8,0.0,3,2,1,1,0.5,0.0,1,0,100.0
2026-05-20,MFC015,Morning,5.0,5.0,0.0,4010.22,3707.28,8.62,25.23,2.96,2.0,3,3,0,2,1.67,0.0,4,1,80.0
2026-05-20,MFC015,Evening,5.0,5.0,0.0,6826.33,6826.33,8.15,26.47,4.0,0.0,3,3,0,2,1.67,0.0,3,2,60.0
2026-05-20,MFC015,Night,3.0,3.0,0.0,5378.55,5378.55,6.8,21.04,4.4,0.0,3,3,0,3,1.0,0.0,3,0,100.0
2026-05-20,MFC016,Morning,5.0,5.0,0.0,5583.49,5583.49,6.38,24.19,3.74,0.0,3,3,0,3,1.67,0.0,5,0,100.0
2026-05-20,MFC016,Evening,5.0,3.0,2.0,4429.09,2633.88,6.45,25.38,3.78,0.0,3,3,0,1,1.67,40.0,2,1,66.67
2026-05-20,MFC016,Night,4.0,4.0,0.0,4798.31,4798.31,5.25,23.72,3.68,0.0,3,2,1,3,2.0,0.0,4,0,100.0
2026-05-20,MFC017,Morning,8.0,8.0,0.0,12890.28,12528.78,7.48,24.96,3.84,2.0,3,3,0,2,2.67,0.0,8,0,100.0
2026-05-20,MFC017,Evening,12.0,9.0,3.0,11413.66,10074.98,8.05,24.33,3.98,2.0,4,4,0,4,3.0,25.0,7,2,77.78
2026-05-20,MFC017,Night,3.0,2.0,1.0,2062.62,1418.64,6.02,14.92,3.6,0.0,3,2,1,3,1.5,33.33,2,0,100.0
2026-05-20,MFC018,Morning,6.0,6.0,0.0,8531.02,8531.02,9.45,26.92,3.52,0.0,3,3,0,2,2.0,0.0,4,2,66.67
2026-05-20,MFC018,Evening,10.0,9.0,0.0,10630.49,9832.55,8.18,25.07,3.81,1.0,4,4,0,60,2.5,0.0,8,1,88.89
2026-05-20,MFC018,Night,1.0,1.0,0.0,587.47,587.47,8.04,34.14,4.2,0.0,3,3,0,4,0.33,0.0,1,0,100.0
2026-05-21,MFC001,Morning,2.0,2.0,0.0,403.63,403.63,3.22,14.97,3.85,0.0,3,3,0,2,0.67,0.0,2,0,100.0
2026-05-21,MFC001,Evening,5.0,5.0,0.0,6468.43,5860.83,6.77,28.97,3.84,2.0,3,3,0,8,1.67,0.0,4,1,80.0
2026-05-21,MFC001,Night,1.0,1.0,0.0,1312.28,1312.28,5.82,21.23,4.5,0.0,3,2,1,2,0.5,0.0,1,0,100.0
2026-05-21,MFC002,Morning,5.0,4.0,1.0,4500.74,4208.88,4.83,26.67,3.47,0.0,3,2,1,2,2.5,20.0,3,1,75.0
2026-05-21,MFC002,Evening,3.0,2.0,0.0,2928.6,2928.6,6.82,21.68,3.75,1.0,3,3,0,1,1.0,0.0,2,0,100.0
2026-05-21,MFC002,Night,3.0,3.0,0.0,835.19,835.19,6.05,21.17,3.77,0.0,3,3,0,3,1.0,0.0,3,0,100.0
2026-05-21,MFC003,Morning,5.0,5.0,0.0,10045.86,9801.57,7.94,27.72,3.58,1.0,3,3,0,2,1.67,0.0,3,2,60.0
2026-05-21,MFC003,Evening,5.0,3.0,2.0,6296.52,6084.85,6.82,25.14,3.32,2.0,3,2,1,3,2.5,40.0,3,0,100.0
2026-05-21,MFC003,Night,2.0,2.0,0.0,1542.06,1542.06,6.9,22.0,2.9,0.0,3,3,0,2,0.67,0.0,2,0,100.0
2026-05-21,MFC004,Morning,3.0,3.0,0.0,1649.81,1649.81,5.13,23.12,4.0,0.0,3,3,0,3,1.0,0.0,3,0,100.0
2026-05-21,MFC004,Evening,6.0,6.0,0.0,7300.19,6959.45,7.54,25.34,3.72,2.0,3,3,0,5,2.0,0.0,4,2,66.67
2026-05-21,MFC004,Night,1.0,1.0,0.0,362.19,362.19,3.9,17.51,3.5,0.0,3,3,0,4,0.33,0.0,1,0,100.0
2026-05-21,MFC005,Morning,4.0,4.0,0.0,6808.69,6520.9,9.79,28.17,3.45,1.0,3,3,0,4,1.33,0.0,1,3,25.0
2026-05-21,MFC005,Evening,10.0,10.0,0.0,8437.49,8437.49,6.04,23.32,3.79,0.0,4,3,1,3,3.33,0.0,9,1,90.0
2026-05-21,MFC005,Night,0.0,0.0,0.0,0.0,0.0,,,,0.0,3,3,0,1,0.0,0.0,0,0,0.0
2026-05-21,MFC006,Morning,4.0,4.0,0.0,4165.96,4165.96,8.62,29.66,3.55,0.0,3,3,0,4,1.33,0.0,3,1,75.0
2026-05-21,MFC006,Evening,8.0,7.0,0.0,8127.18,7541.96,6.35,24.25,3.03,0.0,3,3,0,2,2.67,0.0,7,0,100.0
2026-05-21,MFC006,Night,3.0,2.0,1.0,1866.47,1504.65,5.1,23.96,3.65,0.0,3,3,0,3,1.0,33.33,2,0,100.0
2026-05-21,MFC007,Morning,7.0,6.0,1.0,8301.33,6069.74,7.84,26.38,3.47,2.0,3,3,0,4,2.33,14.29,4,2,66.67
2026-05-21,MFC007,Evening,9.0,8.0,1.0,5498.43,4263.49,5.92,21.83,4.2,0.0,4,4,0,3,2.25,11.11,7,1,87.5
2026-05-21,MFC007,Night,0.0,0.0,0.0,0.0,0.0,,,,0.0,3,3,0,2,0.0,0.0,0,0,0.0
2026-05-21,MFC008,Morning,2.0,1.0,1.0,4231.52,528.22,5.43,29.41,3.3,0.0,3,2,1,4,1.0,50.0,1,0,100.0
2026-05-21,MFC008,Evening,12.0,10.0,2.0,14625.32,9192.62,6.92,22.2,4.02,0.0,4,4,0,4,3.0,16.67,9,1,90.0
2026-05-21,MFC008,Night,2.0,2.0,0.0,4661.8,4661.8,4.25,19.04,4.15,0.0,3,2,1,2,1.0,0.0,2,0,100.0
2026-05-21,MFC009,Morning,1.0,1.0,0.0,695.05,695.05,6.96,27.78,3.3,0.0,3,3,0,2,0.33,0.0,1,0,100.0
2026-05-21,MFC009,Evening,5.0,5.0,0.0,2379.29,2379.29,6.07,23.26,3.8,0.0,3,3,0,5,1.67,0.0,5,0,100.0
2026-05-21,MFC009,Night,2.0,2.0,0.0,2061.76,2061.76,5.44,29.67,4.1,0.0,3,3,0,2,0.67,0.0,2,0,100.0
2026-05-21,MFC010,Morning,2.0,2.0,0.0,1287.8,509.54,6.14,28.97,3.2,0.0,3,3,0,1,0.67,0.0,1,1,50.0
2026-05-21,MFC010,Evening,8.0,8.0,0.0,10008.31,9902.82,7.49,24.99,3.78,1.0,3,2,1,5,4.0,0.0,7,1,87.5
2026-05-21,MFC010,Night,3.0,3.0,0.0,3565.94,3565.94,7.2,23.64,3.5,0.0,3,3,0,4,1.0,0.0,3,0,100.0
2026-05-21,MFC011,Morning,5.0,5.0,0.0,4791.59,4791.59,6.06,28.77,3.72,0.0,3,3,0,4,1.67,0.0,3,2,60.0
2026-05-21,MFC011,Evening,15.0,13.0,2.0,19595.26,19425.3,7.83,25.41,3.75,1.0,4,4,0,2,3.75,13.33,9,4,69.23
2026-05-21,MFC011,Night,1.0,1.0,0.0,457.21,365.77,5.43,21.89,2.8,1.0,3,3,0,3,0.33,0.0,1,0,100.0
2026-05-21,MFC012,Morning,3.0,3.0,0.0,2024.05,2024.05,8.14,26.84,4.4,0.0,3,2,1,0,1.5,0.0,2,1,66.67
2026-05-21,MFC012,Evening,9.0,9.0,0.0,7353.53,7109.78,6.47,25.23,3.51,2.0,4,2,2,2,4.5,0.0,7,2,77.78
2026-05-21,MFC012,Night,3.0,3.0,0.0,3628.79,3628.79,7.56,21.12,4.1,0.0,3,3,0,4,1.0,0.0,3,0,100.0
2026-05-21,MFC013,Morning,9.0,7.0,1.0,14072.89,10426.02,9.09,25.54,3.09,1.0,4,4,0,4,2.25,11.11,5,2,71.43
2026-05-21,MFC013,Evening,7.0,6.0,1.0,5894.73,4099.74,6.54,24.84,3.59,1.0,3,3,0,5,2.33,14.29,5,1,83.33
2026-05-21,MFC013,Night,5.0,5.0,0.0,4656.01,4561.7,5.18,20.67,3.16,1.0,3,2,1,3,2.5,0.0,5,0,100.0
2026-05-21,MFC014,Morning,1.0,0.0,0.0,1416.83,1416.83,,,,1.0,3,2,1,3,0.5,0.0,0,0,0.0
2026-05-21,MFC014,Evening,8.0,7.0,1.0,9420.72,7615.95,6.49,22.17,3.71,0.0,3,3,0,2,2.67,12.5,6,1,85.71
2026-05-21,MFC014,Night,3.0,3.0,0.0,3412.67,3412.67,4.47,20.88,3.57,0.0,3,3,0,5,1.0,0.0,3,0,100.0
2026-05-21,MFC015,Morning,1.0,1.0,0.0,512.4,512.4,8.95,26.31,3.6,0.0,3,3,0,4,0.33,0.0,1,0,100.0
2026-05-21,MFC015,Evening,14.0,13.0,0.0,16895.44,15639.96,8.15,26.44,3.55,4.0,4,2,2,4,7.0,0.0,9,4,69.23
2026-05-21,MFC015,Night,2.0,2.0,0.0,592.54,592.54,3.34,17.74,3.45,0.0,3,3,0,1,0.67,0.0,2,0,100.0
2026-05-21,MFC016,Morning,7.0,7.0,0.0,7372.47,7372.47,5.81,24.99,3.59,0.0,3,3,0,5,2.33,0.0,5,2,71.43
2026-05-21,MFC016,Evening,6.0,6.0,0.0,5202.01,5202.01,6.2,23.44,3.48,0.0,3,3,0,4,2.0,0.0,6,0,100.0
2026-05-21,MFC016,Night,1.0,1.0,0.0,1046.04,1046.04,4.03,18.62,4.5,0.0,3,2,1,2,0.5,0.0,1,0,100.0
2026-05-21,MFC017,Morning,9.0,8.0,1.0,12670.55,11426.04,8.74,26.83,3.9,0.0,4,4,0,1,2.25,11.11,7,1,87.5
2026-05-21,MFC017,Evening,11.0,8.0,3.0,9963.48,8032.09,7.91,26.79,3.25,3.0,4,4,0,3,2.75,27.27,7,1,87.5
2026-05-21,MFC017,Night,1.0,1.0,0.0,743.14,743.14,6.78,31.45,2.8,0.0,3,3,0,2,0.33,0.0,1,0,100.0
2026-05-21,MFC018,Morning,3.0,2.0,1.0,1450.77,1265.19,7.54,25.17,3.3,0.0,3,3,0,5,1.0,33.33,1,1,50.0
2026-05-21,MFC018,Evening,5.0,5.0,0.0,7287.07,7076.19,9.45,29.9,3.14,2.0,3,3,0,0,1.67,0.0,2,3,40.0
2026-05-21,MFC018,Night,1.0,1.0,0.0,1145.34,187.39,4.45,26.53,2.2,0.0,3,3,0,0,0.33,0.0,1,0,100.0
2026-05-22,MFC001,Morning,5.0,5.0,0.0,10417.05,8755.18,7.85,26.48,3.1,3.0,3,3,0,0,1.67,0.0,5,0,100.0
2026-05-22,MFC001,Evening,7.0,7.0,0.0,8236.94,7872.26,5.59,19.83,3.76,2.0,3,3,0,7,2.33,0.0,7,0,100.0
2026-05-22,MFC001,Night,2.0,2.0,0.0,1282.88,1198.74,4.77,20.0,3.65,1.0,3,3,0,2,0.67,0.0,2,0,100.0
2026-05-22,MFC002,Morning,4.0,3.0,1.0,3662.55,2850.26,4.69,19.19,3.92,0.0,3,3,0,5,1.33,25.0,2,1,66.67
2026-05-22,MFC002,Evening,5.0,5.0,0.0,5483.11,5367.63,7.7,27.76,3.76,1.0,3,3,0,4,1.67,0.0,5,0,100.0
2026-05-22,MFC002,Night,0.0,0.0,0.0,0.0,0.0,,,,0.0,3,2,1,3,0.0,0.0,0,0,0.0
2026-05-22,MFC003,Morning,9.0,9.0,0.0,5121.73,5100.96,5.67,24.53,3.56,1.0,4,3,1,2,3.0,0.0,7,2,77.78
2026-05-22,MFC003,Evening,10.0,10.0,0.0,7242.66,7242.66,6.77,26.68,3.44,0.0,4,4,0,2,2.5,0.0,8,2,80.0
2026-05-22,MFC003,Night,1.0,1.0,0.0,272.02,272.02,5.98,25.55,3.9,0.0,3,3,0,5,0.33,0.0,1,0,100.0
2026-05-22,MFC004,Morning,6.0,6.0,0.0,5776.81,5046.3,8.12,24.83,3.08,4.0,3,3,0,2,2.0,0.0,4,2,66.67
2026-05-22,MFC004,Evening,4.0,4.0,0.0,7865.95,7865.95,9.42,30.25,2.95,0.0,3,3,0,3,1.33,0.0,1,3,25.0
2026-05-22,MFC004,Night,0.0,0.0,0.0,0.0,0.0,,,,0.0,3,3,0,1,0.0,0.0,0,0,0.0
2026-05-22,MFC005,Morning,7.0,7.0,0.0,5387.89,5040.51,7.2,28.06,3.47,2.0,3,3,0,1,2.33,0.0,6,1,85.71
2026-05-22,MFC005,Evening,11.0,11.0,0.0,13986.78,12223.5,7.83,29.44,3.81,1.0,4,4,0,4,2.75,0.0,6,5,54.55
2026-05-22,MFC005,Night,3.0,3.0,0.0,1003.44,1003.44,4.86,17.5,3.27,0.0,3,3,0,3,1.0,0.0,3,0,100.0
2026-05-22,MFC006,Morning,2.0,2.0,0.0,6296.85,6296.85,8.94,25.8,3.55,0.0,3,3,0,1,0.67,0.0,1,1,50.0
2026-05-22,MFC006,Evening,5.0,5.0,0.0,5597.38,5346.15,7.22,24.88,3.32,1.0,3,3,0,3,1.67,0.0,4,1,80.0
2026-05-22,MFC006,Night,0.0,0.0,0.0,0.0,0.0,,,,0.0,3,3,0,5,0.0,0.0,0,0,0.0
2026-05-22,MFC007,Morning,6.0,6.0,0.0,3702.09,3702.09,5.77,25.26,3.9,0.0,3,2,1,2,3.0,0.0,6,0,100.0
2026-05-22,MFC007,Evening,14.0,13.0,1.0,16222.86,12699.79,7.23,28.7,3.49,1.0,4,4,0,2,3.5,7.14,8,5,61.54
2026-05-22,MFC007,Night,0.0,0.0,0.0,0.0,0.0,,,,0.0,3,2,1,4,0.0,0.0,0,0,0.0
2026-05-22,MFC008,Morning,7.0,4.0,3.0,6040.8,2893.15,4.37,24.64,3.75,1.0,3,3,0,2,2.33,42.86,4,0,100.0
2026-05-22,MFC008,Evening,5.0,5.0,0.0,6453.9,6453.9,8.25,24.26,4.08,0.0,3,3,0,0,1.67,0.0,3,2,60.0
2026-05-22,MFC008,Night,1.0,1.0,0.0,300.4,300.4,5.08,22.98,3.9,0.0,3,3,0,1,0.33,0.0,1,0,100.0
2026-05-22,MFC009,Morning,5.0,5.0,0.0,3615.05,3615.05,6.05,25.73,3.52,0.0,3,3,0,3,1.67,0.0,5,0,100.0
2026-05-22,MFC009,Evening,7.0,7.0,0.0,8556.04,8427.2,6.67,25.4,3.63,1.0,3,3,0,2,2.33,0.0,3,4,42.86
2026-05-22,MFC009,Night,1.0,1.0,0.0,2425.51,2425.51,7.84,26.87,3.9,0.0,3,3,0,1,0.33,0.0,1,0,100.0
2026-05-22,MFC010,Morning,7.0,7.0,0.0,12260.61,11800.15,8.24,27.86,3.83,2.0,3,3,0,3,2.33,0.0,4,3,57.14
2026-05-22,MFC010,Evening,3.0,2.0,0.0,1072.57,1072.57,2.71,21.12,3.35,0.0,3,3,0,3,1.0,0.0,2,0,100.0
2026-05-22,MFC010,Night,2.0,2.0,0.0,2771.88,2771.88,3.51,12.88,4.05,0.0,3,2,1,3,1.0,0.0,2,0,100.0
2026-05-22,MFC011,Morning,2.0,2.0,0.0,6955.36,6955.36,9.34,28.38,3.75,0.0,3,3,0,3,0.67,0.0,1,1,50.0
2026-05-22,MFC011,Evening,8.0,7.0,1.0,6115.56,6115.56,6.0,23.09,3.51,1.0,3,3,0,1,2.67,12.5,7,0,100.0
2026-05-22,MFC011,Night,1.0,1.0,0.0,332.54,332.54,6.4,25.05,3.2,0.0,3,2,1,64,0.5,0.0,1,0,100.0
2026-05-22,MFC012,Morning,6.0,5.0,0.0,5909.56,5909.56,7.38,31.39,3.72,1.0,3,2,1,1,3.0,0.0,3,2,60.0
2026-05-22,MFC012,Evening,6.0,6.0,0.0,4231.4,3928.05,7.41,24.67,3.6,0.0,3,3,0,1,2.0,0.0,4,2,66.67
2026-05-22,MFC012,Night,0.0,0.0,0.0,0.0,0.0,,,,0.0,3,3,0,2,0.0,0.0,0,0,0.0
2026-05-22,MFC013,Morning,7.0,6.0,1.0,12920.36,8980.43,7.7,26.43,3.43,0.0,3,3,0,4,2.33,14.29,5,1,83.33
2026-05-22,MFC013,Evening,8.0,7.0,0.0,14814.45,14659.77,6.74,24.81,3.61,1.0,3,3,0,3,2.67,0.0,7,0,100.0
2026-05-22,MFC013,Night,0.0,0.0,0.0,0.0,0.0,,,,0.0,3,3,0,1,0.0,0.0,0,0,0.0
2026-05-22,MFC014,Morning,8.0,6.0,2.0,17721.87,12690.76,6.55,24.33,3.46,2.0,3,3,0,1,2.67,25.0,3,3,50.0
2026-05-22,MFC014,Evening,4.0,2.0,1.0,2916.77,2373.48,7.28,18.48,3.23,0.0,3,3,0,1,1.33,25.0,2,0,100.0
2026-05-22,MFC014,Night,0.0,0.0,0.0,0.0,0.0,,,,0.0,3,3,0,1,0.0,0.0,0,0,0.0
2026-05-22,MFC015,Morning,5.0,5.0,0.0,6542.76,6542.76,8.63,25.48,3.48,0.0,3,3,0,3,1.67,0.0,3,2,60.0
2026-05-22,MFC015,Evening,9.0,9.0,0.0,12198.63,12037.58,8.85,28.2,3.46,1.0,4,4,0,2,2.25,0.0,6,3,66.67
2026-05-22,MFC015,Night,1.0,0.0,1.0,843.1,0.0,,,,0.0,3,3,0,0,0.33,100.0,0,0,0.0
2026-05-22,MFC016,Morning,5.0,4.0,0.0,4885.47,4885.47,7.22,27.75,4.15,0.0,3,3,0,1,1.67,0.0,3,1,75.0
2026-05-22,MFC016,Evening,7.0,7.0,0.0,7337.95,7024.36,6.64,24.25,3.76,2.0,3,3,0,3,2.33,0.0,5,2,71.43
2026-05-22,MFC016,Night,3.0,3.0,0.0,3792.65,3792.65,5.63,19.31,4.1,0.0,3,3,0,5,1.0,0.0,3,0,100.0
2026-05-22,MFC017,Morning,3.0,2.0,1.0,831.03,678.99,6.75,24.62,3.6,1.0,3,3,0,1,1.0,33.33,0,2,0.0
2026-05-22,MFC017,Evening,8.0,7.0,1.0,11355.78,10826.51,8.38,26.22,3.9,0.0,3,3,0,1,2.67,12.5,5,2,71.43
2026-05-22,MFC017,Night,4.0,4.0,0.0,4444.66,4444.66,4.42,16.51,4.22,0.0,3,3,0,4,1.33,0.0,4,0,100.0
2026-05-22,MFC018,Morning,4.0,4.0,0.0,4410.8,4410.8,6.63,23.79,3.88,0.0,3,2,1,3,2.0,0.0,3,1,75.0
2026-05-22,MFC018,Evening,10.0,9.0,1.0,11870.76,10636.82,9.11,26.65,3.39,2.0,4,4,0,3,2.5,10.0,7,2,77.78
2026-05-22,MFC018,Night,1.0,1.0,0.0,3642.86,3642.86,14.55,30.53,3.3,0.0,3,3,0,3,0.33,0.0,0,1,0.0
2026-05-23,MFC001,Morning,6.0,6.0,0.0,12539.21,11167.08,5.8,23.98,3.52,2.0,3,3,0,2,2.0,0.0,6,0,100.0
2026-05-23,MFC001,Evening,8.0,8.0,0.0,9279.01,8909.98,5.26,24.94,3.98,2.0,3,3,0,0,2.67,0.0,6,2,75.0
2026-05-23,MFC001,Night,2.0,2.0,0.0,1868.02,1868.02,6.36,29.3,4.05,0.0,3,3,0,2,0.67,0.0,2,0,100.0
2026-05-23,MFC002,Morning,6.0,6.0,0.0,7971.21,7645.52,8.01,22.93,3.33,1.0,3,3,0,1,2.0,0.0,5,1,83.33
2026-05-23,MFC002,Evening,7.0,6.0,1.0,6901.84,6901.84,7.58,25.45,3.8,0.0,3,3,0,0,2.33,14.29,5,1,83.33
2026-05-23,MFC002,Night,3.0,3.0,0.0,3940.94,3615.93,5.68,21.25,3.7,1.0,3,3,0,3,1.0,0.0,2,1,66.67
2026-05-23,MFC003,Morning,6.0,5.0,1.0,4347.68,2736.3,4.72,22.07,4.04,0.0,3,3,0,2,2.0,16.67,5,0,100.0
2026-05-23,MFC003,Evening,15.0,14.0,1.0,20739.2,18109.49,7.38,26.75,3.4,2.0,4,4,0,0,3.75,6.67,10,4,71.43
2026-05-23,MFC003,Night,0.0,0.0,0.0,0.0,0.0,,,,0.0,3,3,0,1,0.0,0.0,0,0,0.0
2026-05-23,MFC004,Morning,7.0,7.0,0.0,15920.73,15920.73,8.66,24.62,3.59,0.0,3,3,0,2,2.33,0.0,5,2,71.43
2026-05-23,MFC004,Evening,6.0,5.0,1.0,7460.25,6712.35,11.04,24.03,3.55,1.0,3,3,0,3,2.0,16.67,4,1,80.0
2026-05-23,MFC004,Night,1.0,0.0,1.0,2357.97,0.0,,,,1.0,3,2,1,2,0.5,100.0,0,0,0.0
2026-05-23,MFC005,Morning,5.0,4.0,1.0,2764.38,2764.38,8.75,26.16,3.08,0.0,3,3,0,3,1.67,20.0,4,0,100.0
2026-05-23,MFC005,Evening,19.0,14.0,4.0,20704.8,17290.15,7.25,24.77,3.55,3.0,5,5,0,1,3.8,21.05,12,2,85.71
2026-05-23,MFC005,Night,2.0,2.0,0.0,1761.77,1761.77,8.99,23.99,3.45,0.0,3,3,0,4,0.67,0.0,2,0,100.0
2026-05-23,MFC006,Morning,6.0,5.0,0.0,5331.91,5257.56,8.56,28.17,3.32,1.0,3,2,1,2,3.0,0.0,3,2,60.0
2026-05-23,MFC006,Evening,7.0,6.0,1.0,7359.31,6376.85,5.94,21.02,3.71,2.0,3,2,1,1,3.5,14.29,6,0,100.0
2026-05-23,MFC006,Night,4.0,4.0,0.0,3022.67,2508.93,4.16,18.97,3.5,2.0,3,3,0,2,1.33,0.0,4,0,100.0
2026-05-23,MFC007,Morning,6.0,5.0,1.0,6256.28,5957.89,7.93,25.64,3.54,0.0,3,3,0,4,2.0,16.67,4,1,80.0
2026-05-23,MFC007,Evening,9.0,8.0,1.0,15185.83,14429.26,8.74,23.65,3.72,2.0,4,2,2,1,4.5,11.11,7,1,87.5
2026-05-23,MFC007,Night,0.0,0.0,0.0,0.0,0.0,,,,0.0,3,3,0,5,0.0,0.0,0,0,0.0
2026-05-23,MFC008,Morning,5.0,4.0,1.0,6919.42,5975.7,6.24,23.6,3.42,1.0,3,3,0,2,1.67,20.0,4,0,100.0
2026-05-23,MFC008,Evening,11.0,10.0,1.0,10764.77,8487.19,5.49,24.95,3.48,1.0,4,4,0,3,2.75,9.09,9,1,90.0
2026-05-23,MFC008,Night,1.0,1.0,0.0,873.72,873.72,3.67,20.78,3.9,0.0,3,3,0,3,0.33,0.0,0,1,0.0
2026-05-23,MFC009,Morning,2.0,2.0,0.0,2078.42,1685.18,4.57,22.34,3.35,1.0,3,3,0,1,0.67,0.0,2,0,100.0
2026-05-23,MFC009,Evening,5.0,5.0,0.0,9249.26,9249.26,7.22,25.47,3.54,0.0,3,3,0,0,1.67,0.0,3,2,60.0
2026-05-23,MFC009,Night,0.0,0.0,0.0,0.0,0.0,,,,0.0,3,2,1,3,0.0,0.0,0,0,0.0
2026-05-23,MFC010,Morning,4.0,4.0,0.0,8359.87,7234.7,11.81,29.64,3.0,3.0,3,3,0,2,1.33,0.0,2,2,50.0
2026-05-23,MFC010,Evening,8.0,7.0,1.0,8553.06,8346.33,7.88,28.39,3.46,1.0,3,3,0,2,2.67,12.5,5,2,71.43
2026-05-23,MFC010,Night,1.0,1.0,0.0,2431.59,2431.59,4.62,13.03,4.1,0.0,3,3,0,2,0.33,0.0,1,0,100.0
2026-05-23,MFC011,Morning,7.0,6.0,1.0,14591.04,13612.83,10.13,28.46,3.43,2.0,3,3,0,1,2.33,14.29,4,2,66.67
2026-05-23,MFC011,Evening,16.0,16.0,0.0,21105.78,17983.89,7.46,24.13,3.34,6.0,4,4,0,2,4.0,0.0,13,3,81.25
2026-05-23,MFC011,Night,2.0,2.0,0.0,2216.63,1545.86,4.62,18.02,3.55,1.0,3,3,0,3,0.67,0.0,2,0,100.0
2026-05-23,MFC012,Morning,4.0,4.0,0.0,3140.38,3140.38,6.23,23.6,3.88,0.0,3,3,0,3,1.33,0.0,3,1,75.0
2026-05-23,MFC012,Evening,8.0,7.0,1.0,10155.45,9850.6,5.41,25.99,2.85,1.0,3,3,0,30,2.67,12.5,6,1,85.71
2026-05-23,MFC012,Night,3.0,3.0,0.0,8477.58,8477.58,8.59,21.13,3.57,0.0,3,3,0,1,1.0,0.0,3,0,100.0
2026-05-23,MFC013,Morning,12.0,11.0,1.0,14890.0,14890.0,6.61,23.5,3.63,0.0,4,4,0,3,3.0,8.33,7,4,63.64
2026-05-23,MFC013,Evening,8.0,6.0,2.0,10497.57,7344.77,6.09,24.04,3.37,2.0,3,3,0,1,2.67,25.0,6,0,100.0
2026-05-23,MFC013,Night,0.0,0.0,0.0,0.0,0.0,,,,0.0,3,3,0,4,0.0,0.0,0,0,0.0
2026-05-23,MFC014,Morning,11.0,10.0,1.0,12779.38,11252.74,5.7,25.21,3.75,0.0,4,4,0,4,2.75,9.09,9,1,90.0
2026-05-23,MFC014,Evening,6.0,6.0,0.0,6321.71,6239.97,7.33,27.12,3.45,1.0,3,3,0,1,2.0,0.0,5,1,83.33
2026-05-23,MFC014,Night,1.0,1.0,0.0,585.82,585.82,6.11,16.41,3.9,0.0,3,2,1,4,0.5,0.0,1,0,100.0
2026-05-23,MFC015,Morning,6.0,5.0,1.0,5694.43,5694.43,6.56,23.67,3.82,0.0,3,3,0,2,2.0,16.67,4,1,80.0
2026-05-23,MFC015,Evening,11.0,11.0,0.0,11884.05,11657.22,7.3,24.34,3.19,1.0,4,4,0,4,2.75,0.0,9,2,81.82
2026-05-23,MFC015,Night,3.0,3.0,0.0,2461.55,2461.55,5.41,19.6,4.2,0.0,3,3,0,3,1.0,0.0,3,0,100.0
2026-05-23,MFC016,Morning,10.0,9.0,1.0,9058.73,8056.24,6.8,22.06,3.8,0.0,4,3,1,2,3.33,10.0,8,1,88.89
2026-05-23,MFC016,Evening,6.0,4.0,2.0,5826.83,4140.53,3.99,15.38,3.62,3.0,3,2,1,2,3.0,33.33,4,0,100.0
2026-05-23,MFC016,Night,1.0,1.0,0.0,352.34,352.34,7.65,22.69,4.2,0.0,3,2,1,2,0.5,0.0,1,0,100.0
2026-05-23,MFC017,Morning,12.0,12.0,0.0,19420.3,17752.47,8.4,26.27,3.47,3.0,4,4,0,4,3.0,0.0,9,3,75.0
2026-05-23,MFC017,Evening,10.0,9.0,1.0,10783.9,10449.83,7.97,26.54,3.53,1.0,4,4,0,0,2.5,10.0,6,3,66.67
2026-05-23,MFC017,Night,2.0,2.0,0.0,2030.9,2030.9,10.36,23.58,4.4,0.0,3,2,1,0,1.0,0.0,2,0,100.0
2026-05-23,MFC018,Morning,3.0,3.0,0.0,5496.33,4550.95,6.51,23.51,3.5,0.0,3,3,0,3,1.0,0.0,2,1,66.67
2026-05-23,MFC018,Evening,7.0,6.0,1.0,9563.81,9107.79,9.15,28.64,3.47,2.0,3,3,0,1,2.33,14.29,4,2,66.67
2026-05-23,MFC018,Night,0.0,0.0,0.0,0.0,0.0,,,,0.0,3,3,0,3,0.0,0.0,0,0,0.0
2026-05-24,MFC001,Morning,5.0,5.0,0.0,4242.48,4195.33,7.39,26.25,3.72,1.0,3,3,0,1,1.67,0.0,3,2,60.0
2026-05-24,MFC001,Evening,5.0,5.0,0.0,8369.18,7665.87,7.95,23.73,3.92,2.0,3,2,1,3,2.5,0.0,3,2,60.0
2026-05-24,MFC001,Night,4.0,4.0,0.0,7113.4,7113.4,8.23,20.74,4.0,0.0,3,2,1,1,2.0,0.0,3,1,75.0
2026-05-24,MFC002,Morning,7.0,6.0,1.0,7715.83,7443.8,6.61,26.07,3.09,2.0,3,2,1,3,3.5,14.29,5,1,83.33
2026-05-24,MFC002,Evening,9.0,8.0,1.0,12682.55,11619.8,8.39,26.02,3.66,0.0,4,3,1,3,3.0,11.11,5,3,62.5
2026-05-24,MFC002,Night,1.0,1.0,0.0,77.17,77.17,2.55,29.06,4.0,0.0,3,3,0,0,0.33,0.0,1,0,100.0
2026-05-24,MFC003,Morning,9.0,9.0,0.0,8268.39,8268.39,5.48,19.97,3.7,0.0,4,4,0,3,2.25,0.0,9,0,100.0
2026-05-24,MFC003,Evening,4.0,4.0,0.0,5208.31,5208.31,6.31,21.72,4.42,0.0,3,3,0,3,1.33,0.0,2,2,50.0
2026-05-24,MFC003,Night,1.0,1.0,0.0,601.51,601.51,8.74,20.26,3.7,0.0,3,3,0,2,0.33,0.0,1,0,100.0
2026-05-24,MFC004,Morning,8.0,6.0,2.0,5817.23,5440.84,7.07,25.34,3.36,2.0,3,3,0,3,2.67,25.0,4,2,66.67
2026-05-24,MFC004,Evening,4.0,4.0,0.0,8642.69,8642.69,9.54,28.85,3.38,0.0,3,3,0,3,1.33,0.0,3,1,75.0
2026-05-24,MFC004,Night,3.0,3.0,0.0,3598.4,3598.4,9.07,25.57,3.7,0.0,3,3,0,2,1.0,0.0,2,1,66.67
2026-05-24,MFC005,Morning,10.0,10.0,0.0,7651.49,7493.68,7.8,22.72,3.54,1.0,4,4,0,4,2.5,0.0,8,2,80.0
2026-05-24,MFC005,Evening,8.0,6.0,1.0,7056.72,6794.94,7.35,25.39,3.53,1.0,3,3,0,1,2.67,12.5,4,2,66.67
2026-05-24,MFC005,Night,3.0,3.0,0.0,2355.46,1986.7,7.14,21.81,3.73,1.0,3,3,0,0,1.0,0.0,3,0,100.0
2026-05-24,MFC006,Morning,8.0,7.0,0.0,5138.36,5138.36,5.48,22.59,3.71,0.0,3,3,0,5,2.67,0.0,7,0,100.0
2026-05-24,MFC006,Evening,11.0,11.0,0.0,12446.23,12446.23,7.88,27.2,3.84,0.0,4,4,0,2,2.75,0.0,9,2,81.82
2026-05-24,MFC006,Night,3.0,2.0,1.0,2303.16,1157.31,7.72,25.31,4.0,0.0,3,3,0,3,1.0,33.33,2,0,100.0
2026-05-24,MFC007,Morning,11.0,11.0,0.0,7696.64,7547.44,8.02,26.99,3.42,1.0,4,4,0,4,2.75,0.0,8,3,72.73
2026-05-24,MFC007,Evening,8.0,7.0,1.0,8653.1,8556.23,5.05,25.92,3.36,0.0,3,3,0,4,2.67,12.5,5,2,71.43
2026-05-24,MFC007,Night,2.0,2.0,0.0,1217.65,1217.65,3.0,17.27,4.2,0.0,3,3,0,4,0.67,0.0,2,0,100.0
2026-05-24,MFC008,Morning,9.0,7.0,2.0,5848.68,5212.05,4.91,22.08,3.65,0.0,4,4,0,1,2.25,22.22,7,0,100.0
2026-05-24,MFC008,Evening,8.0,7.0,1.0,10293.04,8747.93,7.41,27.44,3.09,2.0,3,2,1,1,4.0,12.5,6,1,85.71
2026-05-24,MFC008,Night,1.0,1.0,0.0,353.18,235.45,5.26,18.9,2.9,1.0,3,3,0,0,0.33,0.0,1,0,100.0
2026-05-24,MFC009,Morning,4.0,4.0,0.0,5731.53,5219.03,5.32,20.96,2.98,0.0,3,3,0,48,1.33,0.0,4,0,100.0
2026-05-24,MFC009,Evening,8.0,8.0,0.0,13739.09,13140.71,6.25,25.36,3.31,2.0,3,3,0,1,2.67,0.0,6,2,75.0
2026-05-24,MFC009,Night,1.0,1.0,0.0,492.82,492.82,3.17,18.67,3.8,0.0,3,3,0,3,0.33,0.0,1,0,100.0
2026-05-24,MFC010,Morning,6.0,5.0,1.0,8447.09,5532.21,6.28,21.33,3.42,2.0,3,3,0,4,2.0,16.67,5,0,100.0
2026-05-24,MFC010,Evening,6.0,5.0,1.0,6132.82,5506.65,8.46,26.67,3.08,2.0,3,2,1,0,3.0,16.67,3,2,60.0
2026-05-24,MFC010,Night,1.0,1.0,0.0,298.47,298.47,5.53,19.86,4.2,0.0,3,3,0,2,0.33,0.0,1,0,100.0
2026-05-24,MFC011,Morning,5.0,5.0,0.0,5160.01,5160.01,8.53,28.78,3.52,0.0,3,3,0,7,1.67,0.0,4,1,80.0
2026-05-24,MFC011,Evening,12.0,8.0,4.0,17465.99,13340.0,6.17,24.09,3.27,2.0,4,3,1,1,4.0,33.33,5,3,62.5
2026-05-24,MFC011,Night,2.0,2.0,0.0,458.76,458.76,5.56,17.2,3.85,0.0,3,2,1,1,1.0,0.0,2,0,100.0
2026-05-24,MFC012,Morning,0.0,0.0,0.0,0.0,0.0,,,,0.0,3,3,0,2,0.0,0.0,0,0,0.0
2026-05-24,MFC012,Evening,4.0,4.0,0.0,9821.0,9821.0,9.05,25.58,3.98,0.0,3,3,0,2,1.33,0.0,3,1,75.0
2026-05-24,MFC012,Night,1.0,1.0,0.0,2105.0,2105.0,5.8,21.88,3.2,0.0,3,3,0,1,0.33,0.0,1,0,100.0
2026-05-24,MFC013,Morning,6.0,6.0,0.0,10198.08,10198.08,7.45,25.31,3.5,0.0,3,3,0,1,2.0,0.0,5,1,83.33
2026-05-24,MFC013,Evening,6.0,6.0,0.0,5983.93,5463.29,6.67,26.18,3.18,3.0,3,3,0,0,2.0,0.0,6,0,100.0
2026-05-24,MFC013,Night,0.0,0.0,0.0,0.0,0.0,,,,0.0,3,3,0,4,0.0,0.0,0,0,0.0
2026-05-24,MFC014,Morning,6.0,6.0,0.0,4855.29,4696.49,5.53,22.04,3.08,2.0,3,3,0,4,2.0,0.0,6,0,100.0
2026-05-24,MFC014,Evening,8.0,8.0,0.0,9281.64,9049.02,6.3,25.41,3.59,1.0,3,3,0,3,2.67,0.0,7,1,87.5
2026-05-24,MFC014,Night,2.0,2.0,0.0,2842.36,2842.36,9.41,20.52,4.6,0.0,3,3,0,3,0.67,0.0,2,0,100.0
2026-05-24,MFC015,Morning,10.0,10.0,0.0,13698.64,12463.57,8.07,24.69,3.3,2.0,4,4,0,1,2.5,0.0,7,3,70.0
2026-05-24,MFC015,Evening,13.0,11.0,2.0,11378.36,11173.68,7.98,28.8,3.45,4.0,4,4,0,1,3.25,15.38,8,3,72.73
2026-05-24,MFC015,Night,3.0,1.0,0.0,3135.44,3135.44,2.19,20.3,4.1,0.0,3,3,0,6,1.0,0.0,1,0,100.0
2026-05-24,MFC016,Morning,6.0,5.0,1.0,6765.21,6455.64,7.22,24.14,3.28,2.0,3,3,0,2,2.0,16.67,5,0,100.0
2026-05-24,MFC016,Evening,7.0,7.0,0.0,3554.11,3554.11,7.26,24.47,3.84,0.0,3,3,0,4,2.33,0.0,5,2,71.43
2026-05-24,MFC016,Night,2.0,2.0,0.0,2668.02,2668.02,5.84,19.43,3.35,0.0,3,3,0,4,0.67,0.0,2,0,100.0
2026-05-24,MFC017,Morning,7.0,6.0,1.0,4065.62,3207.11,8.01,25.03,3.44,3.0,3,3,0,2,2.33,14.29,5,1,83.33
2026-05-24,MFC017,Evening,8.0,8.0,0.0,5769.0,5769.0,5.91,22.88,3.86,0.0,3,3,0,6,2.67,0.0,6,2,75.0
2026-05-24,MFC017,Night,2.0,2.0,0.0,4054.06,4054.06,5.09,26.84,4.15,0.0,3,2,1,2,1.0,0.0,2,0,100.0
2026-05-24,MFC018,Morning,4.0,3.0,1.0,3326.31,2225.54,7.15,28.58,3.97,0.0,3,3,0,5,1.33,25.0,3,0,100.0
2026-05-24,MFC018,Evening,6.0,5.0,1.0,5109.47,4655.73,7.39,27.02,3.1,2.0,3,2,1,5,3.0,16.67,4,1,80.0
2026-05-24,MFC018,Night,4.0,4.0,0.0,3859.48,3676.32,6.3,21.82,3.55,1.0,3,3,0,2,1.33,0.0,4,0,100.0
2026-05-25,MFC001,Morning,2.0,2.0,0.0,2667.93,2271.84,7.92,32.9,3.85,1.0,3,3,0,3,0.67,0.0,2,0,100.0
2026-05-25,MFC001,Evening,8.0,8.0,0.0,13936.89,13375.18,9.12,28.41,3.14,1.0,3,3,0,0,2.67,0.0,4,4,50.0
2026-05-25,MFC001,Night,0.0,0.0,0.0,0.0,0.0,,,,0.0,3,3,0,3,0.0,0.0,0,0,0.0
2026-05-25,MFC002,Morning,6.0,6.0,0.0,11187.42,10613.58,7.51,21.78,3.95,2.0,3,3,0,3,2.0,0.0,5,1,83.33
2026-05-25,MFC002,Evening,7.0,7.0,0.0,10237.8,9536.25,7.33,24.58,3.53,1.0,3,3,0,4,2.33,0.0,4,3,57.14
2026-05-25,MFC002,Night,1.0,1.0,0.0,901.25,901.25,3.75,21.86,2.9,0.0,3,3,0,2,0.33,0.0,1,0,100.0
2026-05-25,MFC003,Morning,7.0,7.0,0.0,6386.16,6386.16,6.64,27.6,3.73,0.0,3,3,0,0,2.33,0.0,6,1,85.71
2026-05-25,MFC003,Evening,13.0,11.0,1.0,16404.39,15232.57,7.2,22.96,3.45,2.0,4,4,0,1,3.25,7.69,10,1,90.91
2026-05-25,MFC003,Night,2.0,2.0,0.0,1533.74,1533.74,4.23,18.06,3.7,0.0,3,3,0,3,0.67,0.0,2,0,100.0
2026-05-25,MFC004,Morning,2.0,2.0,0.0,1003.14,663.16,7.56,19.05,3.15,1.0,3,3,0,3,0.67,0.0,2,0,100.0
2026-05-25,MFC004,Evening,7.0,6.0,1.0,9685.83,9031.82,8.06,27.18,3.31,0.0,3,3,0,5,2.33,14.29,6,0,100.0
2026-05-25,MFC004,Night,1.0,1.0,0.0,463.05,463.05,6.26,19.03,3.7,0.0,3,3,0,3,0.33,0.0,1,0,100.0
2026-05-25,MFC005,Morning,7.0,5.0,0.0,7131.24,6960.5,7.31,28.1,2.9,1.0,3,3,0,1,2.33,0.0,4,1,80.0
2026-05-25,MFC005,Evening,12.0,12.0,0.0,18011.99,17943.6,9.74,27.24,3.67,1.0,4,4,0,5,3.0,0.0,8,4,66.67
2026-05-25,MFC005,Night,3.0,3.0,0.0,2542.46,2542.46,9.93,24.02,3.73,0.0,3,3,0,1,1.0,0.0,2,1,66.67
2026-05-25,MFC006,Morning,4.0,4.0,0.0,2158.89,2158.89,5.44,21.84,3.7,0.0,3,3,0,4,1.33,0.0,4,0,100.0
2026-05-25,MFC006,Evening,9.0,8.0,1.0,9106.44,7957.74,7.98,27.98,3.24,2.0,4,4,0,1,2.25,11.11,5,3,62.5
2026-05-25,MFC006,Night,2.0,2.0,0.0,1290.01,1290.01,3.45,20.06,3.8,0.0,3,3,0,7,0.67,0.0,2,0,100.0
2026-05-25,MFC007,Morning,5.0,5.0,0.0,4354.86,4071.94,6.99,21.84,3.52,1.0,3,3,0,2,1.67,0.0,4,1,80.0
2026-05-25,MFC007,Evening,9.0,8.0,1.0,17262.35,16111.29,7.73,28.01,3.14,2.0,4,4,0,1,2.25,11.11,7,1,87.5
2026-05-25,MFC007,Night,2.0,2.0,0.0,1082.0,1082.0,4.63,26.96,3.75,0.0,3,2,1,3,1.0,0.0,2,0,100.0
2026-05-25,MFC008,Morning,6.0,5.0,1.0,8058.2,7583.24,5.22,20.7,3.22,0.0,3,3,0,2,2.0,16.67,5,0,100.0
2026-05-25,MFC008,Evening,14.0,14.0,0.0,19356.43,18938.6,7.76,29.82,3.37,2.0,4,4,0,2,3.5,0.0,9,5,64.29
2026-05-25,MFC008,Night,4.0,4.0,0.0,5648.36,5648.36,5.64,20.26,3.35,0.0,3,3,0,3,1.33,0.0,3,1,75.0
2026-05-25,MFC009,Morning,2.0,2.0,0.0,3723.64,3723.64,8.35,22.48,4.3,0.0,3,3,0,3,0.67,0.0,2,0,100.0
2026-05-25,MFC009,Evening,8.0,7.0,1.0,5668.63,4898.31,6.48,19.63,3.62,1.0,3,3,0,5,2.67,12.5,7,0,100.0
2026-05-25,MFC009,Night,0.0,0.0,0.0,0.0,0.0,,,,0.0,3,3,0,3,0.0,0.0,0,0,0.0
2026-05-25,MFC010,Morning,1.0,1.0,0.0,1369.75,1369.75,5.47,15.9,3.2,0.0,3,3,0,1,0.33,0.0,1,0,100.0
2026-05-25,MFC010,Evening,4.0,4.0,0.0,3151.49,2912.33,6.96,26.82,3.1,1.0,3,3,0,1,1.33,0.0,3,1,75.0
2026-05-25,MFC010,Night,2.0,2.0,0.0,2439.11,2439.11,4.67,15.86,4.15,0.0,3,3,0,2,0.67,0.0,2,0,100.0
2026-05-25,MFC011,Morning,8.0,8.0,0.0,8580.47,8580.47,6.94,24.48,3.78,0.0,3,3,0,2,2.67,0.0,6,2,75.0
2026-05-25,MFC011,Evening,4.0,3.0,0.0,5447.88,5447.88,7.41,23.56,4.1,0.0,3,3,0,1,1.33,0.0,3,0,100.0
2026-05-25,MFC011,Night,2.0,2.0,0.0,739.42,739.42,4.36,27.62,3.6,0.0,3,2,1,2,1.0,0.0,2,0,100.0
2026-05-25,MFC012,Morning,4.0,3.0,1.0,2143.56,2024.38,5.52,25.97,3.52,1.0,3,3,0,2,1.33,25.0,2,1,66.67
2026-05-25,MFC012,Evening,5.0,4.0,1.0,6975.29,4878.64,6.67,26.38,3.65,1.0,3,2,1,1,2.5,20.0,4,0,100.0
2026-05-25,MFC012,Night,1.0,1.0,0.0,418.91,418.91,4.32,22.44,3.3,0.0,3,3,0,1,0.33,0.0,1,0,100.0
2026-05-25,MFC013,Morning,1.0,0.0,1.0,178.8,0.0,,,,0.0,3,3,0,3,0.33,100.0,0,0,0.0
2026-05-25,MFC013,Evening,13.0,13.0,0.0,12512.74,12512.74,5.73,23.58,3.86,0.0,4,4,0,4,3.25,0.0,10,3,76.92
2026-05-25,MFC013,Night,1.0,1.0,0.0,1429.11,1429.11,6.44,17.02,4.1,0.0,3,3,0,2,0.33,0.0,1,0,100.0
2026-05-25,MFC014,Morning,3.0,3.0,0.0,3731.63,3731.63,5.96,28.91,3.77,0.0,3,3,0,3,1.0,0.0,3,0,100.0
2026-05-25,MFC014,Evening,4.0,2.0,2.0,4765.31,1376.03,5.2,22.52,3.37,0.0,3,3,0,2,1.33,50.0,2,0,100.0
2026-05-25,MFC014,Night,2.0,2.0,0.0,2364.4,2364.4,5.66,34.44,3.85,0.0,3,3,0,1,0.67,0.0,2,0,100.0
2026-05-25,MFC015,Morning,6.0,6.0,0.0,4552.08,4552.08,6.52,25.58,4.03,0.0,3,3,0,1,2.0,0.0,5,1,83.33
2026-05-25,MFC015,Evening,6.0,5.0,1.0,7706.51,5808.29,9.59,26.97,3.3,1.0,3,3,0,3,2.0,16.67,4,1,80.0
2026-05-25,MFC015,Night,3.0,2.0,1.0,4741.3,1310.33,8.35,22.14,3.4,0.0,3,3,0,1,1.0,33.33,2,0,100.0
2026-05-25,MFC016,Morning,5.0,4.0,1.0,3951.57,2482.72,4.69,21.94,3.66,0.0,3,2,1,2,2.5,20.0,3,1,75.0
2026-05-25,MFC016,Evening,10.0,10.0,0.0,11425.37,11115.3,6.11,22.42,3.5,1.0,4,4,0,3,2.5,0.0,6,4,60.0
2026-05-25,MFC016,Night,1.0,1.0,0.0,3037.43,3037.43,6.99,21.17,3.7,0.0,3,2,1,6,0.5,0.0,1,0,100.0
2026-05-25,MFC017,Morning,9.0,8.0,1.0,10454.22,8636.88,9.06,25.72,4.06,1.0,4,4,0,0,2.25,11.11,6,2,75.0
2026-05-25,MFC017,Evening,12.0,10.0,2.0,17909.27,16349.22,6.61,22.59,3.85,1.0,4,4,0,2,3.0,16.67,9,1,90.0
2026-05-25,MFC017,Night,1.0,1.0,0.0,1820.54,1820.54,7.91,20.39,4.0,0.0,3,3,0,6,0.33,0.0,1,0,100.0
2026-05-25,MFC018,Morning,3.0,2.0,0.0,2219.21,2219.21,4.46,17.22,3.45,0.0,3,3,0,5,1.0,0.0,2,0,100.0
2026-05-25,MFC018,Evening,4.0,4.0,0.0,5823.9,5823.9,11.16,28.16,4.12,0.0,3,3,0,3,1.33,0.0,2,2,50.0
2026-05-25,MFC018,Night,3.0,3.0,0.0,2039.46,2039.46,7.35,24.93,3.9,0.0,3,3,0,1,1.0,0.0,3,0,100.0
2026-05-26,MFC001,Morning,3.0,3.0,0.0,2180.21,2180.21,8.55,28.64,4.07,0.0,3,3,0,3,1.0,0.0,2,1,66.67
2026-05-26,MFC001,Evening,9.0,9.0,0.0,6016.26,5868.19,6.31,26.13,3.48,1.0,4,3,1,0,3.0,0.0,9,0,100.0
2026-05-26,MFC001,Night,1.0,1.0,0.0,2734.35,2734.35,10.35,32.18,2.8,0.0,3,3,0,5,0.33,0.0,0,1,0.0
2026-05-26,MFC002,Morning,1.0,1.0,0.0,1305.18,1305.18,5.02,14.91,4.3,0.0,3,3,0,1,0.33,0.0,1,0,100.0
2026-05-26,MFC002,Evening,4.0,4.0,0.0,7717.58,7517.69,9.89,23.56,3.15,1.0,3,2,1,3,2.0,0.0,3,1,75.0
2026-05-26,MFC002,Night,5.0,5.0,0.0,5731.68,5576.87,8.39,23.75,3.54,1.0,3,3,0,3,1.67,0.0,4,1,80.0
2026-05-26,MFC003,Morning,9.0,8.0,1.0,10338.26,9266.63,6.9,27.35,3.39,3.0,4,4,0,3,2.25,11.11,5,3,62.5
2026-05-26,MFC003,Evening,14.0,12.0,2.0,12775.14,11675.67,5.92,20.4,3.62,1.0,4,4,0,4,3.5,14.29,10,2,83.33
2026-05-26,MFC003,Night,5.0,5.0,0.0,3821.28,3821.28,5.06,16.14,3.68,0.0,3,3,0,0,1.67,0.0,5,0,100.0
2026-05-26,MFC004,Morning,5.0,3.0,2.0,11108.23,1907.66,6.17,26.83,2.9,0.0,3,3,0,2,1.67,40.0,2,1,66.67
2026-05-26,MFC004,Evening,5.0,3.0,2.0,3631.16,2517.87,4.9,20.53,2.65,0.0,3,2,1,4,2.5,40.0,3,0,100.0
2026-05-26,MFC004,Night,0.0,0.0,0.0,0.0,0.0,,,,0.0,3,3,0,0,0.0,0.0,0,0,0.0
2026-05-26,MFC005,Morning,7.0,5.0,2.0,7984.03,4986.91,9.13,25.27,3.84,0.0,3,3,0,5,2.33,28.57,4,1,80.0
2026-05-26,MFC005,Evening,11.0,10.0,1.0,12514.51,12145.85,7.62,24.27,3.54,2.0,4,4,0,2,2.75,9.09,10,0,100.0
2026-05-26,MFC005,Night,1.0,1.0,0.0,2647.33,2647.33,9.8,29.03,3.6,0.0,3,3,0,4,0.33,0.0,0,1,0.0
2026-05-26,MFC006,Morning,7.0,6.0,1.0,10107.31,9376.43,6.95,29.45,3.14,1.0,3,3,0,0,2.33,14.29,4,2,66.67
2026-05-26,MFC006,Evening,1.0,1.0,0.0,400.01,400.01,7.58,20.67,3.6,0.0,3,3,0,1,0.33,0.0,1,0,100.0
2026-05-26,MFC006,Night,1.0,1.0,0.0,984.15,984.15,10.97,38.77,3.4,0.0,3,3,0,4,0.33,0.0,0,1,0.0
2026-05-26,MFC007,Morning,7.0,6.0,1.0,9130.19,7977.85,8.35,27.84,3.51,1.0,3,3,0,2,2.33,14.29,5,1,83.33
2026-05-26,MFC007,Evening,6.0,6.0,0.0,7500.01,7500.01,6.97,21.62,3.63,0.0,3,2,1,1,3.0,0.0,5,1,83.33
2026-05-26,MFC007,Night,2.0,2.0,0.0,1734.95,1734.95,5.93,19.6,3.75,0.0,3,3,0,1,0.67,0.0,2,0,100.0
2026-05-26,MFC008,Morning,7.0,7.0,0.0,7650.51,7516.87,4.72,24.64,3.83,1.0,3,3,0,0,2.33,0.0,7,0,100.0
2026-05-26,MFC008,Evening,11.0,10.0,1.0,10128.06,8009.72,6.8,27.05,3.36,0.0,4,4,0,0,2.75,9.09,6,4,60.0
2026-05-26,MFC008,Night,1.0,1.0,0.0,366.38,366.38,5.89,32.74,3.9,0.0,3,3,0,1,0.33,0.0,1,0,100.0
2026-05-26,MFC009,Morning,2.0,2.0,0.0,1705.2,1614.07,3.48,20.16,3.35,2.0,3,3,0,0,0.67,0.0,2,0,100.0
2026-05-26,MFC009,Evening,6.0,5.0,1.0,5366.47,4281.98,5.48,23.94,3.42,1.0,3,3,0,4,2.0,16.67,5,0,100.0
2026-05-26,MFC009,Night,1.0,1.0,0.0,159.94,159.94,2.96,17.96,2.8,0.0,3,3,0,3,0.33,0.0,1,0,100.0
2026-05-26,MFC010,Morning,4.0,3.0,1.0,3945.05,1665.37,7.92,22.27,3.37,1.0,3,2,1,1,2.0,25.0,3,0,100.0
2026-05-26,MFC010,Evening,4.0,4.0,0.0,7064.99,7064.99,8.5,22.3,3.48,0.0,3,2,1,3,2.0,0.0,3,1,75.0
2026-05-26,MFC010,Night,3.0,3.0,0.0,2753.14,2753.14,5.64,22.79,3.87,0.0,3,3,0,3,1.0,0.0,2,1,66.67
2026-05-26,MFC011,Morning,4.0,4.0,0.0,3297.25,3264.84,5.28,20.44,3.25,1.0,3,3,0,1,1.33,0.0,4,0,100.0
2026-05-26,MFC011,Evening,10.0,8.0,2.0,8356.89,6735.86,6.37,24.86,3.46,0.0,4,4,0,5,2.5,20.0,8,0,100.0
2026-05-26,MFC011,Night,2.0,2.0,0.0,902.03,719.58,6.26,16.32,2.8,2.0,3,2,1,2,1.0,0.0,2,0,100.0
2026-05-26,MFC012,Morning,7.0,6.0,1.0,5577.76,4919.84,6.92,23.98,3.67,2.0,3,3,0,2,2.33,14.29,4,2,66.67
2026-05-26,MFC012,Evening,10.0,10.0,0.0,8072.97,8004.4,4.94,23.68,3.38,1.0,4,3,1,3,3.33,0.0,8,2,80.0
2026-05-26,MFC012,Night,1.0,1.0,0.0,1670.56,1670.56,12.81,40.81,3.3,0.0,3,3,0,4,0.33,0.0,0,1,0.0
2026-05-26,MFC013,Morning,6.0,6.0,0.0,3019.31,2743.89,4.42,19.04,3.7,2.0,3,3,0,6,2.0,0.0,6,0,100.0
2026-05-26,MFC013,Evening,15.0,15.0,0.0,18651.81,17240.0,7.39,24.22,3.77,2.0,4,4,0,1,3.75,0.0,13,2,86.67
2026-05-26,MFC013,Night,2.0,2.0,0.0,4152.88,4152.88,7.4,30.0,3.15,0.0,3,2,1,1,1.0,0.0,1,1,50.0
2026-05-26,MFC014,Morning,1.0,1.0,0.0,1136.42,1136.42,9.51,25.65,2.9,0.0,3,2,1,1,0.5,0.0,1,0,100.0
2026-05-26,MFC014,Evening,5.0,5.0,0.0,5646.33,5251.01,5.5,26.72,3.1,3.0,3,3,0,2,1.67,0.0,4,1,80.0
2026-05-26,MFC014,Night,0.0,0.0,0.0,0.0,0.0,,,,0.0,3,3,0,2,0.0,0.0,0,0,0.0
2026-05-26,MFC015,Morning,8.0,7.0,1.0,10156.29,8155.8,7.5,21.28,3.79,0.0,3,2,1,3,4.0,12.5,6,1,85.71
2026-05-26,MFC015,Evening,7.0,7.0,0.0,6692.15,6314.78,9.26,28.55,3.49,2.0,3,3,0,3,2.33,0.0,4,3,57.14
2026-05-26,MFC015,Night,1.0,1.0,0.0,4142.15,4142.15,8.4,32.35,4.1,0.0,3,3,0,0,0.33,0.0,0,1,0.0
2026-05-26,MFC016,Morning,7.0,6.0,1.0,6928.89,6928.89,6.76,26.49,3.4,0.0,3,3,0,2,2.33,14.29,5,1,83.33
2026-05-26,MFC016,Evening,8.0,8.0,0.0,8079.26,7003.74,6.14,21.19,3.3,0.0,3,3,0,2,2.67,0.0,7,1,87.5
2026-05-26,MFC016,Night,4.0,4.0,0.0,5935.0,5591.99,5.15,19.43,3.55,1.0,3,3,0,3,1.33,0.0,4,0,100.0
2026-05-26,MFC017,Morning,7.0,6.0,1.0,6240.23,5137.66,7.13,21.35,3.16,2.0,3,3,0,0,2.33,14.29,6,0,100.0
2026-05-26,MFC017,Evening,5.0,5.0,0.0,4138.93,4109.13,8.25,21.84,3.18,1.0,3,2,1,5,2.5,0.0,5,0,100.0
2026-05-26,MFC017,Night,2.0,2.0,0.0,1082.34,1082.34,4.85,20.9,2.85,0.0,3,3,0,0,0.67,0.0,2,0,100.0
2026-05-26,MFC018,Morning,6.0,6.0,0.0,6494.6,5932.75,7.86,26.93,3.67,2.0,3,3,0,3,2.0,0.0,4,2,66.67
2026-05-26,MFC018,Evening,9.0,9.0,0.0,11527.35,10577.4,6.63,25.24,3.34,2.0,4,4,0,1,2.25,0.0,6,3,66.67
2026-05-26,MFC018,Night,0.0,0.0,0.0,0.0,0.0,,,,0.0,3,3,0,2,0.0,0.0,0,0,0.0
2026-05-27,MFC001,Morning,7.0,7.0,0.0,6829.55,6829.55,6.4,28.81,3.11,0.0,3,3,0,2,2.33,0.0,5,2,71.43
2026-05-27,MFC001,Evening,8.0,7.0,1.0,10782.55,7354.97,6.28,21.97,3.56,0.0,3,3,0,5,2.67,12.5,7,0,100.0
2026-05-27,MFC001,Night,2.0,2.0,0.0,978.29,978.29,4.0,16.08,3.55,0.0,3,3,0,4,0.67,0.0,2,0,100.0
2026-05-27,MFC002,Morning,7.0,7.0,0.0,6584.37,6584.37,9.4,30.53,3.96,0.0,3,3,0,5,2.33,0.0,4,3,57.14
2026-05-27,MFC002,Evening,3.0,3.0,0.0,3835.33,3479.46,7.43,28.16,3.37,1.0,3,3,0,2,1.0,0.0,2,1,66.67
2026-05-27,MFC002,Night,1.0,1.0,0.0,387.32,309.86,8.5,38.61,3.0,1.0,3,3,0,6,0.33,0.0,1,0,100.0
2026-05-27,MFC003,Morning,3.0,3.0,0.0,4698.41,4698.41,8.57,22.51,3.5,0.0,3,3,0,59,1.0,0.0,3,0,100.0
2026-05-27,MFC003,Evening,13.0,13.0,0.0,13112.66,13112.66,4.77,22.06,3.82,0.0,4,4,0,3,3.25,0.0,10,3,76.92
2026-05-27,MFC003,Night,2.0,2.0,0.0,979.83,979.83,6.22,23.33,3.3,0.0,3,3,0,4,0.67,0.0,2,0,100.0
2026-05-27,MFC004,Morning,4.0,4.0,0.0,2262.11,2262.11,8.35,23.68,4.02,0.0,3,3,0,2,1.33,0.0,3,1,75.0
2026-05-27,MFC004,Evening,6.0,4.0,1.0,5156.1,4467.99,9.54,27.6,3.04,2.0,3,3,0,1,2.0,16.67,3,1,75.0
2026-05-27,MFC004,Night,0.0,0.0,0.0,0.0,0.0,,,,0.0,3,3,0,3,0.0,0.0,0,0,0.0
2026-05-27,MFC005,Morning,10.0,10.0,0.0,9528.28,9352.73,7.97,25.94,3.67,1.0,4,4,0,2,2.5,0.0,7,3,70.0
2026-05-27,MFC005,Evening,10.0,9.0,1.0,13054.01,8205.84,8.38,26.06,3.93,1.0,4,4,0,1,2.5,10.0,7,2,77.78
2026-05-27,MFC005,Night,3.0,3.0,0.0,2038.32,2038.32,5.11,17.71,3.77,0.0,3,3,0,0,1.0,0.0,3,0,100.0
2026-05-27,MFC006,Morning,6.0,6.0,0.0,7809.93,7604.59,8.2,23.05,3.13,1.0,3,3,0,4,2.0,0.0,3,3,50.0
2026-05-27,MFC006,Evening,4.0,3.0,1.0,4779.54,2010.22,6.37,26.83,3.07,0.0,3,3,0,3,1.33,25.0,2,1,66.67
2026-05-27,MFC006,Night,0.0,0.0,0.0,0.0,0.0,,,,0.0,3,3,0,3,0.0,0.0,0,0,0.0
2026-05-27,MFC007,Morning,9.0,9.0,0.0,14772.1,14615.42,6.74,26.49,3.49,1.0,4,4,0,5,2.25,0.0,8,1,88.89
2026-05-27,MFC007,Evening,4.0,3.0,1.0,2777.7,2777.7,7.21,23.17,3.92,0.0,3,3,0,1,1.33,25.0,1,2,33.33
2026-05-27,MFC007,Night,0.0,0.0,0.0,0.0,0.0,,,,0.0,3,3,0,3,0.0,0.0,0,0,0.0
2026-05-27,MFC008,Morning,5.0,5.0,0.0,3422.7,3422.7,4.54,24.31,3.46,0.0,3,2,1,1,2.5,0.0,5,0,100.0
2026-05-27,MFC008,Evening,9.0,8.0,1.0,11785.45,10168.92,7.22,24.28,3.53,1.0,4,4,0,5,2.25,11.11,7,1,87.5
2026-05-27,MFC008,Night,1.0,1.0,0.0,1816.43,1816.43,5.67,18.26,3.5,0.0,3,3,0,2,0.33,0.0,1,0,100.0
2026-05-27,MFC009,Morning,6.0,6.0,0.0,6582.28,6204.93,7.34,28.04,3.57,2.0,3,3,0,2,2.0,0.0,6,0,100.0
2026-05-27,MFC009,Evening,6.0,6.0,0.0,5308.63,5308.63,5.26,22.54,3.73,0.0,3,3,0,4,2.0,0.0,6,0,100.0
2026-05-27,MFC009,Night,2.0,2.0,0.0,2427.45,2427.45,4.46,29.31,3.5,0.0,3,2,1,2,1.0,0.0,1,1,50.0
2026-05-27,MFC010,Morning,4.0,3.0,1.0,4028.0,3636.06,7.05,30.28,3.47,1.0,3,3,0,1,1.33,25.0,2,1,66.67
2026-05-27,MFC010,Evening,4.0,3.0,1.0,5197.46,2953.91,6.88,23.95,2.92,1.0,3,3,0,3,1.33,25.0,3,0,100.0
2026-05-27,MFC010,Night,2.0,2.0,0.0,4677.26,4677.26,8.54,23.54,4.0,0.0,3,3,0,2,0.67,0.0,1,1,50.0
2026-05-27,MFC011,Morning,6.0,6.0,0.0,4662.19,4276.55,6.32,22.93,3.55,1.0,3,2,1,3,3.0,0.0,5,1,83.33
2026-05-27,MFC011,Evening,11.0,11.0,0.0,17541.27,17395.52,8.09,27.54,3.7,1.0,4,4,0,1,2.75,0.0,9,2,81.82
2026-05-27,MFC011,Night,2.0,2.0,0.0,5366.26,5366.26,8.93,32.86,3.5,0.0,3,3,0,4,0.67,0.0,2,0,100.0
2026-05-27,MFC012,Morning,6.0,5.0,1.0,7892.96,5478.47,6.94,23.14,3.32,1.0,3,3,0,2,2.0,16.67,5,0,100.0
2026-05-27,MFC012,Evening,7.0,7.0,0.0,8758.85,8416.11,8.71,26.23,3.34,2.0,3,3,0,7,2.33,0.0,5,2,71.43
2026-05-27,MFC012,Night,0.0,0.0,0.0,0.0,0.0,,,,0.0,3,3,0,2,0.0,0.0,0,0,0.0
2026-05-27,MFC013,Morning,3.0,3.0,0.0,1247.74,1247.74,4.05,21.79,3.6,0.0,3,2,1,2,1.5,0.0,3,0,100.0
2026-05-27,MFC013,Evening,10.0,9.0,0.0,7400.99,7400.99,5.87,26.94,3.97,1.0,4,4,0,2,2.5,0.0,7,2,77.78
2026-05-27,MFC013,Night,0.0,0.0,0.0,0.0,0.0,,,,0.0,3,3,0,2,0.0,0.0,0,0,0.0
2026-05-27,MFC014,Morning,4.0,4.0,0.0,5058.02,5058.02,7.12,27.16,3.8,0.0,3,3,0,2,1.33,0.0,3,1,75.0
2026-05-27,MFC014,Evening,5.0,5.0,0.0,3997.74,3997.74,5.36,25.05,3.68,0.0,3,3,0,47,1.67,0.0,5,0,100.0
2026-05-27,MFC014,Night,1.0,1.0,0.0,758.66,758.66,7.39,20.8,3.4,0.0,3,3,0,0,0.33,0.0,1,0,100.0
2026-05-27,MFC015,Morning,5.0,3.0,2.0,9890.46,6262.31,10.09,27.12,2.82,0.0,3,3,0,1,1.67,40.0,2,1,66.67
2026-05-27,MFC015,Evening,7.0,7.0,0.0,5004.71,5004.71,5.38,24.15,3.61,0.0,3,3,0,0,2.33,0.0,6,1,85.71
2026-05-27,MFC015,Night,0.0,0.0,0.0,0.0,0.0,,,,0.0,3,3,0,3,0.0,0.0,0,0,0.0
2026-05-27,MFC016,Morning,9.0,8.0,1.0,8008.59,7837.29,6.01,24.46,3.81,0.0,4,4,0,2,2.25,11.11,7,1,87.5
2026-05-27,MFC016,Evening,13.0,13.0,0.0,17923.61,17334.0,7.07,25.51,3.45,4.0,4,4,0,1,3.25,0.0,11,2,84.62
2026-05-27,MFC016,Night,3.0,3.0,0.0,3340.65,3340.65,5.71,18.3,3.2,0.0,3,3,0,2,1.0,0.0,3,0,100.0
2026-05-27,MFC017,Morning,7.0,7.0,0.0,7944.0,7944.0,7.73,27.82,3.81,0.0,3,3,0,2,2.33,0.0,3,4,42.86
2026-05-27,MFC017,Evening,9.0,8.0,1.0,9518.37,6924.75,8.34,24.99,3.58,1.0,4,4,0,3,2.25,11.11,7,1,87.5
2026-05-27,MFC017,Night,3.0,3.0,0.0,9508.16,9508.16,8.59,23.63,3.63,0.0,3,2,1,1,1.5,0.0,3,0,100.0
2026-05-27,MFC018,Morning,6.0,5.0,1.0,7138.63,6241.73,8.64,25.94,3.43,0.0,3,2,1,2,3.0,16.67,4,1,80.0
2026-05-27,MFC018,Evening,11.0,11.0,0.0,12742.39,12494.37,8.2,24.34,3.72,2.0,4,4,0,2,2.75,0.0,7,4,63.64
2026-05-27,MFC018,Night,1.0,1.0,0.0,657.29,657.29,2.34,15.11,3.2,0.0,3,3,0,4,0.33,0.0,1,0,100.0
2026-05-28,MFC001,Morning,5.0,4.0,1.0,6379.07,5766.09,7.56,18.81,3.62,1.0,3,2,1,64,2.5,20.0,4,0,100.0
2026-05-28,MFC001,Evening,7.0,7.0,0.0,7424.98,7424.98,5.22,25.55,3.01,0.0,3,3,0,0,2.33,0.0,6,1,85.71
2026-05-28,MFC001,Night,0.0,0.0,0.0,0.0,0.0,,,,0.0,3,3,0,1,0.0,0.0,0,0,0.0
2026-05-28,MFC002,Morning,7.0,5.0,2.0,8536.63,6992.21,9.53,29.05,3.25,2.0,3,3,0,4,2.33,28.57,4,1,80.0
2026-05-28,MFC002,Evening,9.0,9.0,0.0,10935.62,9681.61,5.57,21.29,3.29,3.0,4,2,2,2,4.5,0.0,9,0,100.0
2026-05-28,MFC002,Night,1.0,1.0,0.0,46.18,46.18,2.96,28.18,2.5,0.0,3,2,1,1,0.5,0.0,1,0,100.0
2026-05-28,MFC003,Morning,6.0,6.0,0.0,4975.52,4308.57,6.16,21.43,3.7,0.0,3,3,0,3,2.0,0.0,6,0,100.0
2026-05-28,MFC003,Evening,10.0,8.0,2.0,16993.97,14788.55,6.31,24.06,3.27,1.0,4,4,0,3,2.5,20.0,7,1,87.5
2026-05-28,MFC003,Night,2.0,1.0,1.0,2798.32,732.0,4.46,18.72,3.05,0.0,3,3,0,3,0.67,50.0,1,0,100.0
2026-05-28,MFC004,Morning,7.0,6.0,1.0,9583.46,7328.73,7.23,24.1,3.17,2.0,3,3,0,1,2.33,14.29,5,1,83.33
2026-05-28,MFC004,Evening,5.0,5.0,0.0,9151.6,8456.58,8.58,26.83,3.76,1.0,3,3,0,1,1.67,0.0,3,2,60.0
2026-05-28,MFC004,Night,0.0,0.0,0.0,0.0,0.0,,,,0.0,3,3,0,1,0.0,0.0,0,0,0.0
2026-05-28,MFC005,Morning,10.0,9.0,1.0,7602.81,7150.29,7.08,25.51,3.4,0.0,4,4,0,3,2.5,10.0,8,1,88.89
2026-05-28,MFC005,Evening,10.0,10.0,0.0,14382.55,14301.41,7.9,27.37,3.73,1.0,4,4,0,4,2.5,0.0,7,3,70.0
2026-05-28,MFC005,Night,2.0,2.0,0.0,1395.55,1395.55,3.64,20.78,3.7,0.0,3,3,0,4,0.67,0.0,2,0,100.0
2026-05-28,MFC006,Morning,8.0,8.0,0.0,6750.54,6750.54,7.26,23.93,4.09,0.0,3,3,0,3,2.67,0.0,8,0,100.0
2026-05-28,MFC006,Evening,4.0,4.0,0.0,5944.45,5382.5,6.96,25.28,3.42,1.0,3,3,0,1,1.33,0.0,3,1,75.0
2026-05-28,MFC006,Night,2.0,2.0,0.0,1699.55,1699.55,5.5,25.69,3.5,0.0,3,3,0,4,0.67,0.0,2,0,100.0
2026-05-28,MFC007,Morning,6.0,6.0,0.0,8782.17,8321.78,8.26,23.54,2.88,2.0,3,3,0,1,2.0,0.0,5,1,83.33
2026-05-28,MFC007,Evening,10.0,10.0,0.0,15230.92,15230.92,7.64,23.01,3.8,0.0,4,4,0,1,2.5,0.0,9,1,90.0
2026-05-28,MFC007,Night,2.0,2.0,0.0,4342.2,3825.21,5.21,14.66,4.5,1.0,3,3,0,5,0.67,0.0,2,0,100.0
2026-05-28,MFC008,Morning,7.0,6.0,1.0,9178.32,7170.8,6.44,23.36,3.6,0.0,3,3,0,1,2.33,14.29,5,1,83.33
2026-05-28,MFC008,Evening,7.0,7.0,0.0,6490.08,6305.13,5.05,24.59,3.8,1.0,3,3,0,6,2.33,0.0,6,1,85.71
2026-05-28,MFC008,Night,0.0,0.0,0.0,0.0,0.0,,,,0.0,3,3,0,0,0.0,0.0,0,0,0.0
2026-05-28,MFC009,Morning,5.0,4.0,1.0,2751.11,2627.82,4.23,17.7,3.5,0.0,3,3,0,6,1.67,20.0,4,0,100.0
2026-05-28,MFC009,Evening,7.0,7.0,0.0,6027.85,5137.96,6.85,23.46,3.14,4.0,3,3,0,6,2.33,0.0,6,1,85.71
2026-05-28,MFC009,Night,2.0,2.0,0.0,3920.54,2710.29,5.56,26.5,3.45,0.0,3,3,0,0,0.67,0.0,2,0,100.0
2026-05-28,MFC010,Morning,8.0,7.0,1.0,7695.12,6860.16,6.98,23.54,3.18,1.0,3,2,1,4,4.0,12.5,6,1,85.71
2026-05-28,MFC010,Evening,6.0,3.0,3.0,8244.99,5275.71,6.71,24.66,3.02,1.0,3,3,0,3,2.0,50.0,2,1,66.67
2026-05-28,MFC010,Night,1.0,1.0,0.0,3250.4,3250.4,7.55,33.44,4.3,0.0,3,3,0,0,0.33,0.0,1,0,100.0
2026-05-28,MFC011,Morning,12.0,9.0,3.0,17745.37,12972.71,8.84,24.77,3.2,1.0,4,3,1,3,4.0,25.0,6,3,66.67
2026-05-28,MFC011,Evening,11.0,10.0,1.0,9940.79,9451.91,7.15,29.16,3.89,0.0,4,4,0,4,2.75,9.09,7,3,70.0
2026-05-28,MFC011,Night,8.0,8.0,0.0,12243.55,12243.55,5.67,25.55,3.79,0.0,3,2,1,3,4.0,0.0,8,0,100.0
2026-05-28,MFC012,Morning,1.0,1.0,0.0,3713.51,3713.51,11.14,27.03,3.4,0.0,3,2,1,3,0.5,0.0,1,0,100.0
2026-05-28,MFC012,Evening,9.0,8.0,1.0,14508.25,13891.0,9.16,24.13,3.79,1.0,4,3,1,1,3.0,11.11,7,1,87.5
2026-05-28,MFC012,Night,1.0,1.0,0.0,1465.72,1465.72,7.77,40.17,3.5,0.0,3,2,1,3,0.5,0.0,0,1,0.0
2026-05-28,MFC013,Morning,8.0,8.0,0.0,15424.43,14692.01,6.42,24.26,3.47,0.0,3,3,0,2,2.67,0.0,5,3,62.5
2026-05-28,MFC013,Evening,10.0,8.0,2.0,13507.76,10872.78,10.3,26.56,3.53,0.0,4,4,0,1,2.5,20.0,6,2,75.0
2026-05-28,MFC013,Night,0.0,0.0,0.0,0.0,0.0,,,,0.0,3,3,0,5,0.0,0.0,0,0,0.0
2026-05-28,MFC014,Morning,5.0,5.0,0.0,5010.74,5010.74,7.66,24.07,3.94,0.0,3,3,0,2,1.67,0.0,4,1,80.0
2026-05-28,MFC014,Evening,3.0,2.0,1.0,3069.74,1873.7,3.92,24.48,3.4,0.0,3,3,0,3,1.0,33.33,2,0,100.0
2026-05-28,MFC014,Night,1.0,1.0,0.0,311.81,311.81,2.87,10.72,4.0,0.0,3,3,0,3,0.33,0.0,1,0,100.0
2026-05-28,MFC015,Morning,9.0,9.0,0.0,9581.98,9037.14,7.56,27.53,3.21,2.0,4,4,0,1,2.25,0.0,7,2,77.78
2026-05-28,MFC015,Evening,8.0,7.0,1.0,6810.96,5967.04,7.55,25.52,3.4,2.0,3,3,0,3,2.67,12.5,5,2,71.43
2026-05-28,MFC015,Night,4.0,4.0,0.0,4178.46,4178.46,8.96,27.64,4.15,0.0,3,3,0,5,1.33,0.0,3,1,75.0
2026-05-28,MFC016,Morning,4.0,3.0,1.0,4003.91,3325.39,5.33,20.7,3.8,1.0,3,3,0,2,1.33,25.0,3,0,100.0
2026-05-28,MFC016,Evening,7.0,6.0,0.0,9342.33,4728.46,6.0,20.98,3.57,1.0,3,3,0,2,2.33,0.0,6,0,100.0
2026-05-28,MFC016,Night,3.0,2.0,1.0,3925.08,2492.69,7.68,20.6,4.1,0.0,3,3,0,1,1.0,33.33,2,0,100.0
2026-05-28,MFC017,Morning,4.0,4.0,0.0,3889.69,3740.65,6.68,22.01,3.52,1.0,3,3,0,5,1.33,0.0,3,1,75.0
2026-05-28,MFC017,Evening,10.0,9.0,1.0,14021.96,11177.78,7.93,23.84,3.32,1.0,4,4,0,2,2.5,10.0,8,1,88.89
2026-05-28,MFC017,Night,3.0,3.0,0.0,5598.94,5598.94,8.6,25.37,4.13,0.0,3,3,0,0,1.0,0.0,3,0,100.0
2026-05-28,MFC018,Morning,6.0,6.0,0.0,10161.48,9824.25,8.84,25.55,3.83,1.0,3,3,0,5,2.0,0.0,4,2,66.67
2026-05-28,MFC018,Evening,8.0,7.0,1.0,9539.38,9206.07,9.17,25.51,3.4,0.0,3,3,0,1,2.67,12.5,5,2,71.43
2026-05-28,MFC018,Night,3.0,3.0,0.0,1055.89,1055.89,5.03,16.5,3.7,0.0,3,3,0,3,1.0,0.0,3,0,100.0
2026-05-29,MFC001,Morning,8.0,8.0,0.0,11843.88,11843.88,8.17,28.14,3.96,0.0,3,3,0,2,2.67,0.0,6,2,75.0
2026-05-29,MFC001,Evening,9.0,9.0,0.0,6197.83,6088.13,6.09,25.5,4.02,1.0,4,3,1,2,3.0,0.0,7,2,77.78
2026-05-29,MFC001,Night,2.0,2.0,0.0,4178.18,4178.18,6.1,18.39,4.9,0.0,3,3,0,66,0.67,0.0,2,0,100.0
2026-05-29,MFC002,Morning,6.0,6.0,0.0,8819.09,8515.18,7.57,24.68,3.98,1.0,3,3,0,4,2.0,0.0,5,1,83.33
2026-05-29,MFC002,Evening,9.0,7.0,2.0,6616.26,5821.47,9.37,23.74,3.02,1.0,4,3,1,2,3.0,22.22,6,1,85.71
2026-05-29,MFC002,Night,5.0,5.0,0.0,10307.13,10307.13,7.2,21.5,3.84,0.0,3,3,0,1,1.67,0.0,4,1,80.0
2026-05-29,MFC003,Morning,9.0,8.0,0.0,9110.54,6569.44,6.21,26.2,3.29,2.0,4,4,0,26,2.25,0.0,6,2,75.0
2026-05-29,MFC003,Evening,7.0,7.0,0.0,6442.48,6442.48,6.67,23.33,3.71,0.0,3,2,1,2,3.5,0.0,7,0,100.0
2026-05-29,MFC003,Night,2.0,2.0,0.0,1170.18,1170.18,3.51,19.1,3.9,0.0,3,3,0,5,0.67,0.0,2,0,100.0
2026-05-29,MFC004,Morning,4.0,4.0,0.0,3712.68,3330.61,7.63,23.96,3.52,1.0,3,3,0,0,1.33,0.0,3,1,75.0
2026-05-29,MFC004,Evening,4.0,4.0,0.0,2278.57,2278.57,5.52,22.9,3.05,0.0,3,2,1,0,2.0,0.0,4,0,100.0
2026-05-29,MFC004,Night,0.0,0.0,0.0,0.0,0.0,,,,0.0,3,3,0,4,0.0,0.0,0,0,0.0
2026-05-29,MFC005,Morning,8.0,8.0,0.0,5791.01,5547.13,7.33,23.55,3.55,2.0,3,3,0,58,2.67,0.0,6,2,75.0
2026-05-29,MFC005,Evening,11.0,9.0,2.0,13026.09,9783.45,9.36,28.45,3.43,1.0,4,4,0,6,2.75,18.18,8,1,88.89
2026-05-29,MFC005,Night,1.0,1.0,0.0,1487.55,1487.55,5.44,16.75,3.3,0.0,3,3,0,3,0.33,0.0,1,0,100.0
2026-05-29,MFC006,Morning,4.0,4.0,0.0,4889.97,4889.97,8.51,23.58,3.68,0.0,3,3,0,2,1.33,0.0,4,0,100.0
2026-05-29,MFC006,Evening,9.0,9.0,0.0,5439.76,5298.6,6.09,22.42,3.63,1.0,4,4,0,1,2.25,0.0,7,2,77.78
2026-05-29,MFC006,Night,3.0,3.0,0.0,3696.93,3696.93,9.13,20.34,4.3,0.0,3,3,0,22,1.0,0.0,3,0,100.0
2026-05-29,MFC007,Morning,9.0,8.0,1.0,10369.21,8155.79,5.18,22.71,3.84,0.0,4,4,0,1,2.25,11.11,8,0,100.0
2026-05-29,MFC007,Evening,10.0,9.0,1.0,8656.93,6772.93,7.01,25.76,3.36,1.0,4,4,0,1,2.5,10.0,8,1,88.89
2026-05-29,MFC007,Night,0.0,0.0,0.0,0.0,0.0,,,,0.0,3,3,0,3,0.0,0.0,0,0,0.0
2026-05-29,MFC008,Morning,8.0,7.0,1.0,8689.41,8360.01,6.52,28.53,3.34,0.0,3,3,0,0,2.67,12.5,5,2,71.43
2026-05-29,MFC008,Evening,11.0,11.0,0.0,8816.36,8154.23,4.99,23.11,3.45,3.0,4,4,0,3,2.75,0.0,8,3,72.73
2026-05-29,MFC008,Night,1.0,1.0,0.0,963.2,963.2,6.93,19.66,4.4,0.0,3,2,1,3,0.5,0.0,1,0,100.0
2026-05-29,MFC009,Morning,3.0,2.0,1.0,4037.03,4037.03,11.13,31.47,4.0,0.0,3,3,0,6,1.0,33.33,1,1,50.0
2026-05-29,MFC009,Evening,8.0,8.0,0.0,7903.69,7653.55,7.18,29.28,3.42,2.0,3,3,0,5,2.67,0.0,7,1,87.5
2026-05-29,MFC009,Night,1.0,1.0,0.0,423.48,317.61,4.56,17.84,2.1,1.0,3,3,0,3,0.33,0.0,1,0,100.0
2026-05-29,MFC010,Morning,5.0,5.0,0.0,9962.72,9962.72,7.73,25.47,3.68,0.0,3,3,0,3,1.67,0.0,5,0,100.0
2026-05-29,MFC010,Evening,4.0,4.0,0.0,2601.56,2601.56,6.91,22.84,3.22,0.0,3,3,0,3,1.33,0.0,4,0,100.0
2026-05-29,MFC010,Night,1.0,1.0,0.0,2387.67,2387.67,7.13,21.28,3.8,0.0,3,3,0,1,0.33,0.0,1,0,100.0
2026-05-29,MFC011,Morning,7.0,6.0,1.0,10069.75,7701.32,8.21,29.84,3.93,0.0,3,3,0,4,2.33,14.29,4,2,66.67
2026-05-29,MFC011,Evening,8.0,8.0,0.0,9960.24,9836.36,8.08,23.59,3.58,1.0,3,3,0,1,2.67,0.0,5,3,62.5
2026-05-29,MFC011,Night,1.0,1.0,0.0,1701.26,1701.26,7.95,26.74,2.9,0.0,3,2,1,1,0.5,0.0,1,0,100.0
2026-05-29,MFC012,Morning,2.0,2.0,0.0,1081.06,1081.06,5.9,21.88,3.95,0.0,3,3,0,2,0.67,0.0,2,0,100.0
2026-05-29,MFC012,Evening,0.0,0.0,0.0,0.0,0.0,,,,0.0,3,3,0,2,0.0,0.0,0,0,0.0
2026-05-29,MFC012,Night,3.0,2.0,1.0,2757.78,2464.22,5.73,17.32,3.85,0.0,3,3,0,4,1.0,33.33,2,0,100.0
2026-05-29,MFC013,Morning,7.0,7.0,0.0,13884.29,13256.89,7.21,23.04,3.69,1.0,3,3,0,2,2.33,0.0,6,1,85.71
2026-05-29,MFC013,Evening,6.0,5.0,1.0,6742.77,5395.43,6.77,25.54,3.44,2.0,3,2,1,5,3.0,16.67,4,1,80.0
2026-05-29,MFC013,Night,1.0,1.0,0.0,151.6,151.6,3.59,21.27,4.1,0.0,3,3,0,1,0.33,0.0,1,0,100.0
2026-05-29,MFC014,Morning,6.0,5.0,1.0,3584.7,3426.5,5.48,23.73,3.46,1.0,3,3,0,4,2.0,16.67,4,1,80.0
2026-05-29,MFC014,Evening,8.0,8.0,0.0,11481.99,11481.99,6.56,29.52,3.78,0.0,3,3,0,1,2.67,0.0,6,2,75.0
2026-05-29,MFC014,Night,3.0,3.0,0.0,2178.15,2178.15,5.42,19.18,3.5,0.0,3,3,0,1,1.0,0.0,3,0,100.0
2026-05-29,MFC015,Morning,2.0,1.0,1.0,1071.27,521.47,10.23,27.32,2.5,0.0,3,3,0,2,0.67,50.0,1,0,100.0
2026-05-29,MFC015,Evening,5.0,4.0,0.0,3908.26,3908.26,5.15,22.02,3.45,0.0,3,3,0,2,1.67,0.0,4,0,100.0
2026-05-29,MFC015,Night,1.0,1.0,0.0,83.88,83.88,4.15,19.3,3.3,0.0,3,3,0,3,0.33,0.0,1,0,100.0
2026-05-29,MFC016,Morning,6.0,5.0,1.0,6028.23,4395.19,6.63,25.11,3.64,0.0,3,3,0,6,2.0,16.67,4,1,80.0
2026-05-29,MFC016,Evening,11.0,11.0,0.0,15907.4,14831.05,6.89,24.3,3.67,5.0,4,4,0,6,2.75,0.0,9,2,81.82
2026-05-29,MFC016,Night,0.0,0.0,0.0,0.0,0.0,,,,0.0,3,3,0,3,0.0,0.0,0,0,0.0
2026-05-29,MFC017,Morning,4.0,3.0,1.0,1655.72,1587.66,4.9,21.91,3.25,0.0,3,3,0,1,1.33,25.0,3,0,100.0
2026-05-29,MFC017,Evening,13.0,13.0,0.0,16085.71,15045.06,6.53,26.23,3.48,2.0,4,4,0,3,3.25,0.0,11,2,84.62
2026-05-29,MFC017,Night,2.0,2.0,0.0,3834.93,3667.05,7.4,28.85,2.15,1.0,3,3,0,1,0.67,0.0,2,0,100.0
2026-05-29,MFC018,Morning,5.0,5.0,0.0,6388.23,5837.04,6.9,25.66,3.26,0.0,3,3,0,0,1.67,0.0,4,1,80.0
2026-05-29,MFC018,Evening,5.0,5.0,0.0,7570.25,7570.25,10.35,28.54,3.76,0.0,3,3,0,3,1.67,0.0,2,3,40.0
2026-05-29,MFC018,Night,0.0,0.0,0.0,0.0,0.0,,,,0.0,3,3,0,1,0.0,0.0,0,0,0.0
2026-05-30,MFC001,Morning,8.0,8.0,0.0,14110.88,13008.36,7.2,28.09,3.39,2.0,3,3,0,5,2.67,0.0,6,2,75.0
2026-05-30,MFC001,Evening,11.0,11.0,0.0,14437.14,14288.03,6.71,25.52,3.49,1.0,4,4,0,2,2.75,0.0,9,2,81.82
2026-05-30,MFC001,Night,4.0,4.0,0.0,3909.31,3909.31,5.7,23.77,3.78,0.0,3,3,0,1,1.33,0.0,4,0,100.0
2026-05-30,MFC002,Morning,4.0,3.0,1.0,2371.32,986.37,4.24,23.53,4.08,0.0,3,2,1,2,2.0,25.0,3,0,100.0
2026-05-30,MFC002,Evening,14.0,14.0,0.0,10709.57,10667.91,6.89,23.65,3.8,1.0,4,4,0,1,3.5,0.0,11,3,78.57
2026-05-30,MFC002,Night,0.0,0.0,0.0,0.0,0.0,,,,0.0,3,3,0,1,0.0,0.0,0,0,0.0
2026-05-30,MFC003,Morning,9.0,7.0,1.0,23305.71,22398.85,8.14,25.26,3.21,1.0,4,4,0,48,2.25,11.11,5,2,71.43
2026-05-30,MFC003,Evening,15.0,12.0,2.0,17388.06,14760.24,6.94,25.55,3.34,2.0,4,4,0,2,3.75,13.33,9,3,75.0
2026-05-30,MFC003,Night,3.0,2.0,1.0,3790.86,2645.78,5.38,23.72,3.95,0.0,3,3,0,3,1.0,33.33,2,0,100.0
2026-05-30,MFC004,Morning,6.0,6.0,0.0,3225.45,3225.45,7.47,24.92,4.27,0.0,3,3,0,2,2.0,0.0,5,1,83.33
2026-05-30,MFC004,Evening,9.0,9.0,0.0,7033.5,6641.28,5.63,21.89,3.43,2.0,4,4,0,55,2.25,0.0,8,1,88.89
2026-05-30,MFC004,Night,2.0,2.0,0.0,2664.28,2664.28,4.32,18.62,3.65,0.0,3,2,1,0,1.0,0.0,2,0,100.0
2026-05-30,MFC005,Morning,10.0,9.0,1.0,7159.53,6891.08,7.61,23.75,3.59,2.0,4,4,0,5,2.5,10.0,7,2,77.78
2026-05-30,MFC005,Evening,9.0,8.0,1.0,8359.85,6648.91,7.8,26.51,3.55,1.0,4,4,0,1,2.25,11.11,6,2,75.0
2026-05-30,MFC005,Night,0.0,0.0,0.0,0.0,0.0,,,,0.0,3,2,1,2,0.0,0.0,0,0,0.0
2026-05-30,MFC006,Morning,12.0,12.0,0.0,12974.77,12159.37,7.73,25.42,3.14,4.0,4,4,0,4,3.0,0.0,9,3,75.0
2026-05-30,MFC006,Evening,9.0,8.0,1.0,10219.75,9913.92,6.86,25.14,3.73,1.0,4,4,0,2,2.25,11.11,8,0,100.0
2026-05-30,MFC006,Night,2.0,2.0,0.0,957.84,957.84,7.46,26.1,2.95,0.0,3,2,1,4,1.0,0.0,2,0,100.0
2026-05-30,MFC007,Morning,4.0,4.0,0.0,4238.5,4238.5,5.03,23.2,3.58,0.0,3,3,0,3,1.33,0.0,4,0,100.0
2026-05-30,MFC007,Evening,10.0,9.0,1.0,12450.15,11527.8,6.11,28.6,3.63,1.0,4,4,0,3,2.5,10.0,7,2,77.78
2026-05-30,MFC007,Night,6.0,6.0,0.0,5705.08,5599.58,6.27,18.89,3.62,1.0,3,3,0,6,2.0,0.0,5,1,83.33
2026-05-30,MFC008,Morning,8.0,7.0,1.0,12770.64,10235.74,7.65,26.6,3.5,1.0,3,3,0,4,2.67,12.5,5,2,71.43
2026-05-30,MFC008,Evening,7.0,5.0,2.0,10412.75,7812.67,7.45,20.79,3.6,0.0,3,3,0,1,2.33,28.57,4,1,80.0
2026-05-30,MFC008,Night,3.0,3.0,0.0,2455.38,1374.9,4.43,23.86,3.2,0.0,3,3,0,3,1.0,0.0,2,1,66.67
2026-05-30,MFC009,Morning,4.0,4.0,0.0,6694.88,5703.99,5.34,21.94,3.48,2.0,3,3,0,2,1.33,0.0,4,0,100.0
2026-05-30,MFC009,Evening,5.0,5.0,0.0,4642.81,4642.81,5.24,22.51,3.88,0.0,3,2,1,0,2.5,0.0,4,1,80.0
2026-05-30,MFC009,Night,1.0,1.0,0.0,706.19,706.19,6.63,26.2,3.4,0.0,3,2,1,1,0.5,0.0,1,0,100.0
2026-05-30,MFC010,Morning,5.0,5.0,0.0,5718.81,5548.58,9.37,31.39,3.64,1.0,3,3,0,2,1.67,0.0,4,1,80.0
2026-05-30,MFC010,Evening,7.0,7.0,0.0,6457.92,6457.92,5.69,28.35,3.91,0.0,3,3,0,2,2.33,0.0,5,2,71.43
2026-05-30,MFC010,Night,2.0,1.0,1.0,1294.38,878.5,5.32,17.54,3.6,0.0,3,3,0,8,0.67,50.0,1,0,100.0
2026-05-30,MFC011,Morning,10.0,7.0,2.0,10710.0,5444.76,5.81,23.5,3.19,2.0,4,4,0,1,2.5,20.0,6,1,85.71
2026-05-30,MFC011,Evening,13.0,12.0,1.0,20951.16,19804.93,7.32,24.1,3.56,2.0,4,3,1,3,4.33,7.69,10,2,83.33
2026-05-30,MFC011,Night,4.0,4.0,0.0,5529.28,5529.28,7.93,33.47,4.0,0.0,3,3,0,3,1.33,0.0,4,0,100.0
2026-05-30,MFC012,Morning,3.0,3.0,0.0,2061.15,1885.42,9.01,32.32,2.97,1.0,3,2,1,2,1.5,0.0,2,1,66.67
2026-05-30,MFC012,Evening,7.0,6.0,0.0,11384.17,11384.17,7.14,22.42,3.87,0.0,3,3,0,2,2.33,0.0,5,1,83.33
2026-05-30,MFC012,Night,0.0,0.0,0.0,0.0,0.0,,,,0.0,3,3,0,2,0.0,0.0,0,0,0.0
2026-05-30,MFC013,Morning,6.0,6.0,0.0,10388.29,9629.78,9.05,28.67,3.23,1.0,3,3,0,8,2.0,0.0,2,4,33.33
2026-05-30,MFC013,Evening,9.0,9.0,0.0,5818.49,5080.59,6.08,23.98,3.43,1.0,4,4,0,0,2.25,0.0,8,1,88.89
2026-05-30,MFC013,Night,4.0,3.0,0.0,2692.67,2692.67,4.41,18.8,4.03,0.0,3,3,0,4,1.33,0.0,3,0,100.0
2026-05-30,MFC014,Morning,5.0,4.0,1.0,9972.38,9134.51,9.99,35.24,3.97,1.0,3,2,1,1,2.5,20.0,2,2,50.0
2026-05-30,MFC014,Evening,9.0,8.0,1.0,11561.13,7093.89,6.91,25.96,3.34,2.0,4,4,0,1,2.25,11.11,6,2,75.0
2026-05-30,MFC014,Night,2.0,2.0,0.0,2757.05,2757.05,3.22,20.62,4.05,0.0,3,3,0,2,0.67,0.0,2,0,100.0
2026-05-30,MFC015,Morning,10.0,8.0,2.0,7622.27,5517.37,8.3,22.7,3.56,1.0,4,4,0,1,2.5,20.0,8,0,100.0
2026-05-30,MFC015,Evening,11.0,9.0,2.0,9753.87,7425.95,7.25,25.47,3.24,4.0,4,4,0,1,2.75,18.18,5,4,55.56
2026-05-30,MFC015,Night,3.0,3.0,0.0,3587.74,3587.74,5.72,21.1,3.5,0.0,3,3,0,4,1.0,0.0,3,0,100.0
2026-05-30,MFC016,Morning,7.0,7.0,0.0,7609.09,7609.09,7.53,23.44,3.71,0.0,3,3,0,0,2.33,0.0,5,2,71.43
2026-05-30,MFC016,Evening,14.0,14.0,0.0,10305.33,9127.7,6.38,23.84,3.56,5.0,4,4,0,1,3.5,0.0,14,0,100.0
2026-05-30,MFC016,Night,4.0,4.0,0.0,3356.14,3217.3,7.17,22.95,3.22,1.0,3,3,0,0,1.33,0.0,4,0,100.0
2026-05-30,MFC017,Morning,10.0,10.0,0.0,9627.97,9541.91,7.43,26.46,3.66,1.0,4,4,0,0,2.5,0.0,7,3,70.0
2026-05-30,MFC017,Evening,12.0,11.0,1.0,18332.41,10820.92,5.76,21.28,3.55,2.0,4,4,0,1,3.0,8.33,10,1,90.91
2026-05-30,MFC017,Night,2.0,1.0,1.0,1369.23,496.9,5.79,18.74,2.45,0.0,3,3,0,3,0.67,50.0,1,0,100.0
2026-05-30,MFC018,Morning,5.0,5.0,0.0,5156.9,5053.95,8.94,29.68,3.36,1.0,3,3,0,3,1.67,0.0,4,1,80.0
2026-05-30,MFC018,Evening,11.0,9.0,2.0,9521.65,7088.73,8.55,29.57,3.52,2.0,4,2,2,3,5.5,18.18,5,4,55.56
2026-05-30,MFC018,Night,0.0,0.0,0.0,0.0,0.0,,,,0.0,3,3,0,1,0.0,0.0,0,0,0.0
2026-05-31,MFC001,Morning,10.0,10.0,0.0,7310.33,6462.54,5.05,23.91,3.43,1.0,4,4,0,4,2.5,0.0,9,1,90.0
2026-05-31,MFC001,Evening,6.0,5.0,1.0,4721.15,4683.59,7.4,27.15,3.66,1.0,3,3,0,1,2.0,16.67,4,1,80.0
2026-05-31,MFC001,Night,1.0,1.0,0.0,488.17,488.17,6.09,22.83,3.5,0.0,3,2,1,1,0.5,0.0,1,0,100.0
2026-05-31,MFC002,Morning,6.0,6.0,0.0,3801.27,3654.62,6.65,18.73,3.25,1.0,3,3,0,4,2.0,0.0,6,0,100.0
2026-05-31,MFC002,Evening,10.0,9.0,0.0,8132.54,7619.3,9.37,27.13,3.53,4.0,4,4,0,28,2.5,0.0,7,2,77.78
2026-05-31,MFC002,Night,1.0,1.0,0.0,1183.42,1183.42,6.63,27.45,3.6,0.0,3,3,0,1,0.33,0.0,1,0,100.0
2026-05-31,MFC003,Morning,11.0,10.0,1.0,11746.41,9804.81,5.69,24.56,3.55,2.0,4,4,0,2,2.75,9.09,9,1,90.0
2026-05-31,MFC003,Evening,11.0,10.0,1.0,13476.16,12558.33,5.86,24.09,3.95,0.0,4,4,0,2,2.75,9.09,9,1,90.0
2026-05-31,MFC003,Night,0.0,0.0,0.0,0.0,0.0,,,,0.0,3,2,1,3,0.0,0.0,0,0,0.0
2026-05-31,MFC004,Morning,7.0,6.0,1.0,13691.55,12283.3,9.16,25.98,3.73,1.0,3,2,1,4,3.5,14.29,3,3,50.0
2026-05-31,MFC004,Evening,7.0,7.0,0.0,6810.85,6490.82,7.76,24.24,3.43,2.0,3,3,0,2,2.33,0.0,7,0,100.0
2026-05-31,MFC004,Night,0.0,0.0,0.0,0.0,0.0,,,,0.0,3,3,0,2,0.0,0.0,0,0,0.0
2026-05-31,MFC005,Morning,15.0,14.0,0.0,15459.79,15225.72,7.56,27.04,3.51,1.0,4,4,0,2,3.75,0.0,10,4,71.43
2026-05-31,MFC005,Evening,13.0,10.0,2.0,14454.64,12606.07,7.99,26.81,3.37,3.0,4,3,1,2,4.33,15.38,8,2,80.0
2026-05-31,MFC005,Night,2.0,2.0,0.0,2530.12,2530.12,5.34,21.88,4.15,0.0,3,3,0,3,0.67,0.0,2,0,100.0
2026-05-31,MFC006,Morning,5.0,5.0,0.0,2676.28,2630.9,9.39,26.58,3.26,1.0,3,2,1,1,2.5,0.0,4,1,80.0
2026-05-31,MFC006,Evening,7.0,6.0,0.0,9326.27,9226.7,10.41,32.04,3.42,1.0,3,3,0,4,2.33,0.0,2,4,33.33
2026-05-31,MFC006,Night,5.0,5.0,0.0,4911.09,4215.93,7.0,21.8,3.22,1.0,3,2,1,6,2.5,0.0,4,1,80.0
2026-05-31,MFC007,Morning,5.0,5.0,0.0,6352.55,6062.49,7.66,24.23,3.7,1.0,3,3,0,0,1.67,0.0,3,2,60.0
2026-05-31,MFC007,Evening,6.0,6.0,0.0,5199.39,5199.39,9.48,28.8,3.38,0.0,3,3,0,2,2.0,0.0,3,3,50.0
2026-05-31,MFC007,Night,2.0,2.0,0.0,1645.74,1400.25,4.45,18.62,3.45,2.0,3,3,0,4,0.67,0.0,2,0,100.0
2026-05-31,MFC008,Morning,13.0,13.0,0.0,14139.77,13741.66,6.17,22.88,3.74,2.0,4,4,0,1,3.25,0.0,12,1,92.31
2026-05-31,MFC008,Evening,12.0,10.0,1.0,10789.52,9573.29,6.65,21.8,3.13,4.0,4,4,0,3,3.0,8.33,9,1,90.0
2026-05-31,MFC008,Night,4.0,4.0,0.0,2763.37,2763.37,4.86,20.02,3.62,0.0,3,3,0,1,1.33,0.0,4,0,100.0
2026-05-31,MFC009,Morning,3.0,2.0,1.0,3733.15,712.16,6.61,27.72,3.53,1.0,3,2,1,3,1.5,33.33,2,0,100.0
2026-05-31,MFC009,Evening,6.0,6.0,0.0,9432.36,9432.36,6.85,22.4,4.37,0.0,3,3,0,5,2.0,0.0,5,1,83.33
2026-05-31,MFC009,Night,1.0,1.0,0.0,1546.53,1546.53,7.54,32.35,3.1,0.0,3,3,0,1,0.33,0.0,1,0,100.0
2026-05-31,MFC010,Morning,4.0,4.0,0.0,6760.55,6298.86,7.04,25.08,3.28,1.0,3,3,0,3,1.33,0.0,4,0,100.0
2026-05-31,MFC010,Evening,6.0,6.0,0.0,9239.75,9239.75,7.26,23.41,3.62,0.0,3,3,0,4,2.0,0.0,4,2,66.67
2026-05-31,MFC010,Night,2.0,2.0,0.0,647.83,647.83,3.53,19.35,4.2,0.0,3,3,0,2,0.67,0.0,2,0,100.0
2026-05-31,MFC011,Morning,8.0,6.0,1.0,10430.97,10261.73,7.03,26.94,3.74,0.0,3,3,0,2,2.67,12.5,4,2,66.67
2026-05-31,MFC011,Evening,3.0,3.0,0.0,2262.71,2262.71,5.35,20.73,3.57,0.0,3,3,0,3,1.0,0.0,3,0,100.0
2026-05-31,MFC011,Night,4.0,4.0,0.0,5072.1,5011.93,6.0,21.02,3.65,1.0,3,3,0,1,1.33,0.0,3,1,75.0
2026-05-31,MFC012,Morning,5.0,5.0,0.0,7838.08,7730.11,6.27,24.41,3.36,1.0,3,3,0,5,1.67,0.0,5,0,100.0
2026-05-31,MFC012,Evening,8.0,7.0,1.0,9847.35,7773.96,8.81,28.72,3.33,2.0,3,2,1,4,4.0,12.5,5,2,71.43
2026-05-31,MFC012,Night,1.0,1.0,0.0,1314.71,1314.71,11.76,32.89,3.2,0.0,3,3,0,2,0.33,0.0,0,1,0.0
2026-05-31,MFC013,Morning,9.0,8.0,0.0,6975.39,6671.41,7.38,26.26,3.92,1.0,4,4,0,3,2.25,0.0,5,3,62.5
2026-05-31,MFC013,Evening,12.0,12.0,0.0,10221.28,10103.05,5.39,20.96,3.58,1.0,4,3,1,0,4.0,0.0,12,0,100.0
2026-05-31,MFC013,Night,2.0,2.0,0.0,1094.11,935.72,4.78,19.54,3.4,1.0,3,3,0,3,0.67,0.0,2,0,100.0
2026-05-31,MFC014,Morning,4.0,2.0,0.0,3081.29,3081.29,7.24,33.47,3.25,0.0,3,3,0,2,1.33,0.0,1,1,50.0
2026-05-31,MFC014,Evening,6.0,6.0,0.0,5143.74,4643.4,7.74,27.86,3.33,2.0,3,3,0,2,2.0,0.0,4,2,66.67
2026-05-31,MFC014,Night,2.0,2.0,0.0,952.25,952.25,4.92,18.77,3.1,0.0,3,2,1,1,1.0,0.0,2,0,100.0
2026-05-31,MFC015,Morning,7.0,6.0,1.0,8559.22,7899.72,5.64,24.7,3.53,2.0,3,3,0,3,2.33,14.29,5,1,83.33
2026-05-31,MFC015,Evening,12.0,10.0,1.0,8380.65,6868.04,6.76,25.31,3.56,3.0,4,4,0,1,3.0,8.33,9,1,90.0
2026-05-31,MFC015,Night,2.0,2.0,0.0,2945.21,2686.01,7.88,19.23,3.95,1.0,3,3,0,4,0.67,0.0,2,0,100.0
2026-05-31,MFC016,Morning,12.0,11.0,0.0,8824.06,8628.53,6.12,27.08,3.37,2.0,4,4,0,2,3.0,0.0,9,2,81.82
2026-05-31,MFC016,Evening,18.0,18.0,0.0,24300.98,23174.37,7.5,26.59,3.64,3.0,5,5,0,2,3.6,0.0,14,4,77.78
2026-05-31,MFC016,Night,5.0,5.0,0.0,6026.57,5964.81,5.98,24.82,2.98,1.0,3,3,0,1,1.67,0.0,5,0,100.0
2026-05-31,MFC017,Morning,9.0,9.0,0.0,8065.54,8065.54,7.45,28.51,3.6,0.0,4,4,0,3,2.25,0.0,6,3,66.67
2026-05-31,MFC017,Evening,12.0,11.0,1.0,19423.33,17756.55,7.62,24.32,3.52,2.0,4,3,1,8,4.0,8.33,9,2,81.82
2026-05-31,MFC017,Night,1.0,1.0,0.0,2340.5,2340.5,6.95,15.89,2.2,0.0,3,3,0,5,0.33,0.0,1,0,100.0
2026-05-31,MFC018,Morning,13.0,13.0,0.0,12057.38,11502.5,8.78,24.27,3.24,3.0,4,4,0,1,3.25,0.0,8,5,61.54
2026-05-31,MFC018,Evening,9.0,8.0,1.0,9453.51,8944.25,8.26,24.74,3.61,0.0,4,4,0,4,2.25,11.11,7,1,87.5
2026-05-31,MFC018,Night,2.0,2.0,0.0,1140.18,1140.18,7.56,22.67,3.5,0.0,3,3,0,3,0.67,0.0,2,0,100.0
2026-06-01,MFC001,Morning,9.0,9.0,0.0,17799.86,17392.5,8.7,25.08,3.37,2.0,4,2,2,3,4.5,0.0,8,1,88.89
2026-06-01,MFC001,Evening,9.0,9.0,0.0,8353.06,8353.06,6.74,25.12,3.99,0.0,4,4,0,2,2.25,0.0,7,2,77.78
2026-06-01,MFC001,Night,0.0,0.0,0.0,0.0,0.0,,,,0.0,3,3,0,24,0.0,0.0,0,0,0.0
2026-06-01,MFC002,Morning,4.0,4.0,0.0,2407.36,2407.36,7.52,27.26,3.48,0.0,3,2,1,2,2.0,0.0,3,1,75.0
2026-06-01,MFC002,Evening,11.0,9.0,2.0,11267.63,9732.88,6.95,23.64,3.55,1.0,4,4,0,0,2.75,18.18,5,4,55.56
2026-06-01,MFC002,Night,0.0,0.0,0.0,0.0,0.0,,,,0.0,3,3,0,0,0.0,0.0,0,0,0.0
2026-06-01,MFC003,Morning,4.0,3.0,0.0,2822.08,2822.08,6.41,20.38,3.13,0.0,3,3,0,2,1.33,0.0,3,0,100.0
2026-06-01,MFC003,Evening,13.0,13.0,0.0,12240.88,11904.76,7.45,26.49,3.72,2.0,4,4,0,1,3.25,0.0,10,3,76.92
2026-06-01,MFC003,Night,1.0,1.0,0.0,1691.8,1691.8,8.41,20.13,3.6,0.0,3,3,0,1,0.33,0.0,1,0,100.0
2026-06-01,MFC004,Morning,6.0,6.0,0.0,5275.4,5275.4,7.51,29.74,3.8,0.0,3,3,0,2,2.0,0.0,5,1,83.33
2026-06-01,MFC004,Evening,4.0,4.0,0.0,2862.86,2692.87,9.04,23.38,3.62,1.0,3,3,0,5,1.33,0.0,3,1,75.0
2026-06-01,MFC004,Night,1.0,1.0,0.0,1945.22,1945.22,7.74,24.33,4.6,0.0,3,3,0,6,0.33,0.0,1,0,100.0
2026-06-01,MFC005,Morning,7.0,7.0,0.0,6444.54,6444.54,5.92,21.07,3.73,0.0,3,3,0,2,2.33,0.0,7,0,100.0
2026-06-01,MFC005,Evening,11.0,11.0,0.0,14448.24,14448.24,9.67,28.46,3.72,0.0,4,4,0,0,2.75,0.0,8,3,72.73
2026-06-01,MFC005,Night,0.0,0.0,0.0,0.0,0.0,,,,0.0,3,2,1,3,0.0,0.0,0,0,0.0
2026-06-01,MFC006,Morning,4.0,4.0,0.0,4895.53,4895.53,6.94,25.92,4.0,0.0,3,2,1,2,2.0,0.0,3,1,75.0
2026-06-01,MFC006,Evening,12.0,11.0,1.0,7972.16,7427.62,5.18,20.94,3.78,0.0,4,4,0,4,3.0,8.33,10,1,90.91
2026-06-01,MFC006,Night,1.0,1.0,0.0,826.62,826.62,5.06,34.95,4.0,0.0,3,3,0,4,0.33,0.0,1,0,100.0
2026-06-01,MFC007,Morning,3.0,3.0,0.0,5909.63,5382.93,4.57,27.06,3.97,1.0,3,3,0,3,1.0,0.0,3,0,100.0
2026-06-01,MFC007,Evening,8.0,7.0,1.0,10002.74,7722.93,6.9,22.99,3.5,1.0,3,3,0,2,2.67,12.5,6,1,85.71
2026-06-01,MFC007,Night,1.0,0.0,1.0,193.66,0.0,,,3.3,0.0,3,3,0,1,0.33,100.0,0,0,0.0
2026-06-01,MFC008,Morning,5.0,5.0,0.0,5486.2,5486.2,5.58,22.1,3.7,0.0,3,3,0,2,1.67,0.0,5,0,100.0
2026-06-01,MFC008,Evening,15.0,15.0,0.0,20616.52,20601.01,6.25,22.29,3.77,1.0,4,4,0,1,3.75,0.0,12,3,80.0
2026-06-01,MFC008,Night,2.0,2.0,0.0,2113.0,2113.0,5.4,20.03,3.75,0.0,3,2,1,1,1.0,0.0,2,0,100.0
2026-06-01,MFC009,Morning,5.0,5.0,0.0,3376.88,3376.88,5.52,22.87,4.2,0.0,3,3,0,3,1.67,0.0,5,0,100.0
2026-06-01,MFC009,Evening,11.0,11.0,0.0,9576.19,9023.81,5.71,25.15,3.65,1.0,4,4,0,1,2.75,0.0,11,0,100.0
2026-06-01,MFC009,Night,3.0,3.0,0.0,6296.14,6296.14,6.36,23.08,3.67,0.0,3,3,0,1,1.0,0.0,3,0,100.0
2026-06-01,MFC010,Morning,1.0,1.0,0.0,483.16,483.16,6.3,28.52,3.2,0.0,3,3,0,5,0.33,0.0,0,1,0.0
2026-06-01,MFC010,Evening,9.0,8.0,0.0,6085.6,6016.59,7.91,25.72,3.62,1.0,4,2,2,1,4.5,0.0,7,1,87.5
2026-06-01,MFC010,Night,2.0,2.0,0.0,2728.35,2673.04,7.5,27.51,3.95,1.0,3,3,0,1,0.67,0.0,2,0,100.0
2026-06-01,MFC011,Morning,6.0,6.0,0.0,3151.51,2988.1,6.05,25.05,3.65,0.0,3,3,0,2,2.0,0.0,6,0,100.0
2026-06-01,MFC011,Evening,10.0,9.0,1.0,11498.3,10325.67,7.66,25.83,3.59,2.0,4,4,0,0,2.5,10.0,6,3,66.67
2026-06-01,MFC011,Night,1.0,1.0,0.0,1014.01,1014.01,6.88,19.15,4.5,0.0,3,3,0,5,0.33,0.0,1,0,100.0
2026-06-01,MFC012,Morning,6.0,6.0,0.0,7963.09,7963.09,8.67,26.34,3.6,0.0,3,3,0,2,2.0,0.0,2,4,33.33
2026-06-01,MFC012,Evening,7.0,5.0,2.0,5898.85,5379.7,9.88,25.14,3.5,0.0,3,3,0,1,2.33,28.57,4,1,80.0
2026-06-01,MFC012,Night,0.0,0.0,0.0,0.0,0.0,,,,0.0,3,3,0,0,0.0,0.0,0,0,0.0
2026-06-01,MFC013,Morning,3.0,3.0,0.0,3439.18,3439.18,6.41,26.1,3.5,0.0,3,2,1,4,1.5,0.0,2,1,66.67
2026-06-01,MFC013,Evening,13.0,13.0,0.0,20759.15,20186.89,7.62,22.98,3.38,2.0,4,4,0,4,3.25,0.0,11,2,84.62
2026-06-01,MFC013,Night,3.0,3.0,0.0,1686.23,1686.23,4.23,24.85,3.37,0.0,3,3,0,2,1.0,0.0,3,0,100.0
2026-06-01,MFC014,Morning,6.0,5.0,1.0,5903.84,5342.72,6.45,26.51,3.44,1.0,3,2,1,7,3.0,16.67,4,1,80.0
2026-06-01,MFC014,Evening,4.0,4.0,0.0,3835.22,2286.2,4.88,19.2,3.42,1.0,3,3,0,3,1.33,0.0,4,0,100.0
2026-06-01,MFC014,Night,1.0,1.0,0.0,598.64,598.64,5.35,21.55,3.2,0.0,3,3,0,2,0.33,0.0,1,0,100.0
2026-06-01,MFC015,Morning,9.0,8.0,1.0,10612.73,9125.83,8.44,26.49,3.4,2.0,4,4,0,1,2.25,11.11,5,3,62.5
2026-06-01,MFC015,Evening,19.0,17.0,1.0,17501.61,16622.16,8.64,26.53,3.79,2.0,5,4,1,0,4.75,5.26,9,8,52.94
2026-06-01,MFC015,Night,1.0,1.0,0.0,2665.94,2665.94,10.12,29.24,4.1,0.0,3,3,0,4,0.33,0.0,1,0,100.0
2026-06-01,MFC016,Morning,10.0,10.0,0.0,12688.62,12124.45,7.45,24.93,3.46,2.0,4,4,0,4,2.5,0.0,8,2,80.0
2026-06-01,MFC016,Evening,8.0,6.0,2.0,13203.26,8004.42,6.4,23.52,3.54,4.0,3,3,0,2,2.67,25.0,4,2,66.67
2026-06-01,MFC016,Night,1.0,1.0,0.0,441.16,441.16,4.8,21.08,2.7,0.0,3,3,0,2,0.33,0.0,1,0,100.0
2026-06-01,MFC017,Morning,6.0,6.0,0.0,4863.93,4863.93,7.63,23.46,3.38,0.0,3,2,1,0,3.0,0.0,5,1,83.33
2026-06-01,MFC017,Evening,7.0,6.0,1.0,6112.14,5952.23,7.17,22.25,3.63,1.0,3,3,0,1,2.33,14.29,6,0,100.0
2026-06-01,MFC017,Night,2.0,2.0,0.0,1543.85,1400.98,7.41,25.16,2.9,1.0,3,3,0,2,0.67,0.0,2,0,100.0
2026-06-01,MFC018,Morning,2.0,1.0,0.0,4367.87,4367.87,10.1,26.15,4.7,0.0,3,3,0,57,0.67,0.0,1,0,100.0
2026-06-01,MFC018,Evening,4.0,4.0,0.0,4311.5,4311.5,6.93,23.72,3.5,0.0,3,3,0,2,1.33,0.0,4,0,100.0
2026-06-01,MFC018,Night,1.0,1.0,0.0,257.16,257.16,5.21,17.3,4.4,0.0,3,3,0,0,0.33,0.0,1,0,100.0
2026-06-02,MFC001,Morning,8.0,8.0,0.0,18002.63,18002.63,8.91,26.57,3.82,0.0,3,3,0,3,2.67,0.0,6,2,75.0
2026-06-02,MFC001,Evening,7.0,7.0,0.0,10224.58,10224.58,6.99,23.57,3.6,0.0,3,3,0,2,2.33,0.0,5,2,71.43
2026-06-02,MFC001,Night,1.0,1.0,0.0,220.73,220.73,2.0,12.41,4.9,0.0,3,3,0,0,0.33,0.0,1,0,100.0
2026-06-02,MFC002,Morning,0.0,0.0,0.0,0.0,0.0,,,,0.0,3,3,0,2,0.0,0.0,0,0,0.0
2026-06-02,MFC002,Evening,5.0,5.0,0.0,4638.36,4638.36,7.57,24.99,3.48,0.0,3,3,0,5,1.67,0.0,3,2,60.0
2026-06-02,MFC002,Night,2.0,2.0,0.0,1965.88,1965.88,10.36,21.9,4.1,0.0,3,3,0,2,0.67,0.0,2,0,100.0
2026-06-02,MFC003,Morning,4.0,4.0,0.0,5802.28,5802.28,5.66,19.03,4.0,0.0,3,3,0,3,1.33,0.0,4,0,100.0
2026-06-02,MFC003,Evening,9.0,8.0,1.0,13207.63,12456.29,7.12,24.65,3.1,1.0,4,4,0,3,2.25,11.11,7,1,87.5
2026-06-02,MFC003,Night,1.0,1.0,0.0,1983.11,1983.11,5.56,21.82,3.7,0.0,3,2,1,2,0.5,0.0,1,0,100.0
2026-06-02,MFC004,Morning,4.0,4.0,0.0,3559.17,3331.05,5.63,22.28,3.62,1.0,3,3,0,6,1.33,0.0,3,1,75.0
2026-06-02,MFC004,Evening,5.0,5.0,0.0,3346.69,3239.79,5.73,25.16,2.78,1.0,3,3,0,3,1.67,0.0,5,0,100.0
2026-06-02,MFC004,Night,2.0,2.0,0.0,2409.19,2409.19,10.09,25.2,3.35,0.0,3,2,1,2,1.0,0.0,2,0,100.0
2026-06-02,MFC005,Morning,12.0,12.0,0.0,9031.87,9031.87,7.1,23.47,4.06,0.0,4,4,0,3,3.0,0.0,10,2,83.33
2026-06-02,MFC005,Evening,9.0,7.0,2.0,4578.9,3183.84,5.11,22.18,3.3,1.0,4,4,0,2,2.25,22.22,7,0,100.0
2026-06-02,MFC005,Night,1.0,1.0,0.0,4864.1,4864.1,9.04,28.23,4.2,0.0,3,3,0,2,0.33,0.0,0,1,0.0
2026-06-02,MFC006,Morning,6.0,6.0,0.0,4863.92,4863.92,6.54,22.86,3.43,0.0,3,3,0,0,2.0,0.0,5,1,83.33
2026-06-02,MFC006,Evening,5.0,5.0,0.0,3770.11,3770.11,6.78,24.13,3.2,0.0,3,3,0,3,1.67,0.0,5,0,100.0
2026-06-02,MFC006,Night,2.0,2.0,0.0,7247.95,7247.95,8.43,28.85,3.8,0.0,3,2,1,3,1.0,0.0,2,0,100.0
2026-06-02,MFC007,Morning,10.0,10.0,0.0,16378.58,15979.08,8.3,29.17,3.3,2.0,4,4,0,2,2.5,0.0,6,4,60.0
2026-06-02,MFC007,Evening,8.0,7.0,0.0,10669.11,10316.81,6.2,25.22,3.46,1.0,3,3,0,1,2.67,0.0,6,1,85.71
2026-06-02,MFC007,Night,2.0,2.0,0.0,1847.64,1847.64,4.74,13.92,3.1,0.0,3,3,0,4,0.67,0.0,2,0,100.0
2026-06-02,MFC008,Morning,3.0,3.0,0.0,4943.22,4943.22,8.99,30.42,3.3,0.0,3,3,0,2,1.0,0.0,2,1,66.67
2026-06-02,MFC008,Evening,14.0,14.0,0.0,18624.94,17658.01,6.27,25.97,3.28,4.0,4,4,0,4,3.5,0.0,13,1,92.86
2026-06-02,MFC008,Night,1.0,1.0,0.0,925.39,925.39,5.28,14.34,4.8,0.0,3,2,1,3,0.5,0.0,1,0,100.0
2026-06-02,MFC009,Morning,5.0,4.0,1.0,5999.64,4462.62,7.04,23.82,3.58,0.0,3,2,1,4,2.5,20.0,2,2,50.0
2026-06-02,MFC009,Evening,8.0,6.0,1.0,9479.45,7607.39,4.96,22.83,3.47,1.0,3,2,1,2,4.0,12.5,6,0,100.0
2026-06-02,MFC009,Night,0.0,0.0,0.0,0.0,0.0,,,,0.0,3,2,1,4,0.0,0.0,0,0,0.0
2026-06-02,MFC010,Morning,3.0,3.0,0.0,1093.16,1050.96,7.05,22.17,3.53,1.0,3,3,0,0,1.0,0.0,3,0,100.0
2026-06-02,MFC010,Evening,5.0,5.0,0.0,8699.16,8699.16,8.19,23.95,3.88,0.0,3,3,0,3,1.67,0.0,5,0,100.0
2026-06-02,MFC010,Night,1.0,0.0,1.0,1297.49,0.0,,,,0.0,3,3,0,3,0.33,100.0,0,0,0.0
2026-06-02,MFC011,Morning,5.0,3.0,2.0,2119.1,1089.22,6.45,21.36,3.67,1.0,3,3,0,1,1.67,40.0,3,0,100.0
2026-06-02,MFC011,Evening,15.0,15.0,0.0,13499.71,13128.99,8.3,26.58,3.75,3.0,4,3,1,3,5.0,0.0,10,5,66.67
2026-06-02,MFC011,Night,0.0,0.0,0.0,0.0,0.0,,,,0.0,3,3,0,3,0.0,0.0,0,0,0.0
2026-06-02,MFC012,Morning,3.0,2.0,1.0,3353.21,2409.01,7.67,20.55,4.45,0.0,3,2,1,2,1.5,33.33,2,0,100.0
2026-06-02,MFC012,Evening,6.0,6.0,0.0,7170.89,7115.7,7.89,25.9,3.68,1.0,3,3,0,0,2.0,0.0,4,2,66.67
2026-06-02,MFC012,Night,1.0,1.0,0.0,957.79,957.79,6.77,19.71,4.2,0.0,3,3,0,1,0.33,0.0,1,0,100.0
2026-06-02,MFC013,Morning,7.0,5.0,2.0,9854.27,8871.26,6.21,22.85,3.32,4.0,3,3,0,6,2.33,28.57,4,1,80.0
2026-06-02,MFC013,Evening,9.0,9.0,0.0,4286.69,3510.94,7.17,23.83,3.73,2.0,4,4,0,23,2.25,0.0,7,2,77.78
2026-06-02,MFC013,Night,1.0,1.0,0.0,562.76,562.76,7.45,27.56,4.0,0.0,3,3,0,3,0.33,0.0,1,0,100.0
2026-06-02,MFC014,Morning,5.0,5.0,0.0,3792.42,3754.92,6.23,25.38,3.74,1.0,3,3,0,0,1.67,0.0,3,2,60.0
2026-06-02,MFC014,Evening,12.0,10.0,2.0,17364.54,14054.79,6.0,21.78,3.49,0.0,4,3,1,1,4.0,16.67,9,1,90.0
2026-06-02,MFC014,Night,0.0,0.0,0.0,0.0,0.0,,,,0.0,3,3,0,1,0.0,0.0,0,0,0.0
2026-06-02,MFC015,Morning,7.0,7.0,0.0,8943.51,8943.51,5.3,21.92,3.07,0.0,3,3,0,0,2.33,0.0,6,1,85.71
2026-06-02,MFC015,Evening,5.0,5.0,0.0,3807.64,3807.64,8.52,26.67,3.66,0.0,3,2,1,5,2.5,0.0,5,0,100.0
2026-06-02,MFC015,Night,1.0,1.0,0.0,1105.28,982.47,11.91,25.74,2.6,1.0,3,3,0,3,0.33,0.0,1,0,100.0
2026-06-02,MFC016,Morning,10.0,10.0,0.0,9849.54,9146.96,6.58,22.69,3.49,3.0,4,3,1,5,3.33,0.0,9,1,90.0
2026-06-02,MFC016,Evening,13.0,12.0,1.0,8921.09,8111.26,6.12,24.96,3.68,1.0,4,4,0,51,3.25,7.69,10,2,83.33
2026-06-02,MFC016,Night,3.0,3.0,0.0,4495.65,3981.69,4.54,25.65,3.87,1.0,3,3,0,1,1.0,0.0,3,0,100.0
2026-06-02,MFC017,Morning,3.0,2.0,1.0,2557.71,1088.37,6.88,15.41,3.9,1.0,3,3,0,2,1.0,33.33,2,0,100.0
2026-06-02,MFC017,Evening,6.0,6.0,0.0,4432.15,4432.15,6.09,23.37,3.4,0.0,3,3,0,2,2.0,0.0,6,0,100.0
2026-06-02,MFC017,Night,1.0,1.0,0.0,651.02,651.02,8.21,19.85,4.9,0.0,3,3,0,2,0.33,0.0,1,0,100.0
2026-06-02,MFC018,Morning,3.0,3.0,0.0,2664.2,2526.9,8.2,23.62,3.07,1.0,3,3,0,0,1.0,0.0,3,0,100.0
2026-06-02,MFC018,Evening,5.0,5.0,0.0,8208.17,7978.28,6.86,23.29,3.56,1.0,3,3,0,3,1.67,0.0,5,0,100.0
2026-06-02,MFC018,Night,1.0,1.0,0.0,1495.99,1495.99,6.42,20.78,4.3,0.0,3,3,0,0,0.33,0.0,1,0,100.0
2026-06-03,MFC001,Morning,6.0,6.0,0.0,5419.93,5419.93,7.49,28.81,3.68,0.0,3,3,0,6,2.0,0.0,4,2,66.67
2026-06-03,MFC001,Evening,10.0,10.0,0.0,7388.09,7311.55,5.77,21.33,3.87,1.0,4,4,0,3,2.5,0.0,9,1,90.0
2026-06-03,MFC001,Night,1.0,1.0,0.0,2096.35,2096.35,4.13,17.61,3.7,0.0,3,2,1,4,0.5,0.0,1,0,100.0
2026-06-03,MFC002,Morning,3.0,2.0,1.0,3283.67,2162.67,7.76,26.48,3.8,0.0,3,3,0,1,1.0,33.33,1,1,50.0
2026-06-03,MFC002,Evening,5.0,5.0,0.0,7961.64,7510.32,7.55,26.13,3.08,1.0,3,3,0,3,1.67,0.0,3,2,60.0
2026-06-03,MFC002,Night,1.0,1.0,0.0,842.21,842.21,4.45,23.61,2.6,0.0,3,3,0,4,0.33,0.0,1,0,100.0
2026-06-03,MFC003,Morning,2.0,2.0,0.0,1100.55,1100.55,8.76,24.84,3.9,0.0,3,3,0,2,0.67,0.0,2,0,100.0
2026-06-03,MFC003,Evening,9.0,8.0,0.0,13095.99,12534.63,6.95,27.72,3.75,2.0,4,4,0,2,2.25,0.0,7,1,87.5
2026-06-03,MFC003,Night,2.0,2.0,0.0,2381.68,2381.68,6.57,33.16,3.95,0.0,3,3,0,0,0.67,0.0,2,0,100.0
2026-06-03,MFC004,Morning,4.0,3.0,0.0,2875.46,2875.46,6.24,25.54,3.2,0.0,3,3,0,2,1.33,0.0,3,0,100.0
2026-06-03,MFC004,Evening,3.0,3.0,0.0,3770.14,3770.14,8.29,26.3,3.6,0.0,3,3,0,2,1.0,0.0,3,0,100.0
2026-06-03,MFC004,Night,1.0,1.0,0.0,803.14,669.28,9.92,26.05,3.2,1.0,3,3,0,1,0.33,0.0,1,0,100.0
2026-06-03,MFC005,Morning,5.0,5.0,0.0,4022.79,3856.81,7.45,24.19,3.66,1.0,3,3,0,1,1.67,0.0,5,0,100.0
2026-06-03,MFC005,Evening,10.0,10.0,0.0,8282.27,8050.09,7.6,25.66,3.56,1.0,4,4,0,0,2.5,0.0,8,2,80.0
2026-06-03,MFC005,Night,3.0,3.0,0.0,3420.39,3420.39,6.34,21.85,3.47,0.0,3,3,0,2,1.0,0.0,3,0,100.0
2026-06-03,MFC006,Morning,7.0,7.0,0.0,7300.15,7014.84,7.07,24.29,3.76,0.0,3,3,0,2,2.33,0.0,5,2,71.43
2026-06-03,MFC006,Evening,5.0,5.0,0.0,7265.96,6929.15,7.88,25.75,3.22,2.0,3,3,0,2,1.67,0.0,5,0,100.0
2026-06-03,MFC006,Night,1.0,1.0,0.0,1309.25,1309.25,7.99,30.67,3.9,0.0,3,3,0,2,0.33,0.0,1,0,100.0
2026-06-03,MFC007,Morning,7.0,7.0,0.0,6713.15,6713.15,6.18,25.94,3.89,0.0,3,3,0,2,2.33,0.0,6,1,85.71
2026-06-03,MFC007,Evening,5.0,5.0,0.0,6772.34,5845.66,8.18,27.81,2.74,0.0,3,2,1,0,2.5,0.0,3,2,60.0
2026-06-03,MFC007,Night,2.0,2.0,0.0,3147.84,3147.84,5.65,19.58,3.7,0.0,3,3,0,1,0.67,0.0,2,0,100.0
2026-06-03,MFC008,Morning,5.0,5.0,0.0,5366.6,5232.17,4.77,20.03,3.46,1.0,3,3,0,2,1.67,0.0,5,0,100.0
2026-06-03,MFC008,Evening,7.0,6.0,1.0,4281.65,3461.66,4.7,23.44,4.25,1.0,3,3,0,4,2.33,14.29,6,0,100.0
2026-06-03,MFC008,Night,2.0,1.0,1.0,3771.1,831.36,6.94,20.16,3.2,1.0,3,3,0,4,0.67,50.0,1,0,100.0
2026-06-03,MFC009,Morning,3.0,3.0,0.0,4553.95,4388.14,6.92,24.65,4.07,1.0,3,3,0,3,1.0,0.0,3,0,100.0
2026-06-03,MFC009,Evening,9.0,8.0,0.0,8450.97,8278.45,5.45,24.72,3.58,1.0,4,4,0,6,2.25,0.0,7,1,87.5
2026-06-03,MFC009,Night,1.0,1.0,0.0,1160.69,1160.69,8.1,25.22,4.6,0.0,3,3,0,3,0.33,0.0,1,0,100.0
2026-06-03,MFC010,Morning,5.0,5.0,0.0,10246.17,10246.17,7.83,25.21,3.6,0.0,3,3,0,69,1.67,0.0,3,2,60.0
2026-06-03,MFC010,Evening,7.0,7.0,0.0,4084.83,4084.83,7.87,27.48,3.47,0.0,3,3,0,1,2.33,0.0,3,4,42.86
2026-06-03,MFC010,Night,0.0,0.0,0.0,0.0,0.0,,,,0.0,3,3,0,2,0.0,0.0,0,0,0.0
2026-06-03,MFC011,Morning,9.0,8.0,1.0,3478.48,3417.72,5.12,24.53,3.82,0.0,4,4,0,3,2.25,11.11,6,2,75.0
2026-06-03,MFC011,Evening,12.0,11.0,1.0,12328.68,11424.65,8.1,23.31,3.65,2.0,4,4,0,10,3.0,8.33,9,2,81.82
2026-06-03,MFC011,Night,3.0,3.0,0.0,3930.07,3329.01,6.53,20.21,3.13,3.0,3,3,0,2,1.0,0.0,3,0,100.0
2026-06-03,MFC012,Morning,4.0,4.0,0.0,5392.34,4579.81,6.51,23.72,3.65,1.0,3,2,1,1,2.0,0.0,3,1,75.0
2026-06-03,MFC012,Evening,4.0,4.0,0.0,12731.7,12189.93,9.32,27.72,3.62,1.0,3,3,0,1,1.33,0.0,2,2,50.0
2026-06-03,MFC012,Night,1.0,1.0,0.0,359.54,359.54,6.72,17.27,3.4,0.0,3,3,0,1,0.33,0.0,1,0,100.0
2026-06-03,MFC013,Morning,5.0,5.0,0.0,2275.17,2275.17,7.08,33.26,4.04,0.0,3,3,0,1,1.67,0.0,2,3,40.0
2026-06-03,MFC013,Evening,16.0,16.0,0.0,14531.04,13883.47,8.11,27.73,3.16,4.0,4,4,0,2,4.0,0.0,11,5,68.75
2026-06-03,MFC013,Night,0.0,0.0,0.0,0.0,0.0,,,,0.0,3,3,0,6,0.0,0.0,0,0,0.0
2026-06-03,MFC014,Morning,6.0,6.0,0.0,6093.2,6093.2,6.35,22.66,3.48,0.0,3,3,0,1,2.0,0.0,6,0,100.0
2026-06-03,MFC014,Evening,8.0,8.0,0.0,7326.31,7138.87,4.51,22.83,3.39,1.0,3,3,0,1,2.67,0.0,7,1,87.5
2026-06-03,MFC014,Night,3.0,3.0,0.0,2439.57,2439.57,4.81,19.03,4.2,0.0,3,3,0,2,1.0,0.0,3,0,100.0
2026-06-03,MFC015,Morning,3.0,3.0,0.0,4699.1,4699.1,5.67,23.5,3.47,0.0,3,3,0,5,1.0,0.0,3,0,100.0
2026-06-03,MFC015,Evening,6.0,5.0,1.0,2749.85,2138.94,4.79,22.93,3.32,1.0,3,3,0,1,2.0,16.67,5,0,100.0
2026-06-03,MFC015,Night,0.0,0.0,0.0,0.0,0.0,,,,0.0,3,3,0,4,0.0,0.0,0,0,0.0
2026-06-03,MFC016,Morning,2.0,2.0,0.0,973.98,973.98,6.1,20.27,4.45,0.0,3,3,0,2,0.67,0.0,2,0,100.0
2026-06-03,MFC016,Evening,6.0,5.0,1.0,6493.51,5404.9,6.99,23.98,3.68,3.0,3,3,0,2,2.0,16.67,5,0,100.0
2026-06-03,MFC016,Night,0.0,0.0,0.0,0.0,0.0,,,,0.0,3,3,0,2,0.0,0.0,0,0,0.0
2026-06-03,MFC017,Morning,6.0,5.0,1.0,6436.15,5560.65,6.49,23.01,3.58,2.0,3,3,0,0,2.0,16.67,3,2,60.0
2026-06-03,MFC017,Evening,2.0,2.0,0.0,816.88,816.88,5.95,27.45,4.1,0.0,3,3,0,3,0.67,0.0,2,0,100.0
2026-06-03,MFC017,Night,0.0,0.0,0.0,0.0,0.0,,,,0.0,3,3,0,2,0.0,0.0,0,0,0.0
2026-06-03,MFC018,Morning,6.0,6.0,0.0,11356.13,11356.13,8.48,25.1,3.55,0.0,3,3,0,3,2.0,0.0,5,1,83.33
2026-06-03,MFC018,Evening,4.0,4.0,0.0,4337.48,3847.44,12.07,29.53,3.45,3.0,3,3,0,3,1.33,0.0,1,3,25.0
2026-06-03,MFC018,Night,0.0,0.0,0.0,0.0,0.0,,,,0.0,3,3,0,59,0.0,0.0,0,0,0.0
2026-06-04,MFC001,Morning,10.0,9.0,1.0,11734.01,11137.79,6.16,24.58,3.57,1.0,4,4,0,3,2.5,10.0,8,1,88.89
2026-06-04,MFC001,Evening,7.0,6.0,1.0,5331.49,5131.85,4.9,24.53,3.82,0.0,3,3,0,2,2.33,14.29,5,1,83.33
2026-06-04,MFC001,Night,1.0,1.0,0.0,2293.48,2293.48,10.44,26.41,3.5,0.0,3,2,1,1,0.5,0.0,1,0,100.0
2026-06-04,MFC002,Morning,5.0,4.0,1.0,7501.63,4636.68,7.14,21.0,3.5,0.0,3,3,0,4,1.67,20.0,4,0,100.0
2026-06-04,MFC002,Evening,4.0,4.0,0.0,5931.57,3967.82,8.41,24.14,3.5,0.0,3,3,0,6,1.33,0.0,4,0,100.0
2026-06-04,MFC002,Night,2.0,2.0,0.0,5094.92,4617.19,4.34,24.44,2.8,1.0,3,3,0,1,0.67,0.0,2,0,100.0
2026-06-04,MFC003,Morning,8.0,8.0,0.0,6503.76,5019.89,6.12,26.01,2.98,3.0,3,3,0,1,2.67,0.0,8,0,100.0
2026-06-04,MFC003,Evening,7.0,7.0,0.0,5677.42,5677.42,6.13,23.17,3.77,0.0,3,3,0,2,2.33,0.0,7,0,100.0
2026-06-04,MFC003,Night,2.0,2.0,0.0,914.89,914.89,5.6,17.97,3.95,0.0,3,3,0,5,0.67,0.0,2,0,100.0
2026-06-04,MFC004,Morning,5.0,4.0,1.0,4706.89,4561.44,5.7,22.32,3.72,0.0,3,3,0,4,1.67,20.0,4,0,100.0
2026-06-04,MFC004,Evening,5.0,5.0,0.0,6453.1,6453.1,7.85,22.54,3.26,0.0,3,3,0,3,1.67,0.0,4,1,80.0
2026-06-04,MFC004,Night,1.0,1.0,0.0,986.69,224.87,7.69,19.84,1.8,0.0,3,2,1,1,0.5,0.0,1,0,100.0
2026-06-04,MFC005,Morning,4.0,4.0,0.0,4350.76,4350.76,8.61,26.59,3.25,0.0,3,2,1,2,2.0,0.0,3,1,75.0
2026-06-04,MFC005,Evening,10.0,9.0,1.0,13005.03,12128.76,8.64,29.44,3.42,2.0,4,4,0,3,2.5,10.0,5,4,55.56
2026-06-04,MFC005,Night,0.0,0.0,0.0,0.0,0.0,,,,0.0,3,3,0,3,0.0,0.0,0,0,0.0
2026-06-04,MFC006,Morning,3.0,3.0,0.0,1867.42,1818.44,6.9,27.68,3.67,1.0,3,3,0,4,1.0,0.0,1,2,33.33
2026-06-04,MFC006,Evening,6.0,6.0,0.0,6904.2,6904.2,6.21,23.38,3.58,0.0,3,3,0,1,2.0,0.0,6,0,100.0
2026-06-04,MFC006,Night,3.0,3.0,0.0,2788.64,2788.64,5.05,21.12,3.9,0.0,3,3,0,0,1.0,0.0,3,0,100.0
2026-06-04,MFC007,Morning,8.0,7.0,1.0,17011.56,16743.33,8.38,22.51,3.69,2.0,3,3,0,0,2.67,12.5,6,1,85.71
2026-06-04,MFC007,Evening,6.0,6.0,0.0,14871.72,14129.63,7.17,27.24,3.12,1.0,3,3,0,3,2.0,0.0,3,3,50.0
2026-06-04,MFC007,Night,3.0,3.0,0.0,1506.46,1506.46,4.58,21.45,3.37,0.0,3,3,0,1,1.0,0.0,3,0,100.0
2026-06-04,MFC008,Morning,4.0,4.0,0.0,6737.35,6737.35,6.3,24.13,3.6,0.0,3,3,0,1,1.33,0.0,3,1,75.0
2026-06-04,MFC008,Evening,10.0,9.0,1.0,11854.42,10154.08,7.12,23.06,3.27,1.0,4,4,0,4,2.5,10.0,9,0,100.0
2026-06-04,MFC008,Night,4.0,4.0,0.0,5601.58,5601.58,5.69,21.15,3.98,0.0,3,3,0,66,1.33,0.0,4,0,100.0
2026-06-04,MFC009,Morning,2.0,2.0,0.0,2461.16,2461.16,9.88,27.45,3.8,0.0,3,2,1,1,1.0,0.0,1,1,50.0
2026-06-04,MFC009,Evening,5.0,4.0,1.0,2967.26,1787.57,3.72,20.94,3.28,1.0,3,3,0,3,1.67,20.0,3,1,75.0
2026-06-04,MFC009,Night,1.0,1.0,0.0,2252.21,2252.21,7.69,23.12,3.0,0.0,3,3,0,0,0.33,0.0,1,0,100.0
2026-06-04,MFC010,Morning,6.0,5.0,1.0,9515.01,9515.01,8.37,25.16,3.76,0.0,3,3,0,3,2.0,16.67,3,2,60.0
2026-06-04,MFC010,Evening,3.0,3.0,0.0,3189.83,3189.83,6.68,21.78,3.73,0.0,3,3,0,2,1.0,0.0,3,0,100.0
2026-06-04,MFC010,Night,0.0,0.0,0.0,0.0,0.0,,,,0.0,3,3,0,3,0.0,0.0,0,0,0.0
2026-06-04,MFC011,Morning,13.0,12.0,1.0,10393.03,8148.8,7.84,26.3,3.11,3.0,4,4,0,0,3.25,7.69,11,1,91.67
2026-06-04,MFC011,Evening,6.0,6.0,0.0,7643.24,7643.24,6.48,24.65,4.02,0.0,3,2,1,1,3.0,0.0,3,3,50.0
2026-06-04,MFC011,Night,3.0,3.0,0.0,4037.13,4037.13,5.49,18.66,4.6,0.0,3,2,1,5,1.5,0.0,3,0,100.0
2026-06-04,MFC012,Morning,5.0,5.0,0.0,4446.42,4446.42,6.51,23.14,3.26,0.0,3,3,0,2,1.67,0.0,5,0,100.0
2026-06-04,MFC012,Evening,7.0,7.0,0.0,9647.15,9647.15,7.2,22.04,3.83,0.0,3,3,0,0,2.33,0.0,6,1,85.71
2026-06-04,MFC012,Night,4.0,4.0,0.0,4722.6,4722.6,4.86,20.29,3.65,0.0,3,3,0,3,1.33,0.0,4,0,100.0
2026-06-04,MFC013,Morning,2.0,2.0,0.0,1650.46,1650.46,4.45,16.88,3.75,0.0,3,3,0,2,0.67,0.0,2,0,100.0
2026-06-04,MFC013,Evening,10.0,10.0,0.0,15196.67,14446.66,8.71,29.18,3.65,1.0,4,4,0,2,2.5,0.0,6,4,60.0
2026-06-04,MFC013,Night,1.0,1.0,0.0,1585.25,1585.25,5.28,22.01,2.9,0.0,3,3,0,4,0.33,0.0,1,0,100.0
2026-06-04,MFC014,Morning,5.0,5.0,0.0,7457.48,7457.48,6.77,22.55,3.82,0.0,3,3,0,4,1.67,0.0,5,0,100.0
2026-06-04,MFC014,Evening,6.0,6.0,0.0,5655.39,5655.39,7.04,23.72,3.72,0.0,3,3,0,2,2.0,0.0,3,3,50.0
2026-06-04,MFC014,Night,0.0,0.0,0.0,0.0,0.0,,,,0.0,3,3,0,1,0.0,0.0,0,0,0.0
2026-06-04,MFC015,Morning,3.0,2.0,1.0,2246.43,2159.79,6.92,22.83,3.83,1.0,3,3,0,3,1.0,33.33,2,0,100.0
2026-06-04,MFC015,Evening,10.0,9.0,1.0,11847.4,10716.98,7.86,24.81,3.55,0.0,4,4,0,3,2.5,10.0,8,1,88.89
2026-06-04,MFC015,Night,2.0,2.0,0.0,2709.71,2709.71,7.26,27.84,4.5,0.0,3,3,0,0,0.67,0.0,2,0,100.0
2026-06-04,MFC016,Morning,8.0,8.0,0.0,13044.59,13044.59,7.12,24.46,3.89,0.0,3,2,1,3,4.0,0.0,7,1,87.5
2026-06-04,MFC016,Evening,9.0,9.0,0.0,9504.7,9504.7,4.82,22.91,3.64,0.0,4,4,0,0,2.25,0.0,7,2,77.78
2026-06-04,MFC016,Night,1.0,1.0,0.0,180.08,180.08,2.0,11.18,4.3,0.0,3,3,0,1,0.33,0.0,1,0,100.0
2026-06-04,MFC017,Morning,9.0,9.0,0.0,12081.52,12081.52,7.6,26.31,3.51,0.0,4,4,0,5,2.25,0.0,6,3,66.67
2026-06-04,MFC017,Evening,12.0,11.0,1.0,16624.21,12546.65,7.18,23.27,3.5,1.0,4,4,0,1,3.0,8.33,11,0,100.0
2026-06-04,MFC017,Night,3.0,3.0,0.0,2774.24,2632.07,6.24,24.35,3.83,1.0,3,3,0,5,1.0,0.0,3,0,100.0
2026-06-04,MFC018,Morning,1.0,1.0,0.0,1566.12,1566.12,9.66,34.31,3.5,0.0,3,3,0,4,0.33,0.0,1,0,100.0
2026-06-04,MFC018,Evening,5.0,5.0,0.0,2645.11,1897.68,4.56,23.74,3.2,0.0,3,3,0,6,1.67,0.0,5,0,100.0
2026-06-04,MFC018,Night,0.0,0.0,0.0,0.0,0.0,,,,0.0,3,3,0,2,0.0,0.0,0,0,0.0
2026-06-05,MFC001,Morning,5.0,4.0,1.0,6459.04,5650.44,6.6,19.5,4.25,1.0,3,2,1,1,2.5,20.0,4,0,100.0
2026-06-05,MFC001,Evening,10.0,7.0,3.0,10443.0,9193.5,7.0,22.81,3.3,2.0,4,3,1,3,3.33,30.0,5,2,71.43
2026-06-05,MFC001,Night,1.0,1.0,0.0,607.33,607.33,6.39,18.23,4.3,0.0,3,3,0,2,0.33,0.0,1,0,100.0
2026-06-05,MFC002,Morning,4.0,4.0,0.0,3102.46,3102.46,7.14,29.58,3.78,0.0,3,3,0,1,1.33,0.0,2,2,50.0
2026-06-05,MFC002,Evening,7.0,7.0,0.0,6347.62,6347.62,7.1,27.99,4.14,0.0,3,3,0,2,2.33,0.0,6,1,85.71
2026-06-05,MFC002,Night,0.0,0.0,0.0,0.0,0.0,,,,0.0,3,3,0,5,0.0,0.0,0,0,0.0
2026-06-05,MFC003,Morning,3.0,3.0,0.0,3593.96,3593.96,7.67,26.84,3.4,0.0,3,3,0,2,1.0,0.0,2,1,66.67
2026-06-05,MFC003,Evening,6.0,5.0,1.0,7114.44,5636.87,6.24,23.67,3.07,2.0,3,3,0,4,2.0,16.67,5,0,100.0
2026-06-05,MFC003,Night,2.0,2.0,0.0,2031.09,2031.09,6.44,20.24,4.2,0.0,3,3,0,0,0.67,0.0,2,0,100.0
2026-06-05,MFC004,Morning,4.0,4.0,0.0,3746.83,3746.83,7.36,25.75,3.62,0.0,3,3,0,1,1.33,0.0,4,0,100.0
2026-06-05,MFC004,Evening,6.0,5.0,1.0,6050.55,5880.57,7.25,23.15,3.72,0.0,3,2,1,0,3.0,16.67,5,0,100.0
2026-06-05,MFC004,Night,0.0,0.0,0.0,0.0,0.0,,,,0.0,3,3,0,0,0.0,0.0,0,0,0.0
2026-06-05,MFC005,Morning,11.0,11.0,0.0,11989.21,11865.06,8.3,25.8,3.8,1.0,4,3,1,0,3.67,0.0,10,1,90.91
2026-06-05,MFC005,Evening,10.0,9.0,1.0,8242.55,7058.28,8.09,28.22,2.99,2.0,4,4,0,0,2.5,10.0,6,3,66.67
2026-06-05,MFC005,Night,2.0,2.0,0.0,2066.29,2066.29,5.28,18.08,3.15,0.0,3,3,0,41,0.67,0.0,2,0,100.0
2026-06-05,MFC006,Morning,7.0,5.0,2.0,6057.48,4185.99,5.86,26.64,2.95,3.0,3,3,0,0,2.33,28.57,5,0,100.0
2026-06-05,MFC006,Evening,6.0,6.0,0.0,6777.75,6777.75,5.66,21.22,3.22,0.0,3,3,0,2,2.0,0.0,6,0,100.0
2026-06-05,MFC006,Night,0.0,0.0,0.0,0.0,0.0,,,,0.0,3,3,0,2,0.0,0.0,0,0,0.0
2026-06-05,MFC007,Morning,6.0,5.0,1.0,2977.71,2317.94,6.23,21.7,3.02,0.0,3,3,0,0,2.0,16.67,4,1,80.0
2026-06-05,MFC007,Evening,6.0,6.0,0.0,14050.54,14050.54,5.51,21.41,3.63,0.0,3,3,0,2,2.0,0.0,6,0,100.0
2026-06-05,MFC007,Night,1.0,1.0,0.0,1410.97,1410.97,5.48,16.3,3.5,0.0,3,3,0,2,0.33,0.0,1,0,100.0
2026-06-05,MFC008,Morning,6.0,6.0,0.0,4141.89,4141.89,6.24,25.04,3.73,0.0,3,3,0,4,2.0,0.0,5,1,83.33
2026-06-05,MFC008,Evening,14.0,12.0,2.0,14706.27,13791.26,6.85,25.07,3.46,1.0,4,3,1,2,4.67,14.29,9,3,75.0
2026-06-05,MFC008,Night,2.0,2.0,0.0,2978.27,2978.27,6.91,22.94,3.05,0.0,3,3,0,1,0.67,0.0,2,0,100.0
2026-06-05,MFC009,Morning,5.0,5.0,0.0,15130.17,15130.17,7.73,28.47,3.34,0.0,3,3,0,3,1.67,0.0,4,1,80.0
2026-06-05,MFC009,Evening,7.0,7.0,0.0,6420.41,6341.36,5.7,20.53,3.3,2.0,3,3,0,1,2.33,0.0,6,1,85.71
2026-06-05,MFC009,Night,0.0,0.0,0.0,0.0,0.0,,,,0.0,3,2,1,5,0.0,0.0,0,0,0.0
2026-06-05,MFC010,Morning,1.0,1.0,0.0,1722.1,1722.1,7.39,20.36,5.0,0.0,3,2,1,3,0.5,0.0,1,0,100.0
2026-06-05,MFC010,Evening,0.0,0.0,0.0,0.0,0.0,,,,0.0,3,3,0,2,0.0,0.0,0,0,0.0
2026-06-05,MFC010,Night,0.0,0.0,0.0,0.0,0.0,,,,0.0,3,3,0,3,0.0,0.0,0,0,0.0
2026-06-05,MFC011,Morning,9.0,8.0,1.0,9843.55,8335.37,8.25,26.49,3.41,1.0,4,4,0,5,2.25,11.11,5,3,62.5
2026-06-05,MFC011,Evening,11.0,11.0,0.0,12325.6,12325.6,6.69,22.19,3.62,0.0,4,4,0,2,2.75,0.0,10,1,90.91
2026-06-05,MFC011,Night,2.0,2.0,0.0,1000.9,1000.9,8.43,22.4,4.05,0.0,3,3,0,3,0.67,0.0,1,1,50.0
2026-06-05,MFC012,Morning,6.0,6.0,0.0,7018.51,6899.43,9.32,28.2,3.7,1.0,3,3,0,3,2.0,0.0,3,3,50.0
2026-06-05,MFC012,Evening,6.0,5.0,0.0,4239.76,3501.3,5.3,21.16,3.12,2.0,3,3,0,5,2.0,0.0,5,0,100.0
2026-06-05,MFC012,Night,0.0,0.0,0.0,0.0,0.0,,,,0.0,3,3,0,6,0.0,0.0,0,0,0.0
2026-06-05,MFC013,Morning,8.0,8.0,0.0,7764.95,7473.05,6.63,26.28,3.71,1.0,3,3,0,2,2.67,0.0,7,1,87.5
2026-06-05,MFC013,Evening,16.0,16.0,0.0,18386.48,18263.67,6.51,25.96,3.44,1.0,4,4,0,4,4.0,0.0,12,4,75.0
2026-06-05,MFC013,Night,2.0,2.0,0.0,6536.06,6536.06,8.26,27.62,3.95,0.0,3,2,1,2,1.0,0.0,2,0,100.0
2026-06-05,MFC014,Morning,10.0,10.0,0.0,8178.46,7933.68,6.56,25.48,3.6,1.0,4,4,0,2,2.5,0.0,7,3,70.0
2026-06-05,MFC014,Evening,11.0,11.0,0.0,10542.11,10112.84,5.81,25.13,3.46,2.0,4,3,1,3,3.67,0.0,10,1,90.91
2026-06-05,MFC014,Night,1.0,1.0,0.0,1061.89,1061.89,2.21,23.5,3.6,0.0,3,3,0,2,0.33,0.0,1,0,100.0
2026-06-05,MFC015,Morning,9.0,8.0,1.0,7055.83,6004.78,8.09,26.49,3.3,1.0,4,4,0,1,2.25,11.11,5,3,62.5
2026-06-05,MFC015,Evening,7.0,7.0,0.0,6266.24,6179.68,8.52,31.56,3.29,1.0,3,3,0,3,2.33,0.0,4,3,57.14
2026-06-05,MFC015,Night,0.0,0.0,0.0,0.0,0.0,,,,0.0,3,2,1,3,0.0,0.0,0,0,0.0
2026-06-05,MFC016,Morning,5.0,4.0,1.0,2673.59,2458.73,4.0,18.68,3.72,0.0,3,3,0,22,1.67,20.0,4,0,100.0
2026-06-05,MFC016,Evening,12.0,12.0,0.0,9768.77,9768.77,6.1,24.61,3.5,0.0,4,4,0,3,3.0,0.0,8,4,66.67
2026-06-05,MFC016,Night,2.0,2.0,0.0,1370.86,1370.86,4.23,16.6,3.7,0.0,3,3,0,1,0.67,0.0,2,0,100.0
2026-06-05,MFC017,Morning,5.0,5.0,0.0,6021.73,4803.32,7.77,26.97,3.58,1.0,3,3,0,3,1.67,0.0,4,1,80.0
2026-06-05,MFC017,Evening,6.0,6.0,0.0,10076.54,10076.54,7.63,26.01,3.65,0.0,3,3,0,0,2.0,0.0,4,2,66.67
2026-06-05,MFC017,Night,2.0,2.0,0.0,2018.95,2018.95,5.78,20.78,3.45,0.0,3,3,0,1,0.67,0.0,2,0,100.0
2026-06-05,MFC018,Morning,4.0,2.0,2.0,3839.61,1657.91,8.93,24.18,3.5,0.0,3,2,1,3,2.0,50.0,1,1,50.0
2026-06-05,MFC018,Evening,5.0,5.0,0.0,2180.99,2104.54,5.16,20.83,3.6,1.0,3,3,0,2,1.67,0.0,5,0,100.0
2026-06-05,MFC018,Night,1.0,1.0,0.0,3458.03,3458.03,11.41,28.78,3.6,0.0,3,3,0,5,0.33,0.0,0,1,0.0
2026-06-06,MFC001,Morning,5.0,3.0,1.0,5053.4,3889.65,8.32,26.2,3.93,0.0,3,3,0,3,1.67,20.0,3,0,100.0
2026-06-06,MFC001,Evening,8.0,8.0,0.0,11065.15,10999.65,7.22,25.88,3.32,1.0,3,3,0,1,2.67,0.0,6,2,75.0
2026-06-06,MFC001,Night,2.0,2.0,0.0,1894.04,1894.04,5.56,18.24,3.4,0.0,3,3,0,0,0.67,0.0,2,0,100.0
2026-06-06,MFC002,Morning,2.0,2.0,0.0,3666.23,3666.23,7.48,19.23,3.8,0.0,3,3,0,5,0.67,0.0,2,0,100.0
2026-06-06,MFC002,Evening,4.0,1.0,3.0,2718.8,1354.1,3.63,19.71,3.45,1.0,3,3,0,1,1.33,75.0,1,0,100.0
2026-06-06,MFC002,Night,0.0,0.0,0.0,0.0,0.0,,,,0.0,3,3,0,0,0.0,0.0,0,0,0.0
2026-06-06,MFC003,Morning,6.0,6.0,0.0,10079.13,7647.93,6.05,27.16,3.62,0.0,3,3,0,3,2.0,0.0,5,1,83.33
2026-06-06,MFC003,Evening,11.0,11.0,0.0,14985.55,14798.37,6.23,26.54,3.47,1.0,4,4,0,3,2.75,0.0,8,3,72.73
2026-06-06,MFC003,Night,1.0,1.0,0.0,300.62,300.62,6.17,19.32,3.3,0.0,3,3,0,3,0.33,0.0,1,0,100.0
2026-06-06,MFC004,Morning,4.0,4.0,0.0,3709.61,3511.64,9.94,25.33,3.5,1.0,3,2,1,6,2.0,0.0,3,1,75.0
2026-06-06,MFC004,Evening,13.0,13.0,0.0,17577.04,17274.7,8.54,25.3,3.65,2.0,4,4,0,2,3.25,0.0,10,3,76.92
2026-06-06,MFC004,Night,0.0,0.0,0.0,0.0,0.0,,,,0.0,3,3,0,3,0.0,0.0,0,0,0.0
2026-06-06,MFC005,Morning,9.0,9.0,0.0,7404.0,7404.0,7.94,24.22,3.69,0.0,4,4,0,3,2.25,0.0,7,2,77.78
2026-06-06,MFC005,Evening,8.0,8.0,0.0,7593.78,7494.08,8.01,25.93,3.52,1.0,3,3,0,4,2.67,0.0,5,3,62.5
2026-06-06,MFC005,Night,4.0,2.0,1.0,4547.26,4547.26,7.22,24.48,3.43,0.0,3,2,1,2,2.0,25.0,2,0,100.0
2026-06-06,MFC006,Morning,8.0,8.0,0.0,6301.35,5037.8,7.46,24.13,3.38,1.0,3,3,0,3,2.67,0.0,5,3,62.5
2026-06-06,MFC006,Evening,6.0,4.0,1.0,6217.74,5764.54,6.15,23.15,3.42,0.0,3,3,0,1,2.0,16.67,4,0,100.0
2026-06-06,MFC006,Night,2.0,2.0,0.0,4974.75,4974.75,7.75,20.11,3.45,0.0,3,2,1,2,1.0,0.0,2,0,100.0
2026-06-06,MFC007,Morning,5.0,5.0,0.0,13033.72,13033.72,9.43,25.64,3.9,0.0,3,2,1,6,2.5,0.0,4,1,80.0
2026-06-06,MFC007,Evening,6.0,6.0,0.0,5433.64,5433.64,6.25,25.07,3.73,0.0,3,3,0,1,2.0,0.0,5,1,83.33
2026-06-06,MFC007,Night,4.0,4.0,0.0,4101.14,4101.14,5.94,23.22,3.72,0.0,3,3,0,2,1.33,0.0,3,1,75.0
2026-06-06,MFC008,Morning,7.0,6.0,1.0,9133.94,8470.16,5.59,20.05,3.5,2.0,3,3,0,0,2.33,14.29,5,1,83.33
2026-06-06,MFC008,Evening,9.0,8.0,1.0,7677.83,5523.78,5.9,25.58,3.21,3.0,4,4,0,0,2.25,11.11,6,2,75.0
2026-06-06,MFC008,Night,1.0,1.0,0.0,470.25,470.25,5.93,23.42,2.8,0.0,3,3,0,4,0.33,0.0,1,0,100.0
2026-06-06,MFC009,Morning,4.0,3.0,1.0,4610.76,2967.43,8.47,26.55,3.6,0.0,3,3,0,2,1.33,25.0,2,1,66.67
2026-06-06,MFC009,Evening,8.0,8.0,0.0,4150.57,3886.62,5.26,23.9,3.78,4.0,3,2,1,1,4.0,0.0,8,0,100.0
2026-06-06,MFC009,Night,1.0,1.0,0.0,1898.29,1898.29,7.69,30.54,3.8,0.0,3,3,0,4,0.33,0.0,1,0,100.0
2026-06-06,MFC010,Morning,9.0,9.0,0.0,9723.29,9395.59,6.77,24.66,3.48,2.0,4,4,0,4,2.25,0.0,8,1,88.89
2026-06-06,MFC010,Evening,10.0,10.0,0.0,7859.77,7233.01,7.03,25.36,3.7,3.0,4,4,0,2,2.5,0.0,9,1,90.0
2026-06-06,MFC010,Night,1.0,1.0,0.0,965.68,965.68,7.92,30.57,3.7,0.0,3,2,1,3,0.5,0.0,1,0,100.0
2026-06-06,MFC011,Morning,11.0,10.0,1.0,10703.05,8972.78,6.04,23.91,3.31,0.0,4,3,1,2,3.67,9.09,10,0,100.0
2026-06-06,MFC011,Evening,10.0,9.0,1.0,13862.6,5254.88,6.97,25.3,3.37,1.0,4,4,0,5,2.5,10.0,7,2,77.78
2026-06-06,MFC011,Night,3.0,3.0,0.0,2497.76,2497.76,6.0,21.83,3.03,0.0,3,3,0,3,1.0,0.0,3,0,100.0
2026-06-06,MFC012,Morning,5.0,5.0,0.0,8699.42,8699.42,10.19,26.0,3.64,0.0,3,3,0,1,1.67,0.0,4,1,80.0
2026-06-06,MFC012,Evening,5.0,5.0,0.0,3702.56,3245.52,7.67,28.16,3.02,1.0,3,3,0,5,1.67,0.0,3,2,60.0
2026-06-06,MFC012,Night,0.0,0.0,0.0,0.0,0.0,,,,0.0,3,3,0,2,0.0,0.0,0,0,0.0
2026-06-06,MFC013,Morning,2.0,2.0,0.0,1242.62,1242.62,5.4,26.26,3.5,0.0,3,3,0,5,0.67,0.0,2,0,100.0
2026-06-06,MFC013,Evening,6.0,6.0,0.0,5247.54,5075.54,7.11,24.3,3.63,1.0,3,3,0,2,2.0,0.0,5,1,83.33
2026-06-06,MFC013,Night,1.0,1.0,0.0,1160.03,1160.03,6.5,18.75,3.6,0.0,3,3,0,4,0.33,0.0,1,0,100.0
2026-06-06,MFC014,Morning,7.0,6.0,0.0,7417.04,7093.19,7.64,25.5,3.48,2.0,3,3,0,0,2.33,0.0,4,2,66.67
2026-06-06,MFC014,Evening,4.0,3.0,1.0,2797.68,2364.32,5.68,23.42,3.73,0.0,3,3,0,3,1.33,25.0,3,0,100.0
2026-06-06,MFC014,Night,1.0,1.0,0.0,677.09,564.24,5.06,28.74,2.5,1.0,3,3,0,1,0.33,0.0,1,0,100.0
2026-06-06,MFC015,Morning,9.0,7.0,2.0,9369.57,4565.75,8.45,25.65,3.26,4.0,4,3,1,0,3.0,22.22,6,1,85.71
2026-06-06,MFC015,Evening,8.0,7.0,1.0,7621.01,6426.66,8.4,25.46,3.61,2.0,3,3,0,4,2.67,12.5,5,2,71.43
2026-06-06,MFC015,Night,1.0,1.0,0.0,2164.27,2164.27,6.39,30.23,3.3,0.0,3,3,0,3,0.33,0.0,1,0,100.0
2026-06-06,MFC016,Morning,8.0,8.0,0.0,6767.58,6767.58,4.98,22.0,3.89,0.0,3,3,0,63,2.67,0.0,7,1,87.5
2026-06-06,MFC016,Evening,8.0,8.0,0.0,12167.53,11954.39,9.29,25.94,3.29,2.0,3,3,0,1,2.67,0.0,6,2,75.0
2026-06-06,MFC016,Night,0.0,0.0,0.0,0.0,0.0,,,,0.0,3,3,0,5,0.0,0.0,0,0,0.0
2026-06-06,MFC017,Morning,8.0,7.0,1.0,12179.68,10348.82,7.46,30.19,3.69,1.0,3,2,1,1,4.0,12.5,5,2,71.43
2026-06-06,MFC017,Evening,7.0,7.0,0.0,6472.67,5744.86,9.85,29.58,3.63,4.0,3,3,0,2,2.33,0.0,4,3,57.14
2026-06-06,MFC017,Night,2.0,2.0,0.0,2691.87,2442.95,7.73,27.71,3.55,1.0,3,3,0,4,0.67,0.0,2,0,100.0
2026-06-06,MFC018,Morning,7.0,6.0,1.0,6400.1,4927.79,8.95,23.65,3.35,1.0,3,3,0,4,2.33,14.29,5,1,83.33
2026-06-06,MFC018,Evening,5.0,4.0,1.0,7211.99,2681.25,6.21,27.02,4.03,1.0,3,3,0,2,1.67,20.0,3,1,75.0
2026-06-06,MFC018,Night,2.0,2.0,0.0,3365.34,3365.34,4.74,16.76,3.85,0.0,3,3,0,1,0.67,0.0,2,0,100.0
2026-06-07,MFC001,Morning,7.0,7.0,0.0,7604.68,7463.44,7.95,26.57,3.7,1.0,3,3,0,2,2.33,0.0,7,0,100.0
2026-06-07,MFC001,Evening,13.0,13.0,0.0,15621.38,14421.93,8.1,27.2,3.21,3.0,4,4,0,5,3.25,0.0,11,2,84.62
2026-06-07,MFC001,Night,0.0,0.0,0.0,0.0,0.0,,,,0.0,3,3,0,2,0.0,0.0,0,0,0.0
2026-06-07,MFC002,Morning,3.0,3.0,0.0,7982.22,7982.22,7.09,25.32,3.9,0.0,3,3,0,74,1.0,0.0,2,1,66.67
2026-06-07,MFC002,Evening,4.0,4.0,0.0,3226.85,3031.23,7.38,26.0,4.07,1.0,3,2,1,5,2.0,0.0,4,0,100.0
2026-06-07,MFC002,Night,1.0,1.0,0.0,868.35,868.35,4.57,15.88,3.6,0.0,3,2,1,2,0.5,0.0,1,0,100.0
2026-06-07,MFC003,Morning,13.0,13.0,0.0,11887.98,11816.66,7.28,24.09,3.52,1.0,4,3,1,0,4.33,0.0,9,4,69.23
2026-06-07,MFC003,Evening,10.0,10.0,0.0,7749.59,7749.59,6.92,25.38,3.57,0.0,4,3,1,5,3.33,0.0,8,2,80.0
2026-06-07,MFC003,Night,0.0,0.0,0.0,0.0,0.0,,,,0.0,3,3,0,2,0.0,0.0,0,0,0.0
2026-06-07,MFC004,Morning,4.0,4.0,0.0,2533.81,2025.79,5.24,23.61,3.48,2.0,3,3,0,1,1.33,0.0,3,1,75.0
2026-06-07,MFC004,Evening,7.0,6.0,1.0,7466.58,6566.0,10.0,25.0,3.61,0.0,3,3,0,6,2.33,14.29,4,2,66.67
2026-06-07,MFC004,Night,2.0,2.0,0.0,1248.86,1248.86,5.44,30.82,3.85,0.0,3,3,0,1,0.67,0.0,1,1,50.0
2026-06-07,MFC005,Morning,9.0,9.0,0.0,10135.04,8660.09,9.69,24.34,3.26,5.0,4,4,0,3,2.25,0.0,6,3,66.67
2026-06-07,MFC005,Evening,13.0,12.0,1.0,15564.77,15087.42,9.83,26.64,3.39,3.0,4,3,1,2,4.33,7.69,9,3,75.0
2026-06-07,MFC005,Night,1.0,1.0,0.0,756.73,504.49,10.38,34.79,2.7,1.0,3,2,1,0,0.5,0.0,1,0,100.0
2026-06-07,MFC006,Morning,5.0,5.0,0.0,6284.71,6284.71,8.62,31.97,3.52,0.0,3,3,0,5,1.67,0.0,5,0,100.0
2026-06-07,MFC006,Evening,7.0,6.0,1.0,4951.05,3612.68,8.18,25.38,3.3,1.0,3,3,0,1,2.33,14.29,5,1,83.33
2026-06-07,MFC006,Night,1.0,1.0,0.0,457.82,457.82,2.2,24.85,3.1,0.0,3,2,1,1,0.5,0.0,1,0,100.0
2026-06-07,MFC007,Morning,6.0,6.0,0.0,5854.46,5534.03,9.67,30.11,3.72,1.0,3,3,0,2,2.0,0.0,3,3,50.0
2026-06-07,MFC007,Evening,11.0,10.0,1.0,13980.62,11625.65,6.63,24.16,3.34,2.0,4,4,0,3,2.75,9.09,10,0,100.0
2026-06-07,MFC007,Night,1.0,1.0,0.0,2898.57,2898.57,12.39,32.62,3.9,0.0,3,3,0,0,0.33,0.0,0,1,0.0
2026-06-07,MFC008,Morning,10.0,9.0,1.0,11690.79,9303.82,6.79,23.82,3.26,3.0,4,4,0,2,2.5,10.0,8,1,88.89
2026-06-07,MFC008,Evening,11.0,10.0,1.0,16107.3,14452.04,6.0,24.54,3.23,2.0,4,3,1,3,3.67,9.09,9,1,90.0
2026-06-07,MFC008,Night,2.0,2.0,0.0,235.4,235.4,4.78,28.08,3.2,0.0,3,3,0,6,0.67,0.0,1,1,50.0
2026-06-07,MFC009,Morning,3.0,1.0,2.0,2412.05,385.77,2.0,15.93,3.53,1.0,3,3,0,2,1.0,66.67,1,0,100.0
2026-06-07,MFC009,Evening,4.0,4.0,0.0,2177.39,1988.27,5.26,26.26,2.7,1.0,3,3,0,3,1.33,0.0,4,0,100.0
2026-06-07,MFC009,Night,1.0,1.0,0.0,912.43,912.43,3.25,16.47,3.5,0.0,3,3,0,2,0.33,0.0,1,0,100.0
2026-06-07,MFC010,Morning,2.0,1.0,1.0,1052.17,1052.17,8.51,21.71,3.4,0.0,3,2,1,32,1.0,50.0,1,0,100.0
2026-06-07,MFC010,Evening,3.0,3.0,0.0,824.53,824.53,6.02,30.75,2.97,0.0,3,3,0,6,1.0,0.0,2,1,66.67
2026-06-07,MFC010,Night,0.0,0.0,0.0,0.0,0.0,,,,0.0,3,3,0,0,0.0,0.0,0,0,0.0
2026-06-07,MFC011,Morning,3.0,3.0,0.0,5258.57,4994.9,9.74,28.96,3.27,1.0,3,3,0,5,1.0,0.0,3,0,100.0
2026-06-07,MFC011,Evening,9.0,8.0,1.0,7949.89,7552.41,6.09,22.2,3.7,0.0,4,4,0,4,2.25,11.11,8,0,100.0
2026-06-07,MFC011,Night,0.0,0.0,0.0,0.0,0.0,,,,0.0,3,3,0,2,0.0,0.0,0,0,0.0
2026-06-07,MFC012,Morning,5.0,5.0,0.0,6097.37,5737.32,9.02,23.55,3.88,1.0,3,3,0,3,1.67,0.0,4,1,80.0
2026-06-07,MFC012,Evening,8.0,8.0,0.0,8544.43,7979.98,6.92,26.8,3.61,2.0,3,3,0,3,2.67,0.0,5,3,62.5
2026-06-07,MFC012,Night,5.0,5.0,0.0,5841.17,5651.16,8.25,23.7,3.32,1.0,3,3,0,3,1.67,0.0,4,1,80.0
2026-06-07,MFC013,Morning,10.0,10.0,0.0,7047.07,6606.1,6.53,20.91,3.61,3.0,4,4,0,3,2.5,0.0,9,1,90.0
2026-06-07,MFC013,Evening,10.0,10.0,0.0,9476.47,9476.47,6.69,23.41,3.66,0.0,4,4,0,2,2.5,0.0,10,0,100.0
2026-06-07,MFC013,Night,2.0,2.0,0.0,1050.53,1050.53,4.73,25.88,3.95,0.0,3,3,0,3,0.67,0.0,2,0,100.0
2026-06-07,MFC014,Morning,4.0,4.0,0.0,3775.36,3775.36,4.34,23.02,4.0,0.0,3,2,1,1,2.0,0.0,4,0,100.0
2026-06-07,MFC014,Evening,10.0,9.0,1.0,11780.04,10529.78,6.75,22.06,3.64,1.0,4,4,0,3,2.5,10.0,8,1,88.89
2026-06-07,MFC014,Night,3.0,3.0,0.0,4401.5,4401.5,6.48,25.83,3.93,0.0,3,3,0,1,1.0,0.0,3,0,100.0
2026-06-07,MFC015,Morning,14.0,14.0,0.0,10311.41,9327.47,6.11,21.79,3.56,0.0,4,4,0,2,3.5,0.0,13,1,92.86
2026-06-07,MFC015,Evening,10.0,10.0,0.0,8545.72,8490.07,7.56,23.18,3.7,1.0,4,4,0,2,2.5,0.0,8,2,80.0
2026-06-07,MFC015,Night,0.0,0.0,0.0,0.0,0.0,,,,0.0,3,2,1,4,0.0,0.0,0,0,0.0
2026-06-07,MFC016,Morning,5.0,5.0,0.0,4210.17,4002.68,6.2,25.62,3.8,2.0,3,3,0,3,1.67,0.0,3,2,60.0
2026-06-07,MFC016,Evening,16.0,14.0,2.0,16470.36,14515.82,6.88,25.19,3.7,1.0,4,4,0,5,4.0,12.5,11,3,78.57
2026-06-07,MFC016,Night,4.0,4.0,0.0,9165.05,9165.05,7.46,20.92,3.48,0.0,3,3,0,3,1.33,0.0,3,1,75.0
2026-06-07,MFC017,Morning,9.0,8.0,1.0,11949.91,9641.1,7.17,27.56,3.31,3.0,4,4,0,2,2.25,11.11,4,4,50.0
2026-06-07,MFC017,Evening,9.0,9.0,0.0,8819.76,7599.21,6.63,27.58,3.08,1.0,4,4,0,1,2.25,0.0,7,2,77.78
2026-06-07,MFC017,Night,4.0,3.0,1.0,5106.91,4310.26,7.98,21.97,3.85,1.0,3,3,0,58,1.33,25.0,3,0,100.0
2026-06-07,MFC018,Morning,4.0,3.0,1.0,6343.21,5039.26,7.38,25.59,3.7,1.0,3,3,0,2,1.33,25.0,2,1,66.67
2026-06-07,MFC018,Evening,7.0,7.0,0.0,9463.46,9131.22,9.79,29.16,3.31,2.0,3,2,1,5,3.5,0.0,4,3,57.14
2026-06-07,MFC018,Night,1.0,1.0,0.0,1173.75,1173.75,6.1,16.37,4.0,0.0,3,2,1,3,0.5,0.0,1,0,100.0
2026-06-08,MFC001,Morning,4.0,4.0,0.0,10307.83,10307.83,8.98,25.94,3.82,0.0,3,3,0,3,1.33,0.0,2,2,50.0
2026-06-08,MFC001,Evening,6.0,6.0,0.0,6703.56,6530.03,8.3,26.13,3.38,1.0,3,3,0,2,2.0,0.0,4,2,66.67
2026-06-08,MFC001,Night,0.0,0.0,0.0,0.0,0.0,,,,0.0,3,3,0,1,0.0,0.0,0,0,0.0
2026-06-08,MFC002,Morning,3.0,3.0,0.0,2706.15,2706.15,7.76,27.1,3.97,0.0,3,2,1,2,1.5,0.0,3,0,100.0
2026-06-08,MFC002,Evening,7.0,7.0,0.0,8388.08,8388.08,9.53,27.26,4.04,0.0,3,3,0,4,2.33,0.0,4,3,57.14
2026-06-08,MFC002,Night,0.0,0.0,0.0,0.0,0.0,,,,0.0,3,3,0,2,0.0,0.0,0,0,0.0
2026-06-08,MFC003,Morning,2.0,2.0,0.0,3229.38,3057.91,10.26,26.44,3.25,1.0,3,3,0,1,0.67,0.0,2,0,100.0
2026-06-08,MFC003,Evening,7.0,6.0,0.0,8301.81,7925.06,8.9,27.0,3.47,2.0,3,2,1,2,3.5,0.0,4,2,66.67
2026-06-08,MFC003,Night,0.0,0.0,0.0,0.0,0.0,,,,0.0,3,3,0,0,0.0,0.0,0,0,0.0
2026-06-08,MFC004,Morning,8.0,8.0,0.0,18389.74,18389.74,11.27,31.01,3.58,0.0,3,2,1,2,4.0,0.0,5,3,62.5
2026-06-08,MFC004,Evening,7.0,7.0,0.0,6362.32,5569.35,8.25,21.88,3.51,2.0,3,3,0,3,2.33,0.0,6,1,85.71
2026-06-08,MFC004,Night,2.0,2.0,0.0,1957.47,1873.03,9.48,23.49,3.15,1.0,3,3,0,3,0.67,0.0,1,1,50.0
2026-06-08,MFC005,Morning,1.0,1.0,0.0,1263.6,1263.6,14.56,36.04,3.7,0.0,3,3,0,2,0.33,0.0,0,1,0.0
2026-06-08,MFC005,Evening,13.0,12.0,1.0,16515.4,14799.84,10.51,30.29,3.33,4.0,4,4,0,6,3.25,7.69,7,5,58.33
2026-06-08,MFC005,Night,0.0,0.0,0.0,0.0,0.0,,,,0.0,3,3,0,2,0.0,0.0,0,0,0.0
2026-06-08,MFC006,Morning,2.0,2.0,0.0,8340.46,8340.46,10.32,26.36,3.7,0.0,3,3,0,1,0.67,0.0,1,1,50.0
2026-06-08,MFC006,Evening,12.0,11.0,1.0,16527.33,15468.56,8.38,28.79,3.46,2.0,4,4,0,8,3.0,8.33,7,4,63.64
2026-06-08,MFC006,Night,2.0,2.0,0.0,2333.75,2333.75,7.73,23.45,3.4,0.0,3,3,0,2,0.67,0.0,2,0,100.0
2026-06-08,MFC007,Morning,4.0,4.0,0.0,3721.59,3530.08,6.28,20.76,2.95,1.0,3,3,0,2,1.33,0.0,4,0,100.0
2026-06-08,MFC007,Evening,10.0,9.0,1.0,11100.42,8718.03,8.24,24.97,3.76,2.0,4,4,0,1,2.5,10.0,5,4,55.56
2026-06-08,MFC007,Night,2.0,2.0,0.0,1384.84,1384.84,7.7,21.82,4.1,0.0,3,3,0,2,0.67,0.0,2,0,100.0
2026-06-08,MFC008,Morning,7.0,7.0,0.0,3964.61,3964.61,5.57,26.4,3.53,0.0,3,3,0,5,2.33,0.0,6,1,85.71
2026-06-08,MFC008,Evening,10.0,9.0,0.0,6974.04,6974.04,4.12,20.56,3.62,1.0,4,4,0,4,2.5,0.0,9,0,100.0
2026-06-08,MFC008,Night,2.0,2.0,0.0,5363.24,5363.24,4.34,20.0,4.6,0.0,3,3,0,2,0.67,0.0,2,0,100.0
2026-06-08,MFC009,Morning,1.0,1.0,0.0,132.82,132.82,3.05,21.01,4.1,0.0,3,3,0,4,0.33,0.0,1,0,100.0
2026-06-08,MFC009,Evening,10.0,10.0,0.0,14765.02,14765.02,8.62,25.44,3.62,0.0,4,4,0,4,2.5,0.0,8,2,80.0
2026-06-08,MFC009,Night,0.0,0.0,0.0,0.0,0.0,,,,0.0,3,3,0,4,0.0,0.0,0,0,0.0
2026-06-08,MFC010,Morning,1.0,1.0,0.0,1000.63,800.5,5.48,17.82,2.9,1.0,3,3,0,4,0.33,0.0,1,0,100.0
2026-06-08,MFC010,Evening,2.0,2.0,0.0,3244.51,3149.14,11.64,28.86,3.25,1.0,3,2,1,1,1.0,0.0,1,1,50.0
2026-06-08,MFC010,Night,3.0,3.0,0.0,4172.36,4172.36,7.46,21.34,4.17,0.0,3,3,0,71,1.0,0.0,2,1,66.67
2026-06-08,MFC011,Morning,7.0,6.0,1.0,8415.69,8415.69,7.95,23.73,3.61,0.0,3,3,0,6,2.33,14.29,5,1,83.33
2026-06-08,MFC011,Evening,11.0,11.0,0.0,19698.25,19187.39,8.39,27.28,3.78,1.0,4,4,0,0,2.75,0.0,7,4,63.64
2026-06-08,MFC011,Night,0.0,0.0,0.0,0.0,0.0,,,,0.0,3,2,1,2,0.0,0.0,0,0,0.0
2026-06-08,MFC012,Morning,5.0,4.0,1.0,7341.57,7082.72,8.12,23.01,3.08,0.0,3,2,1,2,2.5,20.0,3,1,75.0
2026-06-08,MFC012,Evening,3.0,3.0,0.0,4305.54,4305.54,7.33,28.49,4.27,0.0,3,3,0,3,1.0,0.0,2,1,66.67
2026-06-08,MFC012,Night,0.0,0.0,0.0,0.0,0.0,,,,0.0,3,2,1,5,0.0,0.0,0,0,0.0
2026-06-08,MFC013,Morning,3.0,3.0,0.0,3229.44,3229.44,5.85,23.88,3.7,0.0,3,3,0,5,1.0,0.0,2,1,66.67
2026-06-08,MFC013,Evening,8.0,8.0,0.0,8757.7,8757.7,5.89,21.49,3.71,0.0,3,3,0,2,2.67,0.0,7,1,87.5
2026-06-08,MFC013,Night,0.0,0.0,0.0,0.0,0.0,,,,0.0,3,2,1,0,0.0,0.0,0,0,0.0
2026-06-08,MFC014,Morning,3.0,3.0,0.0,2349.14,2034.59,7.23,22.25,3.07,1.0,3,3,0,2,1.0,0.0,3,0,100.0
2026-06-08,MFC014,Evening,7.0,7.0,0.0,6045.18,5917.63,6.23,26.07,3.33,1.0,3,3,0,0,2.33,0.0,7,0,100.0
2026-06-08,MFC014,Night,2.0,2.0,0.0,2550.85,2550.85,6.76,24.02,4.25,0.0,3,3,0,1,0.67,0.0,2,0,100.0
2026-06-08,MFC015,Morning,6.0,6.0,0.0,4301.91,4301.91,6.8,22.4,3.7,0.0,3,3,0,4,2.0,0.0,4,2,66.67
2026-06-08,MFC015,Evening,13.0,12.0,1.0,16194.49,15614.94,9.31,26.97,3.68,0.0,4,4,0,2,3.25,7.69,10,2,83.33
2026-06-08,MFC015,Night,2.0,2.0,0.0,5610.17,5610.17,8.34,24.18,4.45,0.0,3,3,0,1,0.67,0.0,1,1,50.0
2026-06-08,MFC016,Morning,8.0,8.0,0.0,3892.84,3746.81,5.49,21.63,3.62,1.0,3,3,0,1,2.67,0.0,8,0,100.0
2026-06-08,MFC016,Evening,15.0,14.0,1.0,15748.48,13661.38,6.01,24.55,3.83,2.0,4,4,0,3,3.75,6.67,12,2,85.71
2026-06-08,MFC016,Night,0.0,0.0,0.0,0.0,0.0,,,,0.0,3,2,1,2,0.0,0.0,0,0,0.0
2026-06-08,MFC017,Morning,3.0,3.0,0.0,1884.02,1591.29,8.48,27.2,3.37,2.0,3,3,0,4,1.0,0.0,2,1,66.67
2026-06-08,MFC017,Evening,8.0,8.0,0.0,10238.33,9816.39,9.33,25.45,3.66,0.0,3,3,0,2,2.67,0.0,4,4,50.0
2026-06-08,MFC017,Night,3.0,3.0,0.0,2458.7,2458.7,5.43,20.85,3.63,0.0,3,3,0,3,1.0,0.0,3,0,100.0
2026-06-08,MFC018,Morning,6.0,5.0,1.0,5090.25,4063.4,6.89,20.57,3.32,0.0,3,3,0,3,2.0,16.67,4,1,80.0
2026-06-08,MFC018,Evening,6.0,6.0,0.0,9234.68,8816.0,7.1,27.77,3.47,2.0,3,3,0,2,2.0,0.0,4,2,66.67
2026-06-08,MFC018,Night,1.0,1.0,0.0,546.41,546.41,6.45,27.78,3.4,0.0,3,3,0,68,0.33,0.0,1,0,100.0
2026-06-09,MFC001,Morning,5.0,5.0,0.0,8608.37,8608.37,7.97,29.15,3.52,0.0,3,2,1,4,2.5,0.0,2,3,40.0
2026-06-09,MFC001,Evening,11.0,11.0,0.0,8605.78,8605.78,4.91,21.43,3.88,0.0,4,4,0,3,2.75,0.0,9,2,81.82
2026-06-09,MFC001,Night,3.0,3.0,0.0,4914.4,4914.4,4.98,21.98,3.43,0.0,3,3,0,4,1.0,0.0,3,0,100.0
2026-06-09,MFC002,Morning,2.0,2.0,0.0,605.55,605.55,4.61,16.4,2.65,0.0,3,3,0,3,0.67,0.0,2,0,100.0
2026-06-09,MFC002,Evening,5.0,4.0,1.0,10633.0,10318.72,7.43,23.12,3.35,3.0,3,3,0,1,1.67,20.0,4,0,100.0
2026-06-09,MFC002,Night,2.0,2.0,0.0,1023.06,1023.06,4.44,22.36,3.5,0.0,3,3,0,5,0.67,0.0,2,0,100.0
2026-06-09,MFC003,Morning,6.0,6.0,0.0,6010.74,6010.74,6.35,25.1,3.45,0.0,3,2,1,1,3.0,0.0,5,1,83.33
2026-06-09,MFC003,Evening,10.0,9.0,1.0,11062.88,7069.99,5.85,23.46,3.63,0.0,4,4,0,2,2.5,10.0,8,1,88.89
2026-06-09,MFC003,Night,3.0,3.0,0.0,4849.94,4512.07,6.27,24.19,3.2,2.0,3,3,0,0,1.0,0.0,3,0,100.0
2026-06-09,MFC004,Morning,5.0,5.0,0.0,11070.54,10901.07,8.86,23.01,3.5,1.0,3,3,0,2,1.67,0.0,4,1,80.0
2026-06-09,MFC004,Evening,3.0,2.0,1.0,1181.47,791.32,4.39,19.25,2.9,0.0,3,3,0,3,1.0,33.33,2,0,100.0
2026-06-09,MFC004,Night,2.0,2.0,0.0,2625.31,2625.31,9.82,23.8,4.15,0.0,3,3,0,2,0.67,0.0,1,1,50.0
2026-06-09,MFC005,Morning,10.0,9.0,1.0,16701.12,16558.16,9.11,27.31,3.54,0.0,4,4,0,3,2.5,10.0,7,2,77.78
2026-06-09,MFC005,Evening,7.0,7.0,0.0,10422.25,10422.25,8.2,27.67,3.47,0.0,3,3,0,2,2.33,0.0,5,2,71.43
2026-06-09,MFC005,Night,0.0,0.0,0.0,0.0,0.0,,,,0.0,3,3,0,3,0.0,0.0,0,0,0.0
2026-06-09,MFC006,Morning,3.0,3.0,0.0,776.4,776.4,6.25,25.64,3.67,0.0,3,3,0,2,1.0,0.0,3,0,100.0
2026-06-09,MFC006,Evening,9.0,9.0,0.0,8153.69,7903.77,6.91,26.63,3.67,1.0,4,4,0,4,2.25,0.0,7,2,77.78
2026-06-09,MFC006,Night,0.0,0.0,0.0,0.0,0.0,,,,0.0,3,3,0,2,0.0,0.0,0,0,0.0
2026-06-09,MFC007,Morning,13.0,13.0,0.0,19717.51,19717.51,7.65,28.44,3.62,0.0,4,4,0,3,3.25,0.0,8,5,61.54
2026-06-09,MFC007,Evening,8.0,8.0,0.0,10605.03,10448.65,8.96,28.44,3.64,1.0,3,3,0,4,2.67,0.0,5,3,62.5
2026-06-09,MFC007,Night,1.0,1.0,0.0,346.6,346.6,4.46,13.05,4.8,0.0,3,3,0,3,0.33,0.0,1,0,100.0
2026-06-09,MFC008,Morning,5.0,5.0,0.0,3644.07,3644.07,4.44,23.0,3.66,0.0,3,2,1,1,2.5,0.0,4,1,80.0
2026-06-09,MFC008,Evening,12.0,9.0,3.0,9063.4,6617.95,5.34,21.86,3.34,2.0,4,4,0,3,3.0,25.0,8,1,88.89
2026-06-09,MFC008,Night,3.0,2.0,1.0,5448.61,4305.85,4.13,20.05,2.93,0.0,3,3,0,1,1.0,33.33,2,0,100.0
2026-06-09,MFC009,Morning,2.0,2.0,0.0,1924.39,1924.39,9.2,35.42,3.95,0.0,3,3,0,0,0.67,0.0,1,1,50.0
2026-06-09,MFC009,Evening,4.0,3.0,1.0,4959.98,4684.33,4.29,18.04,3.3,0.0,3,2,1,5,2.0,25.0,3,0,100.0
2026-06-09,MFC009,Night,1.0,1.0,0.0,1535.23,1535.23,6.69,18.19,4.0,0.0,3,3,0,2,0.33,0.0,1,0,100.0
2026-06-09,MFC010,Morning,6.0,6.0,0.0,4338.56,4338.56,5.63,22.99,3.92,0.0,3,3,0,2,2.0,0.0,6,0,100.0
2026-06-09,MFC010,Evening,3.0,3.0,0.0,4223.31,4223.31,9.6,27.6,3.5,0.0,3,3,0,4,1.0,0.0,1,2,33.33
2026-06-09,MFC010,Night,3.0,3.0,0.0,4135.08,3217.73,7.71,25.41,3.33,1.0,3,3,0,2,1.0,0.0,3,0,100.0
2026-06-09,MFC011,Morning,8.0,4.0,3.0,6205.68,3254.48,6.54,23.42,3.43,0.0,3,3,0,2,2.67,37.5,3,1,75.0
2026-06-09,MFC011,Evening,9.0,9.0,0.0,10270.65,9875.39,7.2,26.27,3.73,2.0,4,4,0,5,2.25,0.0,8,1,88.89
2026-06-09,MFC011,Night,4.0,4.0,0.0,2849.86,2849.86,6.13,19.23,3.78,0.0,3,3,0,1,1.33,0.0,4,0,100.0
2026-06-09,MFC012,Morning,3.0,3.0,0.0,2397.69,2295.42,7.08,27.02,3.17,1.0,3,3,0,2,1.0,0.0,2,1,66.67
2026-06-09,MFC012,Evening,12.0,11.0,0.0,13934.73,11419.42,7.61,23.48,3.61,0.0,4,4,0,2,3.0,0.0,9,2,81.82
2026-06-09,MFC012,Night,0.0,0.0,0.0,0.0,0.0,,,,0.0,3,3,0,2,0.0,0.0,0,0,0.0
2026-06-09,MFC013,Morning,6.0,5.0,1.0,10055.23,8003.68,8.59,26.37,3.92,0.0,3,3,0,1,2.0,16.67,3,2,60.0
2026-06-09,MFC013,Evening,7.0,7.0,0.0,8579.22,8579.22,8.14,26.8,3.43,0.0,3,3,0,3,2.33,0.0,4,3,57.14
2026-06-09,MFC013,Night,2.0,2.0,0.0,1772.41,1772.41,7.04,22.26,3.95,0.0,3,3,0,2,0.67,0.0,2,0,100.0
2026-06-09,MFC014,Morning,4.0,4.0,0.0,5264.81,5264.81,6.98,30.26,3.58,0.0,3,3,0,1,1.33,0.0,4,0,100.0
2026-06-09,MFC014,Evening,10.0,10.0,0.0,9227.61,9227.61,7.23,21.63,3.73,0.0,4,3,1,5,3.33,0.0,9,1,90.0
2026-06-09,MFC014,Night,3.0,3.0,0.0,5034.45,5034.45,8.46,29.52,3.3,0.0,3,2,1,3,1.5,0.0,2,1,66.67
2026-06-09,MFC015,Morning,5.0,5.0,0.0,6956.95,5889.72,8.84,23.64,3.88,0.0,3,3,0,2,1.67,0.0,4,1,80.0
2026-06-09,MFC015,Evening,5.0,5.0,0.0,3795.76,3555.06,8.6,25.65,3.58,1.0,3,3,0,1,1.67,0.0,5,0,100.0
2026-06-09,MFC015,Night,4.0,4.0,0.0,2850.1,2850.1,6.62,21.17,3.85,0.0,3,3,0,0,1.33,0.0,4,0,100.0
2026-06-09,MFC016,Morning,4.0,4.0,0.0,2559.4,2559.4,5.74,22.67,3.7,0.0,3,3,0,5,1.33,0.0,4,0,100.0
2026-06-09,MFC016,Evening,6.0,6.0,0.0,5536.86,5421.88,4.59,22.64,3.25,1.0,3,3,0,3,2.0,0.0,6,0,100.0
2026-06-09,MFC016,Night,0.0,0.0,0.0,0.0,0.0,,,,0.0,3,3,0,2,0.0,0.0,0,0,0.0
2026-06-09,MFC017,Morning,5.0,5.0,0.0,4455.74,4264.04,7.93,23.31,3.54,1.0,3,2,1,2,2.5,0.0,5,0,100.0
2026-06-09,MFC017,Evening,11.0,11.0,0.0,9132.75,8607.65,8.24,25.93,3.1,0.0,4,4,0,4,2.75,0.0,9,2,81.82
2026-06-09,MFC017,Night,5.0,5.0,0.0,2821.16,2685.47,6.57,27.35,3.14,1.0,3,3,0,1,1.67,0.0,5,0,100.0
2026-06-09,MFC018,Morning,11.0,10.0,1.0,15262.68,15021.17,8.07,27.43,3.34,1.0,4,4,0,3,2.75,9.09,7,3,70.0
2026-06-09,MFC018,Evening,2.0,2.0,0.0,2568.08,2568.08,7.28,22.71,3.55,0.0,3,3,0,2,0.67,0.0,2,0,100.0
2026-06-09,MFC018,Night,0.0,0.0,0.0,0.0,0.0,,,,0.0,3,2,1,3,0.0,0.0,0,0,0.0
2026-06-10,MFC001,Morning,1.0,1.0,0.0,1087.61,1087.61,5.59,24.23,3.8,0.0,3,2,1,3,0.5,0.0,1,0,100.0
2026-06-10,MFC001,Evening,9.0,8.0,1.0,9596.83,9096.08,6.24,24.08,3.94,3.0,4,4,0,2,2.25,11.11,8,0,100.0
2026-06-10,MFC001,Night,1.0,1.0,0.0,1285.01,1285.01,7.91,16.67,2.9,0.0,3,3,0,4,0.33,0.0,1,0,100.0
2026-06-10,MFC002,Morning,3.0,3.0,0.0,2478.58,1699.16,10.46,30.61,3.5,0.0,3,3,0,8,1.0,0.0,1,2,33.33
2026-06-10,MFC002,Evening,3.0,3.0,0.0,2881.04,2881.04,9.0,21.84,3.5,0.0,3,3,0,1,1.0,0.0,3,0,100.0
2026-06-10,MFC002,Night,0.0,0.0,0.0,0.0,0.0,,,,0.0,3,3,0,2,0.0,0.0,0,0,0.0
2026-06-10,MFC003,Morning,10.0,10.0,0.0,12457.58,12077.04,5.63,24.15,3.5,1.0,4,4,0,2,2.5,0.0,9,1,90.0
2026-06-10,MFC003,Evening,11.0,11.0,0.0,12665.94,12665.94,6.51,23.12,3.74,0.0,4,4,0,1,2.75,0.0,9,2,81.82
2026-06-10,MFC003,Night,2.0,2.0,0.0,1434.6,1434.6,5.31,19.1,4.4,0.0,3,3,0,3,0.67,0.0,2,0,100.0
2026-06-10,MFC004,Morning,6.0,6.0,0.0,5491.04,5229.74,7.19,26.38,3.38,1.0,3,3,0,1,2.0,0.0,4,2,66.67
2026-06-10,MFC004,Evening,5.0,5.0,0.0,2854.06,2574.18,6.34,24.3,3.28,1.0,3,3,0,4,1.67,0.0,3,2,60.0
2026-06-10,MFC004,Night,0.0,0.0,0.0,0.0,0.0,,,,0.0,3,3,0,1,0.0,0.0,0,0,0.0
2026-06-10,MFC005,Morning,7.0,7.0,0.0,5918.65,5918.65,5.59,20.09,3.97,0.0,3,3,0,6,2.33,0.0,7,0,100.0
2026-06-10,MFC005,Evening,11.0,11.0,0.0,15058.19,14310.89,7.83,25.04,3.63,1.0,4,4,0,2,2.75,0.0,9,2,81.82
2026-06-10,MFC005,Night,3.0,3.0,0.0,7274.22,7274.22,6.71,22.07,3.7,0.0,3,2,1,2,1.5,0.0,3,0,100.0
2026-06-10,MFC006,Morning,5.0,5.0,0.0,3326.01,3188.0,7.19,25.58,4.2,1.0,3,3,0,4,1.67,0.0,4,1,80.0
2026-06-10,MFC006,Evening,10.0,10.0,0.0,10508.17,10508.17,9.43,27.13,4.12,0.0,4,4,0,1,2.5,0.0,9,1,90.0
2026-06-10,MFC006,Night,2.0,2.0,0.0,6493.77,6493.77,11.12,27.18,3.55,0.0,3,3,0,5,0.67,0.0,1,1,50.0
2026-06-10,MFC007,Morning,6.0,6.0,0.0,5507.67,5280.05,7.54,23.05,3.52,1.0,3,3,0,3,2.0,0.0,5,1,83.33
2026-06-10,MFC007,Evening,4.0,4.0,0.0,2922.01,2922.01,8.65,27.82,3.85,0.0,3,3,0,1,1.33,0.0,3,1,75.0
2026-06-10,MFC007,Night,1.0,1.0,0.0,622.78,622.78,6.05,15.92,3.3,0.0,3,3,0,3,0.33,0.0,1,0,100.0
2026-06-10,MFC008,Morning,6.0,6.0,0.0,4559.6,4559.6,4.84,24.94,3.6,0.0,3,3,0,4,2.0,0.0,4,2,66.67
2026-06-10,MFC008,Evening,13.0,13.0,0.0,15860.17,15592.08,5.45,20.17,3.58,1.0,4,4,0,2,3.25,0.0,12,1,92.31
2026-06-10,MFC008,Night,2.0,2.0,0.0,2247.25,2128.34,6.77,33.25,3.05,1.0,3,3,0,1,0.67,0.0,2,0,100.0
2026-06-10,MFC009,Morning,3.0,2.0,1.0,739.67,631.02,7.12,23.8,3.4,2.0,3,2,1,2,1.5,33.33,2,0,100.0
2026-06-10,MFC009,Evening,9.0,8.0,1.0,7180.79,7121.71,6.56,24.0,3.63,0.0,4,3,1,56,3.0,11.11,7,1,87.5
2026-06-10,MFC009,Night,3.0,3.0,0.0,1982.46,1982.46,5.08,17.26,3.87,0.0,3,3,0,1,1.0,0.0,3,0,100.0
2026-06-10,MFC010,Morning,6.0,6.0,0.0,8540.09,8540.09,7.96,24.48,3.53,0.0,3,2,1,67,3.0,0.0,4,2,66.67
2026-06-10,MFC010,Evening,3.0,3.0,0.0,2782.66,2782.66,7.96,22.61,3.57,0.0,3,3,0,1,1.0,0.0,3,0,100.0
2026-06-10,MFC010,Night,1.0,1.0,0.0,3807.49,3807.49,6.34,25.86,4.7,0.0,3,3,0,4,0.33,0.0,1,0,100.0
2026-06-10,MFC011,Morning,8.0,7.0,0.0,8645.25,8552.6,8.9,27.18,3.39,1.0,3,3,0,2,2.67,0.0,3,4,42.86
2026-06-10,MFC011,Evening,6.0,6.0,0.0,4551.38,4551.38,6.84,24.19,3.72,0.0,3,2,1,9,3.0,0.0,5,1,83.33
2026-06-10,MFC011,Night,1.0,1.0,0.0,119.91,119.91,5.04,16.04,4.0,0.0,3,3,0,3,0.33,0.0,1,0,100.0
2026-06-10,MFC012,Morning,4.0,4.0,0.0,3252.47,3252.47,5.03,27.93,3.7,0.0,3,3,0,3,1.33,0.0,4,0,100.0
2026-06-10,MFC012,Evening,7.0,7.0,0.0,6322.62,6132.24,7.05,22.49,3.81,1.0,3,3,0,1,2.33,0.0,4,3,57.14
2026-06-10,MFC012,Night,1.0,1.0,0.0,365.58,365.58,3.96,20.99,3.1,0.0,3,3,0,0,0.33,0.0,1,0,100.0
2026-06-10,MFC013,Morning,2.0,2.0,0.0,1675.88,1675.88,4.6,19.92,3.95,0.0,3,3,0,4,0.67,0.0,2,0,100.0
2026-06-10,MFC013,Evening,8.0,7.0,1.0,8059.55,6130.58,6.3,22.89,3.66,1.0,3,3,0,2,2.67,12.5,7,0,100.0
2026-06-10,MFC013,Night,1.0,1.0,0.0,652.38,652.38,2.99,16.69,3.1,0.0,3,2,1,2,0.5,0.0,1,0,100.0
2026-06-10,MFC014,Morning,2.0,2.0,0.0,1096.84,992.92,7.5,24.91,3.25,1.0,3,3,0,2,0.67,0.0,1,1,50.0
2026-06-10,MFC014,Evening,4.0,4.0,0.0,8434.23,8434.23,6.4,19.42,3.9,0.0,3,3,0,5,1.33,0.0,4,0,100.0
2026-06-10,MFC014,Night,2.0,2.0,0.0,1928.42,1928.42,5.22,15.68,4.1,0.0,3,3,0,2,0.67,0.0,2,0,100.0
2026-06-10,MFC015,Morning,7.0,7.0,0.0,7445.15,7411.31,7.06,23.84,3.57,1.0,3,3,0,2,2.33,0.0,7,0,100.0
2026-06-10,MFC015,Evening,7.0,7.0,0.0,4248.3,4207.31,6.6,24.53,3.5,1.0,3,3,0,7,2.33,0.0,7,0,100.0
2026-06-10,MFC015,Night,0.0,0.0,0.0,0.0,0.0,,,,0.0,3,2,1,3,0.0,0.0,0,0,0.0
2026-06-10,MFC016,Morning,6.0,6.0,0.0,5872.76,5667.65,6.74,23.43,3.05,1.0,3,3,0,2,2.0,0.0,4,2,66.67
2026-06-10,MFC016,Evening,9.0,9.0,0.0,10828.93,10828.93,6.33,26.07,3.77,0.0,4,4,0,2,2.25,0.0,8,1,88.89
2026-06-10,MFC016,Night,1.0,1.0,0.0,1666.53,1666.53,6.05,29.48,4.4,0.0,3,3,0,4,0.33,0.0,1,0,100.0
2026-06-10,MFC017,Morning,6.0,6.0,0.0,4942.01,4925.44,5.88,26.02,3.05,1.0,3,2,1,4,3.0,0.0,6,0,100.0
2026-06-10,MFC017,Evening,13.0,12.0,1.0,13593.45,13086.31,7.0,24.08,3.55,1.0,4,4,0,3,3.25,7.69,8,4,66.67
2026-06-10,MFC017,Night,4.0,4.0,0.0,2029.63,2029.63,4.31,17.98,3.82,0.0,3,3,0,2,1.33,0.0,4,0,100.0
2026-06-10,MFC018,Morning,4.0,4.0,0.0,3711.5,3711.5,7.9,24.31,3.58,0.0,3,3,0,4,1.33,0.0,4,0,100.0
2026-06-10,MFC018,Evening,10.0,9.0,1.0,8928.81,8525.76,8.98,26.05,3.43,0.0,4,4,0,2,2.5,10.0,6,3,66.67
2026-06-10,MFC018,Night,1.0,1.0,0.0,4510.02,4510.02,13.95,34.29,2.7,0.0,3,2,1,2,0.5,0.0,1,0,100.0
2026-06-11,MFC001,Morning,3.0,3.0,0.0,3991.13,3991.13,5.97,22.98,3.93,0.0,3,2,1,0,1.5,0.0,3,0,100.0
2026-06-11,MFC001,Evening,7.0,7.0,0.0,4331.14,4331.14,5.7,22.73,3.37,0.0,3,3,0,2,2.33,0.0,5,2,71.43
2026-06-11,MFC001,Night,0.0,0.0,0.0,0.0,0.0,,,,0.0,3,3,0,1,0.0,0.0,0,0,0.0
2026-06-11,MFC002,Morning,2.0,2.0,0.0,3005.67,3005.67,8.32,18.91,3.75,0.0,3,3,0,2,0.67,0.0,2,0,100.0
2026-06-11,MFC002,Evening,7.0,7.0,0.0,8593.53,8376.89,8.05,26.08,3.49,2.0,3,3,0,1,2.33,0.0,5,2,71.43
2026-06-11,MFC002,Night,0.0,0.0,0.0,0.0,0.0,,,,0.0,3,3,0,4,0.0,0.0,0,0,0.0
2026-06-11,MFC003,Morning,6.0,6.0,0.0,3479.44,3332.74,5.84,23.73,3.22,0.0,3,3,0,3,2.0,0.0,6,0,100.0
2026-06-11,MFC003,Evening,5.0,5.0,0.0,5756.49,5756.49,5.56,23.71,3.4,0.0,3,2,1,4,2.5,0.0,4,1,80.0
2026-06-11,MFC003,Night,2.0,2.0,0.0,4144.83,4144.83,9.14,22.4,3.1,0.0,3,3,0,4,0.67,0.0,2,0,100.0
2026-06-11,MFC004,Morning,7.0,7.0,0.0,8192.1,7958.91,8.71,28.68,3.53,1.0,3,3,0,4,2.33,0.0,4,3,57.14
2026-06-11,MFC004,Evening,8.0,7.0,1.0,4956.3,3936.38,6.02,24.51,3.47,0.0,3,3,0,1,2.67,12.5,4,3,57.14
2026-06-11,MFC004,Night,2.0,2.0,0.0,2280.72,2280.72,6.09,17.08,4.25,0.0,3,3,0,67,0.67,0.0,2,0,100.0
2026-06-11,MFC005,Morning,10.0,9.0,1.0,26517.34,24642.03,9.75,27.23,3.48,1.0,4,4,0,2,2.5,10.0,5,4,55.56
2026-06-11,MFC005,Evening,8.0,8.0,0.0,6921.7,6921.7,9.54,24.82,3.78,0.0,3,3,0,5,2.67,0.0,7,1,87.5
2026-06-11,MFC005,Night,2.0,2.0,0.0,1910.7,1910.7,8.05,25.07,3.5,0.0,3,3,0,2,0.67,0.0,1,1,50.0
2026-06-11,MFC006,Morning,10.0,9.0,1.0,17706.06,17146.57,7.56,26.41,3.41,1.0,4,4,0,4,2.5,10.0,7,2,77.78
2026-06-11,MFC006,Evening,4.0,3.0,0.0,6184.87,6184.87,6.16,23.86,3.17,0.0,3,3,0,3,1.33,0.0,2,1,66.67
2026-06-11,MFC006,Night,0.0,0.0,0.0,0.0,0.0,,,,0.0,3,3,0,4,0.0,0.0,0,0,0.0
2026-06-11,MFC007,Morning,3.0,2.0,1.0,3581.75,2821.83,9.04,26.76,4.25,0.0,3,3,0,3,1.0,33.33,1,1,50.0
2026-06-11,MFC007,Evening,4.0,4.0,0.0,5284.59,5159.08,9.03,25.61,3.22,1.0,3,3,0,2,1.33,0.0,3,1,75.0
2026-06-11,MFC007,Night,2.0,2.0,0.0,910.11,910.11,4.52,12.96,4.45,0.0,3,3,0,1,0.67,0.0,2,0,100.0
2026-06-11,MFC008,Morning,7.0,7.0,0.0,9952.73,9858.26,6.95,20.74,3.61,1.0,3,3,0,5,2.33,0.0,6,1,85.71
2026-06-11,MFC008,Evening,6.0,6.0,0.0,7789.83,7789.83,4.73,20.24,3.57,0.0,3,2,1,7,3.0,0.0,6,0,100.0
2026-06-11,MFC008,Night,1.0,1.0,0.0,289.17,289.17,2.96,19.79,3.4,0.0,3,2,1,60,0.5,0.0,1,0,100.0
2026-06-11,MFC009,Morning,4.0,4.0,0.0,2526.61,2526.61,5.2,22.09,3.62,0.0,3,3,0,4,1.33,0.0,3,1,75.0
2026-06-11,MFC009,Evening,3.0,2.0,1.0,2231.28,838.59,5.49,25.8,2.65,1.0,3,3,0,2,1.0,33.33,2,0,100.0
2026-06-11,MFC009,Night,1.0,1.0,0.0,542.1,542.1,3.31,16.96,3.8,0.0,3,3,0,1,0.33,0.0,1,0,100.0
2026-06-11,MFC010,Morning,3.0,3.0,0.0,5093.53,5093.53,10.9,36.08,2.93,0.0,3,3,0,3,1.0,0.0,2,1,66.67
2026-06-11,MFC010,Evening,2.0,2.0,0.0,4850.33,4207.43,8.54,23.5,3.55,1.0,3,3,0,3,0.67,0.0,1,1,50.0
2026-06-11,MFC010,Night,1.0,1.0,0.0,1673.15,1673.15,4.87,24.12,3.4,0.0,3,3,0,2,0.33,0.0,1,0,100.0
2026-06-11,MFC011,Morning,6.0,5.0,0.0,6694.25,6694.25,7.53,25.45,3.76,0.0,3,3,0,2,2.0,0.0,3,2,60.0
2026-06-11,MFC011,Evening,15.0,14.0,0.0,15729.46,15566.74,5.72,22.76,3.66,1.0,4,4,0,0,3.75,0.0,12,2,85.71
2026-06-11,MFC011,Night,3.0,3.0,0.0,2465.16,2392.72,8.89,26.8,3.17,1.0,3,3,0,3,1.0,0.0,2,1,66.67
2026-06-11,MFC012,Morning,5.0,5.0,0.0,2646.6,2646.6,5.86,22.87,3.34,0.0,3,3,0,3,1.67,0.0,5,0,100.0
2026-06-11,MFC012,Evening,7.0,7.0,0.0,7514.01,7514.01,7.67,24.44,3.74,0.0,3,3,0,2,2.33,0.0,5,2,71.43
2026-06-11,MFC012,Night,1.0,1.0,0.0,730.9,730.9,4.44,16.9,4.1,0.0,3,3,0,2,0.33,0.0,1,0,100.0
2026-06-11,MFC013,Morning,5.0,5.0,0.0,10134.34,9729.0,5.46,25.02,3.42,1.0,3,3,0,1,1.67,0.0,5,0,100.0
2026-06-11,MFC013,Evening,8.0,7.0,1.0,15183.61,13855.97,8.7,23.82,3.24,1.0,3,2,1,1,4.0,12.5,6,1,85.71
2026-06-11,MFC013,Night,2.0,2.0,0.0,2730.2,2512.69,10.61,23.09,4.0,1.0,3,3,0,3,0.67,0.0,2,0,100.0
2026-06-11,MFC014,Morning,8.0,7.0,1.0,10168.63,9503.32,7.32,24.23,3.47,1.0,3,3,0,5,2.67,12.5,7,0,100.0
2026-06-11,MFC014,Evening,7.0,7.0,0.0,6775.11,6775.11,4.88,25.06,3.69,0.0,3,3,0,0,2.33,0.0,5,2,71.43
2026-06-11,MFC014,Night,1.0,1.0,0.0,935.36,935.36,6.69,19.83,3.3,0.0,3,3,0,2,0.33,0.0,1,0,100.0
2026-06-11,MFC015,Morning,14.0,13.0,1.0,17342.63,17092.42,7.91,23.81,3.42,2.0,4,4,0,3,3.5,7.14,13,0,100.0
2026-06-11,MFC015,Evening,7.0,6.0,0.0,5811.26,5737.64,8.07,27.21,3.37,1.0,3,3,0,1,2.33,0.0,4,2,66.67
2026-06-11,MFC015,Night,1.0,1.0,0.0,935.03,935.03,6.9,27.62,3.2,0.0,3,3,0,2,0.33,0.0,1,0,100.0
2026-06-11,MFC016,Morning,7.0,7.0,0.0,7009.48,6435.2,6.8,21.64,3.69,0.0,3,3,0,0,2.33,0.0,7,0,100.0
2026-06-11,MFC016,Evening,6.0,6.0,0.0,3139.93,2956.71,5.28,24.64,3.48,1.0,3,3,0,1,2.0,0.0,6,0,100.0
2026-06-11,MFC016,Night,0.0,0.0,0.0,0.0,0.0,,,,0.0,3,3,0,3,0.0,0.0,0,0,0.0
2026-06-11,MFC017,Morning,6.0,6.0,0.0,2463.89,2463.89,6.21,25.68,4.02,0.0,3,3,0,4,2.0,0.0,6,0,100.0
2026-06-11,MFC017,Evening,8.0,7.0,1.0,6731.55,6537.55,8.81,26.43,3.36,1.0,3,3,0,2,2.67,12.5,6,1,85.71
2026-06-11,MFC017,Night,3.0,3.0,0.0,7760.96,7760.96,9.05,21.29,2.77,0.0,3,3,0,3,1.0,0.0,3,0,100.0
2026-06-11,MFC018,Morning,5.0,4.0,1.0,5126.62,5086.62,7.29,21.39,3.4,0.0,3,3,0,3,1.67,20.0,3,1,75.0
2026-06-11,MFC018,Evening,5.0,3.0,1.0,6163.33,5192.09,10.67,30.88,3.25,0.0,3,3,0,2,1.67,20.0,1,2,33.33
2026-06-11,MFC018,Night,2.0,2.0,0.0,802.27,758.49,7.56,17.17,3.8,1.0,3,2,1,2,1.0,0.0,2,0,100.0
2026-06-12,MFC001,Morning,6.0,6.0,0.0,4987.77,4987.77,5.83,26.56,3.65,0.0,3,2,1,0,3.0,0.0,6,0,100.0
2026-06-12,MFC001,Evening,7.0,7.0,0.0,13778.45,13778.45,6.83,21.25,3.84,0.0,3,3,0,5,2.33,0.0,7,0,100.0
2026-06-12,MFC001,Night,4.0,4.0,0.0,5975.04,5975.04,6.54,23.22,3.92,0.0,3,3,0,0,1.33,0.0,3,1,75.0
2026-06-12,MFC002,Morning,5.0,5.0,0.0,5060.72,5060.72,6.59,23.61,3.72,0.0,3,3,0,6,1.67,0.0,5,0,100.0
2026-06-12,MFC002,Evening,7.0,6.0,0.0,6780.44,6780.44,8.73,27.28,3.52,0.0,3,3,0,2,2.33,0.0,5,1,83.33
2026-06-12,MFC002,Night,0.0,0.0,0.0,0.0,0.0,,,,0.0,3,3,0,2,0.0,0.0,0,0,0.0
2026-06-12,MFC003,Morning,5.0,5.0,0.0,8139.76,8139.76,6.45,22.04,4.02,0.0,3,3,0,4,1.67,0.0,5,0,100.0
2026-06-12,MFC003,Evening,8.0,8.0,0.0,8967.41,8858.38,6.34,24.91,3.29,1.0,3,3,0,3,2.67,0.0,6,2,75.0
2026-06-12,MFC003,Night,1.0,1.0,0.0,341.72,341.72,2.17,14.83,4.4,0.0,3,3,0,4,0.33,0.0,1,0,100.0
2026-06-12,MFC004,Morning,3.0,3.0,0.0,3534.73,3534.73,8.0,23.58,3.53,0.0,3,2,1,4,1.5,0.0,2,1,66.67
2026-06-12,MFC004,Evening,6.0,6.0,0.0,3638.9,3638.9,7.3,25.25,3.47,0.0,3,3,0,2,2.0,0.0,4,2,66.67
2026-06-12,MFC004,Night,1.0,1.0,0.0,237.36,237.36,2.0,18.05,3.7,0.0,3,3,0,1,0.33,0.0,1,0,100.0
2026-06-12,MFC005,Morning,9.0,8.0,1.0,9979.42,8475.51,6.4,25.4,3.59,0.0,4,3,1,1,3.0,11.11,5,3,62.5
2026-06-12,MFC005,Evening,9.0,9.0,0.0,7882.57,7824.65,8.23,27.38,3.43,1.0,4,4,0,0,2.25,0.0,8,1,88.89
2026-06-12,MFC005,Night,1.0,1.0,0.0,1691.65,1691.65,11.51,24.89,2.8,0.0,3,2,1,2,0.5,0.0,1,0,100.0
2026-06-12,MFC006,Morning,5.0,5.0,0.0,7270.46,7270.46,5.64,22.85,4.02,0.0,3,2,1,4,2.5,0.0,5,0,100.0
2026-06-12,MFC006,Evening,5.0,5.0,0.0,4539.02,3595.5,6.69,24.45,3.64,1.0,3,3,0,3,1.67,0.0,5,0,100.0
2026-06-12,MFC006,Night,1.0,1.0,0.0,839.56,839.56,7.01,17.72,4.2,0.0,3,3,0,30,0.33,0.0,1,0,100.0
2026-06-12,MFC007,Morning,9.0,9.0,0.0,4630.6,4630.6,6.45,23.67,3.82,0.0,4,4,0,2,2.25,0.0,7,2,77.78
2026-06-12,MFC007,Evening,4.0,4.0,0.0,6905.89,6905.89,8.97,25.65,3.2,0.0,3,2,1,5,2.0,0.0,4,0,100.0
2026-06-12,MFC007,Night,0.0,0.0,0.0,0.0,0.0,,,,0.0,3,3,0,3,0.0,0.0,0,0,0.0
2026-06-12,MFC008,Morning,2.0,2.0,0.0,5755.32,5709.85,7.32,23.51,3.8,1.0,3,3,0,3,0.67,0.0,2,0,100.0
2026-06-12,MFC008,Evening,10.0,10.0,0.0,19433.43,19433.43,7.06,25.32,3.32,0.0,4,4,0,2,2.5,0.0,8,2,80.0
2026-06-12,MFC008,Night,0.0,0.0,0.0,0.0,0.0,,,,0.0,3,3,0,1,0.0,0.0,0,0,0.0
2026-06-12,MFC009,Morning,6.0,6.0,0.0,5557.21,5557.21,5.39,21.76,3.48,0.0,3,3,0,1,2.0,0.0,6,0,100.0
2026-06-12,MFC009,Evening,2.0,1.0,1.0,715.79,715.79,3.29,26.04,2.55,0.0,3,3,0,3,0.67,50.0,1,0,100.0
2026-06-12,MFC009,Night,2.0,2.0,0.0,1204.66,1204.66,2.84,16.58,3.9,0.0,3,2,1,4,1.0,0.0,2,0,100.0
2026-06-12,MFC010,Morning,4.0,4.0,0.0,4448.53,4016.4,6.61,23.61,3.72,0.0,3,3,0,4,1.33,0.0,3,1,75.0
2026-06-12,MFC010,Evening,4.0,4.0,0.0,4679.93,4514.36,6.42,28.05,3.0,1.0,3,3,0,3,1.33,0.0,3,1,75.0
2026-06-12,MFC010,Night,2.0,2.0,0.0,2000.69,2000.69,7.86,21.87,3.9,0.0,3,3,0,4,0.67,0.0,2,0,100.0
2026-06-12,MFC011,Morning,9.0,9.0,0.0,12842.33,12558.26,7.06,25.15,3.52,1.0,4,4,0,2,2.25,0.0,7,2,77.78
2026-06-12,MFC011,Evening,8.0,7.0,1.0,6997.27,5807.86,7.1,22.97,3.89,1.0,3,3,0,5,2.67,12.5,6,1,85.71
2026-06-12,MFC011,Night,0.0,0.0,0.0,0.0,0.0,,,,0.0,3,2,1,3,0.0,0.0,0,0,0.0
2026-06-12,MFC012,Morning,4.0,3.0,1.0,11140.72,10626.65,8.37,22.72,3.23,1.0,3,3,0,3,1.33,25.0,3,0,100.0
2026-06-12,MFC012,Evening,8.0,8.0,0.0,9598.96,9249.99,6.81,21.53,3.45,2.0,3,3,0,4,2.67,0.0,8,0,100.0
2026-06-12,MFC012,Night,1.0,1.0,0.0,1354.23,1354.23,7.17,22.28,4.6,0.0,3,3,0,4,0.33,0.0,1,0,100.0
2026-06-12,MFC013,Morning,7.0,7.0,0.0,9540.41,9540.41,8.56,32.01,4.1,0.0,3,3,0,1,2.33,0.0,5,2,71.43
2026-06-12,MFC013,Evening,11.0,10.0,0.0,10107.97,9890.19,5.98,24.17,3.67,1.0,4,3,1,4,3.67,0.0,7,3,70.0
2026-06-12,MFC013,Night,2.0,2.0,0.0,3207.8,2967.56,6.21,15.78,3.1,1.0,3,3,0,0,0.67,0.0,2,0,100.0
2026-06-12,MFC014,Morning,5.0,5.0,0.0,11046.3,10679.66,7.43,22.38,3.98,1.0,3,3,0,2,1.67,0.0,5,0,100.0
2026-06-12,MFC014,Evening,9.0,7.0,2.0,7711.64,6368.92,6.86,24.26,3.13,2.0,4,3,1,2,3.0,22.22,6,1,85.71
2026-06-12,MFC014,Night,0.0,0.0,0.0,0.0,0.0,,,,0.0,3,3,0,1,0.0,0.0,0,0,0.0
2026-06-12,MFC015,Morning,5.0,5.0,0.0,7824.77,7675.43,9.12,25.52,3.54,1.0,3,3,0,2,1.67,0.0,4,1,80.0
2026-06-12,MFC015,Evening,5.0,5.0,0.0,5451.85,5296.85,7.88,26.33,3.38,1.0,3,3,0,12,1.67,0.0,4,1,80.0
2026-06-12,MFC015,Night,3.0,3.0,0.0,1705.63,1705.63,6.48,16.17,3.93,0.0,3,3,0,1,1.0,0.0,3,0,100.0
2026-06-12,MFC016,Morning,6.0,6.0,0.0,7524.41,7405.99,5.75,21.17,3.38,1.0,3,3,0,5,2.0,0.0,6,0,100.0
2026-06-12,MFC016,Evening,10.0,10.0,0.0,12992.23,12959.34,7.65,23.6,3.93,1.0,4,4,0,0,2.5,0.0,9,1,90.0
2026-06-12,MFC016,Night,3.0,3.0,0.0,1175.84,1175.84,3.92,16.32,4.13,0.0,3,3,0,4,1.0,0.0,3,0,100.0
2026-06-12,MFC017,Morning,5.0,5.0,0.0,4789.69,4789.69,6.07,25.1,3.76,0.0,3,3,0,1,1.67,0.0,5,0,100.0
2026-06-12,MFC017,Evening,9.0,8.0,0.0,13115.75,12147.41,7.43,25.04,3.42,3.0,4,4,0,1,2.25,0.0,6,2,75.0
2026-06-12,MFC017,Night,5.0,5.0,0.0,3417.3,3216.78,6.69,21.35,3.48,2.0,3,2,1,2,2.5,0.0,4,1,80.0
2026-06-12,MFC018,Morning,3.0,3.0,0.0,2886.87,2798.61,7.71,25.1,3.87,1.0,3,2,1,3,1.5,0.0,2,1,66.67
2026-06-12,MFC018,Evening,7.0,7.0,0.0,6926.86,6840.77,7.3,22.51,3.7,1.0,3,2,1,2,3.5,0.0,7,0,100.0
2026-06-12,MFC018,Night,2.0,2.0,0.0,4299.18,2454.83,6.42,25.2,2.6,0.0,3,3,0,2,0.67,0.0,2,0,100.0
2026-06-13,MFC001,Morning,3.0,3.0,0.0,2116.66,2116.66,7.78,24.47,3.4,0.0,3,3,0,2,1.0,0.0,3,0,100.0
2026-06-13,MFC001,Evening,6.0,6.0,0.0,7775.04,7775.04,6.92,22.36,3.92,0.0,3,3,0,4,2.0,0.0,6,0,100.0
2026-06-13,MFC001,Night,2.0,2.0,0.0,1250.49,1250.49,6.8,28.2,3.65,0.0,3,3,0,43,0.67,0.0,2,0,100.0
2026-06-13,MFC002,Morning,3.0,3.0,0.0,3950.87,3682.78,9.01,29.83,3.47,1.0,3,3,0,1,1.0,0.0,1,2,33.33
2026-06-13,MFC002,Evening,4.0,4.0,0.0,4348.98,4348.98,6.3,21.58,3.28,0.0,3,3,0,4,1.33,0.0,4,0,100.0
2026-06-13,MFC002,Night,0.0,0.0,0.0,0.0,0.0,,,,0.0,3,3,0,1,0.0,0.0,0,0,0.0
2026-06-13,MFC003,Morning,4.0,3.0,1.0,3799.14,3494.69,5.93,26.18,3.23,0.0,3,2,1,1,2.0,25.0,2,1,66.67
2026-06-13,MFC003,Evening,11.0,11.0,0.0,11486.1,10574.57,7.38,25.28,3.2,4.0,4,3,1,3,3.67,0.0,9,2,81.82
2026-06-13,MFC003,Night,2.0,2.0,0.0,1167.67,1167.67,5.66,18.31,3.55,0.0,3,2,1,2,1.0,0.0,2,0,100.0
2026-06-13,MFC004,Morning,3.0,3.0,0.0,1739.06,1739.06,5.8,21.28,3.87,0.0,3,3,0,1,1.0,0.0,2,1,66.67
2026-06-13,MFC004,Evening,11.0,9.0,2.0,13971.88,12649.47,7.3,25.0,3.4,0.0,4,3,1,3,3.67,18.18,8,1,88.89
2026-06-13,MFC004,Night,0.0,0.0,0.0,0.0,0.0,,,,0.0,3,3,0,4,0.0,0.0,0,0,0.0
2026-06-13,MFC005,Morning,9.0,9.0,0.0,12297.71,11977.05,8.99,23.68,3.39,2.0,4,3,1,2,3.0,0.0,8,1,88.89
2026-06-13,MFC005,Evening,17.0,15.0,2.0,13142.07,12764.75,6.08,24.99,3.59,3.0,5,4,1,1,4.25,11.76,14,1,93.33
2026-06-13,MFC005,Night,4.0,4.0,0.0,3627.82,3627.82,6.37,19.95,3.6,0.0,3,3,0,0,1.33,0.0,4,0,100.0
2026-06-13,MFC006,Morning,8.0,7.0,1.0,8443.68,7142.86,6.72,24.71,3.61,1.0,3,3,0,0,2.67,12.5,6,1,85.71
2026-06-13,MFC006,Evening,10.0,9.0,1.0,8598.86,8107.4,7.73,26.93,3.29,1.0,4,3,1,2,3.33,10.0,7,2,77.78
2026-06-13,MFC006,Night,0.0,0.0,0.0,0.0,0.0,,,,0.0,3,3,0,2,0.0,0.0,0,0,0.0
2026-06-13,MFC007,Morning,10.0,10.0,0.0,7676.99,6827.47,6.22,26.3,3.28,3.0,4,4,0,2,2.5,0.0,9,1,90.0
2026-06-13,MFC007,Evening,7.0,6.0,1.0,10128.47,9187.4,8.99,30.38,3.47,1.0,3,3,0,1,2.33,14.29,4,2,66.67
2026-06-13,MFC007,Night,1.0,1.0,0.0,1503.57,1503.57,5.15,21.33,4.7,0.0,3,3,0,0,0.33,0.0,1,0,100.0
2026-06-13,MFC008,Morning,4.0,4.0,0.0,3214.18,3077.74,7.98,24.03,3.18,2.0,3,3,0,2,1.33,0.0,4,0,100.0
2026-06-13,MFC008,Evening,7.0,7.0,0.0,10601.89,10390.93,6.35,26.87,3.63,0.0,3,2,1,6,3.5,0.0,6,1,85.71
2026-06-13,MFC008,Night,0.0,0.0,0.0,0.0,0.0,,,,0.0,3,2,1,4,0.0,0.0,0,0,0.0
2026-06-13,MFC009,Morning,6.0,6.0,0.0,5202.55,5202.55,6.06,22.65,3.75,0.0,3,3,0,3,2.0,0.0,5,1,83.33
2026-06-13,MFC009,Evening,9.0,9.0,0.0,11816.46,11663.45,6.31,24.96,3.72,1.0,4,4,0,5,2.25,0.0,8,1,88.89
2026-06-13,MFC009,Night,1.0,1.0,0.0,751.83,751.83,4.89,18.84,4.7,0.0,3,3,0,4,0.33,0.0,1,0,100.0
2026-06-13,MFC010,Morning,3.0,3.0,0.0,1197.57,1197.57,6.58,23.89,3.77,0.0,3,3,0,2,1.0,0.0,3,0,100.0
2026-06-13,MFC010,Evening,9.0,8.0,1.0,4766.25,3754.55,6.06,25.96,3.09,2.0,4,4,0,2,2.25,11.11,6,2,75.0
2026-06-13,MFC010,Night,1.0,1.0,0.0,1734.99,1734.99,11.02,32.23,3.2,0.0,3,3,0,0,0.33,0.0,0,1,0.0
2026-06-13,MFC011,Morning,8.0,5.0,3.0,12012.09,6159.87,7.55,27.83,3.3,2.0,3,3,0,5,2.67,37.5,4,1,80.0
2026-06-13,MFC011,Evening,6.0,3.0,2.0,4888.36,4313.69,6.4,27.24,3.23,3.0,3,2,1,3,3.0,33.33,3,0,100.0
2026-06-13,MFC011,Night,1.0,1.0,0.0,773.31,773.31,2.6,12.94,3.3,0.0,3,3,0,1,0.33,0.0,1,0,100.0
2026-06-13,MFC012,Morning,8.0,7.0,1.0,6949.65,6851.77,4.53,19.36,3.69,2.0,3,2,1,5,4.0,12.5,6,1,85.71
2026-06-13,MFC012,Evening,6.0,6.0,0.0,6822.47,6822.47,7.99,27.51,3.77,0.0,3,3,0,3,2.0,0.0,6,0,100.0
2026-06-13,MFC012,Night,1.0,1.0,0.0,1335.44,1335.44,4.77,26.22,3.1,0.0,3,3,0,1,0.33,0.0,1,0,100.0
2026-06-13,MFC013,Morning,8.0,7.0,1.0,9942.8,7412.87,6.7,22.66,3.15,0.0,3,3,0,3,2.67,12.5,6,1,85.71
2026-06-13,MFC013,Evening,4.0,3.0,1.0,3694.83,3694.83,7.55,24.35,3.83,2.0,3,3,0,3,1.33,25.0,2,1,66.67
2026-06-13,MFC013,Night,2.0,2.0,0.0,3359.96,3359.96,5.13,20.27,4.25,0.0,3,3,0,1,0.67,0.0,2,0,100.0
2026-06-13,MFC014,Morning,5.0,5.0,0.0,2832.11,2716.91,6.72,21.77,3.36,1.0,3,3,0,4,1.67,0.0,5,0,100.0
2026-06-13,MFC014,Evening,8.0,8.0,0.0,14240.79,13577.57,9.08,27.86,3.55,2.0,3,3,0,2,2.67,0.0,4,4,50.0
2026-06-13,MFC014,Night,3.0,3.0,0.0,6964.05,6964.05,9.03,23.72,3.83,0.0,3,2,1,3,1.5,0.0,3,0,100.0
2026-06-13,MFC015,Morning,6.0,6.0,0.0,8877.67,8296.83,6.17,21.26,2.7,1.0,3,3,0,0,2.0,0.0,6,0,100.0
2026-06-13,MFC015,Evening,11.0,10.0,1.0,13518.37,13215.79,8.08,24.59,3.76,2.0,4,4,0,1,2.75,9.09,8,2,80.0
2026-06-13,MFC015,Night,1.0,1.0,0.0,337.8,337.8,5.71,25.27,4.3,0.0,3,3,0,0,0.33,0.0,1,0,100.0
2026-06-13,MFC016,Morning,14.0,14.0,0.0,21476.12,20439.69,6.79,26.88,3.4,2.0,4,4,0,8,3.5,0.0,10,4,71.43
2026-06-13,MFC016,Evening,9.0,9.0,0.0,4642.76,3953.57,5.37,23.38,3.47,3.0,4,4,0,1,2.25,0.0,8,1,88.89
2026-06-13,MFC016,Night,2.0,2.0,0.0,1876.28,1876.28,5.35,19.52,3.35,0.0,3,3,0,4,0.67,0.0,2,0,100.0
2026-06-13,MFC017,Morning,6.0,4.0,2.0,10275.8,6370.87,9.81,31.98,4.08,1.0,3,3,0,2,2.0,33.33,1,3,25.0
2026-06-13,MFC017,Evening,11.0,11.0,0.0,9559.13,9198.28,6.81,25.64,3.54,2.0,4,4,0,2,2.75,0.0,10,1,90.91
2026-06-13,MFC017,Night,3.0,3.0,0.0,1768.9,1768.9,7.25,23.3,3.5,0.0,3,3,0,7,1.0,0.0,3,0,100.0
2026-06-13,MFC018,Morning,7.0,7.0,0.0,11791.59,11791.59,11.22,29.29,3.8,0.0,3,2,1,3,3.5,0.0,3,4,42.86
2026-06-13,MFC018,Evening,5.0,4.0,1.0,6170.2,5333.05,7.32,24.29,3.54,1.0,3,3,0,2,1.67,20.0,4,0,100.0
2026-06-13,MFC018,Night,1.0,1.0,0.0,926.77,926.77,10.56,33.08,2.5,0.0,3,3,0,0,0.33,0.0,0,1,0.0
2026-06-14,MFC001,Morning,1.0,1.0,0.0,1954.28,1954.28,6.08,18.79,3.1,0.0,3,3,0,2,0.33,0.0,1,0,100.0
2026-06-14,MFC001,Evening,11.0,10.0,0.0,6436.99,5622.97,5.53,26.49,3.66,4.0,4,4,0,2,2.75,0.0,8,2,80.0
2026-06-14,MFC001,Night,3.0,3.0,0.0,1957.86,1957.86,4.11,19.29,3.47,0.0,3,3,0,1,1.0,0.0,3,0,100.0
2026-06-14,MFC002,Morning,8.0,8.0,0.0,12716.9,10864.76,6.89,26.3,3.31,3.0,3,3,0,2,2.67,0.0,7,1,87.5
2026-06-14,MFC002,Evening,4.0,4.0,0.0,3867.95,3867.95,7.31,24.47,3.97,0.0,3,3,0,4,1.33,0.0,4,0,100.0
2026-06-14,MFC002,Night,0.0,0.0,0.0,0.0,0.0,,,,0.0,3,3,0,2,0.0,0.0,0,0,0.0
2026-06-14,MFC003,Morning,10.0,10.0,0.0,12739.4,12556.29,5.85,24.57,3.77,1.0,4,3,1,3,3.33,0.0,8,2,80.0
2026-06-14,MFC003,Evening,12.0,10.0,1.0,13239.57,12496.37,7.77,26.38,3.25,3.0,4,4,0,2,3.0,8.33,9,1,90.0
2026-06-14,MFC003,Night,1.0,1.0,0.0,2451.31,2451.31,6.28,15.86,4.9,0.0,3,3,0,4,0.33,0.0,1,0,100.0
2026-06-14,MFC004,Morning,5.0,4.0,0.0,5774.03,5329.11,5.19,24.38,3.12,1.0,3,3,0,1,1.67,0.0,4,0,100.0
2026-06-14,MFC004,Evening,12.0,11.0,1.0,8962.05,7941.56,5.61,23.26,3.5,3.0,4,3,1,3,4.0,8.33,8,3,72.73
2026-06-14,MFC004,Night,0.0,0.0,0.0,0.0,0.0,,,,0.0,3,3,0,4,0.0,0.0,0,0,0.0
2026-06-14,MFC005,Morning,7.0,6.0,1.0,7487.34,7019.53,7.4,25.85,3.48,3.0,3,3,0,2,2.33,14.29,4,2,66.67
2026-06-14,MFC005,Evening,14.0,14.0,0.0,15287.96,14696.71,8.01,26.09,3.19,4.0,4,3,1,1,4.67,0.0,9,5,64.29
2026-06-14,MFC005,Night,0.0,0.0,0.0,0.0,0.0,,,,0.0,3,3,0,1,0.0,0.0,0,0,0.0
2026-06-14,MFC006,Morning,5.0,3.0,2.0,11249.32,7018.91,8.03,25.82,2.8,1.0,3,3,0,3,1.67,40.0,2,1,66.67
2026-06-14,MFC006,Evening,7.0,6.0,1.0,11996.33,11909.0,10.1,30.17,3.23,0.0,3,3,0,3,2.33,14.29,3,3,50.0
2026-06-14,MFC006,Night,2.0,2.0,0.0,1173.35,1173.35,8.09,25.57,3.85,0.0,3,3,0,2,0.67,0.0,2,0,100.0
2026-06-14,MFC007,Morning,7.0,6.0,1.0,4180.93,3691.68,6.25,21.43,3.35,2.0,3,2,1,4,3.5,14.29,5,1,83.33
2026-06-14,MFC007,Evening,7.0,7.0,0.0,7264.99,6889.43,8.34,24.81,3.17,2.0,3,3,0,1,2.33,0.0,6,1,85.71
2026-06-14,MFC007,Night,2.0,1.0,1.0,742.65,742.65,2.0,9.73,3.6,1.0,3,3,0,3,0.67,50.0,1,0,100.0
2026-06-14,MFC008,Morning,4.0,3.0,1.0,2844.23,2844.23,6.12,27.2,3.72,0.0,3,3,0,4,1.33,25.0,2,1,66.67
2026-06-14,MFC008,Evening,11.0,11.0,0.0,21846.86,21479.25,8.32,25.93,3.61,2.0,4,4,0,4,2.75,0.0,6,5,54.55
2026-06-14,MFC008,Night,2.0,2.0,0.0,3484.2,3484.2,4.94,17.13,3.15,0.0,3,3,0,3,0.67,0.0,2,0,100.0
2026-06-14,MFC009,Morning,5.0,5.0,0.0,7089.16,7089.16,6.71,22.74,3.58,0.0,3,3,0,1,1.67,0.0,4,1,80.0
2026-06-14,MFC009,Evening,4.0,4.0,0.0,10830.81,10766.86,10.54,25.81,3.1,0.0,3,3,0,1,1.33,0.0,3,1,75.0
2026-06-14,MFC009,Night,1.0,1.0,0.0,1224.08,1020.07,10.79,26.19,3.1,1.0,3,3,0,5,0.33,0.0,1,0,100.0
2026-06-14,MFC010,Morning,7.0,7.0,0.0,6374.48,5898.5,7.1,23.7,3.36,3.0,3,3,0,3,2.33,0.0,7,0,100.0
2026-06-14,MFC010,Evening,7.0,6.0,1.0,8549.36,8159.0,6.2,25.33,3.26,0.0,3,3,0,2,2.33,14.29,5,1,83.33
2026-06-14,MFC010,Night,0.0,0.0,0.0,0.0,0.0,,,,0.0,3,3,0,3,0.0,0.0,0,0,0.0
2026-06-14,MFC011,Morning,9.0,9.0,0.0,11843.99,11387.95,6.97,22.31,3.33,3.0,4,4,0,5,2.25,0.0,9,0,100.0
2026-06-14,MFC011,Evening,8.0,7.0,1.0,11476.68,10735.33,8.84,28.29,3.53,1.0,3,3,0,1,2.67,12.5,4,3,57.14
2026-06-14,MFC011,Night,1.0,1.0,0.0,1806.82,1642.56,12.26,33.79,2.6,1.0,3,2,1,2,0.5,0.0,1,0,100.0
2026-06-14,MFC012,Morning,7.0,6.0,1.0,8650.68,6948.72,8.34,26.97,3.67,0.0,3,3,0,3,2.33,14.29,4,2,66.67
2026-06-14,MFC012,Evening,8.0,7.0,1.0,9908.04,8462.42,8.22,27.49,3.6,1.0,3,3,0,2,2.67,12.5,3,4,42.86
2026-06-14,MFC012,Night,1.0,1.0,0.0,540.78,540.78,6.48,30.69,3.2,0.0,3,3,0,1,0.33,0.0,1,0,100.0
2026-06-14,MFC013,Morning,4.0,4.0,0.0,4522.84,4522.84,7.25,22.59,3.12,0.0,3,3,0,3,1.33,0.0,3,1,75.0
2026-06-14,MFC013,Evening,12.0,10.0,1.0,10194.49,9021.36,6.85,22.97,3.81,2.0,4,4,0,4,3.0,8.33,9,1,90.0
2026-06-14,MFC013,Night,1.0,1.0,0.0,187.04,187.04,2.0,13.68,3.2,0.0,3,3,0,7,0.33,0.0,1,0,100.0
2026-06-14,MFC014,Morning,2.0,2.0,0.0,979.21,979.21,7.15,27.43,2.55,0.0,3,2,1,2,1.0,0.0,1,1,50.0
2026-06-14,MFC014,Evening,6.0,6.0,0.0,6085.79,6085.79,6.43,23.21,3.63,0.0,3,3,0,2,2.0,0.0,6,0,100.0
2026-06-14,MFC014,Night,1.0,1.0,0.0,912.58,912.58,5.02,25.22,3.8,0.0,3,2,1,3,0.5,0.0,1,0,100.0
2026-06-14,MFC015,Morning,8.0,7.0,1.0,9031.41,3037.15,4.47,22.89,3.41,3.0,3,2,1,2,4.0,12.5,7,0,100.0
2026-06-14,MFC015,Evening,11.0,10.0,1.0,10678.15,9602.77,7.22,23.51,3.58,1.0,4,4,0,7,2.75,9.09,7,3,70.0
2026-06-14,MFC015,Night,2.0,2.0,0.0,892.47,892.47,4.98,19.62,4.6,0.0,3,3,0,3,0.67,0.0,2,0,100.0
2026-06-14,MFC016,Morning,8.0,6.0,2.0,5178.65,4528.72,5.58,25.61,3.7,2.0,3,3,0,3,2.67,25.0,5,1,83.33
2026-06-14,MFC016,Evening,15.0,14.0,1.0,15514.27,14994.35,5.8,21.93,3.72,2.0,4,3,1,2,5.0,6.67,14,0,100.0
2026-06-14,MFC016,Night,1.0,1.0,0.0,636.79,636.79,4.24,11.65,3.4,0.0,3,3,0,4,0.33,0.0,1,0,100.0
2026-06-14,MFC017,Morning,7.0,7.0,0.0,4666.12,4666.12,7.23,25.91,3.53,0.0,3,2,1,1,3.5,0.0,6,1,85.71
2026-06-14,MFC017,Evening,12.0,12.0,0.0,10400.22,10332.25,7.06,26.48,3.75,1.0,4,4,0,2,3.0,0.0,11,1,91.67
2026-06-14,MFC017,Night,4.0,4.0,0.0,3953.36,3340.61,6.24,22.48,3.48,1.0,3,3,0,4,1.33,0.0,3,1,75.0
2026-06-14,MFC018,Morning,0.0,0.0,0.0,0.0,0.0,,,,0.0,3,3,0,3,0.0,0.0,0,0,0.0
2026-06-14,MFC018,Evening,7.0,7.0,0.0,8817.28,8749.76,7.23,24.6,3.19,1.0,3,3,0,2,2.33,0.0,6,1,85.71
2026-06-14,MFC018,Night,1.0,1.0,0.0,278.84,278.84,2.0,15.73,4.5,0.0,3,3,0,4,0.33,0.0,1,0,100.0
2026-06-15,MFC001,Morning,2.0,2.0,0.0,6414.97,6414.97,11.32,30.14,3.45,0.0,3,3,0,2,0.67,0.0,1,1,50.0
2026-06-15,MFC001,Evening,12.0,11.0,1.0,12970.01,10295.75,6.18,23.5,3.45,2.0,4,4,0,1,3.0,8.33,10,1,90.91
2026-06-15,MFC001,Night,1.0,1.0,0.0,769.46,769.46,5.41,17.81,3.5,0.0,3,3,0,1,0.33,0.0,1,0,100.0
2026-06-15,MFC002,Morning,3.0,3.0,0.0,2726.36,2726.36,7.6,28.08,3.1,0.0,3,3,0,0,1.0,0.0,3,0,100.0
2026-06-15,MFC002,Evening,6.0,6.0,0.0,7698.95,7698.95,8.6,28.14,3.6,0.0,3,3,0,1,2.0,0.0,5,1,83.33
2026-06-15,MFC002,Night,2.0,2.0,0.0,4052.89,4052.89,8.91,25.51,4.1,0.0,3,3,0,2,0.67,0.0,2,0,100.0
2026-06-15,MFC003,Morning,10.0,10.0,0.0,7479.52,7246.85,6.35,21.38,3.96,1.0,4,4,0,2,2.5,0.0,10,0,100.0
2026-06-15,MFC003,Evening,8.0,7.0,1.0,10062.91,7881.79,7.22,22.87,3.64,1.0,3,3,0,1,2.67,12.5,5,2,71.43
2026-06-15,MFC003,Night,2.0,2.0,0.0,1649.66,486.78,5.36,33.48,2.8,0.0,3,3,0,50,0.67,0.0,2,0,100.0
2026-06-15,MFC004,Morning,7.0,6.0,1.0,6955.47,5053.87,7.41,22.71,4.1,1.0,3,3,0,4,2.33,14.29,5,1,83.33
2026-06-15,MFC004,Evening,6.0,5.0,1.0,6662.78,5871.32,7.3,29.09,3.23,2.0,3,3,0,4,2.0,16.67,4,1,80.0
2026-06-15,MFC004,Night,1.0,1.0,0.0,142.23,142.23,4.18,10.69,3.2,0.0,3,3,0,3,0.33,0.0,1,0,100.0
2026-06-15,MFC005,Morning,9.0,9.0,0.0,16629.24,16087.86,10.36,27.79,3.59,2.0,4,4,0,1,2.25,0.0,6,3,66.67
2026-06-15,MFC005,Evening,16.0,12.0,3.0,23709.19,18672.51,8.56,27.68,3.5,6.0,4,4,0,0,4.0,18.75,9,3,75.0
2026-06-15,MFC005,Night,2.0,2.0,0.0,1744.45,1744.45,6.22,25.32,4.05,0.0,3,3,0,3,0.67,0.0,1,1,50.0
2026-06-15,MFC006,Morning,6.0,6.0,0.0,8500.4,8500.4,9.88,25.84,3.95,0.0,3,3,0,3,2.0,0.0,4,2,66.67
2026-06-15,MFC006,Evening,9.0,8.0,1.0,8180.95,7838.62,8.62,25.51,3.9,1.0,4,4,0,4,2.25,11.11,5,3,62.5
2026-06-15,MFC006,Night,0.0,0.0,0.0,0.0,0.0,,,,0.0,3,3,0,1,0.0,0.0,0,0,0.0
2026-06-15,MFC007,Morning,7.0,7.0,0.0,7321.28,7195.06,6.54,22.96,3.91,1.0,3,3,0,0,2.33,0.0,6,1,85.71
2026-06-15,MFC007,Evening,5.0,4.0,1.0,9651.47,8674.32,7.4,26.08,2.86,1.0,3,3,0,2,1.67,20.0,3,1,75.0
2026-06-15,MFC007,Night,0.0,0.0,0.0,0.0,0.0,,,,0.0,3,3,0,2,0.0,0.0,0,0,0.0
2026-06-15,MFC008,Morning,8.0,6.0,2.0,7600.64,6655.8,6.44,21.25,3.85,0.0,3,3,0,1,2.67,25.0,6,0,100.0
2026-06-15,MFC008,Evening,9.0,8.0,1.0,9895.42,9362.25,7.66,25.91,3.49,2.0,4,3,1,7,3.0,11.11,7,1,87.5
2026-06-15,MFC008,Night,0.0,0.0,0.0,0.0,0.0,,,,0.0,3,3,0,6,0.0,0.0,0,0,0.0
2026-06-15,MFC009,Morning,6.0,6.0,0.0,2381.16,2130.88,6.42,21.69,3.48,2.0,3,3,0,2,2.0,0.0,6,0,100.0
2026-06-15,MFC009,Evening,8.0,8.0,0.0,8569.84,5802.79,7.69,26.56,3.88,2.0,3,3,0,4,2.67,0.0,6,2,75.0
2026-06-15,MFC009,Night,2.0,2.0,0.0,1413.84,1196.62,5.74,22.7,2.9,0.0,3,3,0,0,0.67,0.0,2,0,100.0
2026-06-15,MFC010,Morning,8.0,8.0,0.0,11112.72,10944.56,7.0,23.5,3.25,2.0,3,3,0,5,2.67,0.0,6,2,75.0
2026-06-15,MFC010,Evening,7.0,6.0,1.0,5832.68,4526.39,7.52,24.39,3.62,0.0,3,2,1,4,3.5,14.29,4,2,66.67
2026-06-15,MFC010,Night,2.0,1.0,0.0,1447.92,1447.92,5.99,20.26,4.2,0.0,3,3,0,3,0.67,0.0,1,0,100.0
2026-06-15,MFC011,Morning,8.0,8.0,0.0,13046.8,12953.6,8.93,27.13,3.6,1.0,3,3,0,2,2.67,0.0,6,2,75.0
2026-06-15,MFC011,Evening,10.0,10.0,0.0,13878.24,13386.84,7.52,27.07,3.61,3.0,4,3,1,1,3.33,0.0,8,2,80.0
2026-06-15,MFC011,Night,4.0,4.0,0.0,6747.62,6747.62,6.04,23.01,3.48,0.0,3,3,0,2,1.33,0.0,4,0,100.0
2026-06-15,MFC012,Morning,1.0,1.0,0.0,1820.16,1820.16,6.56,24.31,3.1,0.0,3,2,1,7,0.5,0.0,1,0,100.0
2026-06-15,MFC012,Evening,9.0,8.0,1.0,9395.79,9362.13,7.94,25.58,3.75,0.0,4,4,0,2,2.25,11.11,5,3,62.5
2026-06-15,MFC012,Night,0.0,0.0,0.0,0.0,0.0,,,,0.0,3,3,0,3,0.0,0.0,0,0,0.0
2026-06-15,MFC013,Morning,7.0,4.0,2.0,4960.08,3153.78,6.71,27.99,3.48,0.0,3,3,0,4,2.33,28.57,2,2,50.0
2026-06-15,MFC013,Evening,9.0,9.0,0.0,6924.2,6924.2,4.56,23.02,3.86,0.0,4,4,0,2,2.25,0.0,9,0,100.0
2026-06-15,MFC013,Night,2.0,2.0,0.0,5148.54,5148.54,6.26,20.52,2.9,0.0,3,3,0,1,0.67,0.0,2,0,100.0
2026-06-15,MFC014,Morning,2.0,2.0,0.0,3722.65,3722.65,7.28,26.87,4.45,0.0,3,2,1,59,1.0,0.0,2,0,100.0
2026-06-15,MFC014,Evening,3.0,3.0,0.0,1489.45,1397.75,8.18,27.11,3.37,1.0,3,3,0,5,1.0,0.0,3,0,100.0
2026-06-15,MFC014,Night,1.0,1.0,0.0,329.05,329.05,4.8,23.16,4.4,0.0,3,2,1,2,0.5,0.0,1,0,100.0
2026-06-15,MFC015,Morning,5.0,5.0,0.0,7818.44,7818.44,7.05,24.36,3.72,0.0,3,3,0,4,1.67,0.0,4,1,80.0
2026-06-15,MFC015,Evening,8.0,6.0,2.0,12576.85,6523.59,8.08,24.42,2.96,1.0,3,3,0,1,2.67,25.0,4,2,66.67
2026-06-15,MFC015,Night,1.0,1.0,0.0,963.39,963.39,4.89,19.42,3.5,0.0,3,3,0,2,0.33,0.0,1,0,100.0
2026-06-15,MFC016,Morning,4.0,4.0,0.0,3398.45,3372.66,6.26,26.12,3.75,1.0,3,3,0,4,1.33,0.0,4,0,100.0
2026-06-15,MFC016,Evening,11.0,10.0,1.0,17642.02,16985.71,7.95,25.01,3.52,2.0,4,4,0,3,2.75,9.09,8,2,80.0
2026-06-15,MFC016,Night,1.0,1.0,0.0,541.48,541.48,9.86,32.98,3.0,0.0,3,3,0,3,0.33,0.0,1,0,100.0
2026-06-15,MFC017,Morning,11.0,10.0,1.0,9641.23,8652.24,7.21,25.2,3.31,3.0,4,4,0,0,2.75,9.09,9,1,90.0
2026-06-15,MFC017,Evening,11.0,11.0,0.0,13942.54,13473.15,9.05,27.39,3.17,2.0,4,4,0,2,2.75,0.0,8,3,72.73
2026-06-15,MFC017,Night,4.0,3.0,1.0,5981.68,1987.21,4.67,23.07,3.67,0.0,3,3,0,0,1.33,25.0,3,0,100.0
2026-06-15,MFC018,Morning,7.0,7.0,0.0,9658.05,9432.42,8.4,28.19,3.5,1.0,3,2,1,2,3.5,0.0,4,3,57.14
2026-06-15,MFC018,Evening,4.0,3.0,1.0,6431.08,5796.03,10.01,25.35,3.22,0.0,3,3,0,0,1.33,25.0,2,1,66.67
2026-06-15,MFC018,Night,3.0,2.0,1.0,5833.72,4663.47,7.59,24.51,3.55,2.0,3,3,0,0,1.0,33.33,2,0,100.0
2026-06-16,MFC001,Morning,4.0,3.0,0.0,5024.55,5024.55,8.46,23.14,4.37,0.0,3,3,0,2,1.33,0.0,3,0,100.0
2026-06-16,MFC001,Evening,10.0,10.0,0.0,6009.67,5635.58,5.18,22.21,3.36,1.0,4,4,0,3,2.5,0.0,9,1,90.0
2026-06-16,MFC001,Night,0.0,0.0,0.0,0.0,0.0,,,,0.0,3,3,0,1,0.0,0.0,0,0,0.0
2026-06-16,MFC002,Morning,5.0,5.0,0.0,3481.95,3481.95,9.47,27.0,3.96,0.0,3,3,0,4,1.67,0.0,4,1,80.0
2026-06-16,MFC002,Evening,2.0,2.0,0.0,3015.79,3015.79,10.07,40.93,3.85,0.0,3,3,0,2,0.67,0.0,1,1,50.0
2026-06-16,MFC002,Night,2.0,2.0,0.0,2268.05,2268.05,9.34,27.44,3.85,0.0,3,3,0,4,0.67,0.0,1,1,50.0
2026-06-16,MFC003,Morning,3.0,2.0,1.0,2037.34,227.29,4.62,18.33,2.87,0.0,3,3,0,4,1.0,33.33,2,0,100.0
2026-06-16,MFC003,Evening,8.0,8.0,0.0,8365.11,8180.35,6.73,23.7,3.44,1.0,3,3,0,5,2.67,0.0,7,1,87.5
2026-06-16,MFC003,Night,1.0,1.0,0.0,504.51,504.51,5.29,23.41,2.6,0.0,3,3,0,1,0.33,0.0,1,0,100.0
2026-06-16,MFC004,Morning,5.0,5.0,0.0,4777.79,4777.79,7.06,25.23,3.86,0.0,3,3,0,4,1.67,0.0,4,1,80.0
2026-06-16,MFC004,Evening,6.0,6.0,0.0,9141.96,9141.96,8.49,29.53,3.85,0.0,3,3,0,4,2.0,0.0,4,2,66.67
2026-06-16,MFC004,Night,1.0,1.0,0.0,260.52,260.52,8.96,24.21,3.1,0.0,3,2,1,1,0.5,0.0,1,0,100.0
2026-06-16,MFC005,Morning,5.0,5.0,0.0,5128.82,4198.82,8.39,27.95,3.02,2.0,3,3,0,5,1.67,0.0,3,2,60.0
2026-06-16,MFC005,Evening,9.0,9.0,0.0,7459.26,7297.02,8.13,30.63,3.9,1.0,4,4,0,1,2.25,0.0,6,3,66.67
2026-06-16,MFC005,Night,1.0,1.0,0.0,140.21,140.21,2.25,17.22,3.1,0.0,3,3,0,3,0.33,0.0,1,0,100.0
2026-06-16,MFC006,Morning,5.0,5.0,0.0,3178.94,3178.94,5.81,18.84,3.82,0.0,3,2,1,5,2.5,0.0,5,0,100.0
2026-06-16,MFC006,Evening,5.0,3.0,2.0,5789.03,3225.76,10.39,34.93,3.87,2.0,3,3,0,4,1.67,40.0,3,0,100.0
2026-06-16,MFC006,Night,1.0,1.0,0.0,615.92,615.92,5.42,24.14,4.2,0.0,3,3,0,4,0.33,0.0,1,0,100.0
2026-06-16,MFC007,Morning,5.0,5.0,0.0,2655.83,2655.83,4.54,22.27,3.42,0.0,3,3,0,2,1.67,0.0,4,1,80.0
2026-06-16,MFC007,Evening,5.0,5.0,0.0,5453.55,5453.55,6.36,23.03,3.86,0.0,3,3,0,2,1.67,0.0,3,2,60.0
2026-06-16,MFC007,Night,1.0,1.0,0.0,1648.99,1236.74,5.46,23.61,4.2,1.0,3,3,0,2,0.33,0.0,1,0,100.0
2026-06-16,MFC008,Morning,13.0,12.0,1.0,16256.1,15675.76,5.08,21.75,3.83,2.0,4,4,0,4,3.25,7.69,12,0,100.0
2026-06-16,MFC008,Evening,3.0,3.0,0.0,1974.97,1974.97,5.2,19.64,3.1,0.0,3,3,0,2,1.0,0.0,3,0,100.0
2026-06-16,MFC008,Night,1.0,1.0,0.0,424.97,424.97,6.88,15.17,4.7,0.0,3,3,0,3,0.33,0.0,1,0,100.0
2026-06-16,MFC009,Morning,3.0,3.0,0.0,1406.36,1406.36,7.53,20.23,3.73,0.0,3,3,0,1,1.0,0.0,3,0,100.0
2026-06-16,MFC009,Evening,4.0,4.0,0.0,5182.26,5182.26,5.89,22.64,3.8,0.0,3,3,0,4,1.33,0.0,4,0,100.0
2026-06-16,MFC009,Night,1.0,1.0,0.0,3815.05,3815.05,10.25,26.04,3.2,0.0,3,3,0,4,0.33,0.0,1,0,100.0
2026-06-16,MFC010,Morning,7.0,7.0,0.0,4500.32,4500.32,6.97,22.78,3.27,0.0,3,3,0,2,2.33,0.0,6,1,85.71
2026-06-16,MFC010,Evening,4.0,4.0,0.0,4660.11,4660.11,6.2,25.08,3.62,0.0,3,2,1,6,2.0,0.0,3,1,75.0
2026-06-16,MFC010,Night,0.0,0.0,0.0,0.0,0.0,,,,0.0,3,3,0,4,0.0,0.0,0,0,0.0
2026-06-16,MFC011,Morning,6.0,6.0,0.0,5997.94,5800.42,7.34,26.16,3.4,1.0,3,3,0,2,2.0,0.0,6,0,100.0
2026-06-16,MFC011,Evening,14.0,13.0,1.0,14749.12,13789.91,7.37,29.21,3.46,1.0,4,4,0,2,3.5,7.14,9,4,69.23
2026-06-16,MFC011,Night,6.0,6.0,0.0,5165.58,5165.58,7.62,28.48,3.78,0.0,3,3,0,3,2.0,0.0,6,0,100.0
2026-06-16,MFC012,Morning,3.0,3.0,0.0,3899.42,3899.42,6.35,19.23,4.07,0.0,3,3,0,0,1.0,0.0,3,0,100.0
2026-06-16,MFC012,Evening,4.0,4.0,0.0,6591.83,6103.81,7.67,26.91,3.32,1.0,3,3,0,4,1.33,0.0,3,1,75.0
2026-06-16,MFC012,Night,1.0,1.0,0.0,4288.62,4288.62,10.66,28.33,3.5,0.0,3,2,1,4,0.5,0.0,0,1,0.0
2026-06-16,MFC013,Morning,7.0,7.0,0.0,10311.92,10149.74,7.94,27.92,3.79,1.0,3,2,1,3,3.5,0.0,5,2,71.43
2026-06-16,MFC013,Evening,10.0,10.0,0.0,11801.81,11183.2,8.2,25.98,3.58,1.0,4,4,0,3,2.5,0.0,7,3,70.0
2026-06-16,MFC013,Night,3.0,3.0,0.0,2366.69,2366.69,6.95,23.31,3.53,0.0,3,3,0,2,1.0,0.0,3,0,100.0
2026-06-16,MFC014,Morning,2.0,2.0,0.0,2226.24,2226.24,6.58,24.66,3.95,0.0,3,3,0,1,0.67,0.0,2,0,100.0
2026-06-16,MFC014,Evening,13.0,12.0,0.0,13310.02,13068.73,7.29,25.12,3.43,1.0,4,3,1,3,4.33,0.0,10,2,83.33
2026-06-16,MFC014,Night,1.0,1.0,0.0,353.0,353.0,3.5,27.07,4.4,0.0,3,3,0,2,0.33,0.0,1,0,100.0
2026-06-16,MFC015,Morning,8.0,7.0,1.0,7190.39,6522.85,6.75,24.68,3.55,0.0,3,3,0,1,2.67,12.5,6,1,85.71
2026-06-16,MFC015,Evening,8.0,8.0,0.0,11086.22,10290.01,5.52,24.82,3.58,1.0,3,3,0,3,2.67,0.0,7,1,87.5
2026-06-16,MFC015,Night,2.0,2.0,0.0,1604.97,1604.97,7.12,25.84,4.0,0.0,3,3,0,3,0.67,0.0,1,1,50.0
2026-06-16,MFC016,Morning,4.0,4.0,0.0,4423.81,4423.81,6.83,24.38,3.6,0.0,3,3,0,3,1.33,0.0,3,1,75.0
2026-06-16,MFC016,Evening,13.0,12.0,0.0,14255.92,13762.11,6.0,23.08,3.57,2.0,4,4,0,1,3.25,0.0,10,2,83.33
2026-06-16,MFC016,Night,1.0,1.0,0.0,2929.6,2929.6,4.84,17.36,3.8,0.0,3,3,0,0,0.33,0.0,1,0,100.0
2026-06-16,MFC017,Morning,7.0,7.0,0.0,5979.81,5834.93,4.92,20.79,3.9,1.0,3,3,0,4,2.33,0.0,6,1,85.71
2026-06-16,MFC017,Evening,10.0,9.0,1.0,15129.18,14264.14,7.72,29.13,3.49,1.0,4,3,1,6,3.33,10.0,7,2,77.78
2026-06-16,MFC017,Night,2.0,2.0,0.0,4061.73,4061.73,8.42,20.3,3.55,0.0,3,3,0,5,0.67,0.0,2,0,100.0
2026-06-16,MFC018,Morning,5.0,4.0,1.0,7677.0,4768.48,6.24,28.0,3.56,0.0,3,2,1,1,2.5,20.0,3,1,75.0
2026-06-16,MFC018,Evening,3.0,3.0,0.0,2621.77,2621.77,6.87,20.55,3.57,0.0,3,3,0,0,1.0,0.0,3,0,100.0
2026-06-16,MFC018,Night,0.0,0.0,0.0,0.0,0.0,,,,0.0,3,3,0,4,0.0,0.0,0,0,0.0
2026-06-17,MFC001,Morning,4.0,2.0,2.0,2710.41,773.59,5.42,24.56,3.3,0.0,3,3,0,3,1.33,50.0,2,0,100.0
2026-06-17,MFC001,Evening,12.0,12.0,0.0,12813.66,11257.54,7.1,24.64,3.28,4.0,4,4,0,2,3.0,0.0,9,3,75.0
2026-06-17,MFC001,Night,1.0,1.0,0.0,704.44,704.44,9.5,20.44,3.5,0.0,3,2,1,4,0.5,0.0,1,0,100.0
2026-06-17,MFC002,Morning,3.0,2.0,0.0,2082.63,1846.71,5.2,16.13,3.6,1.0,3,2,1,2,1.5,0.0,2,0,100.0
2026-06-17,MFC002,Evening,5.0,4.0,1.0,7925.65,6961.16,7.63,23.24,4.12,0.0,3,3,0,1,1.67,20.0,4,0,100.0
2026-06-17,MFC002,Night,1.0,1.0,0.0,564.65,564.65,7.25,18.92,4.6,0.0,3,3,0,3,0.33,0.0,1,0,100.0
2026-06-17,MFC003,Morning,5.0,5.0,0.0,8935.41,8124.66,7.8,25.17,3.66,2.0,3,3,0,4,1.67,0.0,3,2,60.0
2026-06-17,MFC003,Evening,13.0,12.0,1.0,9644.2,9274.06,5.51,22.12,3.63,3.0,4,4,0,0,3.25,7.69,12,0,100.0
2026-06-17,MFC003,Night,1.0,1.0,0.0,208.69,208.69,3.0,19.54,3.6,0.0,3,3,0,4,0.33,0.0,1,0,100.0
2026-06-17,MFC004,Morning,2.0,2.0,0.0,1031.54,1031.54,5.04,17.4,3.65,0.0,3,2,1,4,1.0,0.0,2,0,100.0
2026-06-17,MFC004,Evening,4.0,4.0,0.0,4456.52,4456.52,7.58,24.09,3.72,0.0,3,3,0,1,1.33,0.0,3,1,75.0
2026-06-17,MFC004,Night,2.0,2.0,0.0,3489.56,3489.56,8.49,20.86,4.0,0.0,3,3,0,5,0.67,0.0,2,0,100.0
2026-06-17,MFC005,Morning,10.0,10.0,0.0,10816.13,8241.1,8.89,25.55,3.72,0.0,4,4,0,2,2.5,0.0,7,3,70.0
2026-06-17,MFC005,Evening,9.0,9.0,0.0,13530.18,13326.51,7.72,24.66,3.48,1.0,4,4,0,2,2.25,0.0,7,2,77.78
2026-06-17,MFC005,Night,3.0,3.0,0.0,5505.05,5288.35,8.62,23.6,3.47,1.0,3,3,0,2,1.0,0.0,3,0,100.0
2026-06-17,MFC006,Morning,6.0,6.0,0.0,12818.64,12818.64,9.29,28.25,3.63,0.0,3,3,0,1,2.0,0.0,4,2,66.67
2026-06-17,MFC006,Evening,5.0,5.0,0.0,8441.6,8441.6,6.81,24.52,3.9,0.0,3,2,1,2,2.5,0.0,5,0,100.0
2026-06-17,MFC006,Night,0.0,0.0,0.0,0.0,0.0,,,,0.0,3,3,0,2,0.0,0.0,0,0,0.0
2026-06-17,MFC007,Morning,10.0,9.0,1.0,12711.55,11677.31,7.27,26.75,3.7,1.0,4,4,0,1,2.5,10.0,4,5,44.44
2026-06-17,MFC007,Evening,9.0,9.0,0.0,14565.51,14565.51,7.74,27.66,3.54,0.0,4,3,1,0,3.0,0.0,8,1,88.89
2026-06-17,MFC007,Night,0.0,0.0,0.0,0.0,0.0,,,,0.0,3,2,1,0,0.0,0.0,0,0,0.0
2026-06-17,MFC008,Morning,8.0,8.0,0.0,9613.5,9613.5,5.21,21.96,3.62,0.0,3,3,0,25,2.67,0.0,8,0,100.0
2026-06-17,MFC008,Evening,10.0,10.0,0.0,12265.83,12265.83,5.65,23.09,3.93,0.0,4,4,0,3,2.5,0.0,10,0,100.0
2026-06-17,MFC008,Night,0.0,0.0,0.0,0.0,0.0,,,,0.0,3,3,0,1,0.0,0.0,0,0,0.0
2026-06-17,MFC009,Morning,5.0,4.0,1.0,7133.02,5266.67,5.58,22.67,2.9,0.0,3,3,0,3,1.67,20.0,4,0,100.0
2026-06-17,MFC009,Evening,3.0,3.0,0.0,4613.0,4613.0,6.86,32.08,3.77,0.0,3,3,0,2,1.0,0.0,2,1,66.67
2026-06-17,MFC009,Night,2.0,2.0,0.0,2169.12,2169.12,3.0,18.4,4.2,0.0,3,3,0,3,0.67,0.0,2,0,100.0
2026-06-17,MFC010,Morning,3.0,3.0,0.0,1608.19,1608.19,6.14,21.94,3.8,0.0,3,2,1,3,1.5,0.0,3,0,100.0
2026-06-17,MFC010,Evening,5.0,5.0,0.0,5085.65,4983.03,7.46,26.26,3.72,1.0,3,3,0,1,1.67,0.0,4,1,80.0
2026-06-17,MFC010,Night,1.0,1.0,0.0,1753.92,1753.92,5.9,17.6,3.0,0.0,3,2,1,1,0.5,0.0,1,0,100.0
2026-06-17,MFC011,Morning,5.0,5.0,0.0,4010.9,3706.93,7.25,24.83,3.02,2.0,3,3,0,1,1.67,0.0,4,1,80.0
2026-06-17,MFC011,Evening,9.0,8.0,1.0,13937.15,11976.44,8.73,27.7,2.97,1.0,4,3,1,2,3.0,11.11,6,2,75.0
2026-06-17,MFC011,Night,2.0,2.0,0.0,1771.37,431.37,6.76,18.66,2.95,0.0,3,2,1,3,1.0,0.0,2,0,100.0
2026-06-17,MFC012,Morning,2.0,2.0,0.0,6199.31,6199.31,6.7,18.4,3.65,0.0,3,3,0,4,0.67,0.0,2,0,100.0
2026-06-17,MFC012,Evening,8.0,8.0,0.0,8763.19,8269.84,7.83,24.87,3.66,0.0,3,2,1,6,4.0,0.0,7,1,87.5
2026-06-17,MFC012,Night,0.0,0.0,0.0,0.0,0.0,,,,0.0,3,3,0,2,0.0,0.0,0,0,0.0
2026-06-17,MFC013,Morning,3.0,3.0,0.0,6569.26,6569.26,6.06,18.44,4.2,0.0,3,3,0,1,1.0,0.0,3,0,100.0
2026-06-17,MFC013,Evening,9.0,7.0,1.0,9686.76,6833.18,6.33,23.28,3.63,2.0,4,4,0,5,2.25,11.11,7,0,100.0
2026-06-17,MFC013,Night,4.0,4.0,0.0,3443.81,3443.81,4.49,18.21,3.6,0.0,3,3,0,2,1.33,0.0,4,0,100.0
2026-06-17,MFC014,Morning,3.0,3.0,0.0,2832.48,2713.23,7.17,19.93,4.23,1.0,3,2,1,2,1.5,0.0,3,0,100.0
2026-06-17,MFC014,Evening,2.0,2.0,0.0,1627.55,1627.55,8.46,22.44,3.1,0.0,3,3,0,2,0.67,0.0,2,0,100.0
2026-06-17,MFC014,Night,1.0,1.0,0.0,1896.81,1896.81,7.65,32.35,3.2,0.0,3,3,0,2,0.33,0.0,1,0,100.0
2026-06-17,MFC015,Morning,7.0,7.0,0.0,5441.63,5320.93,6.94,25.1,3.43,1.0,3,3,0,5,2.33,0.0,6,1,85.71
2026-06-17,MFC015,Evening,11.0,11.0,0.0,15815.73,15815.73,8.58,27.89,3.69,0.0,4,4,0,3,2.75,0.0,7,4,63.64
2026-06-17,MFC015,Night,1.0,1.0,0.0,370.86,370.86,5.13,19.47,3.7,0.0,3,3,0,1,0.33,0.0,1,0,100.0
2026-06-17,MFC016,Morning,4.0,4.0,0.0,5695.82,5386.49,6.62,22.98,3.28,1.0,3,3,0,1,1.33,0.0,4,0,100.0
2026-06-17,MFC016,Evening,8.0,8.0,0.0,6960.59,6781.82,6.87,23.84,3.52,1.0,3,3,0,0,2.67,0.0,8,0,100.0
2026-06-17,MFC016,Night,0.0,0.0,0.0,0.0,0.0,,,,0.0,3,3,0,3,0.0,0.0,0,0,0.0
2026-06-17,MFC017,Morning,7.0,7.0,0.0,6658.26,5959.52,8.8,29.49,3.21,1.0,3,2,1,2,3.5,0.0,6,1,85.71
2026-06-17,MFC017,Evening,12.0,10.0,2.0,11011.89,8438.52,5.08,22.44,3.29,1.0,4,3,1,2,4.0,16.67,7,3,70.0
2026-06-17,MFC017,Night,2.0,2.0,0.0,845.54,845.54,5.38,26.7,4.55,0.0,3,3,0,1,0.67,0.0,2,0,100.0
2026-06-17,MFC018,Morning,2.0,2.0,0.0,2516.48,2070.15,12.17,28.24,3.65,1.0,3,3,0,0,0.67,0.0,1,1,50.0
2026-06-17,MFC018,Evening,5.0,3.0,2.0,4791.79,3664.34,8.18,27.05,3.33,0.0,3,2,1,4,2.5,40.0,2,1,66.67
2026-06-17,MFC018,Night,1.0,1.0,0.0,442.1,442.1,8.43,19.61,4.7,0.0,3,3,0,3,0.33,0.0,1,0,100.0
2026-06-18,MFC001,Morning,9.0,9.0,0.0,9743.81,9743.81,5.49,23.67,3.31,0.0,4,4,0,4,2.25,0.0,8,1,88.89
2026-06-18,MFC001,Evening,11.0,10.0,1.0,15178.94,14151.88,6.25,21.2,3.7,0.0,4,4,0,0,2.75,9.09,9,1,90.0
2026-06-18,MFC001,Night,2.0,2.0,0.0,3339.05,3339.05,8.86,24.82,4.3,0.0,3,2,1,3,1.0,0.0,1,1,50.0
2026-06-18,MFC002,Morning,4.0,3.0,1.0,1964.51,1685.56,7.3,24.58,3.5,0.0,3,3,0,2,1.33,25.0,2,1,66.67
2026-06-18,MFC002,Evening,5.0,5.0,0.0,5756.87,5756.87,9.76,28.73,3.76,0.0,3,3,0,3,1.67,0.0,3,2,60.0
2026-06-18,MFC002,Night,2.0,2.0,0.0,883.09,750.84,8.5,26.95,3.75,1.0,3,3,0,3,0.67,0.0,2,0,100.0
2026-06-18,MFC003,Morning,2.0,2.0,0.0,1176.86,1176.86,4.54,27.94,4.15,0.0,3,3,0,3,0.67,0.0,2,0,100.0
2026-06-18,MFC003,Evening,11.0,8.0,2.0,11089.03,8204.11,5.16,20.7,3.77,2.0,4,4,0,2,2.75,18.18,7,1,87.5
2026-06-18,MFC003,Night,3.0,3.0,0.0,2243.59,2243.59,5.23,19.83,3.1,0.0,3,3,0,1,1.0,0.0,3,0,100.0
2026-06-18,MFC004,Morning,10.0,10.0,0.0,14895.47,14829.76,8.57,25.86,3.7,1.0,4,4,0,3,2.5,0.0,9,1,90.0
2026-06-18,MFC004,Evening,3.0,3.0,0.0,5323.87,5012.87,7.88,29.04,3.6,2.0,3,3,0,3,1.0,0.0,2,1,66.67
2026-06-18,MFC004,Night,3.0,3.0,0.0,4170.34,4170.34,8.71,22.69,3.87,0.0,3,3,0,1,1.0,0.0,3,0,100.0
2026-06-18,MFC005,Morning,8.0,8.0,0.0,4176.0,4047.92,6.8,21.7,3.39,1.0,3,3,0,0,2.67,0.0,6,2,75.0
2026-06-18,MFC005,Evening,9.0,9.0,0.0,10973.04,10676.63,7.97,25.04,3.54,1.0,4,3,1,1,3.0,0.0,6,3,66.67
2026-06-18,MFC005,Night,1.0,1.0,0.0,1217.53,1217.53,10.01,26.58,4.1,0.0,3,2,1,0,0.5,0.0,1,0,100.0
2026-06-18,MFC006,Morning,3.0,3.0,0.0,5234.27,5234.27,7.18,28.86,3.77,0.0,3,2,1,5,1.5,0.0,1,2,33.33
2026-06-18,MFC006,Evening,0.0,0.0,0.0,0.0,0.0,,,,0.0,3,2,1,2,0.0,0.0,0,0,0.0
2026-06-18,MFC006,Night,3.0,3.0,0.0,2065.37,2065.37,6.36,20.95,3.9,0.0,3,3,0,3,1.0,0.0,3,0,100.0
2026-06-18,MFC007,Morning,0.0,0.0,0.0,0.0,0.0,,,,0.0,3,3,0,3,0.0,0.0,0,0,0.0
2026-06-18,MFC007,Evening,7.0,6.0,1.0,11821.7,11561.32,9.48,26.86,3.71,1.0,3,2,1,3,3.5,14.29,3,3,50.0
2026-06-18,MFC007,Night,4.0,3.0,1.0,4401.84,3423.73,5.28,20.48,3.9,1.0,3,2,1,1,2.0,25.0,3,0,100.0
2026-06-18,MFC008,Morning,4.0,4.0,0.0,5833.73,5833.73,6.52,24.77,3.68,0.0,3,2,1,3,2.0,0.0,4,0,100.0
2026-06-18,MFC008,Evening,8.0,8.0,0.0,7102.82,7102.82,6.5,26.72,3.65,0.0,3,3,0,1,2.67,0.0,6,2,75.0
2026-06-18,MFC008,Night,0.0,0.0,0.0,0.0,0.0,,,,0.0,3,2,1,3,0.0,0.0,0,0,0.0
2026-06-18,MFC009,Morning,2.0,2.0,0.0,1340.13,1188.31,6.2,27.48,3.05,1.0,3,3,0,3,0.67,0.0,1,1,50.0
2026-06-18,MFC009,Evening,9.0,9.0,0.0,15020.29,14818.78,7.36,25.39,3.66,1.0,4,4,0,4,2.25,0.0,7,2,77.78
2026-06-18,MFC009,Night,3.0,3.0,0.0,2143.31,2143.31,7.26,23.14,3.77,0.0,3,3,0,0,1.0,0.0,3,0,100.0
2026-06-18,MFC010,Morning,9.0,8.0,1.0,8865.58,8396.96,7.59,23.8,3.47,1.0,4,4,0,2,2.25,11.11,6,2,75.0
2026-06-18,MFC010,Evening,5.0,5.0,0.0,6316.08,6316.08,8.01,28.77,3.84,0.0,3,3,0,2,1.67,0.0,3,2,60.0
2026-06-18,MFC010,Night,4.0,3.0,0.0,3906.53,3750.87,6.05,18.63,3.83,2.0,3,3,0,3,1.33,0.0,3,0,100.0
2026-06-18,MFC011,Morning,6.0,6.0,0.0,6853.33,6081.22,8.31,24.78,3.95,1.0,3,2,1,1,3.0,0.0,6,0,100.0
2026-06-18,MFC011,Evening,8.0,8.0,0.0,5426.04,5231.55,5.42,22.73,3.44,2.0,3,3,0,1,2.67,0.0,8,0,100.0
2026-06-18,MFC011,Night,2.0,2.0,0.0,747.49,688.31,5.54,22.56,2.8,1.0,3,3,0,3,0.67,0.0,2,0,100.0
2026-06-18,MFC012,Morning,3.0,3.0,0.0,2852.06,2852.06,6.24,32.41,3.4,0.0,3,3,0,1,1.0,0.0,1,2,33.33
2026-06-18,MFC012,Evening,2.0,2.0,0.0,1657.88,1657.88,7.92,28.04,3.95,0.0,3,3,0,1,0.67,0.0,2,0,100.0
2026-06-18,MFC012,Night,2.0,2.0,0.0,1888.38,1888.38,6.29,24.18,3.8,0.0,3,3,0,0,0.67,0.0,2,0,100.0
2026-06-18,MFC013,Morning,8.0,6.0,2.0,12301.68,9869.76,6.92,26.31,2.85,3.0,3,3,0,0,2.67,25.0,5,1,83.33
2026-06-18,MFC013,Evening,6.0,6.0,0.0,6610.29,6610.29,5.21,23.55,3.58,0.0,3,3,0,3,2.0,0.0,5,1,83.33
2026-06-18,MFC013,Night,0.0,0.0,0.0,0.0,0.0,,,,0.0,3,3,0,2,0.0,0.0,0,0,0.0
2026-06-18,MFC014,Morning,6.0,6.0,0.0,5198.57,5158.97,6.2,22.09,3.58,1.0,3,3,0,2,2.0,0.0,6,0,100.0
2026-06-18,MFC014,Evening,6.0,6.0,0.0,8845.04,8845.04,5.69,27.07,3.35,0.0,3,3,0,1,2.0,0.0,6,0,100.0
2026-06-18,MFC014,Night,3.0,3.0,0.0,1987.41,1987.41,4.51,19.57,4.5,0.0,3,3,0,1,1.0,0.0,3,0,100.0
2026-06-18,MFC015,Morning,6.0,5.0,1.0,9694.31,8419.76,7.63,29.55,2.75,2.0,3,3,0,1,2.0,16.67,2,3,40.0
2026-06-18,MFC015,Evening,12.0,12.0,0.0,19584.67,19390.24,9.5,29.1,3.55,1.0,4,4,0,3,3.0,0.0,6,6,50.0
2026-06-18,MFC015,Night,1.0,1.0,0.0,781.16,781.16,4.7,19.95,3.8,0.0,3,3,0,4,0.33,0.0,1,0,100.0
2026-06-18,MFC016,Morning,8.0,8.0,0.0,8226.79,8226.79,7.73,28.24,3.65,0.0,3,3,0,1,2.67,0.0,5,3,62.5
2026-06-18,MFC016,Evening,10.0,10.0,0.0,13485.33,12703.34,6.57,23.07,3.61,0.0,4,4,0,3,2.5,0.0,8,2,80.0
2026-06-18,MFC016,Night,0.0,0.0,0.0,0.0,0.0,,,,0.0,3,3,0,3,0.0,0.0,0,0,0.0
2026-06-18,MFC017,Morning,7.0,7.0,0.0,5356.46,5356.46,5.91,24.24,3.4,0.0,3,2,1,0,3.5,0.0,5,2,71.43
2026-06-18,MFC017,Evening,4.0,3.0,1.0,2639.31,2452.64,6.71,28.73,3.4,1.0,3,2,1,1,2.0,25.0,2,1,66.67
2026-06-18,MFC017,Night,2.0,2.0,0.0,1756.0,1756.0,3.96,17.77,4.55,0.0,3,2,1,4,1.0,0.0,2,0,100.0
2026-06-18,MFC018,Morning,4.0,4.0,0.0,4970.77,4841.76,6.27,21.86,3.48,1.0,3,3,0,2,1.33,0.0,4,0,100.0
2026-06-18,MFC018,Evening,8.0,6.0,1.0,10487.78,8123.3,10.67,28.94,3.41,1.0,3,3,0,1,2.67,12.5,5,1,83.33
2026-06-18,MFC018,Night,1.0,1.0,0.0,227.23,227.23,2.5,14.98,4.0,0.0,3,3,0,4,0.33,0.0,1,0,100.0
2026-06-19,MFC001,Morning,9.0,9.0,0.0,8509.49,6920.11,4.95,21.29,3.58,1.0,4,4,0,2,2.25,0.0,9,0,100.0
2026-06-19,MFC001,Evening,7.0,6.0,1.0,7591.0,6462.17,4.72,23.76,3.41,0.0,3,3,0,4,2.33,14.29,5,1,83.33
2026-06-19,MFC001,Night,2.0,2.0,0.0,2368.37,2368.37,4.71,23.6,3.8,0.0,3,3,0,6,0.67,0.0,2,0,100.0
2026-06-19,MFC002,Morning,2.0,1.0,0.0,2794.33,2794.33,10.84,24.06,4.0,0.0,3,3,0,2,0.67,0.0,1,0,100.0
2026-06-19,MFC002,Evening,5.0,5.0,0.0,5223.59,5223.59,5.27,19.53,3.42,0.0,3,3,0,4,1.67,0.0,4,1,80.0
2026-06-19,MFC002,Night,2.0,2.0,0.0,3649.38,3649.38,7.24,27.68,3.55,0.0,3,3,0,2,0.67,0.0,1,1,50.0
2026-06-19,MFC003,Morning,4.0,4.0,0.0,4413.65,4204.72,6.5,23.78,3.18,1.0,3,3,0,3,1.33,0.0,4,0,100.0
2026-06-19,MFC003,Evening,9.0,8.0,0.0,6544.33,6380.27,7.56,27.58,3.51,2.0,4,4,0,2,2.25,0.0,7,1,87.5
2026-06-19,MFC003,Night,5.0,5.0,0.0,6487.79,6487.79,7.39,26.99,3.86,0.0,3,3,0,1,1.67,0.0,5,0,100.0
2026-06-19,MFC004,Morning,3.0,2.0,0.0,3658.05,3658.05,10.02,29.62,4.0,0.0,3,3,0,0,1.0,0.0,2,0,100.0
2026-06-19,MFC004,Evening,10.0,9.0,1.0,11689.06,11305.43,9.09,27.51,3.62,1.0,4,4,0,1,2.5,10.0,6,3,66.67
2026-06-19,MFC004,Night,2.0,2.0,0.0,1257.62,1257.62,5.46,20.62,3.75,0.0,3,2,1,1,1.0,0.0,2,0,100.0
2026-06-19,MFC005,Morning,4.0,4.0,0.0,8415.08,7856.58,10.44,27.4,3.78,1.0,3,3,0,0,1.33,0.0,2,2,50.0
2026-06-19,MFC005,Evening,5.0,5.0,0.0,6916.47,6635.98,7.28,25.88,3.66,0.0,3,3,0,1,1.67,0.0,3,2,60.0
2026-06-19,MFC005,Night,3.0,2.0,1.0,1584.89,873.72,4.77,19.38,3.73,0.0,3,2,1,1,1.5,33.33,2,0,100.0
2026-06-19,MFC006,Morning,8.0,8.0,0.0,8591.53,8591.53,5.81,23.21,3.7,0.0,3,3,0,4,2.67,0.0,7,1,87.5
2026-06-19,MFC006,Evening,8.0,6.0,1.0,7332.77,4988.85,6.04,24.48,3.26,1.0,3,3,0,35,2.67,12.5,4,2,66.67
2026-06-19,MFC006,Night,2.0,2.0,0.0,3344.37,3344.37,8.3,20.66,3.45,0.0,3,3,0,2,0.67,0.0,2,0,100.0
2026-06-19,MFC007,Morning,9.0,9.0,0.0,10387.34,9540.47,6.96,24.36,3.37,0.0,4,4,0,2,2.25,0.0,6,3,66.67
2026-06-19,MFC007,Evening,9.0,8.0,1.0,8411.08,7561.2,8.0,30.04,3.47,2.0,4,4,0,3,2.25,11.11,6,2,75.0
2026-06-19,MFC007,Night,1.0,1.0,0.0,1047.23,339.81,3.41,17.93,3.5,0.0,3,3,0,2,0.33,0.0,1,0,100.0
2026-06-19,MFC008,Morning,3.0,3.0,0.0,3210.25,3210.25,6.59,21.9,3.93,0.0,3,3,0,1,1.0,0.0,2,1,66.67
2026-06-19,MFC008,Evening,10.0,8.0,2.0,10969.53,8852.62,6.02,23.76,3.66,0.0,4,4,0,1,2.5,20.0,7,1,87.5
2026-06-19,MFC008,Night,3.0,3.0,0.0,8216.24,7722.99,7.96,26.4,4.03,1.0,3,3,0,1,1.0,0.0,3,0,100.0
2026-06-19,MFC009,Morning,7.0,7.0,0.0,7232.23,7144.75,5.09,24.01,3.26,1.0,3,2,1,5,3.5,0.0,7,0,100.0
2026-06-19,MFC009,Evening,8.0,8.0,0.0,7992.07,7992.07,6.48,27.18,3.45,0.0,3,3,0,4,2.67,0.0,5,3,62.5
2026-06-19,MFC009,Night,0.0,0.0,0.0,0.0,0.0,,,,0.0,3,3,0,0,0.0,0.0,0,0,0.0
2026-06-19,MFC010,Morning,4.0,4.0,0.0,5913.17,5913.17,8.69,25.07,4.5,0.0,3,3,0,3,1.33,0.0,3,1,75.0
2026-06-19,MFC010,Evening,9.0,7.0,2.0,10545.82,9660.51,7.6,24.08,3.66,1.0,4,4,0,4,2.25,22.22,6,1,85.71
2026-06-19,MFC010,Night,2.0,2.0,0.0,2734.2,2734.2,5.84,28.1,4.2,0.0,3,3,0,6,0.67,0.0,2,0,100.0
2026-06-19,MFC011,Morning,7.0,5.0,2.0,10002.75,8680.96,7.68,31.98,3.88,1.0,3,2,1,3,3.5,28.57,3,2,60.0
2026-06-19,MFC011,Evening,14.0,14.0,0.0,14305.84,13953.6,7.65,24.1,3.51,2.0,4,4,0,4,3.5,0.0,13,1,92.86
2026-06-19,MFC011,Night,1.0,1.0,0.0,2702.4,2702.4,10.75,36.83,3.2,0.0,3,3,0,2,0.33,0.0,1,0,100.0
2026-06-19,MFC012,Morning,2.0,2.0,0.0,4013.75,4013.75,8.42,21.01,3.45,0.0,3,2,1,1,1.0,0.0,2,0,100.0
2026-06-19,MFC012,Evening,4.0,4.0,0.0,4331.92,4331.92,6.74,27.91,3.82,0.0,3,3,0,3,1.33,0.0,4,0,100.0
2026-06-19,MFC012,Night,0.0,0.0,0.0,0.0,0.0,,,,0.0,3,3,0,1,0.0,0.0,0,0,0.0
2026-06-19,MFC013,Morning,4.0,4.0,0.0,4961.34,4961.34,6.4,22.14,4.22,0.0,3,3,0,2,1.33,0.0,4,0,100.0
2026-06-19,MFC013,Evening,4.0,3.0,1.0,5193.87,3665.34,11.01,37.29,3.4,0.0,3,3,0,39,1.33,25.0,0,3,0.0
2026-06-19,MFC013,Night,2.0,2.0,0.0,1050.93,1050.93,6.0,16.91,3.15,0.0,3,3,0,1,0.67,0.0,2,0,100.0
2026-06-19,MFC014,Morning,2.0,2.0,0.0,1089.57,1089.57,3.36,19.91,4.15,0.0,3,3,0,0,0.67,0.0,2,0,100.0
2026-06-19,MFC014,Evening,4.0,4.0,0.0,8370.79,8370.79,5.11,25.46,3.28,0.0,3,2,1,1,2.0,0.0,3,1,75.0
2026-06-19,MFC014,Night,2.0,2.0,0.0,710.18,710.18,4.39,17.6,3.55,0.0,3,2,1,2,1.0,0.0,2,0,100.0
2026-06-19,MFC015,Morning,7.0,7.0,0.0,6196.88,5949.66,6.27,22.51,3.59,1.0,3,3,0,2,2.33,0.0,6,1,85.71
2026-06-19,MFC015,Evening,6.0,5.0,1.0,4415.78,3196.07,7.97,29.13,3.22,1.0,3,3,0,2,2.0,16.67,3,2,60.0
2026-06-19,MFC015,Night,2.0,1.0,1.0,3028.82,1233.71,11.42,25.0,2.5,1.0,3,3,0,0,0.67,50.0,1,0,100.0
2026-06-19,MFC016,Morning,6.0,4.0,1.0,7336.94,7209.5,7.18,26.05,4.03,2.0,3,2,1,3,3.0,16.67,2,2,50.0
2026-06-19,MFC016,Evening,9.0,8.0,0.0,7402.66,6957.37,6.09,25.15,3.39,1.0,4,4,0,2,2.25,0.0,7,1,87.5
2026-06-19,MFC016,Night,3.0,3.0,0.0,3853.37,3853.37,7.79,25.83,3.6,0.0,3,3,0,1,1.0,0.0,2,1,66.67
2026-06-19,MFC017,Morning,5.0,5.0,0.0,4411.25,4411.25,5.1,21.92,3.5,0.0,3,3,0,1,1.67,0.0,5,0,100.0
2026-06-19,MFC017,Evening,11.0,10.0,1.0,9499.48,9012.55,8.23,25.58,3.68,1.0,4,4,0,1,2.75,9.09,8,2,80.0
2026-06-19,MFC017,Night,2.0,2.0,0.0,1888.57,1888.57,6.34,25.8,3.0,0.0,3,3,0,3,0.67,0.0,2,0,100.0
2026-06-19,MFC018,Morning,3.0,3.0,0.0,4043.05,4043.05,9.26,24.85,3.7,0.0,3,3,0,4,1.0,0.0,3,0,100.0
2026-06-19,MFC018,Evening,5.0,4.0,1.0,12615.76,10175.91,9.59,32.53,3.55,0.0,3,3,0,2,1.67,20.0,3,1,75.0
2026-06-19,MFC018,Night,0.0,0.0,0.0,0.0,0.0,,,,0.0,3,3,0,1,0.0,0.0,0,0,0.0
2026-06-20,MFC001,Morning,6.0,5.0,1.0,6618.55,5890.62,7.5,29.98,3.34,1.0,3,3,0,2,2.0,16.67,3,2,60.0
2026-06-20,MFC001,Evening,10.0,10.0,0.0,12929.55,12929.55,7.7,25.24,3.8,0.0,4,4,0,2,2.5,0.0,9,1,90.0
2026-06-20,MFC001,Night,2.0,2.0,0.0,1910.16,1910.16,4.33,20.35,4.0,0.0,3,3,0,2,0.67,0.0,2,0,100.0
2026-06-20,MFC002,Morning,8.0,6.0,0.0,9096.6,8842.14,6.91,22.7,3.7,1.0,3,3,0,4,2.67,0.0,5,1,83.33
2026-06-20,MFC002,Evening,7.0,7.0,0.0,6122.41,6122.41,6.02,26.88,3.97,0.0,3,3,0,2,2.33,0.0,6,1,85.71
2026-06-20,MFC002,Night,0.0,0.0,0.0,0.0,0.0,,,,0.0,3,3,0,1,0.0,0.0,0,0,0.0
2026-06-20,MFC003,Morning,6.0,4.0,2.0,4344.1,3635.04,6.88,26.5,3.26,1.0,3,2,1,2,3.0,33.33,3,1,75.0
2026-06-20,MFC003,Evening,9.0,7.0,2.0,10996.02,9666.77,6.7,22.41,3.19,1.0,4,4,0,4,2.25,22.22,6,1,85.71
2026-06-20,MFC003,Night,1.0,1.0,0.0,344.2,344.2,9.39,26.29,4.3,0.0,3,2,1,3,0.5,0.0,1,0,100.0
2026-06-20,MFC004,Morning,6.0,6.0,0.0,6617.11,6161.15,7.94,26.76,3.38,2.0,3,3,0,4,2.0,0.0,4,2,66.67
2026-06-20,MFC004,Evening,6.0,6.0,0.0,9426.7,9181.04,11.16,28.45,3.67,1.0,3,3,0,4,2.0,0.0,3,3,50.0
2026-06-20,MFC004,Night,1.0,1.0,0.0,4340.3,4340.3,13.56,29.51,4.4,0.0,3,3,0,3,0.33,0.0,0,1,0.0
2026-06-20,MFC005,Morning,10.0,9.0,1.0,10754.5,9581.58,9.15,27.84,3.52,2.0,4,4,0,0,2.5,10.0,5,4,55.56
2026-06-20,MFC005,Evening,8.0,8.0,0.0,10598.68,9942.61,9.31,23.65,3.56,1.0,3,3,0,0,2.67,0.0,6,2,75.0
2026-06-20,MFC005,Night,1.0,1.0,0.0,331.11,331.11,8.97,26.74,3.7,0.0,3,3,0,2,0.33,0.0,1,0,100.0
2026-06-20,MFC006,Morning,7.0,7.0,0.0,8333.34,8003.56,7.03,25.35,3.07,1.0,3,3,0,3,2.33,0.0,6,1,85.71
2026-06-20,MFC006,Evening,3.0,3.0,0.0,3956.44,3956.44,10.72,30.77,3.67,0.0,3,3,0,2,1.0,0.0,1,2,33.33
2026-06-20,MFC006,Night,2.0,2.0,0.0,435.88,435.88,3.68,16.58,4.4,0.0,3,3,0,1,0.67,0.0,2,0,100.0
2026-06-20,MFC007,Morning,5.0,5.0,0.0,5645.24,5645.24,4.88,20.98,3.98,0.0,3,2,1,1,2.5,0.0,5,0,100.0
2026-06-20,MFC007,Evening,9.0,7.0,2.0,6829.06,6434.12,6.13,23.43,3.91,0.0,4,4,0,2,2.25,22.22,6,1,85.71
2026-06-20,MFC007,Night,2.0,2.0,0.0,350.75,350.75,2.43,15.55,3.45,0.0,3,3,0,0,0.67,0.0,2,0,100.0
2026-06-20,MFC008,Morning,8.0,8.0,0.0,14998.13,14891.83,8.29,29.89,4.01,1.0,3,3,0,2,2.67,0.0,4,4,50.0
2026-06-20,MFC008,Evening,10.0,8.0,2.0,13199.6,12768.64,7.37,28.09,3.44,2.0,4,4,0,6,2.5,20.0,7,1,87.5
2026-06-20,MFC008,Night,2.0,2.0,0.0,1964.6,1964.6,6.19,21.61,3.5,0.0,3,3,0,0,0.67,0.0,2,0,100.0
2026-06-20,MFC009,Morning,5.0,5.0,0.0,5508.68,5363.53,7.06,25.73,3.44,1.0,3,3,0,2,1.67,0.0,4,1,80.0
2026-06-20,MFC009,Evening,2.0,1.0,1.0,2254.83,2061.33,7.11,38.43,2.65,1.0,3,3,0,3,0.67,50.0,0,1,0.0
2026-06-20,MFC009,Night,3.0,2.0,0.0,6776.14,6776.14,7.45,27.19,2.85,0.0,3,3,0,6,1.0,0.0,2,0,100.0
2026-06-20,MFC010,Morning,6.0,4.0,2.0,6352.49,4355.06,7.64,24.78,2.68,5.0,3,3,0,5,2.0,33.33,2,2,50.0
2026-06-20,MFC010,Evening,10.0,10.0,0.0,10146.54,10146.54,6.09,25.75,3.84,0.0,4,3,1,2,3.33,0.0,10,0,100.0
2026-06-20,MFC010,Night,3.0,3.0,0.0,10791.56,10791.56,9.01,22.73,4.07,0.0,3,3,0,3,1.0,0.0,3,0,100.0
2026-06-20,MFC011,Morning,7.0,6.0,1.0,8227.01,7499.41,8.86,24.28,3.77,0.0,3,3,0,2,2.33,14.29,5,1,83.33
2026-06-20,MFC011,Evening,7.0,7.0,0.0,11192.43,11192.43,10.68,29.09,3.81,0.0,3,3,0,2,2.33,0.0,3,4,42.86
2026-06-20,MFC011,Night,4.0,4.0,0.0,2990.07,2606.14,5.4,20.34,3.65,1.0,3,2,1,5,2.0,0.0,4,0,100.0
2026-06-20,MFC012,Morning,6.0,6.0,0.0,5937.15,5937.15,7.87,26.34,3.95,0.0,3,3,0,1,2.0,0.0,3,3,50.0
2026-06-20,MFC012,Evening,6.0,6.0,0.0,7125.8,7125.8,6.92,26.1,3.65,0.0,3,3,0,0,2.0,0.0,5,1,83.33
2026-06-20,MFC012,Night,1.0,1.0,0.0,2304.7,2304.7,10.14,34.52,2.4,0.0,3,3,0,2,0.33,0.0,1,0,100.0
2026-06-20,MFC013,Morning,5.0,5.0,0.0,3942.42,3534.57,7.44,31.58,3.24,2.0,3,3,0,1,1.67,0.0,3,2,60.0
2026-06-20,MFC013,Evening,16.0,14.0,2.0,17727.92,16643.0,5.19,24.87,3.56,0.0,4,4,0,0,4.0,12.5,11,3,78.57
2026-06-20,MFC013,Night,0.0,0.0,0.0,0.0,0.0,,,,0.0,3,3,0,3,0.0,0.0,0,0,0.0
2026-06-20,MFC014,Morning,4.0,3.0,1.0,4552.08,1680.3,7.9,24.59,4.03,0.0,3,2,1,0,2.0,25.0,3,0,100.0
2026-06-20,MFC014,Evening,8.0,8.0,0.0,6187.41,6014.3,5.61,25.03,3.16,1.0,3,3,0,1,2.67,0.0,7,1,87.5
2026-06-20,MFC014,Night,1.0,1.0,0.0,1384.16,1038.12,6.31,15.42,4.1,1.0,3,3,0,0,0.33,0.0,1,0,100.0
2026-06-20,MFC015,Morning,7.0,7.0,0.0,3784.17,3784.17,5.78,24.04,3.84,0.0,3,3,0,2,2.33,0.0,6,1,85.71
2026-06-20,MFC015,Evening,8.0,6.0,2.0,7074.12,6188.01,6.6,24.25,3.57,3.0,3,3,0,3,2.67,25.0,5,1,83.33
2026-06-20,MFC015,Night,3.0,3.0,0.0,1674.21,1622.81,5.74,22.43,3.3,1.0,3,3,0,1,1.0,0.0,3,0,100.0
2026-06-20,MFC016,Morning,8.0,8.0,0.0,7212.45,7212.45,5.56,25.47,3.79,0.0,3,3,0,1,2.67,0.0,8,0,100.0
2026-06-20,MFC016,Evening,9.0,8.0,1.0,16334.95,11948.22,7.2,25.32,3.78,0.0,4,3,1,2,3.0,11.11,7,1,87.5
2026-06-20,MFC016,Night,1.0,1.0,0.0,1803.63,1803.63,6.95,19.7,3.7,0.0,3,3,0,4,0.33,0.0,1,0,100.0
2026-06-20,MFC017,Morning,5.0,5.0,0.0,3896.56,3896.56,6.7,23.68,4.28,0.0,3,3,0,2,1.67,0.0,3,2,60.0
2026-06-20,MFC017,Evening,11.0,11.0,0.0,13958.0,13533.33,7.85,24.61,3.64,1.0,4,4,0,0,2.75,0.0,9,2,81.82
2026-06-20,MFC017,Night,1.0,1.0,0.0,1103.4,1103.4,6.78,23.15,4.3,0.0,3,3,0,0,0.33,0.0,1,0,100.0
2026-06-20,MFC018,Morning,2.0,2.0,0.0,2796.27,2506.44,12.96,29.62,2.65,2.0,3,3,0,3,0.67,0.0,1,1,50.0
2026-06-20,MFC018,Evening,6.0,2.0,3.0,3460.8,2814.39,6.62,31.09,3.55,1.0,3,3,0,2,2.0,50.0,1,1,50.0
2026-06-20,MFC018,Night,2.0,2.0,0.0,988.82,988.82,5.48,15.17,4.0,0.0,3,3,0,2,0.67,0.0,2,0,100.0
2026-06-21,MFC001,Morning,6.0,5.0,1.0,4912.11,4168.47,6.15,26.18,3.38,2.0,3,3,0,1,2.0,16.67,4,1,80.0
2026-06-21,MFC001,Evening,7.0,7.0,0.0,8595.03,7836.79,7.46,25.42,3.04,5.0,3,2,1,28,3.5,0.0,5,2,71.43
2026-06-21,MFC001,Night,2.0,1.0,1.0,1814.28,1532.48,4.44,13.67,3.8,0.0,3,2,1,1,1.0,50.0,1,0,100.0
2026-06-21,MFC002,Morning,2.0,2.0,0.0,3772.45,3610.31,9.16,32.03,3.5,1.0,3,2,1,6,1.0,0.0,0,2,0.0
2026-06-21,MFC002,Evening,3.0,3.0,0.0,4764.01,4442.71,7.78,25.36,3.77,1.0,3,3,0,1,1.0,0.0,2,1,66.67
2026-06-21,MFC002,Night,4.0,4.0,0.0,4490.81,4041.0,7.1,27.51,3.48,2.0,3,3,0,3,1.33,0.0,4,0,100.0
2026-06-21,MFC003,Morning,8.0,8.0,0.0,4634.18,4634.18,4.51,20.66,3.5,0.0,3,3,0,1,2.67,0.0,7,1,87.5
2026-06-21,MFC003,Evening,6.0,6.0,0.0,8221.32,8221.32,6.84,25.28,3.68,0.0,3,2,1,4,3.0,0.0,3,3,50.0
2026-06-21,MFC003,Night,3.0,3.0,0.0,7688.7,7594.47,6.28,25.58,2.57,1.0,3,3,0,5,1.0,0.0,2,1,66.67
2026-06-21,MFC004,Morning,7.0,7.0,0.0,10845.02,10845.02,10.95,32.65,3.5,0.0,3,3,0,1,2.33,0.0,5,2,71.43
2026-06-21,MFC004,Evening,6.0,5.0,1.0,5299.06,5048.94,9.14,26.76,3.32,2.0,3,3,0,5,2.0,16.67,3,2,60.0
2026-06-21,MFC004,Night,2.0,2.0,0.0,269.8,269.8,5.24,20.46,3.35,0.0,3,3,0,3,0.67,0.0,2,0,100.0
2026-06-21,MFC005,Morning,8.0,7.0,1.0,7297.3,6851.15,5.8,23.04,3.28,1.0,3,3,0,0,2.67,12.5,7,0,100.0
2026-06-21,MFC005,Evening,9.0,9.0,0.0,8092.61,8045.02,8.48,26.2,3.48,1.0,4,4,0,3,2.25,0.0,8,1,88.89
2026-06-21,MFC005,Night,1.0,1.0,0.0,776.37,776.37,6.22,30.71,3.6,0.0,3,3,0,5,0.33,0.0,1,0,100.0
2026-06-21,MFC006,Morning,5.0,5.0,0.0,6782.9,6466.34,9.28,28.26,3.54,1.0,3,3,0,3,1.67,0.0,3,2,60.0
2026-06-21,MFC006,Evening,12.0,12.0,0.0,23094.47,22023.54,8.88,28.44,3.82,3.0,4,3,1,2,4.0,0.0,7,5,58.33
2026-06-21,MFC006,Night,3.0,3.0,0.0,4234.26,4234.26,7.31,19.99,3.93,0.0,3,3,0,1,1.0,0.0,3,0,100.0
2026-06-21,MFC007,Morning,8.0,8.0,0.0,5919.17,5919.17,5.69,21.94,3.51,0.0,3,3,0,3,2.67,0.0,6,2,75.0
2026-06-21,MFC007,Evening,7.0,7.0,0.0,5772.66,5772.66,6.46,24.42,4.01,0.0,3,3,0,3,2.33,0.0,5,2,71.43
2026-06-21,MFC007,Night,3.0,3.0,0.0,986.6,986.6,2.97,14.13,4.77,0.0,3,3,0,3,1.0,0.0,3,0,100.0
2026-06-21,MFC008,Morning,7.0,6.0,1.0,15442.48,11101.96,7.98,23.95,3.6,1.0,3,3,0,0,2.33,14.29,5,1,83.33
2026-06-21,MFC008,Evening,10.0,10.0,0.0,10229.31,10082.8,6.3,21.73,3.54,1.0,4,4,0,3,2.5,0.0,10,0,100.0
2026-06-21,MFC008,Night,2.0,2.0,0.0,1499.78,1499.78,3.78,13.63,4.3,0.0,3,2,1,3,1.0,0.0,2,0,100.0
2026-06-21,MFC009,Morning,5.0,5.0,0.0,9408.47,9408.47,6.61,26.48,3.76,0.0,3,2,1,2,2.5,0.0,5,0,100.0
2026-06-21,MFC009,Evening,9.0,9.0,0.0,8634.72,8542.48,5.83,24.36,3.86,1.0,4,4,0,2,2.25,0.0,8,1,88.89
2026-06-21,MFC009,Night,1.0,1.0,0.0,2140.76,2140.76,5.14,21.21,3.3,0.0,3,3,0,2,0.33,0.0,1,0,100.0
2026-06-21,MFC010,Morning,5.0,5.0,0.0,8870.28,8614.89,7.42,22.98,3.8,1.0,3,3,0,0,1.67,0.0,5,0,100.0
2026-06-21,MFC010,Evening,5.0,5.0,0.0,2811.37,2552.85,5.35,25.11,3.32,2.0,3,2,1,3,2.5,0.0,4,1,80.0
2026-06-21,MFC010,Night,1.0,1.0,0.0,683.78,683.78,7.16,21.36,3.9,0.0,3,3,0,3,0.33,0.0,1,0,100.0
2026-06-21,MFC011,Morning,16.0,16.0,0.0,22589.38,22295.66,7.35,27.05,3.6,2.0,4,4,0,2,4.0,0.0,12,4,75.0
2026-06-21,MFC011,Evening,10.0,7.0,1.0,13314.45,9747.62,8.71,27.84,3.33,1.0,4,4,0,5,2.5,10.0,5,2,71.43
2026-06-21,MFC011,Night,0.0,0.0,0.0,0.0,0.0,,,,0.0,3,3,0,3,0.0,0.0,0,0,0.0
2026-06-21,MFC012,Morning,6.0,6.0,0.0,6405.56,6110.05,8.48,30.25,3.82,1.0,3,3,0,3,2.0,0.0,3,3,50.0
2026-06-21,MFC012,Evening,12.0,10.0,1.0,14808.24,10752.09,5.89,21.52,3.64,3.0,4,4,0,4,3.0,8.33,10,0,100.0
2026-06-21,MFC012,Night,2.0,2.0,0.0,2755.92,2755.92,5.9,26.48,3.95,0.0,3,2,1,2,1.0,0.0,2,0,100.0
2026-06-21,MFC013,Morning,9.0,9.0,0.0,14176.52,13276.28,6.53,23.5,3.24,2.0,4,4,0,1,2.25,0.0,7,2,77.78
2026-06-21,MFC013,Evening,9.0,9.0,0.0,9742.57,9505.88,6.59,24.55,3.61,1.0,4,4,0,3,2.25,0.0,8,1,88.89
2026-06-21,MFC013,Night,3.0,3.0,0.0,3535.46,3535.46,6.93,16.92,3.8,0.0,3,3,0,3,1.0,0.0,3,0,100.0
2026-06-21,MFC014,Morning,5.0,5.0,0.0,4074.48,4074.48,4.66,23.13,3.7,0.0,3,3,0,5,1.67,0.0,4,1,80.0
2026-06-21,MFC014,Evening,4.0,3.0,1.0,2661.17,1374.58,5.11,20.84,2.92,1.0,3,3,0,4,1.33,25.0,3,0,100.0
2026-06-21,MFC014,Night,1.0,1.0,0.0,471.11,471.11,4.07,17.98,3.6,0.0,3,3,0,1,0.33,0.0,1,0,100.0
2026-06-21,MFC015,Morning,7.0,6.0,1.0,7960.12,7141.31,7.56,26.6,3.4,0.0,3,3,0,3,2.33,14.29,5,1,83.33
2026-06-21,MFC015,Evening,9.0,8.0,1.0,9451.94,7175.36,8.55,26.02,3.8,1.0,4,4,0,1,2.25,11.11,6,2,75.0
2026-06-21,MFC015,Night,0.0,0.0,0.0,0.0,0.0,,,,0.0,3,3,0,3,0.0,0.0,0,0,0.0
2026-06-21,MFC016,Morning,3.0,3.0,0.0,1493.54,1287.99,5.26,19.55,3.53,1.0,3,3,0,2,1.0,0.0,3,0,100.0
2026-06-21,MFC016,Evening,8.0,7.0,1.0,8253.1,6349.69,7.14,22.11,3.15,0.0,3,3,0,3,2.67,12.5,7,0,100.0
2026-06-21,MFC016,Night,3.0,3.0,0.0,1468.39,1468.39,5.81,20.97,3.77,0.0,3,3,0,2,1.0,0.0,3,0,100.0
2026-06-21,MFC017,Morning,9.0,8.0,1.0,6420.07,5794.64,6.87,24.51,3.98,1.0,4,4,0,2,2.25,11.11,5,3,62.5
2026-06-21,MFC017,Evening,10.0,8.0,1.0,6330.89,5307.87,5.8,24.78,3.58,1.0,4,3,1,1,3.33,10.0,8,0,100.0
2026-06-21,MFC017,Night,3.0,3.0,0.0,2937.25,2937.25,6.34,19.92,3.8,0.0,3,3,0,1,1.0,0.0,3,0,100.0
2026-06-21,MFC018,Morning,8.0,8.0,0.0,11536.26,10879.72,8.13,24.61,3.21,3.0,3,3,0,2,2.67,0.0,6,2,75.0
2026-06-21,MFC018,Evening,8.0,8.0,0.0,7085.82,7085.82,8.85,29.99,3.85,0.0,3,3,0,1,2.67,0.0,5,3,62.5
2026-06-21,MFC018,Night,2.0,2.0,0.0,2526.94,2362.88,10.04,25.86,4.2,2.0,3,3,0,1,0.67,0.0,1,1,50.0
2026-06-22,MFC001,Morning,11.0,9.0,2.0,7880.79,6959.2,6.88,23.29,3.38,2.0,4,3,1,0,3.67,18.18,8,1,88.89
2026-06-22,MFC001,Evening,13.0,10.0,2.0,14105.29,13549.49,6.31,23.72,3.87,1.0,4,4,0,4,3.25,15.38,10,0,100.0
2026-06-22,MFC001,Night,3.0,3.0,0.0,3675.75,3675.75,7.18,21.56,3.47,0.0,3,3,0,1,1.0,0.0,3,0,100.0
2026-06-22,MFC002,Morning,4.0,3.0,1.0,5150.43,4780.14,10.11,29.0,3.48,0.0,3,3,0,2,1.33,25.0,1,2,33.33
2026-06-22,MFC002,Evening,5.0,5.0,0.0,4281.15,3625.58,8.36,23.75,2.9,3.0,3,3,0,2,1.67,0.0,4,1,80.0
2026-06-22,MFC002,Night,2.0,2.0,0.0,3957.18,2153.5,10.46,23.9,2.55,0.0,3,2,1,2,1.0,0.0,2,0,100.0
2026-06-22,MFC003,Morning,6.0,3.0,2.0,10526.63,9721.31,8.84,25.71,3.04,1.0,3,3,0,56,2.0,33.33,2,1,66.67
2026-06-22,MFC003,Evening,8.0,8.0,0.0,5088.64,5007.29,6.99,23.76,3.79,1.0,3,3,0,4,2.67,0.0,5,3,62.5
2026-06-22,MFC003,Night,6.0,6.0,0.0,9445.13,9245.85,5.99,20.96,3.38,1.0,3,3,0,4,2.0,0.0,6,0,100.0
2026-06-22,MFC004,Morning,2.0,2.0,0.0,1706.64,1706.64,5.52,20.58,4.2,0.0,3,3,0,3,0.67,0.0,2,0,100.0
2026-06-22,MFC004,Evening,5.0,5.0,0.0,4484.55,4484.55,7.9,25.52,4.12,0.0,3,2,1,22,2.5,0.0,3,2,60.0
2026-06-22,MFC004,Night,0.0,0.0,0.0,0.0,0.0,,,,0.0,3,3,0,3,0.0,0.0,0,0,0.0
2026-06-22,MFC005,Morning,9.0,7.0,2.0,5191.99,3691.1,7.68,23.22,3.51,1.0,4,4,0,1,2.25,22.22,5,2,71.43
2026-06-22,MFC005,Evening,11.0,9.0,2.0,15047.84,11372.49,8.46,22.72,3.73,1.0,4,4,0,2,2.75,18.18,8,1,88.89
2026-06-22,MFC005,Night,1.0,1.0,0.0,820.19,820.19,10.42,27.39,3.0,0.0,3,3,0,1,0.33,0.0,1,0,100.0
2026-06-22,MFC006,Morning,3.0,3.0,0.0,4618.73,4618.73,7.07,22.25,3.0,0.0,3,3,0,3,1.0,0.0,3,0,100.0
2026-06-22,MFC006,Evening,5.0,4.0,1.0,6501.02,2962.09,5.62,23.89,3.12,1.0,3,3,0,2,1.67,20.0,4,0,100.0
2026-06-22,MFC006,Night,1.0,1.0,0.0,1326.27,147.27,4.46,20.99,3.1,0.0,3,2,1,3,0.5,0.0,1,0,100.0
2026-06-22,MFC007,Morning,3.0,3.0,0.0,1444.81,1444.81,5.66,29.62,3.53,0.0,3,3,0,4,1.0,0.0,3,0,100.0
2026-06-22,MFC007,Evening,7.0,7.0,0.0,6107.26,5734.94,6.6,22.07,3.39,1.0,3,3,0,3,2.33,0.0,6,1,85.71
2026-06-22,MFC007,Night,2.0,2.0,0.0,1092.73,983.74,5.04,19.93,3.45,1.0,3,3,0,5,0.67,0.0,2,0,100.0
2026-06-22,MFC008,Morning,7.0,7.0,0.0,16305.31,15479.94,6.3,25.46,3.8,2.0,3,3,0,2,2.33,0.0,6,1,85.71
2026-06-22,MFC008,Evening,9.0,8.0,1.0,10343.14,9525.65,7.36,26.33,3.19,1.0,4,3,1,5,3.0,11.11,8,0,100.0
2026-06-22,MFC008,Night,1.0,1.0,0.0,911.39,911.39,3.79,21.49,4.1,0.0,3,3,0,4,0.33,0.0,1,0,100.0
2026-06-22,MFC009,Morning,12.0,12.0,0.0,12622.8,12532.1,6.93,25.04,3.59,2.0,4,4,0,4,3.0,0.0,10,2,83.33
2026-06-22,MFC009,Evening,5.0,5.0,0.0,9335.32,8165.52,6.12,24.2,3.58,1.0,3,3,0,2,1.67,0.0,4,1,80.0
2026-06-22,MFC009,Night,0.0,0.0,0.0,0.0,0.0,,,,0.0,3,3,0,2,0.0,0.0,0,0,0.0
2026-06-22,MFC010,Morning,3.0,3.0,0.0,5332.61,5182.18,10.97,30.89,3.4,1.0,3,3,0,2,1.0,0.0,2,1,66.67
2026-06-22,MFC010,Evening,5.0,5.0,0.0,8244.15,8244.15,6.69,20.96,3.48,0.0,3,2,1,4,2.5,0.0,4,1,80.0
2026-06-22,MFC010,Night,1.0,1.0,0.0,1783.94,1783.94,7.15,19.46,5.0,0.0,3,3,0,3,0.33,0.0,1,0,100.0
2026-06-22,MFC011,Morning,10.0,9.0,1.0,13078.03,8622.99,7.55,24.58,3.58,0.0,4,4,0,0,2.5,10.0,6,3,66.67
2026-06-22,MFC011,Evening,13.0,11.0,2.0,14203.1,12542.44,7.97,26.9,3.34,1.0,4,4,0,3,3.25,15.38,7,4,63.64
2026-06-22,MFC011,Night,1.0,1.0,0.0,2223.57,2223.57,4.99,20.11,3.1,0.0,3,3,0,5,0.33,0.0,1,0,100.0
2026-06-22,MFC012,Morning,6.0,6.0,0.0,7042.99,7042.99,7.64,29.37,3.5,0.0,3,3,0,3,2.0,0.0,5,1,83.33
2026-06-22,MFC012,Evening,8.0,7.0,1.0,12506.52,12237.23,9.18,24.87,3.49,0.0,3,3,0,0,2.67,12.5,3,4,42.86
2026-06-22,MFC012,Night,0.0,0.0,0.0,0.0,0.0,,,,0.0,3,2,1,3,0.0,0.0,0,0,0.0
2026-06-22,MFC013,Morning,4.0,4.0,0.0,6890.3,6890.3,6.83,22.12,3.92,0.0,3,3,0,5,1.33,0.0,2,2,50.0
2026-06-22,MFC013,Evening,7.0,5.0,2.0,5285.73,3983.21,5.75,22.5,3.6,2.0,3,3,0,4,2.33,28.57,4,1,80.0
2026-06-22,MFC013,Night,0.0,0.0,0.0,0.0,0.0,,,,0.0,3,3,0,1,0.0,0.0,0,0,0.0
2026-06-22,MFC014,Morning,8.0,8.0,0.0,7090.82,7090.82,5.26,19.57,3.79,0.0,3,3,0,2,2.67,0.0,8,0,100.0
2026-06-22,MFC014,Evening,4.0,4.0,0.0,12128.57,12128.57,9.88,27.28,4.12,0.0,3,3,0,1,1.33,0.0,3,1,75.0
2026-06-22,MFC014,Night,2.0,2.0,0.0,1599.7,1599.7,7.1,26.78,3.05,0.0,3,3,0,2,0.67,0.0,2,0,100.0
2026-06-22,MFC015,Morning,5.0,5.0,0.0,3957.45,3957.45,6.6,24.89,3.48,0.0,3,3,0,4,1.67,0.0,5,0,100.0
2026-06-22,MFC015,Evening,11.0,10.0,0.0,20511.2,15430.85,9.55,28.75,3.18,2.0,4,3,1,2,3.67,0.0,6,4,60.0
2026-06-22,MFC015,Night,4.0,4.0,0.0,4289.06,3969.37,7.2,20.8,3.5,1.0,3,3,0,3,1.33,0.0,3,1,75.0
2026-06-22,MFC016,Morning,9.0,9.0,0.0,10318.66,8137.59,5.87,23.45,3.38,0.0,4,3,1,3,3.0,0.0,7,2,77.78
2026-06-22,MFC016,Evening,10.0,9.0,0.0,9760.2,9760.2,6.41,24.35,3.9,0.0,4,4,0,0,2.5,0.0,8,1,88.89
2026-06-22,MFC016,Night,0.0,0.0,0.0,0.0,0.0,,,,0.0,3,3,0,3,0.0,0.0,0,0,0.0
2026-06-22,MFC017,Morning,7.0,7.0,0.0,10807.85,10329.87,6.78,22.73,3.77,1.0,3,3,0,0,2.33,0.0,6,1,85.71
2026-06-22,MFC017,Evening,14.0,12.0,2.0,13646.22,12004.02,7.78,26.96,3.48,3.0,4,4,0,2,3.5,14.29,11,1,91.67
2026-06-22,MFC017,Night,1.0,1.0,0.0,1436.41,1436.41,8.36,19.13,4.6,0.0,3,3,0,1,0.33,0.0,1,0,100.0
2026-06-22,MFC018,Morning,3.0,3.0,0.0,2076.03,2076.03,6.83,25.9,4.13,0.0,3,3,0,1,1.0,0.0,3,0,100.0
2026-06-22,MFC018,Evening,5.0,4.0,1.0,10001.63,9889.31,8.56,24.52,3.15,1.0,3,3,0,1,1.67,20.0,3,1,75.0
2026-06-22,MFC018,Night,0.0,0.0,0.0,0.0,0.0,,,,0.0,3,3,0,4,0.0,0.0,0,0,0.0
2026-06-23,MFC001,Morning,6.0,3.0,2.0,4999.39,4893.32,4.78,22.24,3.52,2.0,3,3,0,2,2.0,33.33,3,0,100.0
2026-06-23,MFC001,Evening,7.0,6.0,1.0,8044.0,7159.06,7.07,24.86,3.4,0.0,3,3,0,3,2.33,14.29,6,0,100.0
2026-06-23,MFC001,Night,3.0,3.0,0.0,1712.85,1712.85,5.09,23.67,3.13,0.0,3,3,0,0,1.0,0.0,3,0,100.0
2026-06-23,MFC002,Morning,3.0,2.0,1.0,2009.76,1398.17,5.15,20.9,2.8,0.0,3,2,1,2,1.5,33.33,2,0,100.0
2026-06-23,MFC002,Evening,6.0,6.0,0.0,5064.3,5064.3,7.13,29.63,3.7,0.0,3,3,0,3,2.0,0.0,3,3,50.0
2026-06-23,MFC002,Night,0.0,0.0,0.0,0.0,0.0,,,,0.0,3,3,0,4,0.0,0.0,0,0,0.0
2026-06-23,MFC003,Morning,9.0,9.0,0.0,10620.88,10620.88,6.33,22.86,3.94,0.0,4,4,0,3,2.25,0.0,8,1,88.89
2026-06-23,MFC003,Evening,6.0,6.0,0.0,5359.8,5238.46,5.52,17.97,3.93,1.0,3,3,0,2,2.0,0.0,6,0,100.0
2026-06-23,MFC003,Night,0.0,0.0,0.0,0.0,0.0,,,,0.0,3,3,0,4,0.0,0.0,0,0,0.0
2026-06-23,MFC004,Morning,5.0,5.0,0.0,6170.44,6080.13,6.41,25.23,3.62,1.0,3,3,0,5,1.67,0.0,4,1,80.0
2026-06-23,MFC004,Evening,8.0,8.0,0.0,6310.72,6310.72,7.72,28.04,3.45,0.0,3,3,0,70,2.67,0.0,7,1,87.5
2026-06-23,MFC004,Night,1.0,0.0,1.0,1418.73,0.0,,,,0.0,3,3,0,2,0.33,100.0,0,0,0.0
2026-06-23,MFC005,Morning,4.0,3.0,1.0,2583.56,2266.3,5.03,25.97,3.4,0.0,3,3,0,1,1.33,25.0,3,0,100.0
2026-06-23,MFC005,Evening,10.0,10.0,0.0,11179.37,10455.78,7.03,23.17,3.67,0.0,4,4,0,7,2.5,0.0,10,0,100.0
2026-06-23,MFC005,Night,4.0,4.0,0.0,2832.54,2832.54,5.84,26.32,3.92,0.0,3,3,0,3,1.33,0.0,4,0,100.0
2026-06-23,MFC006,Morning,9.0,9.0,0.0,5640.66,5453.41,7.78,23.8,3.54,2.0,4,4,0,3,2.25,0.0,6,3,66.67
2026-06-23,MFC006,Evening,6.0,6.0,0.0,5501.3,5501.3,8.12,23.23,4.02,0.0,3,3,0,3,2.0,0.0,4,2,66.67
2026-06-23,MFC006,Night,1.0,1.0,0.0,3420.89,3420.89,8.58,19.5,4.8,0.0,3,3,0,2,0.33,0.0,1,0,100.0
2026-06-23,MFC007,Morning,6.0,6.0,0.0,4677.12,4505.85,7.65,31.69,3.22,1.0,3,3,0,1,2.0,0.0,5,1,83.33
2026-06-23,MFC007,Evening,6.0,6.0,0.0,5250.81,5250.81,8.12,25.71,3.9,0.0,3,3,0,1,2.0,0.0,5,1,83.33
2026-06-23,MFC007,Night,0.0,0.0,0.0,0.0,0.0,,,,0.0,3,3,0,1,0.0,0.0,0,0,0.0
2026-06-23,MFC008,Morning,9.0,7.0,2.0,7894.13,7252.31,6.8,21.15,3.49,0.0,4,4,0,0,2.25,22.22,7,0,100.0
2026-06-23,MFC008,Evening,5.0,5.0,0.0,4528.31,4280.74,6.49,27.27,3.24,2.0,3,3,0,4,1.67,0.0,3,2,60.0
2026-06-23,MFC008,Night,1.0,1.0,0.0,425.16,425.16,2.72,18.97,3.7,0.0,3,2,1,1,0.5,0.0,1,0,100.0
2026-06-23,MFC009,Morning,2.0,2.0,0.0,2562.81,2521.05,6.81,23.22,3.25,2.0,3,3,0,1,0.67,0.0,2,0,100.0
2026-06-23,MFC009,Evening,5.0,5.0,0.0,6685.42,6351.55,5.88,23.25,3.74,1.0,3,3,0,4,1.67,0.0,5,0,100.0
2026-06-23,MFC009,Night,3.0,3.0,0.0,1421.28,1421.28,4.44,17.57,2.83,0.0,3,3,0,0,1.0,0.0,3,0,100.0
2026-06-23,MFC010,Morning,5.0,4.0,1.0,4521.48,4251.38,7.31,25.17,3.42,2.0,3,3,0,61,1.67,20.0,2,2,50.0
2026-06-23,MFC010,Evening,4.0,4.0,0.0,5972.17,5754.9,12.77,32.03,3.2,1.0,3,3,0,3,1.33,0.0,1,3,25.0
2026-06-23,MFC010,Night,1.0,1.0,0.0,1148.67,861.5,6.53,19.57,3.2,1.0,3,2,1,1,0.5,0.0,1,0,100.0
2026-06-23,MFC011,Morning,7.0,7.0,0.0,5783.88,4594.8,6.88,22.91,3.33,2.0,3,3,0,0,2.33,0.0,7,0,100.0
2026-06-23,MFC011,Evening,10.0,10.0,0.0,9643.98,9643.98,7.92,27.42,4.0,0.0,4,4,0,4,2.5,0.0,9,1,90.0
2026-06-23,MFC011,Night,3.0,3.0,0.0,4309.08,4309.08,5.89,22.48,3.5,0.0,3,3,0,2,1.0,0.0,3,0,100.0
2026-06-23,MFC012,Morning,3.0,3.0,0.0,7266.58,7266.58,9.66,26.37,3.67,0.0,3,3,0,3,1.0,0.0,3,0,100.0
2026-06-23,MFC012,Evening,4.0,3.0,1.0,6068.26,3302.43,7.88,23.53,3.07,0.0,3,3,0,5,1.33,25.0,3,0,100.0
2026-06-23,MFC012,Night,1.0,1.0,0.0,461.62,461.62,2.55,14.77,3.9,0.0,3,3,0,4,0.33,0.0,1,0,100.0
2026-06-23,MFC013,Morning,11.0,10.0,1.0,11540.45,8703.59,6.74,23.89,3.28,1.0,4,3,1,3,3.67,9.09,9,1,90.0
2026-06-23,MFC013,Evening,12.0,11.0,1.0,10770.27,8731.23,5.89,28.03,3.63,1.0,4,4,0,1,3.0,8.33,9,2,81.82
2026-06-23,MFC013,Night,3.0,3.0,0.0,2016.85,1973.07,4.73,22.45,3.57,1.0,3,3,0,2,1.0,0.0,3,0,100.0
2026-06-23,MFC014,Morning,2.0,2.0,0.0,833.36,833.36,8.35,23.36,3.1,0.0,3,3,0,2,0.67,0.0,2,0,100.0
2026-06-23,MFC014,Evening,5.0,4.0,0.0,7024.84,7024.84,6.22,22.69,3.12,0.0,3,2,1,4,2.5,0.0,4,0,100.0
2026-06-23,MFC014,Night,1.0,1.0,0.0,1319.78,1099.82,9.34,23.68,2.9,1.0,3,3,0,3,0.33,0.0,1,0,100.0
2026-06-23,MFC015,Morning,12.0,12.0,0.0,11964.44,11738.81,9.02,25.12,3.65,2.0,4,4,0,1,3.0,0.0,10,2,83.33
2026-06-23,MFC015,Evening,4.0,4.0,0.0,4154.11,4107.16,9.09,32.94,3.92,1.0,3,3,0,2,1.33,0.0,3,1,75.0
2026-06-23,MFC015,Night,2.0,2.0,0.0,3217.66,3217.66,7.8,19.92,3.45,0.0,3,3,0,3,0.67,0.0,2,0,100.0
2026-06-23,MFC016,Morning,4.0,4.0,0.0,6508.71,6508.71,6.04,22.9,3.58,0.0,3,3,0,3,1.33,0.0,4,0,100.0
2026-06-23,MFC016,Evening,7.0,5.0,1.0,4057.95,3556.8,6.63,23.76,3.45,2.0,3,2,1,3,3.5,14.29,4,1,80.0
2026-06-23,MFC016,Night,4.0,4.0,0.0,1300.53,1300.53,3.64,18.36,3.3,0.0,3,3,0,4,1.33,0.0,4,0,100.0
2026-06-23,MFC017,Morning,8.0,6.0,2.0,10031.76,7949.86,7.12,25.67,3.47,1.0,3,3,0,1,2.67,25.0,4,2,66.67
2026-06-23,MFC017,Evening,6.0,5.0,1.0,7545.66,6810.75,6.33,22.09,3.43,2.0,3,3,0,2,2.0,16.67,4,1,80.0
2026-06-23,MFC017,Night,1.0,1.0,0.0,1032.46,1032.46,4.14,17.84,4.4,0.0,3,3,0,3,0.33,0.0,1,0,100.0
2026-06-23,MFC018,Morning,5.0,5.0,0.0,4828.44,4670.63,9.44,31.44,3.96,1.0,3,3,0,3,1.67,0.0,2,3,40.0
2026-06-23,MFC018,Evening,7.0,7.0,0.0,10775.95,10775.95,9.64,28.52,3.81,0.0,3,3,0,2,2.33,0.0,4,3,57.14
2026-06-23,MFC018,Night,0.0,0.0,0.0,0.0,0.0,,,,0.0,3,3,0,3,0.0,0.0,0,0,0.0
2026-06-24,MFC001,Morning,2.0,2.0,0.0,1177.05,1090.84,5.36,19.7,3.7,1.0,3,3,0,4,0.67,0.0,2,0,100.0
2026-06-24,MFC001,Evening,6.0,6.0,0.0,5475.98,5475.98,6.36,24.19,3.28,0.0,3,3,0,4,2.0,0.0,4,2,66.67
2026-06-24,MFC001,Night,0.0,0.0,0.0,0.0,0.0,,,,0.0,3,3,0,2,0.0,0.0,0,0,0.0
2026-06-24,MFC002,Morning,4.0,4.0,0.0,6464.3,5755.32,9.61,27.72,4.12,2.0,3,3,0,0,1.33,0.0,2,2,50.0
2026-06-24,MFC002,Evening,4.0,4.0,0.0,5097.29,5097.29,6.62,22.1,3.78,0.0,3,3,0,2,1.33,0.0,3,1,75.0
2026-06-24,MFC002,Night,2.0,2.0,0.0,3268.43,3268.43,5.14,17.7,4.0,0.0,3,3,0,3,0.67,0.0,2,0,100.0
2026-06-24,MFC003,Morning,6.0,6.0,0.0,6898.13,6125.76,5.66,24.36,3.73,1.0,3,3,0,3,2.0,0.0,5,1,83.33
2026-06-24,MFC003,Evening,8.0,8.0,0.0,9685.74,9310.78,6.15,24.75,3.5,2.0,3,2,1,1,4.0,0.0,6,2,75.0
2026-06-24,MFC003,Night,3.0,3.0,0.0,5102.36,5102.36,6.38,25.73,3.93,0.0,3,3,0,1,1.0,0.0,2,1,66.67
2026-06-24,MFC004,Morning,2.0,2.0,0.0,2546.63,2546.63,6.52,28.36,4.85,0.0,3,2,1,0,1.0,0.0,2,0,100.0
2026-06-24,MFC004,Evening,6.0,5.0,1.0,7835.12,2998.4,7.04,23.64,3.28,0.0,3,2,1,6,3.0,16.67,4,1,80.0
2026-06-24,MFC004,Night,2.0,2.0,0.0,2232.81,2232.81,11.92,28.62,2.55,0.0,3,3,0,1,0.67,0.0,1,1,50.0
2026-06-24,MFC005,Morning,6.0,5.0,1.0,9557.33,8562.51,8.34,25.86,3.32,2.0,3,3,0,1,2.0,16.67,3,2,60.0
2026-06-24,MFC005,Evening,9.0,9.0,0.0,11688.23,11631.96,7.95,28.35,3.67,1.0,4,4,0,0,2.25,0.0,6,3,66.67
2026-06-24,MFC005,Night,4.0,4.0,0.0,5527.9,5527.9,7.54,25.97,3.92,0.0,3,3,0,3,1.33,0.0,4,0,100.0
2026-06-24,MFC006,Morning,4.0,4.0,0.0,9500.35,9500.35,5.86,25.51,4.15,0.0,3,3,0,1,1.33,0.0,3,1,75.0
2026-06-24,MFC006,Evening,4.0,4.0,0.0,3615.79,3615.79,6.66,26.2,4.12,0.0,3,2,1,0,2.0,0.0,4,0,100.0
2026-06-24,MFC006,Night,0.0,0.0,0.0,0.0,0.0,,,,0.0,3,3,0,3,0.0,0.0,0,0,0.0
2026-06-24,MFC007,Morning,5.0,4.0,1.0,6482.66,3643.02,7.62,25.6,3.76,0.0,3,3,0,4,1.67,20.0,4,0,100.0
2026-06-24,MFC007,Evening,6.0,6.0,0.0,10026.17,9775.79,9.14,28.14,3.85,1.0,3,3,0,2,2.0,0.0,4,2,66.67
2026-06-24,MFC007,Night,1.0,1.0,0.0,495.35,495.35,7.45,20.91,3.5,0.0,3,3,0,3,0.33,0.0,1,0,100.0
2026-06-24,MFC008,Morning,4.0,3.0,1.0,5101.03,3687.75,6.32,20.86,3.87,0.0,3,3,0,3,1.33,25.0,3,0,100.0
2026-06-24,MFC008,Evening,10.0,9.0,1.0,11139.23,9490.12,6.67,23.68,3.67,0.0,4,3,1,1,3.33,10.0,9,0,100.0
2026-06-24,MFC008,Night,3.0,3.0,0.0,1709.78,1709.78,4.78,22.18,3.6,0.0,3,2,1,4,1.5,0.0,3,0,100.0
2026-06-24,MFC009,Morning,6.0,5.0,1.0,6562.32,6562.32,6.68,20.2,3.4,0.0,3,3,0,1,2.0,16.67,5,0,100.0
2026-06-24,MFC009,Evening,7.0,6.0,1.0,5754.31,4277.53,7.59,25.9,3.52,1.0,3,3,0,3,2.33,14.29,5,1,83.33
2026-06-24,MFC009,Night,2.0,2.0,0.0,2338.56,2338.56,6.7,20.85,4.0,0.0,3,3,0,5,0.67,0.0,2,0,100.0
2026-06-24,MFC010,Morning,1.0,1.0,0.0,332.13,332.13,5.13,19.49,3.6,0.0,3,3,0,2,0.33,0.0,1,0,100.0
2026-06-24,MFC010,Evening,5.0,5.0,0.0,3676.01,3213.79,6.44,31.71,3.24,1.0,3,3,0,0,1.67,0.0,3,2,60.0
2026-06-24,MFC010,Night,0.0,0.0,0.0,0.0,0.0,,,,0.0,3,2,1,2,0.0,0.0,0,0,0.0
2026-06-24,MFC011,Morning,4.0,3.0,0.0,5370.39,5186.76,7.37,29.55,3.53,1.0,3,3,0,2,1.33,0.0,2,1,66.67
2026-06-24,MFC011,Evening,12.0,11.0,1.0,9756.34,8011.87,6.95,24.69,3.96,0.0,4,4,0,4,3.0,8.33,8,3,72.73
2026-06-24,MFC011,Night,3.0,3.0,0.0,2070.09,2070.09,5.56,24.06,3.97,0.0,3,3,0,4,1.0,0.0,3,0,100.0
2026-06-24,MFC012,Morning,9.0,8.0,1.0,14485.01,13683.52,7.37,24.21,3.71,0.0,4,4,0,6,2.25,11.11,5,3,62.5
2026-06-24,MFC012,Evening,4.0,4.0,0.0,8788.34,7887.49,9.79,26.26,3.4,1.0,3,3,0,1,1.33,0.0,2,2,50.0
2026-06-24,MFC012,Night,0.0,0.0,0.0,0.0,0.0,,,,0.0,3,3,0,5,0.0,0.0,0,0,0.0
2026-06-24,MFC013,Morning,6.0,6.0,0.0,5378.58,5378.58,4.98,24.1,3.62,0.0,3,3,0,3,2.0,0.0,6,0,100.0
2026-06-24,MFC013,Evening,7.0,5.0,1.0,8173.64,8173.64,5.46,23.07,3.52,1.0,3,3,0,2,2.33,14.29,5,0,100.0
2026-06-24,MFC013,Night,1.0,1.0,0.0,1390.23,1390.23,5.35,20.19,3.2,0.0,3,3,0,3,0.33,0.0,1,0,100.0
2026-06-24,MFC014,Morning,6.0,6.0,0.0,9852.98,9852.98,7.78,25.78,3.43,0.0,3,3,0,2,2.0,0.0,3,3,50.0
2026-06-24,MFC014,Evening,4.0,4.0,0.0,1524.39,1339.72,5.37,20.81,3.1,2.0,3,3,0,1,1.33,0.0,4,0,100.0
2026-06-24,MFC014,Night,2.0,2.0,0.0,1791.26,1791.26,4.77,20.2,4.35,0.0,3,3,0,2,0.67,0.0,2,0,100.0
2026-06-24,MFC015,Morning,5.0,5.0,0.0,4116.88,4116.88,6.36,23.02,3.64,0.0,3,3,0,0,1.67,0.0,5,0,100.0
2026-06-24,MFC015,Evening,7.0,6.0,1.0,6572.2,5408.69,7.5,22.97,3.65,0.0,3,3,0,2,2.33,14.29,6,0,100.0
2026-06-24,MFC015,Night,1.0,1.0,0.0,959.01,959.01,4.74,14.47,4.6,0.0,3,2,1,1,0.5,0.0,1,0,100.0
2026-06-24,MFC016,Morning,7.0,7.0,0.0,6465.39,6003.34,7.28,29.45,2.96,2.0,3,3,0,1,2.33,0.0,2,5,28.57
2026-06-24,MFC016,Evening,10.0,10.0,0.0,10311.47,9998.28,7.16,28.41,3.65,2.0,4,4,0,1,2.5,0.0,7,3,70.0
2026-06-24,MFC016,Night,0.0,0.0,0.0,0.0,0.0,,,,0.0,3,3,0,4,0.0,0.0,0,0,0.0
2026-06-24,MFC017,Morning,7.0,7.0,0.0,9590.38,8409.3,6.1,28.91,3.54,0.0,3,3,0,0,2.33,0.0,7,0,100.0
2026-06-24,MFC017,Evening,6.0,6.0,0.0,4676.86,4676.86,7.04,24.76,3.93,0.0,3,3,0,4,2.0,0.0,5,1,83.33
2026-06-24,MFC017,Night,3.0,2.0,1.0,2787.46,1766.69,9.56,28.7,2.75,0.0,3,3,0,2,1.0,33.33,1,1,50.0
2026-06-24,MFC018,Morning,1.0,1.0,0.0,3703.05,3703.05,11.94,29.68,3.7,0.0,3,3,0,4,0.33,0.0,0,1,0.0
2026-06-24,MFC018,Evening,4.0,4.0,0.0,3055.55,2833.38,9.54,26.5,3.25,2.0,3,3,0,2,1.33,0.0,3,1,75.0
2026-06-24,MFC018,Night,0.0,0.0,0.0,0.0,0.0,,,,0.0,3,3,0,1,0.0,0.0,0,0,0.0
2026-06-25,MFC001,Morning,8.0,8.0,0.0,7721.15,7616.34,6.22,21.73,3.59,1.0,3,3,0,2,2.67,0.0,8,0,100.0
2026-06-25,MFC001,Evening,7.0,6.0,1.0,4301.85,3108.43,6.7,24.13,3.7,1.0,3,2,1,1,3.5,14.29,5,1,83.33
2026-06-25,MFC001,Night,6.0,6.0,0.0,4810.89,4696.18,5.46,21.02,3.4,1.0,3,2,1,2,3.0,0.0,6,0,100.0
2026-06-25,MFC002,Morning,3.0,3.0,0.0,1751.33,1641.49,5.69,26.02,3.73,1.0,3,3,0,3,1.0,0.0,3,0,100.0
2026-06-25,MFC002,Evening,6.0,5.0,1.0,6682.86,4710.51,7.18,22.21,3.38,1.0,3,3,0,2,2.0,16.67,4,1,80.0
2026-06-25,MFC002,Night,0.0,0.0,0.0,0.0,0.0,,,,0.0,3,3,0,3,0.0,0.0,0,0,0.0
2026-06-25,MFC003,Morning,6.0,6.0,0.0,7049.04,7049.04,6.3,20.68,3.77,0.0,3,3,0,35,2.0,0.0,6,0,100.0
2026-06-25,MFC003,Evening,7.0,7.0,0.0,8494.05,8237.31,5.42,22.79,3.44,1.0,3,2,1,2,3.5,0.0,5,2,71.43
2026-06-25,MFC003,Night,1.0,0.0,1.0,1966.89,0.0,,,2.0,1.0,3,2,1,4,0.5,100.0,0,0,0.0
2026-06-25,MFC004,Morning,5.0,5.0,0.0,5995.98,5293.22,7.04,22.1,3.58,1.0,3,2,1,1,2.5,0.0,5,0,100.0
2026-06-25,MFC004,Evening,7.0,7.0,0.0,6658.94,6455.6,6.88,24.96,3.21,2.0,3,3,0,2,2.33,0.0,5,2,71.43
2026-06-25,MFC004,Night,0.0,0.0,0.0,0.0,0.0,,,,0.0,3,3,0,1,0.0,0.0,0,0,0.0
2026-06-25,MFC005,Morning,6.0,4.0,2.0,8624.39,7687.63,8.13,26.86,2.92,1.0,3,3,0,4,2.0,33.33,3,1,75.0
2026-06-25,MFC005,Evening,14.0,14.0,0.0,14181.79,14181.79,7.1,25.95,3.79,0.0,4,4,0,3,3.5,0.0,11,3,78.57
2026-06-25,MFC005,Night,2.0,1.0,1.0,1753.51,1165.67,4.74,16.39,3.45,1.0,3,3,0,5,0.67,50.0,1,0,100.0
2026-06-25,MFC006,Morning,3.0,3.0,0.0,3223.41,3223.41,5.25,22.67,3.3,0.0,3,3,0,5,1.0,0.0,3,0,100.0
2026-06-25,MFC006,Evening,6.0,6.0,0.0,7793.39,7498.27,9.34,33.17,3.33,1.0,3,2,1,3,3.0,0.0,4,2,66.67
2026-06-25,MFC006,Night,1.0,1.0,0.0,149.64,149.64,3.9,28.87,3.3,0.0,3,3,0,2,0.33,0.0,1,0,100.0
2026-06-25,MFC007,Morning,4.0,4.0,0.0,2000.15,2000.15,7.36,21.71,4.12,0.0,3,3,0,1,1.33,0.0,3,1,75.0
2026-06-25,MFC007,Evening,7.0,7.0,0.0,7336.25,7126.39,7.84,26.75,3.39,1.0,3,3,0,2,2.33,0.0,7,0,100.0
2026-06-25,MFC007,Night,1.0,1.0,0.0,565.64,565.64,2.52,14.36,5.0,0.0,3,3,0,2,0.33,0.0,1,0,100.0
2026-06-25,MFC008,Morning,8.0,8.0,0.0,6752.84,6572.06,5.03,19.4,3.8,1.0,3,3,0,0,2.67,0.0,8,0,100.0
2026-06-25,MFC008,Evening,9.0,9.0,0.0,8104.21,8054.73,4.53,22.09,3.7,1.0,4,3,1,1,3.0,0.0,8,1,88.89
2026-06-25,MFC008,Night,3.0,3.0,0.0,2697.17,2697.17,5.4,17.87,4.6,0.0,3,3,0,3,1.0,0.0,3,0,100.0
2026-06-25,MFC009,Morning,7.0,7.0,0.0,15338.67,15121.09,6.8,24.18,3.57,1.0,3,3,0,1,2.33,0.0,6,1,85.71
2026-06-25,MFC009,Evening,7.0,6.0,0.0,4388.76,4388.76,4.18,25.08,3.63,0.0,3,3,0,2,2.33,0.0,6,0,100.0
2026-06-25,MFC009,Night,4.0,4.0,0.0,3191.03,3191.03,4.59,21.46,4.42,0.0,3,2,1,2,2.0,0.0,4,0,100.0
2026-06-25,MFC010,Morning,5.0,5.0,0.0,4185.46,4061.77,6.31,22.07,3.5,1.0,3,2,1,4,2.5,0.0,4,1,80.0
2026-06-25,MFC010,Evening,5.0,4.0,1.0,3588.72,3159.62,7.56,24.9,3.22,0.0,3,3,0,2,1.67,20.0,3,1,75.0
2026-06-25,MFC010,Night,0.0,0.0,0.0,0.0,0.0,,,,0.0,3,3,0,4,0.0,0.0,0,0,0.0
2026-06-25,MFC011,Morning,12.0,11.0,1.0,16080.16,9185.97,7.34,25.76,3.53,0.0,4,4,0,2,3.0,8.33,8,3,72.73
2026-06-25,MFC011,Evening,10.0,9.0,1.0,13690.36,11992.01,8.74,24.95,3.38,0.0,4,4,0,4,2.5,10.0,7,2,77.78
2026-06-25,MFC011,Night,0.0,0.0,0.0,0.0,0.0,,,,0.0,3,3,0,2,0.0,0.0,0,0,0.0
2026-06-25,MFC012,Morning,3.0,3.0,0.0,1501.63,1333.43,3.23,22.92,3.37,1.0,3,3,0,3,1.0,0.0,3,0,100.0
2026-06-25,MFC012,Evening,4.0,4.0,0.0,3725.63,3725.63,7.27,25.89,3.55,0.0,3,3,0,2,1.33,0.0,3,1,75.0
2026-06-25,MFC012,Night,0.0,0.0,0.0,0.0,0.0,,,,0.0,3,3,0,2,0.0,0.0,0,0,0.0
2026-06-25,MFC013,Morning,7.0,7.0,0.0,11534.52,11534.52,7.1,23.1,3.69,0.0,3,3,0,3,2.33,0.0,6,1,85.71
2026-06-25,MFC013,Evening,5.0,5.0,0.0,3579.12,3579.12,6.4,23.56,3.56,0.0,3,3,0,6,1.67,0.0,4,1,80.0
2026-06-25,MFC013,Night,0.0,0.0,0.0,0.0,0.0,,,,0.0,3,3,0,2,0.0,0.0,0,0,0.0
2026-06-25,MFC014,Morning,3.0,3.0,0.0,3602.13,3387.61,8.31,28.07,3.8,1.0,3,3,0,5,1.0,0.0,2,1,66.67
2026-06-25,MFC014,Evening,9.0,8.0,1.0,15148.85,12846.65,6.7,24.43,3.32,1.0,4,4,0,1,2.25,11.11,6,2,75.0
2026-06-25,MFC014,Night,0.0,0.0,0.0,0.0,0.0,,,,0.0,3,3,0,6,0.0,0.0,0,0,0.0
2026-06-25,MFC015,Morning,6.0,6.0,0.0,6993.12,6993.12,6.77,27.01,3.73,0.0,3,3,0,3,2.0,0.0,4,2,66.67
2026-06-25,MFC015,Evening,4.0,3.0,0.0,6498.32,6498.32,10.58,27.59,3.43,0.0,3,3,0,5,1.33,0.0,2,1,66.67
2026-06-25,MFC015,Night,1.0,1.0,0.0,1464.84,1464.84,13.31,28.04,3.2,0.0,3,3,0,1,0.33,0.0,0,1,0.0
2026-06-25,MFC016,Morning,4.0,4.0,0.0,5739.6,5702.89,6.05,21.34,3.6,1.0,3,3,0,3,1.33,0.0,4,0,100.0
2026-06-25,MFC016,Evening,10.0,10.0,0.0,13663.06,12908.25,7.74,26.23,3.3,3.0,4,4,0,4,2.5,0.0,8,2,80.0
2026-06-25,MFC016,Night,1.0,1.0,0.0,707.87,566.3,6.15,15.02,2.8,1.0,3,3,0,0,0.33,0.0,1,0,100.0
2026-06-25,MFC017,Morning,6.0,4.0,1.0,7281.4,5704.74,7.24,26.52,4.15,0.0,3,3,0,1,2.0,16.67,3,1,75.0
2026-06-25,MFC017,Evening,6.0,6.0,0.0,6182.87,6182.87,11.13,28.83,3.6,0.0,3,3,0,5,2.0,0.0,2,4,33.33
2026-06-25,MFC017,Night,2.0,2.0,0.0,3747.85,3632.21,10.14,31.91,3.8,1.0,3,2,1,2,1.0,0.0,1,1,50.0
2026-06-25,MFC018,Morning,5.0,4.0,0.0,2759.72,2759.72,7.35,24.47,3.62,0.0,3,3,0,1,1.67,0.0,2,2,50.0
2026-06-25,MFC018,Evening,10.0,10.0,0.0,9653.4,9653.4,6.6,23.22,3.78,0.0,4,4,0,1,2.5,0.0,10,0,100.0
2026-06-25,MFC018,Night,1.0,1.0,0.0,527.03,527.03,3.32,16.9,3.8,0.0,3,3,0,3,0.33,0.0,1,0,100.0
2026-06-26,MFC001,Morning,4.0,4.0,0.0,1801.07,1664.87,5.7,21.24,3.95,2.0,3,3,0,0,1.33,0.0,4,0,100.0
2026-06-26,MFC001,Evening,10.0,10.0,0.0,9892.3,9775.83,6.42,25.86,3.54,2.0,4,3,1,2,3.33,0.0,8,2,80.0
2026-06-26,MFC001,Night,0.0,0.0,0.0,0.0,0.0,,,,0.0,3,3,0,4,0.0,0.0,0,0,0.0
2026-06-26,MFC002,Morning,6.0,6.0,0.0,7762.51,7762.51,7.31,23.49,3.82,0.0,3,3,0,7,2.0,0.0,6,0,100.0
2026-06-26,MFC002,Evening,7.0,7.0,0.0,10656.94,10553.97,8.43,24.88,3.56,1.0,3,3,0,2,2.33,0.0,5,2,71.43
2026-06-26,MFC002,Night,0.0,0.0,0.0,0.0,0.0,,,,0.0,3,3,0,1,0.0,0.0,0,0,0.0
2026-06-26,MFC003,Morning,7.0,7.0,0.0,9421.41,9214.24,8.04,24.18,3.46,0.0,3,3,0,3,2.33,0.0,5,2,71.43
2026-06-26,MFC003,Evening,8.0,8.0,0.0,14842.85,14494.75,7.59,23.32,3.76,2.0,3,3,0,3,2.67,0.0,7,1,87.5
2026-06-26,MFC003,Night,1.0,1.0,0.0,1015.43,1015.43,4.15,20.26,5.0,0.0,3,3,0,2,0.33,0.0,1,0,100.0
2026-06-26,MFC004,Morning,1.0,0.0,0.0,411.03,411.03,,,,0.0,3,3,0,1,0.33,0.0,0,0,0.0
2026-06-26,MFC004,Evening,4.0,4.0,0.0,6683.91,6683.91,7.68,23.88,3.4,0.0,3,3,0,5,1.33,0.0,4,0,100.0
2026-06-26,MFC004,Night,3.0,3.0,0.0,2628.13,2628.13,7.82,22.04,3.93,0.0,3,3,0,2,1.0,0.0,3,0,100.0
2026-06-26,MFC005,Morning,5.0,5.0,0.0,3859.06,3771.54,8.87,24.87,2.98,1.0,3,3,0,1,1.67,0.0,3,2,60.0
2026-06-26,MFC005,Evening,8.0,7.0,1.0,7925.37,7390.93,7.18,27.63,3.4,0.0,3,3,0,5,2.67,12.5,5,2,71.43
2026-06-26,MFC005,Night,2.0,2.0,0.0,650.62,650.62,6.25,22.89,3.95,0.0,3,3,0,4,0.67,0.0,2,0,100.0
2026-06-26,MFC006,Morning,3.0,3.0,0.0,5807.4,5807.4,8.57,25.88,4.03,0.0,3,3,0,1,1.0,0.0,1,2,33.33
2026-06-26,MFC006,Evening,3.0,3.0,0.0,3468.95,3468.95,5.94,25.76,4.4,0.0,3,2,1,3,1.5,0.0,2,1,66.67
2026-06-26,MFC006,Night,0.0,0.0,0.0,0.0,0.0,,,,0.0,3,3,0,2,0.0,0.0,0,0,0.0
2026-06-26,MFC007,Morning,2.0,2.0,0.0,1774.31,1774.31,5.98,26.08,3.95,0.0,3,3,0,5,0.67,0.0,2,0,100.0
2026-06-26,MFC007,Evening,11.0,11.0,0.0,10637.94,10083.32,6.94,24.32,3.69,2.0,4,4,0,2,2.75,0.0,9,2,81.82
2026-06-26,MFC007,Night,0.0,0.0,0.0,0.0,0.0,,,,0.0,3,3,0,3,0.0,0.0,0,0,0.0
2026-06-26,MFC008,Morning,6.0,6.0,0.0,4780.86,4780.86,4.86,26.48,3.7,0.0,3,3,0,1,2.0,0.0,6,0,100.0
2026-06-26,MFC008,Evening,5.0,5.0,0.0,13786.0,13786.0,4.8,27.41,3.58,0.0,3,3,0,5,1.67,0.0,4,1,80.0
2026-06-26,MFC008,Night,2.0,2.0,0.0,3421.48,3421.48,4.7,17.2,3.25,0.0,3,2,1,2,1.0,0.0,2,0,100.0
2026-06-26,MFC009,Morning,7.0,7.0,0.0,9126.09,9126.09,7.12,28.58,3.91,0.0,3,3,0,2,2.33,0.0,6,1,85.71
2026-06-26,MFC009,Evening,9.0,9.0,0.0,10879.16,10659.98,6.73,27.27,3.59,1.0,4,4,0,0,2.25,0.0,7,2,77.78
2026-06-26,MFC009,Night,1.0,1.0,0.0,473.23,54.13,3.93,21.6,2.9,0.0,3,3,0,3,0.33,0.0,1,0,100.0
2026-06-26,MFC010,Morning,5.0,5.0,0.0,6766.8,6198.99,8.15,26.19,3.66,0.0,3,3,0,3,1.67,0.0,4,1,80.0
2026-06-26,MFC010,Evening,7.0,6.0,1.0,15416.82,13539.16,8.42,26.01,3.61,0.0,3,2,1,0,3.5,14.29,3,3,50.0
2026-06-26,MFC010,Night,2.0,2.0,0.0,643.69,561.93,4.28,15.72,3.8,1.0,3,3,0,2,0.67,0.0,2,0,100.0
2026-06-26,MFC011,Morning,5.0,5.0,0.0,6965.67,6965.67,6.55,23.25,3.52,0.0,3,3,0,6,1.67,0.0,5,0,100.0
2026-06-26,MFC011,Evening,5.0,5.0,0.0,9829.76,9829.76,6.91,22.48,3.9,0.0,3,3,0,1,1.67,0.0,5,0,100.0
2026-06-26,MFC011,Night,3.0,3.0,0.0,4928.54,4928.54,9.12,24.85,3.7,0.0,3,3,0,4,1.0,0.0,3,0,100.0
2026-06-26,MFC012,Morning,3.0,3.0,0.0,6224.37,6224.37,9.76,27.29,3.9,0.0,3,3,0,1,1.0,0.0,1,2,33.33
2026-06-26,MFC012,Evening,6.0,6.0,0.0,4345.32,4345.32,7.08,29.63,3.82,0.0,3,3,0,2,2.0,0.0,4,2,66.67
2026-06-26,MFC012,Night,1.0,0.0,1.0,1084.06,0.0,,,,0.0,3,2,1,1,0.5,100.0,0,0,0.0
2026-06-26,MFC013,Morning,6.0,6.0,0.0,5243.05,5137.09,8.23,28.49,3.6,1.0,3,3,0,1,2.0,0.0,3,3,50.0
2026-06-26,MFC013,Evening,9.0,9.0,0.0,10853.95,9924.21,8.35,26.17,3.31,5.0,4,4,0,1,2.25,0.0,6,3,66.67
2026-06-26,MFC013,Night,2.0,1.0,0.0,1089.65,1089.65,4.71,22.6,2.7,0.0,3,3,0,3,0.67,0.0,1,0,100.0
2026-06-26,MFC014,Morning,4.0,4.0,0.0,6598.62,6350.63,8.59,22.13,3.62,1.0,3,3,0,3,1.33,0.0,4,0,100.0
2026-06-26,MFC014,Evening,5.0,5.0,0.0,3614.11,3614.11,5.09,23.83,3.68,0.0,3,2,1,2,2.5,0.0,4,1,80.0
2026-06-26,MFC014,Night,2.0,2.0,0.0,2152.99,2152.99,7.19,20.23,4.4,0.0,3,3,0,1,0.67,0.0,2,0,100.0
2026-06-26,MFC015,Morning,9.0,9.0,0.0,13863.05,12876.36,6.84,26.12,3.42,3.0,4,3,1,2,3.0,0.0,5,4,55.56
2026-06-26,MFC015,Evening,10.0,8.0,2.0,12824.03,7813.48,6.88,23.78,3.26,1.0,4,4,0,3,2.5,20.0,7,1,87.5
2026-06-26,MFC015,Night,1.0,1.0,0.0,4364.59,4364.59,9.52,32.36,3.7,0.0,3,3,0,0,0.33,0.0,1,0,100.0
2026-06-26,MFC016,Morning,3.0,3.0,0.0,716.59,716.59,4.76,19.73,3.53,0.0,3,3,0,5,1.0,0.0,1,2,33.33
2026-06-26,MFC016,Evening,5.0,5.0,0.0,10605.56,10487.13,10.01,30.35,3.78,1.0,3,3,0,0,1.67,0.0,3,2,60.0
2026-06-26,MFC016,Night,2.0,2.0,0.0,2510.24,2510.24,7.56,20.68,3.5,0.0,3,3,0,2,0.67,0.0,2,0,100.0
2026-06-26,MFC017,Morning,9.0,9.0,0.0,12340.28,12066.65,8.66,27.47,3.54,2.0,4,4,0,7,2.25,0.0,7,2,77.78
2026-06-26,MFC017,Evening,8.0,7.0,0.0,6101.33,5982.41,6.8,29.22,3.77,2.0,3,3,0,1,2.67,0.0,5,2,71.43
2026-06-26,MFC017,Night,1.0,1.0,0.0,1849.29,1849.29,6.3,22.44,4.0,0.0,3,3,0,3,0.33,0.0,1,0,100.0
2026-06-26,MFC018,Morning,5.0,4.0,1.0,3665.31,1693.73,5.88,25.15,3.72,1.0,3,3,0,5,1.67,20.0,3,1,75.0
2026-06-26,MFC018,Evening,10.0,10.0,0.0,12541.89,12541.89,7.96,23.53,3.79,0.0,4,4,0,3,2.5,0.0,7,3,70.0
2026-06-26,MFC018,Night,2.0,2.0,0.0,2709.06,2709.06,5.84,25.86,4.0,0.0,3,3,0,1,0.67,0.0,2,0,100.0
2026-06-27,MFC001,Morning,8.0,8.0,0.0,7460.85,7460.85,5.67,23.58,3.64,0.0,3,2,1,3,4.0,0.0,7,1,87.5
2026-06-27,MFC001,Evening,8.0,7.0,1.0,7022.41,6108.73,7.53,26.47,3.69,1.0,3,3,0,2,2.67,12.5,5,2,71.43
2026-06-27,MFC001,Night,1.0,1.0,0.0,1547.75,1547.75,7.56,29.98,3.5,0.0,3,2,1,5,0.5,0.0,1,0,100.0
2026-06-27,MFC002,Morning,3.0,2.0,1.0,3377.1,3088.95,8.38,29.96,3.4,1.0,3,3,0,5,1.0,33.33,0,2,0.0
2026-06-27,MFC002,Evening,11.0,10.0,1.0,13399.51,11216.44,8.53,26.56,2.89,3.0,4,4,0,6,2.75,9.09,6,4,60.0
2026-06-27,MFC002,Night,1.0,1.0,0.0,1483.77,1483.77,10.22,32.12,3.2,0.0,3,3,0,1,0.33,0.0,1,0,100.0
2026-06-27,MFC003,Morning,5.0,5.0,0.0,5466.53,5335.49,6.49,20.54,3.86,1.0,3,3,0,2,1.67,0.0,5,0,100.0
2026-06-27,MFC003,Evening,9.0,9.0,0.0,11205.51,11133.59,6.94,21.92,4.01,1.0,4,3,1,1,3.0,0.0,9,0,100.0
2026-06-27,MFC003,Night,0.0,0.0,0.0,0.0,0.0,,,,0.0,3,3,0,0,0.0,0.0,0,0,0.0
2026-06-27,MFC004,Morning,6.0,6.0,0.0,9635.67,8807.08,9.01,28.93,3.17,2.0,3,2,1,2,3.0,0.0,2,4,33.33
2026-06-27,MFC004,Evening,9.0,9.0,0.0,7634.58,7120.95,8.5,27.06,3.49,2.0,4,3,1,4,3.0,0.0,6,3,66.67
2026-06-27,MFC004,Night,1.0,1.0,0.0,287.03,287.03,3.35,22.02,3.7,0.0,3,3,0,1,0.33,0.0,1,0,100.0
2026-06-27,MFC005,Morning,6.0,5.0,1.0,9591.71,8445.32,10.02,31.02,3.56,2.0,3,3,0,3,2.0,16.67,3,2,60.0
2026-06-27,MFC005,Evening,11.0,11.0,0.0,11703.32,11255.08,8.78,27.57,3.63,4.0,4,4,0,2,2.75,0.0,6,5,54.55
2026-06-27,MFC005,Night,1.0,1.0,0.0,1731.35,1731.35,8.12,23.76,3.5,0.0,3,3,0,4,0.33,0.0,1,0,100.0
2026-06-27,MFC006,Morning,4.0,3.0,0.0,3217.46,3217.46,6.15,27.92,3.53,0.0,3,3,0,4,1.33,0.0,3,0,100.0
2026-06-27,MFC006,Evening,9.0,8.0,1.0,11611.7,10836.91,9.49,30.02,3.31,2.0,4,4,0,3,2.25,11.11,5,3,62.5
2026-06-27,MFC006,Night,2.0,2.0,0.0,4498.14,4498.14,9.22,23.87,3.75,0.0,3,3,0,5,0.67,0.0,2,0,100.0
2026-06-27,MFC007,Morning,5.0,5.0,0.0,6218.21,6218.21,4.14,21.3,3.14,0.0,3,2,1,1,2.5,0.0,5,0,100.0
2026-06-27,MFC007,Evening,9.0,8.0,1.0,10273.91,8558.28,7.67,24.92,3.71,1.0,4,4,0,1,2.25,11.11,7,1,87.5
2026-06-27,MFC007,Night,2.0,1.0,1.0,2048.45,1973.5,6.04,26.48,2.5,2.0,3,3,0,2,0.67,50.0,1,0,100.0
2026-06-27,MFC008,Morning,9.0,9.0,0.0,9203.99,8561.83,7.09,24.58,3.27,1.0,4,4,0,1,2.25,0.0,9,0,100.0
2026-06-27,MFC008,Evening,11.0,10.0,1.0,13650.84,11455.24,6.63,28.44,3.6,1.0,4,4,0,1,2.75,9.09,8,2,80.0
2026-06-27,MFC008,Night,3.0,3.0,0.0,3808.73,3808.73,3.72,15.92,3.27,0.0,3,3,0,5,1.0,0.0,3,0,100.0
2026-06-27,MFC009,Morning,3.0,3.0,0.0,1915.05,1915.05,6.93,22.44,4.03,0.0,3,3,0,4,1.0,0.0,3,0,100.0
2026-06-27,MFC009,Evening,6.0,6.0,0.0,4206.77,3960.75,6.36,23.31,3.53,2.0,3,2,1,3,3.0,0.0,4,2,66.67
2026-06-27,MFC009,Night,2.0,1.0,1.0,690.7,498.72,5.66,19.75,3.55,0.0,3,2,1,6,1.0,50.0,1,0,100.0
2026-06-27,MFC010,Morning,6.0,3.0,3.0,10539.73,7147.82,8.87,26.16,3.93,0.0,3,3,0,1,2.0,50.0,2,1,66.67
2026-06-27,MFC010,Evening,7.0,7.0,0.0,5766.89,5580.75,7.46,27.31,3.5,1.0,3,3,0,2,2.33,0.0,5,2,71.43
2026-06-27,MFC010,Night,5.0,5.0,0.0,5998.26,5998.26,6.55,25.79,3.4,0.0,3,3,0,0,1.67,0.0,4,1,80.0
2026-06-27,MFC011,Morning,11.0,10.0,1.0,12143.44,10787.76,8.03,26.7,3.57,1.0,4,3,1,4,3.67,9.09,7,3,70.0
2026-06-27,MFC011,Evening,14.0,11.0,3.0,23547.68,18039.77,7.39,24.36,3.6,3.0,4,4,0,4,3.5,21.43,8,3,72.73
2026-06-27,MFC011,Night,3.0,3.0,0.0,5462.42,5462.42,8.27,24.25,3.47,0.0,3,3,0,1,1.0,0.0,3,0,100.0
2026-06-27,MFC012,Morning,10.0,9.0,1.0,11947.02,9861.52,5.93,24.67,3.46,1.0,4,3,1,2,3.33,10.0,8,1,88.89
2026-06-27,MFC012,Evening,11.0,11.0,0.0,7275.27,7275.27,6.51,28.33,3.59,0.0,4,4,0,3,2.75,0.0,7,4,63.64
2026-06-27,MFC012,Night,2.0,2.0,0.0,653.18,653.18,5.62,20.09,3.85,0.0,3,3,0,3,0.67,0.0,2,0,100.0
2026-06-27,MFC013,Morning,8.0,7.0,1.0,9550.22,9460.83,7.43,28.43,3.5,0.0,3,3,0,0,2.67,12.5,5,2,71.43
2026-06-27,MFC013,Evening,10.0,9.0,1.0,7361.97,6742.2,6.3,22.53,3.27,0.0,4,4,0,3,2.5,10.0,7,2,77.78
2026-06-27,MFC013,Night,2.0,2.0,0.0,2582.99,1363.11,8.53,24.88,3.05,0.0,3,3,0,3,0.67,0.0,1,1,50.0
2026-06-27,MFC014,Morning,5.0,5.0,0.0,3103.12,2916.57,6.26,25.46,3.24,3.0,3,3,0,2,1.67,0.0,4,1,80.0
2026-06-27,MFC014,Evening,12.0,10.0,2.0,9271.67,8471.72,7.06,27.21,3.12,3.0,4,3,1,4,4.0,16.67,8,2,80.0
2026-06-27,MFC014,Night,1.0,0.0,1.0,1898.4,0.0,,,,0.0,3,3,0,1,0.33,100.0,0,0,0.0
2026-06-27,MFC015,Morning,4.0,4.0,0.0,4225.42,4118.02,7.82,25.29,3.02,1.0,3,3,0,1,1.33,0.0,3,1,75.0
2026-06-27,MFC015,Evening,9.0,9.0,0.0,11236.0,11236.0,7.15,24.44,3.82,0.0,4,4,0,2,2.25,0.0,6,3,66.67
2026-06-27,MFC015,Night,0.0,0.0,0.0,0.0,0.0,,,,0.0,3,2,1,2,0.0,0.0,0,0,0.0
2026-06-27,MFC016,Morning,4.0,4.0,0.0,4949.92,4426.9,4.35,21.16,3.5,1.0,3,3,0,2,1.33,0.0,4,0,100.0
2026-06-27,MFC016,Evening,9.0,9.0,0.0,12656.97,12027.95,6.91,27.95,3.62,2.0,4,2,2,3,4.5,0.0,7,2,77.78
2026-06-27,MFC016,Night,2.0,2.0,0.0,3454.77,3454.77,6.84,26.02,3.55,0.0,3,3,0,4,0.67,0.0,2,0,100.0
2026-06-27,MFC017,Morning,15.0,13.0,2.0,16797.05,15266.75,7.84,25.93,3.44,4.0,4,4,0,2,3.75,13.33,12,1,92.31
2026-06-27,MFC017,Evening,10.0,10.0,0.0,12155.65,12155.65,6.46,23.73,3.7,0.0,4,4,0,2,2.5,0.0,8,2,80.0
2026-06-27,MFC017,Night,4.0,4.0,0.0,1917.99,1641.38,5.53,20.72,2.85,2.0,3,3,0,0,1.33,0.0,4,0,100.0
2026-06-27,MFC018,Morning,4.0,4.0,0.0,3346.24,3235.47,8.67,27.38,3.5,1.0,3,3,0,1,1.33,0.0,2,2,50.0
2026-06-27,MFC018,Evening,7.0,5.0,1.0,7607.11,6744.06,7.06,22.16,3.65,1.0,3,2,1,3,3.5,14.29,5,0,100.0
2026-06-27,MFC018,Night,0.0,0.0,0.0,0.0,0.0,,,,0.0,3,3,0,2,0.0,0.0,0,0,0.0
2026-06-28,MFC001,Morning,7.0,6.0,1.0,4768.53,3559.94,5.0,23.42,3.23,2.0,3,3,0,5,2.33,14.29,6,0,100.0
2026-06-28,MFC001,Evening,15.0,15.0,0.0,21434.02,20896.0,7.67,26.87,3.49,2.0,4,2,2,1,7.5,0.0,13,2,86.67
2026-06-28,MFC001,Night,2.0,1.0,1.0,919.77,749.81,5.33,17.34,2.2,2.0,3,3,0,1,0.67,50.0,1,0,100.0
2026-06-28,MFC002,Morning,8.0,8.0,0.0,9029.59,8932.56,8.5,25.64,3.7,2.0,3,3,0,1,2.67,0.0,5,3,62.5
2026-06-28,MFC002,Evening,8.0,8.0,0.0,11708.12,11293.54,9.74,25.29,3.7,1.0,3,3,0,5,2.67,0.0,6,2,75.0
2026-06-28,MFC002,Night,1.0,1.0,0.0,2877.96,2877.96,14.63,30.67,3.8,0.0,3,3,0,2,0.33,0.0,1,0,100.0
2026-06-28,MFC003,Morning,14.0,14.0,0.0,16917.65,16917.65,6.26,22.83,3.58,0.0,4,4,0,3,3.5,0.0,13,1,92.86
2026-06-28,MFC003,Evening,11.0,11.0,0.0,11276.14,10181.24,7.19,23.18,3.45,2.0,4,3,1,3,3.67,0.0,9,2,81.82
2026-06-28,MFC003,Night,2.0,2.0,0.0,1602.8,1602.8,6.96,23.18,3.25,0.0,3,3,0,1,0.67,0.0,2,0,100.0
2026-06-28,MFC004,Morning,11.0,10.0,1.0,13199.1,11664.66,7.57,23.61,3.42,3.0,4,3,1,5,3.67,9.09,8,2,80.0
2026-06-28,MFC004,Evening,2.0,2.0,0.0,721.37,721.37,6.36,20.69,3.75,0.0,3,3,0,5,0.67,0.0,2,0,100.0
2026-06-28,MFC004,Night,0.0,0.0,0.0,0.0,0.0,,,,0.0,3,2,1,42,0.0,0.0,0,0,0.0
2026-06-28,MFC005,Morning,11.0,10.0,1.0,8954.28,7998.07,7.07,22.89,3.74,1.0,4,4,0,1,2.75,9.09,8,2,80.0
2026-06-28,MFC005,Evening,18.0,16.0,2.0,18875.44,15588.57,7.58,25.78,3.78,5.0,5,5,0,6,3.6,11.11,13,3,81.25
2026-06-28,MFC005,Night,1.0,1.0,0.0,454.52,454.52,5.47,14.72,3.5,0.0,3,3,0,1,0.33,0.0,1,0,100.0
2026-06-28,MFC006,Morning,8.0,8.0,0.0,8746.03,8447.57,6.88,24.85,3.58,2.0,3,3,0,6,2.67,0.0,7,1,87.5
2026-06-28,MFC006,Evening,7.0,6.0,1.0,10198.98,5780.26,6.88,20.13,3.51,1.0,3,3,0,2,2.33,14.29,6,0,100.0
2026-06-28,MFC006,Night,1.0,1.0,0.0,1722.09,1722.09,11.56,25.77,3.6,0.0,3,3,0,4,0.33,0.0,1,0,100.0
2026-06-28,MFC007,Morning,6.0,6.0,0.0,9610.6,9384.7,8.74,22.2,4.13,1.0,3,2,1,3,3.0,0.0,6,0,100.0
2026-06-28,MFC007,Evening,13.0,13.0,0.0,15180.71,14427.37,7.15,23.49,3.74,2.0,4,4,0,5,3.25,0.0,10,3,76.92
2026-06-28,MFC007,Night,2.0,2.0,0.0,274.31,274.31,3.54,18.32,3.2,0.0,3,3,0,4,0.67,0.0,2,0,100.0
2026-06-28,MFC008,Morning,10.0,9.0,1.0,11321.07,8921.78,5.05,24.81,3.54,1.0,4,4,0,0,2.5,10.0,9,0,100.0
2026-06-28,MFC008,Evening,17.0,17.0,0.0,20605.97,19795.01,6.25,25.2,3.36,4.0,5,5,0,6,3.4,0.0,15,2,88.24
2026-06-28,MFC008,Night,3.0,3.0,0.0,3294.22,3294.22,5.86,19.17,3.8,0.0,3,3,0,3,1.0,0.0,3,0,100.0
2026-06-28,MFC009,Morning,4.0,2.0,2.0,3975.81,2530.05,10.17,28.22,2.5,1.0,3,2,1,3,2.0,50.0,1,1,50.0
2026-06-28,MFC009,Evening,5.0,4.0,1.0,4111.98,3011.95,4.8,23.58,3.04,1.0,3,3,0,2,1.67,20.0,4,0,100.0
2026-06-28,MFC009,Night,1.0,1.0,0.0,410.99,410.99,4.38,22.49,2.9,0.0,3,2,1,6,0.5,0.0,1,0,100.0
2026-06-28,MFC010,Morning,4.0,3.0,1.0,5752.31,5103.81,9.71,28.15,3.4,1.0,3,3,0,3,1.33,25.0,1,2,33.33
2026-06-28,MFC010,Evening,6.0,6.0,0.0,12221.75,12127.22,9.28,26.71,3.93,1.0,3,3,0,3,2.0,0.0,3,3,50.0
2026-06-28,MFC010,Night,2.0,2.0,0.0,5097.31,5097.31,9.98,27.08,3.85,0.0,3,3,0,3,0.67,0.0,2,0,100.0
2026-06-28,MFC011,Morning,6.0,6.0,0.0,4000.49,3727.21,6.22,23.62,3.43,2.0,3,3,0,3,2.0,0.0,5,1,83.33
2026-06-28,MFC011,Evening,18.0,18.0,0.0,20971.27,20364.62,8.76,28.29,3.56,5.0,5,5,0,2,3.6,0.0,11,7,61.11
2026-06-28,MFC011,Night,2.0,2.0,0.0,2085.56,2044.16,7.64,21.6,2.55,1.0,3,3,0,0,0.67,0.0,2,0,100.0
2026-06-28,MFC012,Morning,9.0,8.0,1.0,8460.57,5360.0,5.63,21.68,3.34,2.0,4,3,1,3,3.0,11.11,6,2,75.0
2026-06-28,MFC012,Evening,3.0,3.0,0.0,2539.87,2539.87,5.85,18.41,4.1,0.0,3,3,0,3,1.0,0.0,3,0,100.0
2026-06-28,MFC012,Night,0.0,0.0,0.0,0.0,0.0,,,,0.0,3,3,0,3,0.0,0.0,0,0,0.0
2026-06-28,MFC013,Morning,9.0,9.0,0.0,12941.8,12490.38,8.44,28.22,3.17,3.0,4,4,0,1,2.25,0.0,6,3,66.67
2026-06-28,MFC013,Evening,13.0,11.0,1.0,17367.95,16017.75,7.04,26.04,3.2,2.0,4,3,1,4,4.33,7.69,10,1,90.91
2026-06-28,MFC013,Night,0.0,0.0,0.0,0.0,0.0,,,,0.0,3,2,1,0,0.0,0.0,0,0,0.0
2026-06-28,MFC014,Morning,6.0,6.0,0.0,9574.91,9574.91,7.68,25.43,3.62,0.0,3,3,0,4,2.0,0.0,3,3,50.0
2026-06-28,MFC014,Evening,12.0,12.0,0.0,14545.25,14408.66,8.15,26.14,3.64,1.0,4,4,0,2,3.0,0.0,9,3,75.0
2026-06-28,MFC014,Night,1.0,1.0,0.0,1720.12,1720.12,9.07,22.92,3.5,0.0,3,3,0,3,0.33,0.0,1,0,100.0
2026-06-28,MFC015,Morning,7.0,7.0,0.0,4644.25,4536.87,5.83,25.93,3.67,1.0,3,3,0,2,2.33,0.0,6,1,85.71
2026-06-28,MFC015,Evening,19.0,16.0,3.0,13483.4,12490.6,7.06,26.62,3.46,0.0,5,5,0,3,3.8,15.79,11,5,68.75
2026-06-28,MFC015,Night,4.0,4.0,0.0,7427.71,7427.71,9.29,25.32,3.75,0.0,3,3,0,2,1.33,0.0,3,1,75.0
2026-06-28,MFC016,Morning,12.0,11.0,1.0,9684.56,9149.28,5.88,22.57,3.74,0.0,4,3,1,3,4.0,8.33,10,1,90.91
2026-06-28,MFC016,Evening,5.0,5.0,0.0,7151.04,7151.04,6.01,26.47,3.64,0.0,3,3,0,5,1.67,0.0,4,1,80.0
2026-06-28,MFC016,Night,3.0,3.0,0.0,3293.75,3293.75,6.15,23.25,4.13,0.0,3,3,0,5,1.0,0.0,3,0,100.0
2026-06-28,MFC017,Morning,7.0,7.0,0.0,5635.61,4395.41,6.77,22.28,3.77,0.0,3,3,0,4,2.33,0.0,7,0,100.0
2026-06-28,MFC017,Evening,7.0,7.0,0.0,5942.38,5695.59,8.05,25.16,3.61,1.0,3,3,0,3,2.33,0.0,5,2,71.43
2026-06-28,MFC017,Night,3.0,3.0,0.0,3858.48,3858.48,9.92,28.8,3.83,0.0,3,2,1,0,1.5,0.0,2,1,66.67
2026-06-28,MFC018,Morning,6.0,5.0,1.0,12910.83,11569.75,9.29,29.29,3.86,2.0,3,3,0,2,2.0,16.67,4,1,80.0
2026-06-28,MFC018,Evening,6.0,6.0,0.0,9894.58,9894.58,9.87,27.88,3.65,0.0,3,3,0,3,2.0,0.0,3,3,50.0
2026-06-28,MFC018,Night,2.0,2.0,0.0,2407.68,2407.68,5.4,21.0,4.05,0.0,3,2,1,1,1.0,0.0,2,0,100.0
2026-06-29,MFC001,Morning,3.0,2.0,0.0,4078.96,4078.96,10.46,27.18,4.05,0.0,3,3,0,1,1.0,0.0,1,1,50.0
2026-06-29,MFC001,Evening,7.0,6.0,0.0,6488.46,6488.46,7.22,27.72,3.68,0.0,3,3,0,2,2.33,0.0,6,0,100.0
2026-06-29,MFC001,Night,3.0,3.0,0.0,2461.49,2461.49,4.44,22.29,3.67,0.0,3,3,0,1,1.0,0.0,3,0,100.0
2026-06-29,MFC002,Morning,4.0,4.0,0.0,4940.95,4940.95,5.62,20.68,3.48,0.0,3,3,0,4,1.33,0.0,2,2,50.0
2026-06-29,MFC002,Evening,5.0,5.0,0.0,4402.98,4402.98,7.76,25.46,4.14,0.0,3,3,0,4,1.67,0.0,5,0,100.0
2026-06-29,MFC002,Night,2.0,2.0,0.0,1338.63,1338.63,3.78,15.48,4.0,0.0,3,3,0,3,0.67,0.0,2,0,100.0
2026-06-29,MFC003,Morning,9.0,9.0,0.0,6830.99,6830.99,6.14,22.87,3.36,0.0,4,4,0,1,2.25,0.0,7,2,77.78
2026-06-29,MFC003,Evening,8.0,5.0,2.0,10055.75,8114.23,7.15,28.19,3.48,1.0,3,3,0,2,2.67,25.0,4,1,80.0
2026-06-29,MFC003,Night,2.0,2.0,0.0,552.79,552.79,3.79,14.02,4.1,0.0,3,2,1,2,1.0,0.0,2,0,100.0
2026-06-29,MFC004,Morning,6.0,6.0,0.0,7183.81,7069.43,10.46,26.42,3.57,1.0,3,3,0,4,2.0,0.0,4,2,66.67
2026-06-29,MFC004,Evening,8.0,8.0,0.0,8934.62,8908.79,8.14,24.32,3.31,1.0,3,3,0,1,2.67,0.0,7,1,87.5
2026-06-29,MFC004,Night,3.0,3.0,0.0,2440.19,2440.19,5.78,24.57,3.67,0.0,3,3,0,4,1.0,0.0,3,0,100.0
2026-06-29,MFC005,Morning,7.0,7.0,0.0,14964.33,13063.81,10.63,29.08,3.21,0.0,3,3,0,2,2.33,0.0,5,2,71.43
2026-06-29,MFC005,Evening,11.0,10.0,1.0,10896.9,10702.82,9.54,30.01,3.54,1.0,4,2,2,3,5.5,9.09,7,3,70.0
2026-06-29,MFC005,Night,1.0,1.0,0.0,1291.59,1291.59,3.09,15.79,3.7,0.0,3,3,0,3,0.33,0.0,1,0,100.0
2026-06-29,MFC006,Morning,7.0,6.0,1.0,4306.91,3072.91,6.84,24.86,3.6,2.0,3,3,0,1,2.33,14.29,6,0,100.0
2026-06-29,MFC006,Evening,7.0,6.0,1.0,7351.7,6927.46,7.71,24.16,3.65,0.0,3,3,0,3,2.33,14.29,5,1,83.33
2026-06-29,MFC006,Night,0.0,0.0,0.0,0.0,0.0,,,,0.0,3,3,0,2,0.0,0.0,0,0,0.0
2026-06-29,MFC007,Morning,5.0,5.0,0.0,8053.1,7927.93,8.08,25.63,3.38,1.0,3,2,1,2,2.5,0.0,4,1,80.0
2026-06-29,MFC007,Evening,10.0,10.0,0.0,12953.52,12377.4,5.75,26.11,3.54,1.0,4,3,1,3,3.33,0.0,8,2,80.0
2026-06-29,MFC007,Night,1.0,1.0,0.0,2671.07,2671.07,8.02,26.06,3.4,0.0,3,3,0,4,0.33,0.0,1,0,100.0
2026-06-29,MFC008,Morning,7.0,6.0,0.0,3650.36,3504.74,5.13,22.8,3.5,1.0,3,3,0,0,2.33,0.0,5,1,83.33
2026-06-29,MFC008,Evening,8.0,8.0,0.0,8482.06,8177.36,5.04,23.96,3.45,1.0,3,3,0,3,2.67,0.0,7,1,87.5
2026-06-29,MFC008,Night,1.0,1.0,0.0,1637.17,1637.17,7.81,25.05,3.8,0.0,3,3,0,1,0.33,0.0,1,0,100.0
2026-06-29,MFC009,Morning,7.0,7.0,0.0,3377.58,3262.05,4.75,22.07,3.24,1.0,3,3,0,2,2.33,0.0,7,0,100.0
2026-06-29,MFC009,Evening,8.0,8.0,0.0,11133.02,11133.02,5.41,26.23,3.65,0.0,3,3,0,2,2.67,0.0,8,0,100.0
2026-06-29,MFC009,Night,0.0,0.0,0.0,0.0,0.0,,,,0.0,3,2,1,2,0.0,0.0,0,0,0.0
2026-06-29,MFC010,Morning,2.0,2.0,0.0,2832.34,2693.17,10.57,32.02,2.8,1.0,3,3,0,1,0.67,0.0,1,1,50.0
2026-06-29,MFC010,Evening,9.0,9.0,0.0,11572.22,11115.64,6.1,23.05,3.9,2.0,4,4,0,2,2.25,0.0,6,3,66.67
2026-06-29,MFC010,Night,2.0,2.0,0.0,850.5,850.5,4.54,17.25,4.4,0.0,3,2,1,1,1.0,0.0,2,0,100.0
2026-06-29,MFC011,Morning,10.0,9.0,0.0,13394.29,13394.29,6.51,23.04,3.47,0.0,4,4,0,2,2.5,0.0,8,1,88.89
2026-06-29,MFC011,Evening,16.0,13.0,2.0,17896.68,16514.92,8.93,26.55,3.49,3.0,4,3,1,0,5.33,12.5,9,4,69.23
2026-06-29,MFC011,Night,2.0,2.0,0.0,2296.96,2296.96,7.23,21.8,4.3,0.0,3,3,0,2,0.67,0.0,2,0,100.0
2026-06-29,MFC012,Morning,2.0,2.0,0.0,570.01,570.01,2.62,21.59,4.1,0.0,3,2,1,5,1.0,0.0,2,0,100.0
2026-06-29,MFC012,Evening,6.0,6.0,0.0,6641.18,6284.35,7.64,26.51,3.42,1.0,3,3,0,3,2.0,0.0,5,1,83.33
2026-06-29,MFC012,Night,3.0,3.0,0.0,1852.79,1852.79,5.42,24.41,4.2,0.0,3,3,0,4,1.0,0.0,3,0,100.0
2026-06-29,MFC013,Morning,5.0,5.0,0.0,3163.9,3061.62,5.51,22.58,4.24,1.0,3,3,0,5,1.67,0.0,5,0,100.0
2026-06-29,MFC013,Evening,8.0,6.0,1.0,11200.46,10536.11,9.52,25.96,3.3,3.0,3,3,0,1,2.67,12.5,4,2,66.67
2026-06-29,MFC013,Night,1.0,0.0,1.0,2183.61,0.0,,,1.0,0.0,3,3,0,6,0.33,100.0,0,0,0.0
2026-06-29,MFC014,Morning,6.0,6.0,0.0,7042.58,6932.49,7.35,23.45,3.83,1.0,3,2,1,0,3.0,0.0,4,2,66.67
2026-06-29,MFC014,Evening,4.0,4.0,0.0,4706.65,4608.02,7.51,27.05,3.25,1.0,3,3,0,3,1.33,0.0,3,1,75.0
2026-06-29,MFC014,Night,2.0,1.0,1.0,1964.48,1524.9,6.12,21.77,3.3,0.0,3,3,0,2,0.67,50.0,1,0,100.0
2026-06-29,MFC015,Morning,10.0,9.0,0.0,14441.85,13937.71,8.78,25.72,3.57,2.0,4,4,0,0,2.5,0.0,7,2,77.78
2026-06-29,MFC015,Evening,10.0,10.0,0.0,9825.59,9825.59,6.44,25.86,3.73,0.0,4,4,0,1,2.5,0.0,9,1,90.0
2026-06-29,MFC015,Night,4.0,4.0,0.0,5925.05,5397.38,8.93,24.44,2.97,0.0,3,2,1,3,2.0,0.0,4,0,100.0
2026-06-29,MFC016,Morning,4.0,4.0,0.0,1830.04,1830.04,5.57,25.31,3.7,0.0,3,3,0,3,1.33,0.0,2,2,50.0
2026-06-29,MFC016,Evening,10.0,9.0,1.0,11349.6,9541.38,7.13,25.69,3.29,2.0,4,4,0,4,2.5,10.0,7,2,77.78
2026-06-29,MFC016,Night,2.0,2.0,0.0,729.36,729.36,4.73,17.18,3.75,0.0,3,3,0,6,0.67,0.0,2,0,100.0
2026-06-29,MFC017,Morning,11.0,11.0,0.0,11506.03,11344.62,8.54,29.81,3.79,1.0,4,4,0,71,2.75,0.0,8,3,72.73
2026-06-29,MFC017,Evening,6.0,3.0,3.0,10152.21,6827.32,6.41,24.61,3.56,1.0,3,3,0,5,2.0,50.0,2,1,66.67
2026-06-29,MFC017,Night,1.0,0.0,1.0,164.12,0.0,,,2.8,0.0,3,3,0,2,0.33,100.0,0,0,0.0
2026-06-29,MFC018,Morning,2.0,2.0,0.0,3873.69,3873.69,8.2,24.48,4.2,0.0,3,3,0,5,0.67,0.0,2,0,100.0
2026-06-29,MFC018,Evening,8.0,6.0,1.0,8369.19,5698.05,7.31,27.41,3.66,0.0,3,3,0,1,2.67,12.5,6,0,100.0
2026-06-29,MFC018,Night,3.0,2.0,1.0,3232.62,2537.89,9.44,29.12,3.05,0.0,3,2,1,2,1.5,33.33,2,0,100.0
